"gene_id","S01","S02","S03","S04","S05","S06","S07","S08","S09","S10","S11","S12"
"GENE0001",176,217,217,804,437,541,332,191,346,505,445,749
"GENE0002",117,171,118,511,723,252,121,88,184,372,336,515
"GENE0003",340,650,995,1325,1003,2350,712,1304,742,955,938,2730
"GENE0004",409,857,1152,1881,2982,2252,1248,282,635,1881,1053,2759
"GENE0005",4,12,6,43,62,65,20,24,24,23,43,61
"GENE0006",249,314,269,580,991,1078,324,354,434,797,1068,2230
"GENE0007",69,114,119,512,238,547,393,110,142,417,704,277
"GENE0008",33,43,79,138,159,179,53,69,20,145,127,128
"GENE0009",278,306,366,793,660,1132,380,338,406,1464,680,779
"GENE0010",299,485,613,901,1553,2388,478,111,323,1189,668,1566
"GENE0011",339,310,283,916,897,891,320,410,248,825,705,1161
"GENE0012",120,248,396,443,729,751,324,126,249,560,481,808
"GENE0013",549,401,374,1172,954,1022,598,205,635,912,869,1261
"GENE0014",108,103,107,143,265,403,116,78,93,331,202,288
"GENE0015",113,110,144,381,233,560,157,110,153,309,243,562
"GENE0016",721,1457,1029,1355,2959,3442,1230,1010,303,1978,2396,1883
"GENE0017",62,29,50,153,91,178,26,66,64,324,102,395
"GENE0018",187,183,432,679,1502,1170,330,345,311,781,520,1204
"GENE0019",11,12,29,49,61,93,24,16,38,77,28,54
"GENE0020",4,19,4,14,47,41,10,18,13,23,44,25
"GENE0021",5,17,9,43,27,63,37,3,39,26,37,33
"GENE0022",69,108,67,204,261,230,100,58,89,317,199,256
"GENE0023",16,10,27,21,30,89,17,16,17,41,38,29
"GENE0024",89,97,159,187,162,149,81,92,78,225,296,160
"GENE0025",28,26,32,64,66,145,28,15,18,37,23,106
"GENE0026",396,1019,454,1137,1699,1016,877,749,956,2078,1383,2528
"GENE0027",274,387,350,965,806,1065,368,270,328,882,748,1060
"GENE0028",94,60,80,208,497,599,51,64,72,170,160,285
"GENE0029",1086,685,1696,3125,2775,3794,791,1138,1010,4330,2200,1571
"GENE0030",3,10,13,26,5,37,5,15,11,11,23,56
"GENE0031",70,215,212,934,739,835,278,467,379,544,345,1041
"GENE0032",423,225,517,1584,1590,2476,955,649,862,1357,1316,1706
"GENE0033",7,26,21,62,54,36,30,34,30,109,45,80
"GENE0034",7,8,2,28,27,31,21,4,16,52,23,27
"GENE0035",237,348,344,879,1300,1192,556,313,600,941,568,787
"GENE0036",254,419,372,1079,979,1161,233,239,438,573,653,702
"GENE0037",295,497,557,1216,1148,2557,765,317,361,1957,1076,924
"GENE0038",227,332,236,446,651,780,359,280,186,813,459,796
"GENE0039",24,16,76,62,80,53,50,48,39,74,75,59
"GENE0040",408,804,760,1735,1981,2325,966,586,938,1673,1386,1482
"GENE0041",20,59,45,50,217,215,41,31,49,211,85,48
"GENE0042",426,592,875,2567,2568,3206,906,758,400,2134,1584,3532
"GENE0043",50,159,75,186,365,433,181,94,93,292,321,277
"GENE0044",21,5,9,13,43,19,14,9,5,63,25,33
"GENE0045",28,35,18,132,106,117,18,32,38,35,29,122
"GENE0046",8,15,6,6,31,41,23,20,8,25,54,51
"GENE0047",196,246,384,580,772,718,231,257,185,643,663,630
"GENE0048",536,486,510,1279,1228,1023,1000,606,454,936,763,865
"GENE0049",25,45,75,85,118,160,84,47,19,133,172,67
"GENE0050",123,44,50,261,920,413,77,116,112,514,125,547
"GENE0051",1242,581,639,2136,2743,2584,926,690,1074,3067,1437,2582
"GENE0052",356,453,423,1061,959,1433,644,386,215,1002,733,1324
"GENE0053",111,106,132,120,295,141,120,66,92,291,145,349
"GENE0054",423,690,943,951,2323,1544,1165,589,700,1686,1281,2123
"GENE0055",4,2,11,36,21,47,11,8,4,19,8,45
"GENE0056",153,168,249,373,851,1235,133,159,158,546,712,607
"GENE0057",51,103,101,131,369,308,99,98,54,406,175,190
"GENE0058",8,2,8,23,21,18,12,9,12,45,17,4
"GENE0059",528,377,591,1085,998,2196,593,312,454,1795,882,1782
"GENE0060",11,28,14,82,21,42,14,8,2,24,6,4
"GENE0061",60,49,72,255,132,236,87,69,64,273,242,313
"GENE0062",34,28,39,67,138,128,61,54,28,111,109,124
"GENE0063",3,10,7,41,43,42,17,17,9,21,8,23
"GENE0064",25,27,49,207,87,200,66,24,44,80,141,161
"GENE0065",423,428,485,679,1486,3085,446,336,458,2110,1723,1815
"GENE0066",827,952,674,2414,2545,2757,781,493,686,2083,800,2879
"GENE0067",115,308,175,385,499,952,216,202,186,719,340,655
"GENE0068",22,21,36,37,118,152,24,20,49,136,26,84
"GENE0069",79,59,38,163,129,207,30,48,77,194,274,170
"GENE0070",37,47,70,111,80,141,74,36,34,107,111,79
"GENE0071",107,89,130,264,365,239,96,137,109,322,173,213
"GENE0072",15,16,22,33,33,67,8,25,20,80,33,44
"GENE0073",9,9,9,46,40,38,16,10,4,51,29,57
"GENE0074",268,396,246,693,1294,1304,423,503,333,848,472,1353
"GENE0075",589,612,1193,2336,2045,1786,913,902,696,1472,1364,2189
"GENE0076",26,16,29,14,25,64,36,14,34,89,89,71
"GENE0077",180,602,412,1559,1787,1440,688,378,304,1433,1057,1169
"GENE0078",7,12,5,19,32,56,10,18,14,28,45,89
"GENE0079",29,21,25,99,140,109,27,60,24,173,91,137
"GENE0080",71,238,161,191,416,398,209,111,156,478,225,486
"GENE0081",28,17,20,50,57,42,14,18,23,91,32,34
"GENE0082",4,9,21,16,16,12,34,9,10,12,20,10
"GENE0083",119,95,162,346,478,589,165,136,166,540,403,230
"GENE0084",253,326,228,803,741,995,582,344,241,861,887,1676
"GENE0085",13,29,30,28,20,93,8,13,15,79,69,50
"GENE0086",17,35,37,27,195,98,26,54,25,123,137,98
"GENE0087",7,10,12,18,29,32,15,4,5,38,32,22
"GENE0088",398,415,399,1267,854,2152,334,332,425,1891,1390,1354
"GENE0089",371,518,281,1094,1360,1440,540,361,397,1385,935,1129
"GENE0090",78,95,104,231,415,336,100,75,179,207,290,378
"GENE0091",23,8,14,14,48,100,7,3,7,22,24,91
"GENE0092",100,73,191,275,155,434,112,117,73,496,190,343
"GENE0093",20,71,53,144,243,166,51,22,93,352,61,267
"GENE0094",34,18,40,48,51,102,24,34,13,62,41,98
"GENE0095",28,41,28,156,97,73,16,55,10,175,106,230
"GENE0096",13,12,32,42,60,124,19,17,29,75,79,62
"GENE0097",13,43,51,73,52,88,26,18,10,103,87,88
"GENE0098",22,9,14,51,51,90,17,18,3,62,22,74
"GENE0099",582,740,924,867,2327,1312,1291,371,354,2601,1597,1477
"GENE0100",3,3,13,11,13,31,6,2,5,58,13,26
"GENE0101",9,18,7,48,37,93,15,16,4,49,59,69
"GENE0102",40,29,23,204,108,160,51,53,42,200,44,157
"GENE0103",10,47,16,20,27,49,24,8,23,23,50,52
"GENE0104",302,598,496,1263,990,1731,418,238,354,1303,1176,1386
"GENE0105",203,311,237,1231,1471,1534,248,275,411,1062,613,1708
"GENE0106",458,323,696,741,1923,1986,473,335,364,575,1036,1975
"GENE0107",12,14,7,50,40,46,26,14,12,49,22,60
"GENE0108",32,85,142,136,232,280,89,73,50,149,190,234
"GENE0109",40,73,63,233,252,253,53,75,80,398,178,211
"GENE0110",214,141,499,584,1125,1280,323,175,354,827,266,617
"GENE0111",247,299,582,934,1285,1579,431,388,455,1162,812,946
"GENE0112",5,2,24,54,13,57,7,3,22,37,7,26
"GENE0113",3,25,24,7,42,76,10,2,14,24,26,26
"GENE0114",474,390,407,793,1172,907,438,400,492,1068,549,1346
"GENE0115",20,53,116,115,86,269,85,96,89,311,168,91
"GENE0116",82,70,95,254,328,538,136,103,174,457,268,704
"GENE0117",483,434,390,1234,1182,1685,443,433,682,2011,1238,1015
"GENE0118",67,76,144,206,240,570,110,118,111,146,332,416
"GENE0119",53,45,68,141,317,384,79,25,62,254,117,309
"GENE0120",159,207,181,311,442,532,157,57,110,399,438,292
"GENE0121",17,50,40,114,148,95,28,34,24,88,203,150
"GENE0122",106,179,182,282,684,478,109,106,150,418,519,395
"GENE0123",247,287,475,610,438,644,351,247,298,420,642,988
"GENE0124",69,146,185,361,223,526,250,78,115,697,221,606
"GENE0125",9,24,14,6,44,30,12,10,22,43,20,9
"GENE0126",64,146,87,418,337,266,110,70,135,272,261,361
"GENE0127",238,273,318,791,357,814,236,113,80,763,424,753
"GENE0128",855,1001,1260,2019,3687,2895,1490,535,806,3465,2081,3573
"GENE0129",41,39,16,76,77,74,23,26,24,52,143,154
"GENE0130",17,21,21,32,105,47,25,18,25,67,38,100
"GENE0131",674,1064,1922,3380,3539,5441,948,665,872,2791,2097,3292
"GENE0132",91,99,160,344,267,445,171,146,185,320,375,468
"GENE0133",8,5,5,60,43,43,31,14,10,38,30,27
"GENE0134",490,709,802,1119,1448,2059,539,571,466,2551,1307,1286
"GENE0135",94,83,143,258,224,375,103,100,114,161,230,335
"GENE0136",46,99,277,185,466,326,155,145,83,337,319,516
"GENE0137",125,237,185,323,612,841,184,77,225,478,322,381
"GENE0138",462,316,303,1079,885,1397,344,225,325,852,1188,730
"GENE0139",396,503,508,1036,632,1525,491,387,545,626,896,1731
"GENE0140",131,150,177,388,672,584,184,138,56,557,378,680
"GENE0141",98,192,114,386,501,401,105,64,88,811,147,502
"GENE0142",199,210,328,557,574,717,263,188,243,362,650,482
"GENE0143",172,151,240,685,773,1105,232,187,314,861,597,810
"GENE0144",307,356,510,1030,864,1422,132,276,504,1207,427,990
"GENE0145",118,233,308,648,577,444,124,140,192,381,217,837
"GENE0146",83,115,68,227,293,198,135,98,89,307,220,225
"GENE0147",23,17,33,57,95,68,24,13,27,85,30,32
"GENE0148",192,623,625,1081,1385,2269,561,338,353,1188,1339,1333
"GENE0149",81,35,83,199,180,413,76,42,42,115,138,306
"GENE0150",26,51,46,63,143,94,26,35,43,44,48,34
"GENE0151",27,30,39,12,7,5,15,3,22,15,6,9
"GENE0152",42,62,129,21,31,20,29,58,36,11,17,20
"GENE0153",78,82,231,35,50,71,244,74,159,35,30,44
"GENE0154",553,517,865,149,235,187,546,617,776,143,159,228
"GENE0155",189,293,247,175,86,47,258,189,232,108,95,107
"GENE0156",26,20,57,16,10,15,46,22,32,32,5,5
"GENE0157",6,5,10,5,4,9,23,22,10,5,3,12
"GENE0158",30,26,33,8,20,10,51,21,26,9,8,16
"GENE0159",121,234,243,73,146,86,313,203,301,95,68,62
"GENE0160",285,244,457,92,174,102,494,235,300,110,66,147
"GENE0161",71,95,94,26,19,51,70,50,60,16,21,60
"GENE0162",33,91,171,29,18,50,91,47,68,17,15,35
"GENE0163",424,795,972,210,348,310,1066,1387,1378,363,190,193
"GENE0164",61,98,105,4,34,27,69,96,72,21,14,36
"GENE0165",17,5,21,1,1,10,7,1,11,0,1,2
"GENE0166",222,195,220,76,85,198,370,412,340,137,60,57
"GENE0167",24,21,18,2,5,7,10,7,14,9,7,13
"GENE0168",140,126,218,32,59,93,260,62,68,53,69,48
"GENE0169",1,6,9,4,3,3,14,7,2,4,3,8
"GENE0170",230,710,677,183,201,464,682,602,673,311,108,421
"GENE0171",9,10,18,1,2,18,16,3,7,2,2,3
"GENE0172",101,126,334,76,78,54,158,242,155,43,49,123
"GENE0173",45,60,49,35,41,23,126,67,47,38,19,24
"GENE0174",26,14,16,15,13,0,33,20,40,6,7,6
"GENE0175",14,11,25,10,9,6,28,17,16,6,6,14
"GENE0176",876,973,1912,208,290,272,1401,1153,1291,400,225,302
"GENE0177",13,34,47,4,0,6,41,17,20,4,7,8
"GENE0178",728,716,602,150,251,212,955,363,837,262,200,294
"GENE0179",654,753,988,275,327,422,1132,512,769,234,286,456
"GENE0180",254,223,296,89,88,162,573,237,262,93,76,123
"GENE0181",102,116,122,47,46,52,89,101,127,74,33,40
"GENE0182",130,278,230,38,67,109,312,88,116,46,87,145
"GENE0183",8,3,7,4,0,2,13,8,10,10,5,2
"GENE0184",107,146,155,41,40,38,179,134,135,21,41,94
"GENE0185",744,613,1000,336,260,248,778,1003,1245,490,231,372
"GENE0186",226,261,261,105,125,115,316,249,215,135,83,81
"GENE0187",468,515,726,316,361,315,810,722,278,270,204,398
"GENE0188",134,282,119,121,142,94,368,177,286,174,103,82
"GENE0189",180,178,276,74,205,189,348,223,309,152,81,104
"GENE0190",317,264,568,82,119,193,677,400,277,145,69,126
"GENE0191",177,318,356,81,78,124,262,334,243,122,74,98
"GENE0192",295,643,463,178,155,309,753,559,671,215,134,171
"GENE0193",163,236,345,28,66,91,252,127,176,61,48,98
"GENE0194",74,62,121,14,22,15,90,58,93,26,17,38
"GENE0195",291,552,769,75,177,117,399,419,419,196,110,107
"GENE0196",263,162,184,31,100,70,181,146,191,66,55,87
"GENE0197",9,9,30,2,0,5,20,5,11,2,4,5
"GENE0198",107,284,349,63,94,97,284,123,184,86,76,92
"GENE0199",189,371,234,71,101,83,312,204,131,102,51,108
"GENE0200",47,105,160,39,32,50,149,88,106,40,36,46
"GENE0201",94,159,114,32,37,20,147,137,130,59,26,37
"GENE0202",575,430,754,243,223,373,700,388,628,203,203,210
"GENE0203",8,21,54,14,5,26,36,46,33,11,8,11
"GENE0204",424,844,646,326,329,290,1352,1255,759,419,301,348
"GENE0205",695,783,553,253,154,325,894,1419,859,360,301,362
"GENE0206",612,1005,1357,238,486,530,990,1092,1941,262,296,340
"GENE0207",8,12,7,3,5,0,13,12,17,0,10,2
"GENE0208",19,61,32,20,26,16,68,29,32,16,8,22
"GENE0209",19,14,28,4,10,8,7,45,31,4,13,7
"GENE0210",327,742,550,215,186,362,806,551,769,180,276,298
"GENE0211",13,4,16,6,1,3,10,10,18,6,1,1
"GENE0212",579,867,420,250,256,386,1430,1061,575,613,180,479
"GENE0213",257,243,277,84,112,136,394,135,286,156,54,109
"GENE0214",465,437,951,230,174,164,696,396,458,234,144,200
"GENE0215",534,849,938,245,187,436,864,714,547,273,179,307
"GENE0216",13,13,20,3,3,15,17,12,24,8,8,5
"GENE0217",15,9,14,8,7,2,21,23,12,4,4,8
"GENE0218",64,92,149,62,21,86,162,118,49,51,35,92
"GENE0219",108,99,154,27,68,45,119,75,97,53,39,45
"GENE0220",4,4,31,11,4,6,8,1,5,4,5,10
"GENE0221",413,475,905,147,98,592,426,454,608,226,200,338
"GENE0222",31,46,35,21,12,30,42,63,37,5,7,2
"GENE0223",25,12,13,7,15,10,3,7,5,9,4,3
"GENE0224",39,48,36,10,8,17,41,24,31,10,6,21
"GENE0225",51,69,207,16,41,32,62,123,80,11,14,33
"GENE0226",177,207,156,38,108,43,121,142,164,53,44,77
"GENE0227",315,241,576,145,150,239,243,301,291,132,67,110
"GENE0228",189,132,135,79,44,43,254,73,101,48,40,59
"GENE0229",286,163,214,130,124,145,311,198,212,65,47,61
"GENE0230",179,66,117,19,53,62,42,96,186,52,55,89
"GENE0231",12,9,25,6,8,10,51,6,21,9,3,10
"GENE0232",921,674,704,333,227,209,1220,915,467,279,163,289
"GENE0233",13,11,9,7,2,7,20,28,7,5,8,8
"GENE0234",5,6,3,1,3,5,8,16,3,4,3,2
"GENE0235",6,10,11,2,4,16,27,10,7,4,3,9
"GENE0236",24,20,6,3,5,4,24,9,7,1,2,6
"GENE0237",34,40,59,19,14,27,20,29,24,8,11,11
"GENE0238",18,40,43,5,22,27,41,24,25,11,14,8
"GENE0239",5,8,19,3,4,0,31,3,15,6,5,15
"GENE0240",173,247,348,98,99,116,256,322,542,47,84,133
"GENE0241",257,184,291,64,64,74,396,127,260,149,51,77
"GENE0242",18,13,27,10,7,16,9,13,23,3,4,4
"GENE0243",27,37,32,10,4,12,11,33,20,4,7,7
"GENE0244",214,199,190,89,98,105,354,191,276,90,77,80
"GENE0245",5,10,12,2,4,2,4,6,10,0,0,11
"GENE0246",4,10,14,0,1,3,11,11,11,5,3,2
"GENE0247",14,7,15,3,5,9,20,28,19,15,6,2
"GENE0248",16,26,32,12,7,11,14,37,27,12,6,14
"GENE0249",2,5,37,2,0,12,2,6,16,1,1,7
"GENE0250",26,41,49,10,11,8,27,14,43,9,6,13
"GENE0251",396,603,751,170,201,253,355,748,623,166,222,338
"GENE0252",99,214,140,65,51,113,121,194,103,83,55,67
"GENE0253",2,12,4,0,9,4,7,8,5,4,2,10
"GENE0254",26,9,24,2,0,2,1,2,13,2,0,3
"GENE0255",19,26,28,5,10,2,19,16,19,11,4,3
"GENE0256",4,21,10,9,1,7,5,4,8,11,6,3
"GENE0257",43,35,34,16,27,24,55,40,54,14,11,31
"GENE0258",73,98,221,19,24,66,116,63,123,50,29,51
"GENE0259",26,4,11,1,2,9,6,13,14,4,0,5
"GENE0260",146,205,231,54,94,62,260,149,118,89,37,63
"GENE0261",485,600,590,94,147,227,402,352,387,202,145,295
"GENE0262",312,414,609,199,188,153,526,455,397,136,63,115
"GENE0263",146,266,163,96,87,154,287,126,211,35,57,101
"GENE0264",2,12,3,2,1,5,7,4,5,4,2,3
"GENE0265",13,54,47,6,11,22,59,37,48,13,2,24
"GENE0266",90,60,97,54,63,53,134,119,107,30,23,43
"GENE0267",119,112,345,75,56,70,280,90,293,56,49,50
"GENE0268",63,31,45,16,20,12,74,38,51,8,15,13
"GENE0269",28,28,73,7,9,4,30,24,31,15,8,10
"GENE0270",19,18,10,6,12,9,21,36,16,10,6,5
"GENE0271",59,52,45,25,9,13,42,41,82,16,6,26
"GENE0272",14,34,43,3,13,22,28,27,30,14,10,9
"GENE0273",20,21,37,7,11,7,39,12,54,10,4,33
"GENE0274",11,19,7,1,2,10,46,15,49,7,8,13
"GENE0275",11,14,7,1,3,3,15,27,21,2,6,6
"GENE0276",47,71,101,14,29,14,70,71,87,22,28,21
"GENE0277",3,7,10,0,3,7,10,10,2,2,4,4
"GENE0278",446,435,527,261,133,329,500,469,669,171,135,285
"GENE0279",18,88,107,26,14,17,81,31,50,19,16,18
"GENE0280",167,276,207,102,49,76,201,233,172,86,62,79
"GENE0281",14,5,5,5,2,5,14,6,3,2,7,2
"GENE0282",27,41,43,19,10,27,44,32,23,32,11,15
"GENE0283",4,10,4,2,2,1,3,0,9,3,4,0
"GENE0284",343,595,1072,247,215,381,636,367,411,195,125,280
"GENE0285",916,1077,2099,183,505,445,1053,947,768,327,282,325
"GENE0286",48,77,122,45,44,82,142,111,91,21,14,36
"GENE0287",24,27,30,9,11,18,58,29,37,14,7,6
"GENE0288",15,25,29,3,6,7,39,19,13,18,9,5
"GENE0289",58,54,47,35,10,32,90,65,111,28,7,23
"GENE0290",17,8,16,1,2,2,12,3,21,11,1,7
"GENE0291",0,30,32,1,3,13,1,3,17,3,6,5
"GENE0292",14,5,30,5,4,5,22,2,7,2,8,0
"GENE0293",668,679,1305,335,88,323,666,766,543,207,274,447
"GENE0294",21,9,21,5,3,11,11,18,21,12,3,8
"GENE0295",83,74,108,25,35,46,88,75,55,21,18,23
"GENE0296",29,19,42,6,17,11,9,29,19,4,11,7
"GENE0297",341,294,394,125,127,72,347,420,277,196,51,188
"GENE0298",43,36,40,14,11,6,61,29,32,19,14,34
"GENE0299",178,158,396,70,113,105,385,93,179,56,52,78
"GENE0300",189,370,970,282,140,182,540,412,654,141,77,208
"GENE0301",64,148,75,95,130,169,187,156,147,193,283,184
"GENE0302",617,717,801,574,472,435,2147,1635,633,1265,1575,1192
"GENE0303",21,21,51,23,26,44,113,29,19,70,35,119
"GENE0304",28,27,54,30,35,32,91,74,107,97,65,119
"GENE0305",6,16,22,18,12,29,28,42,27,29,25,76
"GENE0306",510,994,597,675,1394,1499,1640,2593,1117,4024,810,2208
"GENE0307",152,175,267,212,400,375,467,364,625,423,252,732
"GENE0308",170,317,487,216,213,273,445,367,769,623,432,756
"GENE0309",31,16,24,10,16,31,28,44,50,27,28,98
"GENE0310",57,110,157,78,74,108,147,141,85,164,133,198
"GENE0311",237,552,984,378,585,1132,3746,1351,2244,2162,566,1258
"GENE0312",157,268,250,237,132,224,795,322,523,543,197,336
"GENE0313",159,302,279,269,292,259,542,457,753,706,437,1368
"GENE0314",9,14,37,19,23,10,37,47,25,13,39,45
"GENE0315",20,15,9,22,16,28,67,19,49,72,20,29
"GENE0316",5,6,12,27,6,1,63,15,50,47,17,47
"GENE0317",18,14,13,11,14,19,28,31,35,31,40,36
"GENE0318",12,6,2,12,3,22,26,12,11,13,13,51
"GENE0319",101,69,90,69,189,113,466,291,536,367,178,296
"GENE0320",10,14,34,9,24,60,131,71,68,54,60,128
"GENE0321",117,94,134,71,140,170,391,276,221,475,357,424
"GENE0322",192,121,115,197,170,134,550,592,311,303,516,476
"GENE0323",32,57,162,45,80,105,169,152,169,131,115,182
"GENE0324",27,42,7,49,25,29,68,84,67,88,76,20
"GENE0325",760,544,1290,600,823,722,1419,1902,1098,2332,1600,2385
"GENE0326",537,375,875,571,1021,1154,1885,2570,1151,2871,2063,1896
"GENE0327",5,10,9,13,2,20,31,6,21,29,30,51
"GENE0328",48,57,64,53,109,54,232,223,88,207,137,217
"GENE0329",4,14,15,15,20,28,53,35,21,44,12,81
"GENE0330",52,42,69,53,128,59,319,202,98,132,89,129
"GENE0331",55,97,160,87,114,70,332,296,239,414,222,414
"GENE0332",26,5,48,11,13,8,55,24,31,37,20,91
"GENE0333",39,64,85,40,84,97,189,124,253,101,86,124
"GENE0334",119,93,184,122,242,154,430,418,152,517,282,326
"GENE0335",181,295,255,224,392,555,735,552,525,634,749,732
"GENE0336",6,15,24,12,9,9,18,30,25,33,17,40
"GENE0337",204,207,306,300,253,328,744,448,598,399,360,613
"GENE0338",27,43,21,42,33,27,54,45,39,77,54,59
"GENE0339",177,240,272,300,268,588,810,790,818,635,515,1043
"GENE0340",19,44,66,29,40,34,122,170,113,98,116,101
"GENE0341",28,33,44,31,40,92,97,128,121,128,64,112
"GENE0342",356,769,645,529,552,1035,1565,2447,1149,1830,1111,2116
"GENE0343",438,732,1140,810,970,1695,1482,1049,1931,2572,2414,1710
"GENE0344",19,65,45,41,23,56,39,58,65,100,56,51
"GENE0345",17,25,32,20,17,38,63,43,43,68,33,64
"GENE0346",0,7,15,14,18,3,11,24,35,26,7,51
"GENE0347",1,35,17,24,11,23,52,10,21,32,30,64
"GENE0348",24,51,13,18,26,39,23,60,25,79,62,44
"GENE0349",12,12,14,10,14,27,15,21,17,21,45,39
"GENE0350",64,83,68,61,80,64,140,120,133,190,120,178
"GENE0351",155,175,159,147,286,270,636,257,808,650,497,736
"GENE0352",390,355,659,376,446,882,1573,581,1678,1371,454,1022
"GENE0353",108,69,78,54,118,96,208,137,167,358,101,363
"GENE0354",83,72,60,67,58,178,297,136,123,142,152,235
"GENE0355",471,650,922,816,453,738,1934,1016,1641,1467,948,2357
"GENE0356",25,46,43,35,30,33,104,80,119,161,69,116
"GENE0357",21,24,33,39,44,54,106,62,81,47,122,149
"GENE0358",192,191,161,159,104,289,303,333,247,249,249,279
"GENE0359",49,21,80,41,77,21,61,113,139,73,70,182
"GENE0360",257,337,298,304,444,354,1140,935,351,1039,517,638
"GENE0361",398,567,460,578,824,694,868,1263,967,1291,924,1956
"GENE0362",11,10,21,11,6,13,44,21,25,19,30,18
"GENE0363",915,813,494,605,947,775,2224,1387,3082,747,1224,2273
"GENE0364",316,378,478,267,486,463,1175,579,410,691,700,1073
"GENE0365",33,43,67,42,41,65,186,150,157,175,104,115
"GENE0366",260,463,368,489,292,619,2081,1105,811,1325,1063,1157
"GENE0367",21,34,69,38,24,24,76,50,84,190,47,83
"GENE0368",81,91,123,87,166,98,344,228,185,206,110,437
"GENE0369",33,24,61,13,26,46,92,120,66,25,42,79
"GENE0370",31,37,77,59,65,113,254,59,100,115,126,123
"GENE0371",12,29,7,12,16,30,15,25,13,33,14,24
"GENE0372",291,267,188,218,218,188,324,231,357,573,350,550
"GENE0373",974,1083,915,895,1112,1408,2894,1960,2849,2408,1383,4892
"GENE0374",2,3,20,3,8,8,32,4,37,9,21,18
"GENE0375",8,14,10,19,20,21,5,13,9,25,5,72
"GENE0376",10,17,7,3,34,18,28,25,31,15,39,44
"GENE0377",318,247,534,214,386,287,1143,886,968,758,644,1006
"GENE0378",43,85,98,78,111,117,86,158,195,240,136,255
"GENE0379",475,885,946,737,1054,1451,2627,1143,1729,3443,828,2724
"GENE0380",7,28,32,37,10,64,114,23,47,120,38,46
"GENE0381",626,432,576,578,662,1127,2127,2158,997,2077,1559,2757
"GENE0382",14,35,52,19,37,51,104,51,38,61,82,102
"GENE0383",446,479,910,540,552,993,1964,1411,1443,2694,1090,2320
"GENE0384",621,666,893,538,677,940,1772,1085,1199,2244,979,979
"GENE0385",229,139,320,182,213,408,852,603,357,907,814,692
"GENE0386",57,77,115,68,79,70,172,143,202,178,125,219
"GENE0387",8,10,22,15,6,28,22,43,20,20,45,54
"GENE0388",46,75,77,52,90,72,364,136,176,199,127,182
"GENE0389",45,10,34,43,26,54,149,86,99,54,51,76
"GENE0390",20,10,10,1,10,10,10,37,13,10,16,10
"GENE0391",22,52,34,77,74,75,245,105,126,186,66,134
"GENE0392",102,118,94,126,147,121,236,273,336,436,176,340
"GENE0393",413,384,679,549,548,717,1281,788,1011,1727,1123,2344
"GENE0394",53,130,53,35,49,79,138,132,98,147,100,327
"GENE0395",460,713,895,937,1049,1823,1647,2873,2094,2611,1961,1990
"GENE0396",18,19,38,18,6,19,18,20,31,33,25,57
"GENE0397",489,409,463,432,658,408,1248,836,838,1049,818,646
"GENE0398",17,18,19,25,7,40,48,12,20,54,24,108
"GENE0399",84,49,96,33,63,72,158,115,81,165,108,84
"GENE0400",203,409,289,214,223,501,732,396,461,1015,457,851
"GENE0401",6,4,9,4,6,16,15,19,32,11,17,40
"GENE0402",73,88,149,117,124,127,300,128,165,215,231,242
"GENE0403",480,892,956,993,597,1061,1154,1798,1125,1676,1889,2327
"GENE0404",75,109,152,55,68,180,265,135,398,103,138,417
"GENE0405",5,11,5,0,9,43,31,31,21,17,8,17
"GENE0406",599,709,917,838,897,1504,2504,3043,1819,2539,1381,2417
"GENE0407",36,82,79,73,68,151,145,83,232,98,152,198
"GENE0408",186,162,242,167,240,333,595,502,663,459,313,1156
"GENE0409",175,184,240,171,285,175,474,553,431,346,466,401
"GENE0410",72,86,92,61,132,159,253,208,341,199,190,320
"GENE0411",9,20,41,13,12,17,64,35,22,35,20,34
"GENE0412",59,75,165,67,116,96,265,136,177,289,91,248
"GENE0413",394,588,796,442,614,752,2313,2158,1860,861,1413,1815
"GENE0414",12,24,19,10,20,30,39,62,57,53,117,41
"GENE0415",10,6,10,10,5,28,30,26,49,48,30,49
"GENE0416",24,37,71,24,33,62,210,33,75,116,54,127
"GENE0417",505,775,877,745,790,469,1840,1295,2052,1229,681,2341
"GENE0418",428,983,832,607,815,653,2416,1865,1952,1398,1508,1604
"GENE0419",38,46,64,47,19,66,169,111,86,164,119,180
"GENE0420",28,11,17,4,20,12,13,29,23,22,27,63
"GENE0421",833,958,1688,642,1432,1083,1767,1776,2745,1093,976,3127
"GENE0422",241,274,245,197,447,457,594,431,397,472,304,785
"GENE0423",197,277,499,399,385,445,2179,806,827,2096,666,620
"GENE0424",119,149,222,113,156,151,644,363,239,526,297,502
"GENE0425",20,22,28,30,30,13,58,17,46,55,50,43
"GENE0426",491,584,972,669,647,1049,2681,1208,1404,2410,1106,2342
"GENE0427",392,559,539,192,402,605,1329,1258,1204,1273,703,1566
"GENE0428",16,9,29,7,9,19,26,34,55,13,29,23
"GENE0429",799,602,1060,440,690,1108,2531,1263,1445,3160,842,1539
"GENE0430",178,241,183,240,230,373,988,479,275,938,539,444
"GENE0431",6,4,11,6,8,6,8,9,34,46,7,42
"GENE0432",5,15,16,14,28,24,38,28,20,35,23,16
"GENE0433",345,363,478,352,446,494,1666,880,674,1667,566,1009
"GENE0434",436,496,469,595,629,529,1675,1200,1389,974,1122,1571
"GENE0435",16,4,26,15,11,10,38,72,25,57,11,36
"GENE0436",2,7,1,12,9,10,11,9,32,12,16,7
"GENE0437",260,325,329,199,384,641,437,1012,951,906,772,552
"GENE0438",368,704,507,445,921,544,1007,910,774,1583,930,1635
"GENE0439",92,86,113,80,107,67,366,124,172,72,259,198
"GENE0440",16,13,21,7,12,19,52,29,18,60,19,98
"GENE0441",6,14,30,9,10,17,35,6,41,14,19,10
"GENE0442",522,1011,844,526,874,826,2450,1266,2569,2696,1431,2687
"GENE0443",628,581,1445,961,940,696,2077,2189,2566,1289,1481,2806
"GENE0444",99,136,177,79,85,248,255,271,298,312,345,423
"GENE0445",18,24,45,35,7,24,36,43,37,27,34,73
"GENE0446",13,48,26,40,43,42,121,69,108,43,38,57
"GENE0447",53,71,244,101,250,165,183,530,268,459,195,304
"GENE0448",106,97,106,154,154,168,269,251,405,376,159,298
"GENE0449",28,15,16,4,20,26,79,35,71,85,69,81
"GENE0450",269,365,397,326,415,331,763,603,1200,1315,427,749
"GENE0451",8,10,31,11,19,3,7,31,24,83,26,33
"GENE0452",374,432,414,223,264,408,1620,1075,432,1088,621,573
"GENE0453",60,88,79,108,30,119,150,168,200,247,259,313
"GENE0454",286,719,645,361,555,470,985,1616,1419,1108,1422,788
"GENE0455",136,391,410,223,169,222,599,502,242,355,353,655
"GENE0456",553,419,1027,374,987,1363,1834,1534,1135,1832,945,1716
"GENE0457",51,73,84,84,124,116,211,138,161,94,97,170
"GENE0458",303,345,364,236,261,169,934,652,651,1002,474,694
"GENE0459",216,337,677,708,596,477,1182,1123,785,1418,1195,1608
"GENE0460",40,22,92,45,71,46,264,53,101,125,78,126
"GENE0461",38,36,34,10,25,63,56,52,107,47,17,95
"GENE0462",13,8,20,13,18,39,27,34,44,26,47,51
"GENE0463",765,678,1067,644,1212,1421,2203,2358,1457,2287,2924,2074
"GENE0464",532,430,555,417,462,615,642,892,1151,1029,1028,2034
"GENE0465",15,21,10,3,5,11,38,33,43,41,33,46
"GENE0466",33,83,88,48,84,101,288,246,145,170,150,269
"GENE0467",122,240,192,132,175,287,591,326,397,450,219,352
"GENE0468",3,4,7,10,8,13,14,8,26,28,12,21
"GENE0469",756,895,557,700,919,1157,1563,2570,3067,4598,2126,2421
"GENE0470",168,109,319,190,195,425,293,334,451,405,303,330
"GENE0471",5,8,19,7,17,8,24,16,20,26,10,22
"GENE0472",384,472,446,388,733,812,830,933,1282,1056,1613,1453
"GENE0473",28,93,47,23,43,120,78,144,197,154,80,211
"GENE0474",3,15,8,6,16,15,33,7,15,28,65,40
"GENE0475",8,37,22,28,9,9,30,48,46,56,86,49
"GENE0476",51,52,70,67,75,82,80,117,134,217,88,274
"GENE0477",27,58,50,34,73,57,78,180,96,80,147,152
"GENE0478",302,308,338,317,343,534,1168,947,1046,578,1007,1128
"GENE0479",73,113,72,102,92,210,183,172,109,210,172,340
"GENE0480",2,8,2,20,9,11,50,26,18,2,29,36
"GENE0481",23,23,22,9,21,8,64,18,12,52,15,43
"GENE0482",27,46,91,14,61,17,39,72,159,25,56,56
"GENE0483",14,13,12,8,24,24,33,55,67,35,15,46
"GENE0484",196,239,269,174,350,190,467,274,419,344,312,538
"GENE0485",6,11,10,24,18,4,42,9,31,38,9,57
"GENE0486",96,48,171,129,208,281,268,222,274,440,441,619
"GENE0487",678,1148,1153,798,937,1270,3233,1456,917,2382,1691,6399
"GENE0488",91,183,75,94,88,218,365,290,215,325,375,309
"GENE0489",4,3,19,10,0,10,10,24,18,7,17,15
"GENE0490",77,94,99,84,148,83,202,209,274,137,211,329
"GENE0491",21,53,33,40,81,69,64,147,94,126,85,84
"GENE0492",109,114,83,42,99,68,399,133,201,220,230,211
"GENE0493",11,13,13,29,4,5,30,42,23,29,30,26
"GENE0494",3,16,27,12,10,26,29,27,32,25,14,42
"GENE0495",23,42,17,26,20,24,28,64,11,12,46,67
"GENE0496",235,446,365,385,301,601,1058,521,495,943,243,905
"GENE0497",86,81,57,134,146,120,390,197,203,267,207,208
"GENE0498",171,189,312,172,271,364,1027,359,613,529,352,705
"GENE0499",14,13,19,41,15,65,84,45,69,54,25,55
"GENE0500",245,265,451,133,211,310,581,747,946,627,653,763
"GENE0501",512,942,968,463,1096,1146,4023,752,1978,1625,2132,2453
"GENE0502",53,43,57,12,56,45,65,111,40,93,166,71
"GENE0503",482,271,876,623,717,1348,1818,1738,2656,1102,1742,3059
"GENE0504",204,173,155,233,165,129,286,327,378,332,409,411
"GENE0505",47,41,49,20,31,88,135,134,84,104,110,120
"GENE0506",3,1,9,1,27,6,10,22,37,17,3,32
"GENE0507",316,406,754,457,481,584,781,660,613,691,916,890
"GENE0508",46,17,44,23,28,42,163,93,78,96,130,163
"GENE0509",295,220,451,181,266,328,1140,854,513,923,874,610
"GENE0510",252,224,330,301,367,621,792,417,562,399,597,933
"GENE0511",97,136,118,125,77,184,297,181,193,245,190,160
"GENE0512",58,117,92,47,113,100,151,139,163,279,248,291
"GENE0513",128,247,383,204,279,576,1014,630,483,847,634,698
"GENE0514",286,267,668,210,551,690,725,1053,1113,791,888,1455
"GENE0515",404,191,372,281,390,254,762,1001,460,945,761,815
"GENE0516",14,8,7,5,4,14,34,11,40,23,21,52
"GENE0517",9,31,14,47,9,35,43,47,37,67,39,53
"GENE0518",51,63,87,53,104,86,271,161,129,183,160,170
"GENE0519",295,340,338,462,381,414,1120,707,1110,880,573,1367
"GENE0520",79,141,86,89,114,109,155,160,112,122,117,74
"GENE0521",174,288,368,365,249,277,632,296,512,807,378,803
"GENE0522",39,65,115,54,70,71,338,88,217,183,182,187
"GENE0523",277,659,867,692,1128,1403,2034,1633,1623,2259,1668,1063
"GENE0524",2,21,15,16,2,18,75,22,4,35,18,14
"GENE0525",46,19,29,20,34,26,89,53,53,85,43,61
"GENE0526",95,115,186,41,147,226,346,215,180,298,133,244
"GENE0527",1,13,16,7,20,10,29,11,20,24,18,16
"GENE0528",539,399,773,377,448,579,1313,878,785,1054,808,967
"GENE0529",35,82,83,35,44,40,81,96,96,160,87,69
"GENE0530",166,266,236,125,357,391,707,451,532,422,689,620
"GENE0531",360,238,474,225,305,756,1148,665,539,867,873,2058
"GENE0532",298,424,379,218,336,532,1017,877,929,1139,790,899
"GENE0533",59,77,37,50,123,118,261,204,154,157,209,104
"GENE0534",2,17,14,19,31,17,50,42,27,77,26,28
"GENE0535",82,64,146,86,69,86,108,95,162,215,41,205
"GENE0536",271,374,606,344,370,387,711,532,557,837,741,740
"GENE0537",13,7,9,11,9,13,36,42,7,23,31,30
"GENE0538",45,65,69,93,64,82,169,138,114,150,106,116
"GENE0539",101,141,161,145,123,273,314,345,369,516,452,478
"GENE0540",356,354,335,200,261,484,621,939,809,707,508,666
"GENE0541",15,29,33,29,37,36,60,87,32,103,90,105
"GENE0542",16,23,9,27,8,45,49,58,43,41,30,100
"GENE0543",61,96,114,35,77,22,261,219,352,281,81,186
"GENE0544",61,38,95,33,85,46,95,144,96,94,96,152
"GENE0545",4,9,39,2,9,3,25,16,34,15,38,71
"GENE0546",248,414,442,285,225,613,816,956,1863,996,884,837
"GENE0547",89,117,99,90,181,189,383,151,200,392,89,135
"GENE0548",9,28,45,43,25,21,67,77,86,77,34,57
"GENE0549",195,497,560,227,253,474,759,366,1132,732,972,1143
"GENE0550",3,22,7,14,14,10,37,26,47,46,13,45
"GENE0551",442,1244,857,467,932,858,1513,1767,1559,1568,1139,1918
"GENE0552",29,34,47,46,26,20,75,29,87,28,54,66
"GENE0553",482,858,651,479,540,723,1869,835,2916,1238,423,1849
"GENE0554",4,13,14,15,11,5,23,13,10,15,15,22
"GENE0555",109,74,141,262,161,113,263,228,237,382,169,304
"GENE0556",91,163,232,96,147,267,522,252,172,336,160,482
"GENE0557",376,373,621,440,235,566,1225,966,638,1762,918,890
"GENE0558",233,761,501,412,751,732,711,1396,1494,1397,881,691
"GENE0559",8,26,16,2,21,12,25,28,41,60,15,59
"GENE0560",406,663,1013,613,610,1276,2958,2358,809,1690,921,1933
"GENE0561",140,131,179,120,163,214,426,302,627,194,186,432
"GENE0562",18,102,79,53,45,62,177,118,116,96,89,137
"GENE0563",492,798,861,740,993,1419,2342,1924,2183,2626,2609,2132
"GENE0564",16,7,15,16,7,36,44,27,9,28,4,32
"GENE0565",7,10,16,1,8,8,41,47,33,60,19,26
"GENE0566",77,72,132,71,250,110,239,84,265,172,208,323
"GENE0567",112,165,198,195,203,277,873,350,502,500,211,597
"GENE0568",15,15,30,4,7,25,35,9,34,22,62,18
"GENE0569",9,30,10,14,22,40,98,41,73,75,21,45
"GENE0570",260,343,267,286,406,224,503,805,1039,552,606,821
"GENE0571",14,8,4,6,22,2,29,18,15,31,7,23
"GENE0572",10,28,47,29,36,38,40,55,71,36,71,29
"GENE0573",390,418,456,511,1005,985,2501,1170,1328,975,1038,2185
"GENE0574",37,54,51,54,33,73,88,74,111,94,49,146
"GENE0575",567,637,1226,344,867,1129,1797,903,1523,1294,1503,2009
"GENE0576",111,172,303,66,76,174,326,313,257,216,363,423
"GENE0577",19,32,19,20,18,20,32,39,75,41,49,76
"GENE0578",104,110,116,69,83,138,322,175,180,381,232,354
"GENE0579",110,241,171,176,199,223,422,265,175,474,281,327
"GENE0580",689,563,815,422,657,477,1168,836,1137,1080,1341,1047
"GENE0581",5,11,14,4,7,3,14,6,7,18,4,16
"GENE0582",55,48,74,61,95,134,187,53,123,78,92,214
"GENE0583",25,42,30,21,32,31,32,25,92,65,31,67
"GENE0584",222,348,270,437,426,352,781,306,407,884,347,861
"GENE0585",0,5,5,11,12,14,24,16,33,33,27,38
"GENE0586",169,307,287,393,387,795,668,574,872,706,611,1037
"GENE0587",16,37,32,21,16,41,79,47,47,62,68,106
"GENE0588",302,654,581,462,524,756,890,625,800,952,729,1686
"GENE0589",39,38,30,13,39,41,76,81,40,84,74,52
"GENE0590",9,34,44,49,24,67,47,46,101,78,72,62
"GENE0591",20,49,22,33,31,26,52,38,29,38,21,54
"GENE0592",685,740,824,693,562,821,2296,1847,1182,2061,1522,1549
"GENE0593",17,13,21,18,26,23,50,69,98,90,60,77
"GENE0594",8,24,26,3,28,37,58,50,32,24,94,30
"GENE0595",9,4,23,12,26,51,62,42,45,26,28,32
"GENE0596",299,531,639,254,432,699,902,1030,914,1152,524,628
"GENE0597",218,177,251,189,264,339,358,442,403,567,420,495
"GENE0598",6,23,39,7,25,28,69,33,51,18,29,79
"GENE0599",155,278,264,171,379,318,523,433,274,656,405,639
"GENE0600",8,40,21,21,19,21,63,29,76,64,76,51
"GENE0601",636,529,1195,359,734,626,2279,1286,1774,2106,1358,2497
"GENE0602",928,700,1489,836,1031,1082,2926,2314,2085,1829,1431,2095
"GENE0603",21,13,22,28,13,29,14,14,32,48,48,62
"GENE0604",189,162,254,278,170,326,259,661,763,794,249,296
"GENE0605",36,177,93,116,133,133,238,258,148,168,114,317
"GENE0606",29,39,32,27,29,37,89,80,69,157,74,59
"GENE0607",38,58,34,46,35,45,78,88,56,31,56,68
"GENE0608",7,39,34,11,8,31,42,46,23,36,12,64
"GENE0609",44,74,86,103,64,79,204,128,96,165,118,139
"GENE0610",545,590,450,331,582,799,2302,1211,1855,1843,731,1604
"GENE0611",115,149,107,84,145,165,463,107,181,215,155,573
"GENE0612",75,77,113,229,149,143,259,370,395,501,275,316
"GENE0613",10,12,33,2,2,15,36,34,33,46,22,36
"GENE0614",50,49,69,59,61,50,119,153,75,122,196,118
"GENE0615",7,4,26,9,10,17,37,50,50,10,27,29
"GENE0616",24,63,42,11,31,80,107,66,155,162,86,64
"GENE0617",9,20,22,14,14,62,70,9,90,71,40,41
"GENE0618",182,135,200,128,104,179,429,366,225,431,354,245
"GENE0619",905,655,952,389,890,670,1776,2240,2169,2706,1249,1857
"GENE0620",170,373,490,323,333,257,830,495,604,976,326,529
"GENE0621",37,60,24,24,40,97,65,67,43,70,31,123
"GENE0622",34,32,16,15,8,50,66,49,59,98,24,82
"GENE0623",104,108,113,74,112,79,193,240,175,125,189,342
"GENE0624",66,82,150,116,164,62,268,138,146,347,211,314
"GENE0625",39,28,14,26,44,39,72,58,70,37,96,110
"GENE0626",13,49,22,32,17,58,29,39,94,144,61,196
"GENE0627",317,334,516,353,164,354,1108,587,808,747,524,1207
"GENE0628",57,75,111,27,42,67,307,162,76,204,46,176
"GENE0629",8,12,14,18,15,22,42,35,18,53,28,30
"GENE0630",160,474,273,292,433,600,1845,897,1182,1443,1321,1437
"GENE0631",380,447,569,550,490,560,888,833,1281,862,968,745
"GENE0632",57,43,104,38,51,65,124,138,116,121,85,228
"GENE0633",16,20,19,34,17,19,68,94,50,38,57,102
"GENE0634",200,276,495,224,469,792,1231,653,449,886,315,697
"GENE0635",106,92,246,116,213,153,428,397,457,554,311,497
"GENE0636",146,251,299,200,160,174,693,442,427,733,408,683
"GENE0637",58,40,68,36,43,61,25,108,99,123,65,109
"GENE0638",350,535,773,285,539,996,1073,380,532,1005,859,1212
"GENE0639",6,8,13,13,6,17,19,13,9,42,13,25
"GENE0640",38,47,72,74,95,27,59,100,82,114,112,203
"GENE0641",18,46,26,27,73,33,96,107,60,82,38,106
"GENE0642",8,1,12,7,18,7,4,47,34,5,10,35
"GENE0643",96,94,106,110,86,78,399,154,282,160,128,291
"GENE0644",15,44,112,37,51,104,323,138,68,193,86,211
"GENE0645",19,25,44,50,15,82,165,52,97,52,19,115
"GENE0646",758,724,1514,378,567,491,2200,1294,584,1888,1607,1464
"GENE0647",49,78,58,85,47,87,204,254,277,290,100,267
"GENE0648",102,90,144,150,201,234,350,193,613,427,143,421
"GENE0649",101,55,116,151,74,154,329,115,170,329,157,364
"GENE0650",277,260,463,111,297,442,550,292,424,684,473,388
"GENE0651",32,40,52,8,23,25,34,59,74,84,136,96
"GENE0652",927,916,835,412,380,625,1395,1552,1846,1871,1321,2053
"GENE0653",268,208,320,303,192,281,926,636,643,503,442,772
"GENE0654",30,49,34,27,46,45,160,69,80,98,63,42
"GENE0655",13,20,14,5,13,14,22,7,8,23,14,15
"GENE0656",31,109,65,99,123,51,151,175,147,209,187,149
"GENE0657",271,411,921,751,1281,932,3527,1121,1860,1359,1461,3064
"GENE0658",105,55,157,63,70,124,159,228,214,375,148,241
"GENE0659",57,68,86,58,91,81,221,203,96,271,190,189
"GENE0660",21,10,30,9,24,27,42,14,39,66,49,52
"GENE0661",57,218,181,107,126,256,265,269,338,309,143,421
"GENE0662",114,79,212,70,136,239,655,328,203,283,371,383
"GENE0663",17,15,27,11,20,23,65,54,9,25,24,87
"GENE0664",25,31,38,12,37,40,111,74,50,83,47,111
"GENE0665",452,793,1028,783,1613,1023,3913,1193,1050,2892,3135,2390
"GENE0666",39,53,60,52,59,147,225,132,68,326,94,190
"GENE0667",21,48,59,33,28,44,145,58,38,87,40,73
"GENE0668",177,191,250,136,273,236,308,301,300,739,251,423
"GENE0669",665,1463,1431,747,1131,1285,1441,1548,1751,1990,1963,2004
"GENE0670",5,29,28,28,37,31,67,21,34,71,27,56
"GENE0671",388,759,446,591,558,889,1326,1492,1464,2119,1358,1245
"GENE0672",134,132,156,172,86,301,495,507,212,452,430,314
"GENE0673",72,184,90,117,87,250,688,446,354,366,229,494
"GENE0674",113,134,246,117,113,99,326,212,252,456,431,537
"GENE0675",12,28,11,10,10,16,42,11,10,7,19,22
"GENE0676",25,25,27,47,17,22,19,63,39,33,41,60
"GENE0677",8,23,58,40,21,32,63,81,54,34,61,81
"GENE0678",13,13,47,19,41,16,81,58,92,74,29,29
"GENE0679",197,166,194,194,255,243,834,415,559,764,705,445
"GENE0680",196,572,535,509,367,753,1405,815,1069,586,905,1173
"GENE0681",248,215,348,243,140,277,523,697,733,831,356,514
"GENE0682",194,223,254,122,255,224,449,310,492,345,413,671
"GENE0683",34,28,52,18,35,35,135,107,75,93,105,111
"GENE0684",11,13,27,32,14,35,51,22,47,61,23,64
"GENE0685",52,96,98,109,91,116,200,252,119,187,100,214
"GENE0686",815,345,396,431,583,742,1264,971,1266,1828,851,1519
"GENE0687",4,9,17,6,14,11,32,20,46,31,36,22
"GENE0688",55,44,71,47,40,54,117,114,58,102,120,86
"GENE0689",116,136,74,72,234,181,275,303,236,731,253,416
"GENE0690",256,207,321,230,488,225,924,940,701,1478,361,1005
"GENE0691",214,159,288,179,253,343,721,372,342,578,508,603
"GENE0692",26,84,126,41,85,118,137,247,251,201,156,273
"GENE0693",14,10,24,22,11,26,96,49,91,48,23,57
"GENE0694",44,11,28,25,7,26,123,15,58,73,24,59
"GENE0695",19,18,55,21,60,41,118,68,165,54,115,72
"GENE0696",159,124,331,145,270,300,216,263,418,487,291,304
"GENE0697",248,213,216,276,297,597,587,605,953,738,1155,1226
"GENE0698",26,33,41,30,61,55,129,63,100,38,54,113
"GENE0699",7,21,5,7,13,28,37,7,10,24,15,11
"GENE0700",120,209,167,177,212,253,416,289,317,521,340,880
"GENE0701",131,82,152,67,175,165,147,122,124,56,131,218
"GENE0702",6,13,6,6,23,19,19,25,4,18,25,27
"GENE0703",84,107,160,118,222,71,146,164,93,229,85,200
"GENE0704",12,13,21,10,32,13,20,5,17,31,12,23
"GENE0705",31,62,131,109,84,130,109,51,84,99,43,99
"GENE0706",116,103,227,101,227,255,210,96,113,266,149,310
"GENE0707",65,42,50,52,71,70,53,32,24,72,31,80
"GENE0708",673,848,993,516,656,972,927,872,474,369,520,797
"GENE0709",528,803,886,714,512,1116,1396,1109,762,803,699,1361
"GENE0710",47,51,53,83,57,91,66,37,87,48,32,69
"GENE0711",460,664,726,373,524,727,646,463,753,462,284,634
"GENE0712",73,48,78,54,41,97,113,58,104,63,11,82
"GENE0713",17,48,40,46,15,73,52,48,32,46,36,53
"GENE0714",183,372,346,173,174,371,447,211,446,471,215,388
"GENE0715",76,85,255,87,86,217,190,158,121,221,112,125
"GENE0716",477,811,514,500,819,429,803,309,428,677,479,589
"GENE0717",31,74,61,30,33,90,72,77,46,48,34,36
"GENE0718",572,752,756,808,890,787,494,503,801,713,552,988
"GENE0719",30,37,38,37,44,44,10,60,41,60,30,47
"GENE0720",585,765,1210,541,583,765,570,585,502,455,245,1245
"GENE0721",26,19,23,15,12,22,18,27,32,18,16,36
"GENE0722",90,146,135,140,106,105,116,60,103,184,114,142
"GENE0723",440,426,392,278,541,619,583,452,526,224,462,426
"GENE0724",302,552,505,326,439,461,320,328,238,590,589,532
"GENE0725",43,27,35,35,31,33,50,7,24,31,26,32
"GENE0726",90,119,168,128,78,128,271,118,167,78,101,77
"GENE0727",2,13,16,7,4,12,24,13,12,7,8,28
"GENE0728",42,35,42,103,110,160,59,33,65,74,54,78
"GENE0729",19,43,39,21,35,37,14,43,11,52,19,23
"GENE0730",612,983,1180,591,816,1379,1712,528,1644,489,563,1004
"GENE0731",97,127,179,67,154,216,98,87,66,127,131,123
"GENE0732",309,479,418,283,266,640,395,315,569,409,486,657
"GENE0733",481,703,798,1227,1191,1060,825,854,789,1174,738,1681
"GENE0734",528,549,1022,457,846,1290,795,1646,831,1230,863,746
"GENE0735",87,121,222,103,153,179,218,169,203,178,162,167
"GENE0736",290,752,784,831,780,421,968,523,516,616,440,487
"GENE0737",455,685,1034,585,875,797,915,415,741,1105,436,987
"GENE0738",538,516,607,474,621,1471,614,563,1256,773,567,1024
"GENE0739",53,114,107,50,108,110,119,88,194,126,65,84
"GENE0740",10,44,11,41,33,49,19,18,12,24,33,23
"GENE0741",12,4,16,16,9,12,15,11,3,21,10,9
"GENE0742",63,66,104,42,58,52,89,45,58,111,36,50
"GENE0743",24,23,13,8,29,12,43,7,24,41,32,60
"GENE0744",567,825,1557,908,1053,1041,1139,1158,775,1224,401,1059
"GENE0745",8,23,29,17,14,15,21,11,8,13,16,19
"GENE0746",664,1013,1345,1130,902,1051,841,752,1002,761,441,668
"GENE0747",79,103,126,114,152,231,198,152,86,193,68,136
"GENE0748",441,500,1335,455,353,987,621,606,427,435,371,634
"GENE0749",108,101,38,60,118,191,115,46,100,197,45,118
"GENE0750",11,11,38,5,22,15,30,24,26,27,18,20
"GENE0751",6,11,37,31,9,16,25,22,11,20,11,27
"GENE0752",171,185,134,161,240,90,119,230,117,208,66,232
"GENE0753",15,28,48,20,13,30,41,40,23,48,26,49
"GENE0754",105,91,210,102,203,119,134,156,57,150,114,205
"GENE0755",179,282,218,132,153,282,269,275,149,274,177,272
"GENE0756",24,43,42,42,25,26,21,38,37,52,44,36
"GENE0757",10,21,23,22,45,35,30,16,19,17,16,85
"GENE0758",78,73,121,99,105,106,172,59,135,124,54,89
"GENE0759",73,47,86,91,49,52,71,75,163,113,42,89
"GENE0760",650,686,825,1011,771,827,512,545,839,489,253,287
"GENE0761",21,28,11,23,26,23,24,16,11,14,13,7
"GENE0762",263,591,572,181,527,597,790,526,479,675,487,524
"GENE0763",29,37,59,48,58,70,65,40,28,45,34,42
"GENE0764",106,92,80,102,80,179,106,150,113,96,32,78
"GENE0765",306,215,242,159,210,385,146,257,163,233,103,397
"GENE0766",92,241,340,177,207,222,116,305,181,166,110,150
"GENE0767",26,9,21,19,12,13,5,12,11,7,3,11
"GENE0768",68,81,326,179,236,232,241,72,255,180,135,207
"GENE0769",206,324,348,142,288,210,407,176,253,216,161,396
"GENE0770",33,24,42,16,23,22,17,32,16,27,20,23
"GENE0771",18,11,7,8,8,14,16,6,13,26,16,10
"GENE0772",199,151,286,358,273,536,300,153,234,306,275,171
"GENE0773",15,35,41,39,16,41,45,32,56,82,29,64
"GENE0774",31,35,35,45,43,58,54,37,29,93,13,68
"GENE0775",147,99,277,117,104,151,145,160,172,294,199,61
"GENE0776",13,5,13,6,31,8,4,0,3,22,2,18
"GENE0777",101,111,132,206,186,119,202,112,88,148,106,119
"GENE0778",10,9,16,11,5,18,6,6,10,18,24,10
"GENE0779",14,28,18,27,32,8,29,42,23,22,28,15
"GENE0780",8,9,34,15,9,9,5,16,2,4,7,14
"GENE0781",24,10,23,7,23,5,23,20,8,10,42,10
"GENE0782",29,39,76,44,56,75,41,30,60,21,22,20
"GENE0783",6,5,21,2,2,15,21,7,9,32,5,22
"GENE0784",30,23,31,37,44,43,30,38,79,32,24,77
"GENE0785",374,487,558,485,555,431,391,635,380,678,471,590
"GENE0786",125,138,625,326,320,417,425,271,196,245,156,344
"GENE0787",763,650,1042,641,636,982,937,475,605,1099,472,804
"GENE0788",631,583,827,663,849,1087,1709,824,868,529,564,918
"GENE0789",121,231,334,227,228,285,190,263,288,176,166,182
"GENE0790",46,56,60,41,44,45,60,47,71,42,76,35
"GENE0791",104,94,135,72,107,80,107,174,139,106,103,142
"GENE0792",11,4,34,8,17,10,11,4,30,23,5,18
"GENE0793",81,51,192,108,233,118,211,123,75,73,82,183
"GENE0794",102,236,201,118,149,188,128,131,166,128,115,145
"GENE0795",150,230,281,188,317,222,321,206,310,196,245,326
"GENE0796",144,224,248,164,178,451,366,141,212,159,120,248
"GENE0797",19,61,58,18,27,46,35,48,69,21,16,69
"GENE0798",7,3,11,16,11,13,4,3,6,2,9,11
"GENE0799",5,36,20,16,43,17,19,19,13,19,48,28
"GENE0800",9,3,12,15,8,12,40,12,15,15,23,13
"GENE0801",115,149,157,123,179,139,201,135,117,157,80,170
"GENE0802",67,234,231,162,220,336,369,105,273,227,155,294
"GENE0803",203,567,508,396,268,571,268,439,618,277,397,563
"GENE0804",729,899,1238,854,1078,986,1661,1361,1232,1594,521,1999
"GENE0805",298,209,152,120,133,298,192,130,133,145,149,185
"GENE0806",7,17,4,2,6,10,2,5,11,17,5,4
"GENE0807",222,461,367,291,364,298,262,218,246,478,313,405
"GENE0808",162,74,246,114,170,158,125,53,211,165,93,239
"GENE0809",26,114,82,81,90,127,117,75,115,157,50,133
"GENE0810",29,18,20,14,18,15,13,8,21,22,19,34
"GENE0811",23,29,49,20,13,6,46,53,22,15,32,21
"GENE0812",2,5,8,23,3,6,24,9,6,8,6,5
"GENE0813",148,234,241,64,223,225,311,223,221,188,151,208
"GENE0814",13,46,59,39,12,90,34,31,61,57,24,54
"GENE0815",8,9,23,15,8,10,7,11,19,12,4,28
"GENE0816",28,50,65,33,55,76,35,51,88,58,22,86
"GENE0817",126,154,74,132,204,246,191,105,182,181,179,196
"GENE0818",188,199,258,148,264,376,184,202,255,239,110,288
"GENE0819",9,28,22,40,32,26,16,25,8,16,33,20
"GENE0820",13,14,5,13,30,14,9,14,4,14,20,11
"GENE0821",110,130,165,173,209,174,187,206,174,314,96,228
"GENE0822",4,2,20,10,12,2,13,6,2,10,1,4
"GENE0823",430,514,484,452,331,501,346,588,617,513,398,577
"GENE0824",3,12,12,7,9,9,5,2,6,6,5,34
"GENE0825",92,101,181,77,102,197,120,95,146,85,83,97
"GENE0826",123,256,230,237,90,287,311,187,201,363,175,228
"GENE0827",20,34,30,26,51,21,46,16,34,67,35,62
"GENE0828",39,24,12,58,50,42,36,35,23,16,15,50
"GENE0829",18,24,30,3,28,25,13,12,35,17,22,11
"GENE0830",13,7,7,4,6,21,20,7,7,11,12,16
"GENE0831",4,24,27,41,12,20,50,28,24,25,11,26
"GENE0832",276,144,276,198,202,126,289,239,173,201,164,262
"GENE0833",26,24,22,27,60,37,26,23,6,16,16,24
"GENE0834",157,171,148,205,164,249,325,173,291,218,179,249
"GENE0835",41,21,90,44,65,28,56,42,42,21,35,79
"GENE0836",76,177,148,119,129,171,132,140,76,207,122,289
"GENE0837",133,181,267,114,213,290,232,278,290,358,162,249
"GENE0838",17,7,22,11,24,17,11,7,21,24,12,17
"GENE0839",26,38,89,27,61,38,45,40,55,50,20,69
"GENE0840",14,27,34,32,11,50,13,24,27,40,14,34
"GENE0841",250,262,385,335,401,322,428,224,232,409,248,500
"GENE0842",125,82,222,103,106,142,74,147,102,154,140,230
"GENE0843",51,58,49,47,79,55,77,40,72,49,22,87
"GENE0844",6,10,9,20,26,11,11,7,5,3,11,21
"GENE0845",89,103,134,188,63,92,179,116,135,137,87,173
"GENE0846",765,961,1089,1101,1002,2115,662,684,853,1021,642,1226
"GENE0847",98,160,282,104,188,240,228,210,185,268,198,197
"GENE0848",103,99,134,118,166,116,153,83,173,201,101,171
"GENE0849",2,15,9,0,6,3,2,17,11,6,10,6
"GENE0850",11,14,19,41,15,20,36,18,20,16,25,27
"GENE0851",205,277,346,257,415,331,335,295,403,323,270,198
"GENE0852",7,22,40,23,48,27,25,25,31,18,14,28
"GENE0853",131,148,357,114,152,204,246,160,143,109,94,130
"GENE0854",35,56,27,34,34,61,64,28,27,80,59,54
"GENE0855",74,77,95,88,73,106,76,103,93,92,76,77
"GENE0856",13,20,14,5,9,39,23,13,9,23,9,25
"GENE0857",25,24,16,6,29,44,25,20,12,26,16,33
"GENE0858",100,119,80,148,131,75,158,98,66,72,120,145
"GENE0859",515,449,330,519,954,1423,547,418,589,722,680,809
"GENE0860",97,263,75,182,155,136,202,114,95,181,130,236
"GENE0861",175,190,207,165,162,263,140,125,191,281,321,139
"GENE0862",379,558,983,383,364,683,694,298,596,472,366,765
"GENE0863",157,218,365,134,89,191,312,151,242,286,157,241
"GENE0864",14,28,27,21,32,32,13,46,17,25,13,24
"GENE0865",7,2,9,8,13,7,6,17,3,13,5,7
"GENE0866",126,175,201,167,267,310,173,99,209,224,100,362
"GENE0867",14,17,29,16,20,32,13,8,37,23,22,22
"GENE0868",201,265,440,239,515,313,303,291,234,155,166,309
"GENE0869",5,18,12,13,11,22,23,13,5,7,10,7
"GENE0870",486,482,1154,974,1027,2174,744,890,827,858,776,908
"GENE0871",100,125,177,109,151,111,164,117,131,255,110,100
"GENE0872",38,67,87,43,64,101,80,39,57,49,27,103
"GENE0873",42,35,25,33,41,64,54,66,52,45,40,96
"GENE0874",188,150,217,117,314,337,243,135,170,240,174,234
"GENE0875",92,175,144,67,170,181,106,140,137,94,72,166
"GENE0876",170,360,360,242,391,318,265,212,317,373,291,201
"GENE0877",22,13,24,32,11,32,27,37,16,48,32,15
"GENE0878",151,170,272,131,249,175,167,177,151,138,161,156
"GENE0879",20,27,18,23,8,23,18,8,34,21,18,10
"GENE0880",258,306,514,541,342,653,557,322,306,794,254,771
"GENE0881",38,39,11,10,16,39,21,17,20,31,18,22
"GENE0882",1485,1555,1315,1096,693,1198,1500,1038,650,901,588,685
"GENE0883",18,52,24,78,51,41,63,27,65,27,36,33
"GENE0884",331,789,849,889,685,485,1061,640,645,1241,452,591
"GENE0885",19,46,31,104,57,97,61,86,81,52,48,96
"GENE0886",260,279,679,373,232,671,387,568,620,452,283,358
"GENE0887",227,584,530,550,477,760,797,537,792,674,453,1233
"GENE0888",66,122,122,120,100,136,130,61,34,136,34,80
"GENE0889",38,46,127,73,60,93,52,91,68,54,38,91
"GENE0890",618,977,676,655,821,824,627,303,347,733,508,461
"GENE0891",75,57,72,40,106,136,95,86,54,35,46,79
"GENE0892",10,19,62,47,34,57,52,36,14,37,26,26
"GENE0893",75,79,117,50,125,163,123,84,67,107,68,136
"GENE0894",20,35,53,41,36,52,49,18,27,56,26,43
"GENE0895",409,1046,948,882,716,1114,919,688,568,909,856,1580
"GENE0896",88,174,333,110,202,167,285,222,201,147,65,272
"GENE0897",84,83,121,66,126,114,151,75,122,154,69,122
"GENE0898",308,446,665,357,550,654,632,444,437,470,236,471
"GENE0899",42,62,49,94,87,115,77,70,140,109,75,60
"GENE0900",142,248,201,239,241,240,116,131,220,173,126,250
"GENE0901",4,8,11,3,34,8,9,6,28,10,17,5
"GENE0902",313,224,370,395,271,318,518,256,214,324,156,239
"GENE0903",23,64,59,44,78,104,112,37,30,41,55,84
"GENE0904",21,23,9,18,47,11,20,9,31,19,18,6
"GENE0905",57,79,74,55,94,87,80,85,99,61,44,134
"GENE0906",27,78,89,38,33,80,35,44,41,84,15,49
"GENE0907",74,105,140,127,127,200,162,57,110,83,87,115
"GENE0908",268,255,397,305,474,506,319,91,269,476,366,321
"GENE0909",22,31,22,9,15,17,14,19,13,29,18,8
"GENE0910",22,71,34,22,23,38,36,48,30,32,13,45
"GENE0911",138,221,259,333,377,505,267,186,332,213,203,352
"GENE0912",401,529,679,653,784,940,438,541,567,480,554,614
"GENE0913",335,302,550,474,708,612,560,286,256,474,213,399
"GENE0914",317,318,279,336,245,563,313,273,165,280,82,438
"GENE0915",89,149,79,71,70,113,95,68,63,81,101,96
"GENE0916",15,27,60,29,28,23,5,23,21,44,14,19
"GENE0917",31,24,51,18,47,44,58,8,31,35,60,53
"GENE0918",4,6,4,7,7,8,13,15,5,3,4,14
"GENE0919",230,235,328,296,219,328,443,305,309,367,320,464
"GENE0920",30,54,46,21,33,72,25,27,52,27,22,81
"GENE0921",30,59,76,28,45,85,105,60,64,66,43,57
"GENE0922",13,24,35,24,25,25,15,13,17,12,4,29
"GENE0923",46,108,124,43,111,74,62,54,59,96,51,46
"GENE0924",13,9,15,7,22,15,12,9,9,7,5,14
"GENE0925",387,425,599,656,614,998,650,443,437,1123,530,682
"GENE0926",425,325,628,730,507,1083,363,308,594,369,469,704
"GENE0927",47,53,43,25,31,19,51,23,31,49,49,34
"GENE0928",521,654,739,797,579,908,704,415,678,442,525,615
"GENE0929",332,673,637,462,439,324,355,445,519,724,273,494
"GENE0930",71,73,235,102,142,121,129,105,96,133,66,89
"GENE0931",314,451,1027,596,482,577,601,345,160,331,446,545
"GENE0932",1073,737,1653,434,896,1634,1096,439,979,992,493,1128
"GENE0933",146,173,83,266,165,240,387,165,237,233,70,304
"GENE0934",352,660,510,334,441,373,654,513,520,378,438,432
"GENE0935",77,108,69,37,58,134,86,45,39,40,34,46
"GENE0936",125,220,164,120,213,101,138,163,287,193,291,207
"GENE0937",67,26,52,47,79,137,61,67,60,42,48,75
"GENE0938",368,351,563,234,820,481,666,305,565,934,287,460
"GENE0939",12,13,12,12,31,1,4,10,3,13,1,22
"GENE0940",274,278,631,321,483,737,363,294,207,591,224,408
"GENE0941",115,98,119,95,132,83,134,158,93,109,101,199
"GENE0942",22,9,38,11,8,37,16,23,13,37,12,4
"GENE0943",10,16,18,10,13,43,8,10,17,8,18,28
"GENE0944",11,5,23,5,10,18,10,37,16,18,11,18
"GENE0945",29,9,49,18,45,35,32,21,23,21,15,11
"GENE0946",252,387,813,303,335,509,449,337,508,437,384,296
"GENE0947",108,85,72,177,119,115,190,94,201,153,72,176
"GENE0948",14,23,34,19,48,32,12,23,24,31,31,42
"GENE0949",28,14,18,31,45,12,43,19,34,13,19,12
"GENE0950",61,66,99,56,65,113,94,103,42,67,29,34
"GENE0951",17,14,18,3,9,11,4,21,1,11,3,11
"GENE0952",70,86,186,81,142,144,85,166,156,122,86,119
"GENE0953",21,21,30,23,20,25,34,23,7,27,8,28
"GENE0954",48,27,75,34,15,44,53,43,47,39,36,22
"GENE0955",163,191,177,252,315,288,163,274,274,385,215,508
"GENE0956",84,139,123,114,122,212,164,180,194,256,116,105
"GENE0957",12,1,17,6,11,11,9,2,20,10,13,14
"GENE0958",20,89,49,60,56,65,53,65,64,54,26,70
"GENE0959",55,59,115,57,62,75,205,46,88,67,46,134
"GENE0960",142,156,183,131,137,148,95,85,54,128,88,114
"GENE0961",7,5,12,6,16,18,36,7,6,8,13,18
"GENE0962",59,65,104,43,55,111,62,86,89,32,56,38
"GENE0963",304,382,507,201,373,371,391,256,460,311,422,261
"GENE0964",56,115,109,66,70,107,131,78,56,111,91,103
"GENE0965",12,31,23,19,30,42,48,21,13,34,38,24
"GENE0966",9,12,10,4,15,16,9,4,5,8,4,17
"GENE0967",230,295,430,314,389,342,293,213,398,313,356,201
"GENE0968",14,18,5,3,6,8,9,7,8,9,10,7
"GENE0969",117,134,288,154,186,317,308,254,197,190,178,190
"GENE0970",94,76,114,57,63,95,79,52,82,113,83,94
"GENE0971",810,902,907,829,1180,755,1350,700,841,889,422,904
"GENE0972",14,12,37,26,18,21,42,35,41,33,32,25
"GENE0973",540,277,674,408,896,991,741,683,526,572,436,721
"GENE0974",53,42,87,54,60,78,55,61,44,71,61,109
"GENE0975",576,568,417,421,564,374,423,520,803,386,394,785
"GENE0976",68,205,108,151,179,65,246,138,75,136,53,108
"GENE0977",596,764,681,549,799,678,690,837,848,638,748,887
"GENE0978",3,9,20,9,22,20,20,8,18,17,24,20
"GENE0979",7,8,6,4,32,16,10,7,17,17,6,6
"GENE0980",24,19,39,36,47,49,54,27,16,31,37,50
"GENE0981",528,1167,1023,986,621,1076,1531,752,1226,696,639,874
"GENE0982",119,219,343,144,223,193,282,170,216,280,174,256
"GENE0983",330,329,229,293,479,467,345,159,375,274,224,155
"GENE0984",85,112,106,89,98,129,141,92,96,183,77,198
"GENE0985",13,12,25,12,20,3,26,6,13,16,21,22
"GENE0986",32,43,82,66,69,101,69,64,84,96,45,109
"GENE0987",7,4,4,11,9,16,6,8,5,2,12,15
"GENE0988",53,65,103,97,147,129,140,61,101,150,82,132
"GENE0989",789,446,2242,780,794,1125,625,877,894,756,490,1257
"GENE0990",335,414,496,257,583,485,426,386,429,302,160,483
"GENE0991",126,142,213,187,199,310,171,140,164,211,96,191
"GENE0992",8,14,25,21,10,30,24,40,27,33,18,26
"GENE0993",30,21,21,39,32,47,60,13,65,22,16,31
"GENE0994",19,47,28,31,22,37,31,3,10,21,24,16
"GENE0995",335,295,267,247,169,454,318,300,385,336,170,390
"GENE0996",16,21,6,11,17,16,16,7,22,9,24,18
"GENE0997",10,23,48,31,17,16,13,8,30,34,14,20
"GENE0998",20,24,11,11,6,20,13,16,8,9,20,9
"GENE0999",573,1168,499,715,440,806,429,658,301,571,499,618
"GENE1000",65,111,64,90,104,94,90,63,79,151,65,91
"GENE1001",18,15,34,7,34,36,21,20,24,19,23,54
"GENE1002",38,19,88,26,43,59,32,24,26,39,20,22
"GENE1003",14,26,19,5,27,8,5,7,8,15,13,35
"GENE1004",32,52,44,27,54,49,115,24,29,62,18,51
"GENE1005",196,188,325,362,464,346,500,120,253,236,135,274
"GENE1006",337,341,341,274,354,744,360,237,313,345,312,350
"GENE1007",202,284,230,192,257,385,304,234,355,182,187,394
"GENE1008",879,626,1393,706,1405,1395,1205,1185,1287,1233,575,876
"GENE1009",196,670,364,381,527,895,532,466,241,466,436,726
"GENE1010",289,313,554,269,213,736,512,296,238,457,330,399
"GENE1011",11,8,21,4,2,15,26,11,7,21,4,17
"GENE1012",220,245,122,223,233,159,147,220,355,312,200,223
"GENE1013",18,27,51,25,20,32,48,32,21,9,43,33
"GENE1014",38,18,32,33,71,71,30,32,38,17,40,64
"GENE1015",92,97,243,87,91,125,93,79,112,142,55,138
"GENE1016",17,44,29,23,20,30,34,29,33,22,8,42
"GENE1017",35,40,25,31,36,32,29,26,16,38,19,46
"GENE1018",457,508,695,470,668,593,886,709,302,1044,431,755
"GENE1019",51,57,160,98,76,122,86,86,87,101,68,159
"GENE1020",176,141,300,272,317,227,233,223,266,256,204,320
"GENE1021",1033,977,1490,547,602,859,873,648,868,1289,487,715
"GENE1022",81,239,231,159,218,282,302,151,160,263,150,299
"GENE1023",898,556,1539,1151,613,268,948,999,900,1293,1115,1332
"GENE1024",593,612,692,721,418,1495,874,459,306,853,612,801
"GENE1025",33,32,45,15,26,11,32,13,16,17,17,40
"GENE1026",49,43,119,68,90,119,120,75,92,145,110,71
"GENE1027",7,2,18,8,11,10,4,5,18,5,14,18
"GENE1028",8,10,25,24,8,34,12,28,21,24,12,21
"GENE1029",28,60,59,37,64,120,35,15,69,71,29,71
"GENE1030",293,272,267,469,349,388,414,109,338,552,433,589
"GENE1031",138,104,270,83,319,182,270,95,104,220,94,146
"GENE1032",45,40,72,38,56,80,87,36,45,66,24,83
"GENE1033",91,75,128,142,174,123,206,84,112,93,78,116
"GENE1034",25,32,37,36,14,36,36,6,22,54,13,44
"GENE1035",5,11,19,9,9,19,21,7,19,6,7,16
"GENE1036",196,267,298,307,321,247,253,194,357,312,179,404
"GENE1037",18,32,93,48,75,42,100,41,47,69,46,55
"GENE1038",59,68,78,108,190,173,102,89,68,108,84,82
"GENE1039",13,14,2,15,7,6,8,5,9,26,1,11
"GENE1040",17,22,9,13,10,25,11,26,20,23,15,11
"GENE1041",11,80,24,10,24,42,34,58,32,42,23,53
"GENE1042",114,193,134,135,111,174,66,93,104,146,119,78
"GENE1043",131,311,256,244,396,414,334,450,455,369,138,348
"GENE1044",17,18,23,8,23,9,46,10,24,17,8,15
"GENE1045",336,348,431,442,326,439,480,349,339,443,284,701
"GENE1046",19,16,20,12,33,8,28,18,26,26,16,28
"GENE1047",92,190,182,75,204,148,177,101,79,81,77,205
"GENE1048",499,529,909,661,594,678,645,647,409,685,914,818
"GENE1049",75,71,129,60,38,105,75,85,81,79,27,66
"GENE1050",162,176,191,165,143,281,251,131,183,247,149,188
"GENE1051",23,88,145,83,96,129,113,52,20,114,72,103
"GENE1052",91,78,122,48,85,102,77,83,170,117,69,210
"GENE1053",365,503,555,677,548,462,376,387,308,415,365,278
"GENE1054",581,549,952,473,523,925,981,797,1143,937,479,953
"GENE1055",341,418,425,249,232,356,243,273,147,588,392,526
"GENE1056",668,905,529,678,1173,819,1220,948,458,947,514,1295
"GENE1057",382,979,915,511,1447,830,908,624,556,686,553,745
"GENE1058",14,43,40,40,37,54,38,32,34,54,24,42
"GENE1059",19,8,5,8,19,23,8,19,37,22,17,17
"GENE1060",6,5,14,2,13,5,2,7,7,5,5,8
"GENE1061",164,166,142,126,170,141,160,120,175,198,119,161
"GENE1062",38,62,63,47,18,41,47,50,44,81,37,52
"GENE1063",791,771,1072,607,927,1230,925,649,962,715,386,911
"GENE1064",9,33,43,14,14,25,52,27,35,57,34,50
"GENE1065",7,1,11,10,20,19,4,1,8,7,20,10
"GENE1066",16,50,53,53,28,62,65,32,70,50,59,90
"GENE1067",33,13,8,21,21,32,21,25,29,13,31,14
"GENE1068",377,615,769,454,413,993,845,716,1040,747,379,558
"GENE1069",923,491,967,458,646,1704,990,689,857,895,285,909
"GENE1070",20,29,24,28,14,31,60,10,34,21,17,41
"GENE1071",5,3,4,6,6,8,9,4,5,1,3,3
"GENE1072",10,12,23,25,30,18,34,5,35,12,18,21
"GENE1073",156,279,344,237,108,318,146,144,113,150,269,107
"GENE1074",23,53,68,31,86,73,79,65,67,73,72,68
"GENE1075",11,9,7,6,14,14,12,13,32,9,12,1
"GENE1076",50,56,179,39,83,115,95,53,53,99,32,119
"GENE1077",127,98,84,143,197,103,94,68,97,91,80,90
"GENE1078",14,19,32,51,61,27,14,22,35,37,59,34
"GENE1079",122,122,153,139,95,140,172,113,121,94,84,149
"GENE1080",31,19,34,23,23,43,23,21,35,14,20,48
"GENE1081",411,206,278,296,228,305,357,512,305,371,346,442
"GENE1082",6,27,54,6,45,33,11,21,40,13,43,37
"GENE1083",11,34,17,9,17,9,24,37,11,16,9,18
"GENE1084",39,24,7,19,8,52,29,31,16,39,40,17
"GENE1085",67,102,85,45,65,40,148,48,115,73,74,43
"GENE1086",235,260,320,123,186,214,263,254,226,236,154,166
"GENE1087",233,204,375,350,215,232,216,175,200,339,145,311
"GENE1088",8,8,29,16,6,28,10,37,12,16,12,16
"GENE1089",474,419,694,304,484,487,822,459,681,815,403,713
"GENE1090",55,99,89,78,109,81,89,102,95,99,106,127
"GENE1091",32,38,45,17,80,49,82,20,48,46,65,40
"GENE1092",4,14,15,11,15,30,3,11,11,7,26,6
"GENE1093",252,295,281,397,314,544,276,240,328,248,231,371
"GENE1094",3,7,11,4,6,4,4,2,7,11,4,27
"GENE1095",223,282,255,331,235,510,200,310,374,179,191,290
"GENE1096",241,274,278,262,260,415,214,227,251,322,270,403
"GENE1097",121,141,355,146,309,199,280,138,144,218,133,194
"GENE1098",14,11,1,1,8,15,9,9,4,12,8,4
"GENE1099",114,100,327,121,125,147,196,138,145,102,128,155
"GENE1100",24,15,19,11,21,19,23,33,14,41,8,19
"GENE1101",131,96,186,115,199,200,115,120,90,117,208,155
"GENE1102",121,244,254,180,122,220,193,133,171,329,101,267
"GENE1103",92,74,102,56,87,111,123,78,105,58,84,150
"GENE1104",34,21,11,20,33,72,33,35,54,70,28,24
"GENE1105",38,78,87,66,122,86,97,55,66,127,74,115
"GENE1106",426,260,355,337,330,325,538,423,604,454,598,448
"GENE1107",805,878,1449,1186,1270,1413,1444,1244,564,897,713,1722
"GENE1108",174,99,132,212,331,115,158,90,114,121,129,163
"GENE1109",38,40,65,50,58,78,69,35,64,47,54,95
"GENE1110",173,132,162,115,301,189,231,166,168,122,79,226
"GENE1111",553,618,950,701,547,732,614,348,469,1034,478,623
"GENE1112",30,65,79,50,55,34,109,63,88,51,76,100
"GENE1113",828,618,1491,1141,1612,1415,1031,839,1106,460,716,1753
"GENE1114",89,248,624,355,359,271,530,604,250,278,318,396
"GENE1115",80,115,190,216,96,144,209,92,139,229,127,162
"GENE1116",11,3,12,4,18,18,6,7,9,3,5,10
"GENE1117",14,9,15,6,16,36,26,8,13,12,17,14
"GENE1118",36,31,23,25,59,32,42,44,31,31,9,35
"GENE1119",96,84,85,120,90,188,135,87,129,106,61,73
"GENE1120",22,14,39,15,37,28,12,11,41,42,25,28
"GENE1121",17,24,18,11,18,27,35,12,23,34,2,32
"GENE1122",16,17,21,3,4,8,8,18,20,23,8,13
"GENE1123",143,155,178,186,248,395,249,305,197,237,165,134
"GENE1124",12,22,15,8,16,29,20,16,2,9,7,11
"GENE1125",459,296,418,419,509,581,395,310,214,275,306,474
"GENE1126",7,1,2,7,18,9,19,4,5,4,10,20
"GENE1127",699,884,1057,920,675,1097,877,614,594,826,363,1139
"GENE1128",30,17,22,67,42,19,13,38,74,26,9,18
"GENE1129",511,758,1052,745,382,712,979,773,1019,875,401,745
"GENE1130",690,579,567,692,725,682,757,235,483,338,680,346
"GENE1131",18,17,14,25,38,27,34,16,15,11,24,27
"GENE1132",3,8,8,5,7,10,9,2,5,10,2,14
"GENE1133",8,8,16,17,9,11,11,10,3,8,8,12
"GENE1134",343,239,481,285,498,649,461,204,197,873,296,341
"GENE1135",134,213,288,154,303,170,209,204,144,207,159,145
"GENE1136",11,5,23,10,3,20,11,17,9,10,11,9
"GENE1137",1,11,5,8,1,17,20,13,10,4,5,23
"GENE1138",285,362,464,418,340,541,658,365,271,458,274,467
"GENE1139",767,508,571,633,698,411,385,507,683,397,361,684
"GENE1140",443,985,511,837,1064,1026,711,497,647,864,481,504
"GENE1141",162,328,584,265,206,298,216,181,270,271,155,213
"GENE1142",744,512,707,711,747,938,975,398,514,955,685,732
"GENE1143",66,48,54,50,69,46,126,62,38,50,65,82
"GENE1144",118,95,160,174,198,244,194,199,73,127,95,66
"GENE1145",16,9,32,25,25,14,33,11,40,25,8,17
"GENE1146",3,20,3,12,8,11,17,18,12,42,20,15
"GENE1147",3,3,6,6,18,4,5,2,3,4,5,10
"GENE1148",611,831,437,956,849,897,1347,832,829,913,578,702
"GENE1149",196,219,295,97,321,284,164,154,175,256,113,207
"GENE1150",372,309,631,334,325,580,316,364,283,772,232,371
"GENE1151",45,143,54,87,90,90,72,96,48,113,76,135
"GENE1152",276,317,486,467,718,622,242,317,529,470,316,876
"GENE1153",332,903,684,359,927,466,1085,533,796,871,465,911
"GENE1154",4,13,7,13,18,18,7,19,14,14,18,17
"GENE1155",4,25,27,15,41,20,1,13,10,14,10,10
"GENE1156",12,16,7,6,12,7,32,14,8,20,1,33
"GENE1157",56,35,51,74,29,63,51,32,18,30,14,55
"GENE1158",13,6,28,47,34,35,14,18,40,43,26,64
"GENE1159",436,599,735,884,933,959,742,877,710,838,775,1742
"GENE1160",148,162,167,204,200,190,192,90,167,211,59,183
"GENE1161",244,256,473,212,358,261,416,228,279,434,270,260
"GENE1162",639,342,553,660,444,463,738,547,341,385,491,483
"GENE1163",694,509,1074,640,602,814,1282,668,428,834,734,774
"GENE1164",23,32,31,32,21,33,18,15,25,29,15,59
"GENE1165",373,375,497,372,480,508,452,271,502,936,199,416
"GENE1166",629,753,1022,934,712,854,1127,546,1227,825,589,1366
"GENE1167",2,13,20,2,9,11,6,25,12,15,3,15
"GENE1168",22,25,31,16,23,8,10,15,11,30,22,28
"GENE1169",252,682,706,456,437,610,381,367,521,528,350,651
"GENE1170",290,267,438,114,246,234,234,489,457,393,349,360
"GENE1171",52,57,45,48,38,51,56,26,56,36,19,73
"GENE1172",48,79,83,124,77,94,70,95,70,89,80,124
"GENE1173",113,247,150,250,191,310,138,246,244,270,117,189
"GENE1174",171,241,428,154,485,498,344,164,265,328,220,269
"GENE1175",10,15,16,3,13,3,14,9,19,30,16,20
"GENE1176",6,10,30,5,26,13,11,7,6,18,3,14
"GENE1177",460,497,899,682,845,1121,1173,367,606,525,556,923
"GENE1178",731,726,344,959,1165,1164,462,1011,766,1015,971,1188
"GENE1179",34,25,55,32,43,57,30,37,27,43,27,47
"GENE1180",37,97,137,101,118,164,93,89,162,54,82,151
"GENE1181",16,50,47,36,52,49,69,56,23,63,25,77
"GENE1182",7,31,14,22,47,75,23,8,27,62,11,13
"GENE1183",10,10,30,22,17,31,48,11,27,30,23,25
"GENE1184",53,42,46,43,42,50,82,31,59,54,20,45
"GENE1185",2,6,16,19,12,7,17,1,16,11,5,7
"GENE1186",459,737,1635,547,1017,1284,707,496,739,1056,418,1147
"GENE1187",2,11,14,3,11,16,7,4,3,11,6,4
"GENE1188",172,154,412,229,330,327,449,206,176,289,262,185
"GENE1189",99,176,81,19,76,149,130,95,103,137,101,121
"GENE1190",110,142,114,59,72,140,99,95,148,118,168,153
"GENE1191",145,120,178,95,193,101,120,173,150,208,129,105
"GENE1192",628,888,1351,739,852,750,1163,1163,954,1593,653,951
"GENE1193",129,151,169,109,153,206,108,71,110,185,38,161
"GENE1194",25,67,47,26,40,120,96,60,28,50,32,36
"GENE1195",353,571,1206,501,664,785,477,850,692,1089,384,320
"GENE1196",41,62,80,40,153,52,49,72,74,49,59,42
"GENE1197",9,6,10,15,12,13,14,10,6,6,21,17
"GENE1198",338,277,191,204,306,324,220,238,334,400,263,370
"GENE1199",138,199,234,160,336,204,293,69,180,94,156,238
"GENE1200",44,51,87,68,103,82,55,76,59,144,57,128
"GENE1201",19,10,36,16,21,22,28,17,18,58,26,16
"GENE1202",69,58,98,86,80,90,93,36,79,74,88,52
"GENE1203",188,234,290,245,239,264,366,479,216,304,261,545
"GENE1204",160,134,100,86,102,120,149,113,153,119,111,187
"GENE1205",544,560,881,527,904,808,742,492,680,598,547,440
"GENE1206",19,17,16,11,6,18,22,5,9,13,8,21
"GENE1207",105,86,126,136,48,68,58,75,122,150,76,84
"GENE1208",151,215,153,118,163,266,263,148,152,152,98,171
"GENE1209",5,5,10,5,27,15,9,7,11,9,8,8
"GENE1210",106,53,141,163,156,176,151,103,133,271,106,282
"GENE1211",151,119,153,98,75,328,138,165,189,185,110,181
"GENE1212",56,59,74,63,62,36,71,63,83,41,39,74
"GENE1213",99,51,116,70,108,182,111,79,141,153,48,92
"GENE1214",470,500,664,307,526,592,421,301,418,585,382,259
"GENE1215",28,30,64,34,34,52,51,8,22,24,34,14
"GENE1216",241,246,265,442,298,327,325,210,376,337,248,340
"GENE1217",667,388,658,534,535,731,1059,651,870,718,449,803
"GENE1218",338,549,522,442,218,1042,613,573,344,1340,352,334
"GENE1219",470,344,583,429,652,486,990,374,465,890,560,496
"GENE1220",241,256,192,171,285,306,332,119,216,215,260,97
"GENE1221",46,63,89,50,78,83,57,55,62,65,59,114
"GENE1222",871,673,600,639,800,1107,785,973,861,969,509,867
"GENE1223",310,250,1036,553,676,859,676,357,612,726,424,622
"GENE1224",10,28,26,26,9,32,8,6,23,26,10,18
"GENE1225",57,23,80,44,23,46,53,51,66,38,47,113
"GENE1226",71,53,53,26,18,99,48,33,54,18,28,51
"GENE1227",64,132,100,95,151,148,104,65,107,110,67,129
"GENE1228",113,74,142,116,134,95,156,86,102,241,76,128
"GENE1229",30,34,31,10,22,8,44,15,22,27,20,34
"GENE1230",18,8,19,17,31,20,16,9,31,21,19,22
"GENE1231",277,276,557,224,506,258,574,256,326,288,310,261
"GENE1232",13,15,25,54,28,28,52,24,19,47,24,9
"GENE1233",706,1032,492,420,1428,1071,1267,395,795,660,509,828
"GENE1234",669,606,526,649,720,498,668,613,670,638,483,812
"GENE1235",12,12,21,20,10,9,14,11,17,13,10,13
"GENE1236",81,81,129,134,58,140,92,49,60,58,96,183
"GENE1237",739,987,823,959,1189,1160,1088,1343,1242,856,1492,1232
"GENE1238",22,26,26,12,13,14,56,26,14,29,22,21
"GENE1239",8,24,1,12,27,13,8,3,39,18,6,10
"GENE1240",178,274,355,270,206,271,236,250,250,357,226,161
"GENE1241",471,455,410,223,267,492,302,224,194,312,150,276
"GENE1242",88,168,143,103,127,128,106,78,168,174,66,124
"GENE1243",1,4,3,7,7,3,17,16,13,5,3,14
"GENE1244",627,633,675,796,821,1448,903,866,768,1267,600,1168
"GENE1245",68,47,85,63,91,55,57,31,114,107,30,110
"GENE1246",62,84,117,80,83,120,219,56,111,110,70,88
"GENE1247",520,692,591,480,632,449,553,444,614,751,353,338
"GENE1248",8,25,14,39,16,11,20,10,15,14,24,20
"GENE1249",511,398,495,415,635,672,874,407,782,795,469,728
"GENE1250",102,148,250,177,171,194,200,136,140,155,93,145
"GENE1251",70,54,50,31,36,79,70,67,93,106,72,32
"GENE1252",223,260,271,258,356,571,444,274,248,366,326,298
"GENE1253",118,151,304,109,332,330,323,198,153,238,243,532
"GENE1254",465,429,389,476,472,571,579,336,588,543,378,534
"GENE1255",105,148,170,108,174,260,215,132,300,298,103,195
"GENE1256",137,219,298,235,275,267,308,253,237,291,229,251
"GENE1257",8,9,9,11,13,14,11,13,19,12,11,17
"GENE1258",19,20,19,20,2,12,15,14,7,4,5,7
"GENE1259",84,96,77,49,79,102,115,76,172,92,56,62
"GENE1260",645,266,487,662,679,689,468,384,712,412,480,468
"GENE1261",853,747,871,1159,970,518,671,1002,1112,1212,633,560
"GENE1262",70,53,63,46,53,165,77,54,59,52,47,51
"GENE1263",30,29,63,42,47,59,49,33,41,69,22,39
"GENE1264",11,16,48,12,29,51,25,29,9,17,27,37
"GENE1265",97,141,117,143,74,236,183,222,139,220,123,173
"GENE1266",123,163,142,147,343,350,189,120,124,179,107,127
"GENE1267",123,76,113,72,89,105,31,41,59,61,78,73
"GENE1268",147,197,256,162,182,325,398,133,159,167,178,189
"GENE1269",67,54,132,57,70,146,114,103,61,126,38,65
"GENE1270",868,997,1062,533,687,1165,1190,641,839,1010,594,1208
"GENE1271",20,19,27,19,14,40,44,9,23,18,6,51
"GENE1272",18,56,23,21,26,65,25,23,17,37,23,33
"GENE1273",7,6,4,13,14,9,13,15,14,1,2,24
"GENE1274",23,50,55,40,67,70,54,47,61,39,44,68
"GENE1275",28,33,39,32,17,31,18,18,9,17,26,22
"GENE1276",472,511,545,410,752,685,1040,566,594,515,557,554
"GENE1277",381,517,598,400,574,1073,548,674,1056,1052,429,558
"GENE1278",271,196,359,153,282,395,273,383,357,499,106,213
"GENE1279",12,33,48,42,79,99,83,43,54,18,37,75
"GENE1280",99,117,73,110,107,95,163,117,172,80,93,113
"GENE1281",125,56,181,94,176,116,134,71,49,136,71,136
"GENE1282",33,33,34,32,49,56,41,27,22,40,25,52
"GENE1283",152,192,240,199,354,280,153,183,157,343,159,141
"GENE1284",174,246,312,179,168,124,328,126,126,262,178,235
"GENE1285",16,20,20,32,12,29,13,17,24,14,29,44
"GENE1286",408,624,805,486,383,505,527,584,419,765,536,517
"GENE1287",14,25,11,4,11,9,21,9,3,10,19,10
"GENE1288",7,6,15,13,5,4,8,11,17,13,3,4
"GENE1289",57,63,52,35,145,65,51,81,44,109,43,70
"GENE1290",441,649,862,895,650,1052,1127,679,882,1001,610,1371
"GENE1291",529,450,347,354,643,565,370,476,539,446,469,747
"GENE1292",338,648,1125,947,586,940,877,765,763,649,520,519
"GENE1293",280,550,510,268,289,568,505,161,537,375,267,680
"GENE1294",19,34,45,12,35,20,31,35,20,17,19,34
"GENE1295",152,336,353,352,328,334,352,330,530,443,145,565
"GENE1296",9,11,50,22,13,14,24,13,9,40,13,84
"GENE1297",32,42,28,23,30,30,27,49,39,14,38,45
"GENE1298",65,99,105,127,113,203,130,56,124,48,97,108
"GENE1299",49,52,115,50,87,60,180,44,60,146,73,90
"GENE1300",827,682,1019,655,1001,933,923,838,623,1551,742,1458
"GENE1301",16,3,20,22,17,36,13,15,32,37,16,23
"GENE1302",1,7,11,2,19,10,14,2,8,9,6,3
"GENE1303",265,352,290,280,364,566,350,367,542,281,141,278
"GENE1304",82,176,202,154,166,186,176,128,187,119,106,104
"GENE1305",185,241,267,242,408,473,248,207,118,388,311,405
"GENE1306",8,8,16,7,12,9,21,4,12,6,3,11
"GENE1307",384,306,367,137,488,410,484,495,230,273,250,319
"GENE1308",95,131,150,132,121,206,121,115,114,148,57,158
"GENE1309",34,28,30,8,22,25,15,10,39,29,22,18
"GENE1310",50,67,88,24,32,86,111,48,49,65,58,53
"GENE1311",19,8,36,13,21,12,29,8,12,16,12,9
"GENE1312",240,513,506,391,339,369,397,226,241,454,148,258
"GENE1313",153,212,180,138,150,251,233,106,153,297,108,267
"GENE1314",426,545,639,380,480,389,518,394,252,530,310,572
"GENE1315",278,529,401,370,483,624,509,337,364,345,459,339
"GENE1316",19,14,8,8,15,2,14,7,16,15,11,13
"GENE1317",6,9,5,13,6,11,10,11,2,8,18,18
"GENE1318",111,213,98,159,209,286,69,237,112,199,97,207
"GENE1319",265,315,230,129,241,421,433,262,233,127,221,438
"GENE1320",104,63,130,89,56,90,108,72,106,144,97,127
"GENE1321",334,450,517,399,331,295,337,470,471,185,310,325
"GENE1322",897,594,872,741,582,1013,453,547,459,591,414,621
"GENE1323",44,72,66,38,68,54,72,69,119,115,48,68
"GENE1324",60,98,99,56,131,143,126,89,89,163,92,109
"GENE1325",13,22,10,21,25,30,14,6,14,35,20,30
"GENE1326",43,38,45,99,48,72,59,31,23,37,33,77
"GENE1327",8,2,22,10,17,19,16,9,15,11,5,8
"GENE1328",858,594,576,362,942,798,708,507,1155,907,363,599
"GENE1329",266,123,217,153,377,301,307,248,188,183,87,271
"GENE1330",17,15,56,14,28,19,36,14,24,24,11,21
"GENE1331",11,18,18,22,28,9,3,11,38,7,7,42
"GENE1332",8,3,11,9,2,14,30,14,41,14,12,9
"GENE1333",73,135,198,86,126,183,109,95,188,130,83,191
"GENE1334",20,29,54,24,15,35,63,31,33,37,12,38
"GENE1335",261,369,469,264,463,470,347,587,347,675,341,432
"GENE1336",269,591,498,345,432,542,585,409,730,714,270,639
"GENE1337",964,1470,1126,661,736,1423,1117,627,931,737,837,579
"GENE1338",15,15,25,9,39,15,14,19,23,16,28,23
"GENE1339",27,7,14,17,30,17,21,33,29,14,17,27
"GENE1340",36,24,31,30,34,50,21,32,32,80,33,67
"GENE1341",297,459,329,530,396,460,302,354,233,486,375,503
"GENE1342",64,149,194,79,92,242,163,66,133,205,125,248
"GENE1343",12,5,4,2,5,11,12,16,19,10,3,15
"GENE1344",216,227,301,196,320,507,523,249,442,602,333,351
"GENE1345",10,4,18,19,15,28,18,5,9,14,12,17
"GENE1346",193,140,209,249,268,200,293,104,233,317,133,265
"GENE1347",9,13,13,3,40,11,7,6,4,25,3,10
"GENE1348",706,668,1284,412,617,983,767,1100,785,589,682,434
"GENE1349",40,46,35,41,35,26,32,47,39,25,30,76
"GENE1350",4,5,20,19,16,6,10,11,8,14,20,5
"GENE1351",53,81,101,103,135,133,173,91,120,136,102,70
"GENE1352",639,539,776,532,1163,915,1343,422,732,929,590,874
"GENE1353",51,93,217,150,171,308,161,165,164,121,153,153
"GENE1354",241,246,327,286,284,708,555,175,267,295,207,323
"GENE1355",247,346,291,287,290,536,470,137,377,380,267,474
"GENE1356",1008,920,606,688,1095,1122,510,994,854,901,698,773
"GENE1357",263,195,269,357,271,193,156,153,146,119,179,204
"GENE1358",126,90,86,122,133,140,228,122,103,146,82,208
"GENE1359",531,563,1094,455,604,388,387,591,256,801,345,563
"GENE1360",547,534,622,436,371,566,693,461,321,555,373,735
"GENE1361",220,206,474,260,464,281,303,176,203,187,238,329
"GENE1362",4,3,7,12,22,24,6,2,17,13,3,29
"GENE1363",290,320,731,564,444,628,726,469,277,433,458,748
"GENE1364",40,19,64,60,35,47,53,58,18,41,43,43
"GENE1365",128,161,246,120,148,263,189,116,218,93,189,230
"GENE1366",137,131,406,110,184,283,204,210,149,164,143,254
"GENE1367",13,45,17,9,13,17,39,32,27,26,27,50
"GENE1368",261,193,310,369,363,404,174,315,276,279,273,212
"GENE1369",71,51,51,38,46,135,113,54,66,57,26,59
"GENE1370",103,293,314,79,161,258,210,230,206,289,71,222
"GENE1371",14,24,10,18,7,14,18,5,17,13,2,18
"GENE1372",47,104,171,157,70,447,268,150,181,222,88,129
"GENE1373",349,559,622,230,556,492,519,414,542,431,300,316
"GENE1374",1,8,13,1,19,2,3,3,8,6,12,7
"GENE1375",839,771,1418,666,794,944,434,829,543,771,571,953
"GENE1376",13,16,27,29,22,32,31,35,16,36,44,22
"GENE1377",264,290,840,295,189,333,465,352,213,274,110,317
"GENE1378",75,82,63,81,117,152,85,92,54,93,57,59
"GENE1379",3,16,27,1,13,33,27,10,16,10,10,17
"GENE1380",251,448,265,293,220,446,325,257,315,437,123,317
"GENE1381",310,350,399,128,411,518,388,532,597,133,352,171
"GENE1382",107,150,270,203,362,235,327,347,222,227,119,387
"GENE1383",6,7,6,18,21,29,7,18,12,29,11,11
"GENE1384",1038,888,1803,1152,1778,418,1193,644,1203,590,527,996
"GENE1385",102,113,62,123,61,81,74,155,87,86,86,127
"GENE1386",35,52,77,45,70,73,55,49,43,63,18,88
"GENE1387",29,12,37,20,28,58,14,17,43,39,46,47
"GENE1388",25,10,34,21,9,9,6,2,4,6,22,31
"GENE1389",82,58,172,76,51,180,129,55,104,96,68,100
"GENE1390",32,23,52,28,28,32,54,24,31,27,21,27
"GENE1391",363,650,567,789,789,1089,638,801,524,1015,616,788
"GENE1392",70,50,101,47,61,76,46,29,73,25,40,95
"GENE1393",48,67,71,30,62,92,54,30,74,80,80,52
"GENE1394",73,62,111,35,30,135,61,88,115,69,82,173
"GENE1395",271,365,540,229,381,360,303,245,256,391,225,337
"GENE1396",696,1537,935,1094,1230,1240,1234,619,1008,1501,422,1078
"GENE1397",137,231,280,148,420,273,213,174,244,216,181,332
"GENE1398",8,10,1,7,8,10,9,4,7,1,5,11
"GENE1399",57,130,140,55,82,130,147,155,90,110,64,171
"GENE1400",57,75,100,66,31,59,60,56,70,73,30,61
"GENE1401",15,81,65,43,60,24,70,70,61,98,29,39
"GENE1402",378,469,707,463,870,898,358,196,596,556,380,1350
"GENE1403",27,28,68,51,77,78,52,52,17,30,35,63
"GENE1404",768,1270,1338,749,453,797,925,1485,1074,882,897,959
"GENE1405",700,926,736,700,1543,1313,1203,841,864,1254,737,925
"GENE1406",9,12,27,20,6,12,11,17,9,13,12,10
"GENE1407",129,248,161,131,176,236,117,145,181,236,138,142
"GENE1408",113,248,257,288,372,427,339,367,295,276,185,333
"GENE1409",9,4,5,4,13,20,17,14,14,7,9,9
"GENE1410",171,444,429,321,421,401,582,240,173,298,244,468
"GENE1411",544,353,819,316,541,559,619,206,153,614,324,953
"GENE1412",21,45,55,36,46,46,73,32,46,33,43,65
"GENE1413",487,610,528,782,417,1026,1036,683,520,440,485,1077
"GENE1414",6,14,41,16,26,12,9,22,19,27,20,18
"GENE1415",364,457,310,90,282,366,374,359,272,246,293,477
"GENE1416",145,301,118,92,245,315,240,150,173,220,238,201
"GENE1417",129,141,202,171,235,378,283,179,119,189,203,240
"GENE1418",401,370,817,438,721,655,955,451,621,431,724,769
"GENE1419",59,87,86,52,55,121,70,62,61,72,76,77
"GENE1420",239,245,441,359,383,361,435,301,250,389,227,423
"GENE1421",25,41,21,38,20,14,26,10,33,30,22,38
"GENE1422",7,9,4,7,20,19,14,5,16,13,5,11
"GENE1423",243,194,197,162,416,454,288,219,248,360,234,268
"GENE1424",6,6,11,23,25,7,17,10,9,17,19,14
"GENE1425",331,221,216,346,227,469,424,193,322,515,282,441
"GENE1426",173,550,618,417,299,494,393,391,538,302,461,414
"GENE1427",170,159,234,210,146,237,209,152,273,234,154,247
"GENE1428",25,35,68,26,65,57,100,44,78,48,27,32
"GENE1429",5,9,19,11,36,6,10,14,24,18,16,27
"GENE1430",590,977,580,663,764,940,568,789,549,565,499,978
"GENE1431",17,37,57,21,41,41,21,38,12,30,20,50
"GENE1432",11,41,32,15,45,9,21,24,40,36,5,22
"GENE1433",91,129,170,68,79,136,114,105,94,105,129,192
"GENE1434",31,63,91,27,58,122,89,52,39,79,33,72
"GENE1435",115,155,248,199,174,254,304,196,210,292,167,157
"GENE1436",196,260,206,229,168,381,180,221,254,150,120,241
"GENE1437",95,186,122,209,112,168,213,54,157,145,109,100
"GENE1438",16,9,11,13,4,10,6,3,12,7,2,13
"GENE1439",383,361,365,499,646,585,618,272,777,547,382,350
"GENE1440",36,34,23,33,21,24,39,49,35,65,18,35
"GENE1441",172,542,692,395,539,943,556,559,382,379,334,895
"GENE1442",3,7,11,3,5,19,14,1,4,5,7,10
"GENE1443",22,5,11,2,14,3,11,12,5,8,10,13
"GENE1444",77,165,146,150,93,109,139,156,83,105,178,132
"GENE1445",9,6,14,11,42,13,15,12,20,17,11,19
"GENE1446",337,319,654,324,291,396,353,296,340,230,302,354
"GENE1447",202,229,261,146,192,426,177,308,269,352,128,376
"GENE1448",760,341,933,1139,1168,1345,1107,519,815,1246,678,854
"GENE1449",30,30,21,10,20,38,10,17,19,10,10,23
"GENE1450",112,335,373,128,244,261,375,134,177,280,114,261
"GENE1451",287,834,581,330,255,574,221,377,513,616,184,399
"GENE1452",39,42,59,23,29,53,60,22,21,28,40,20
"GENE1453",10,12,28,20,3,9,11,1,10,7,2,26
"GENE1454",5,18,6,26,4,12,12,0,20,11,4,1
"GENE1455",20,32,17,3,10,28,20,10,3,32,8,15
"GENE1456",115,186,144,180,96,122,201,122,168,74,74,114
"GENE1457",65,86,54,75,46,70,112,71,72,100,61,103
"GENE1458",323,297,667,406,741,860,588,429,718,764,472,464
"GENE1459",310,194,570,336,467,408,586,289,643,517,260,325
"GENE1460",221,227,802,213,459,454,470,272,153,415,221,188
"GENE1461",5,16,6,11,11,10,11,10,8,8,11,7
"GENE1462",21,20,43,11,34,36,31,14,42,40,24,51
"GENE1463",111,194,300,149,169,160,233,207,158,133,156,103
"GENE1464",89,147,125,167,183,162,201,128,73,165,126,215
"GENE1465",40,33,30,42,81,74,94,26,77,56,35,61
"GENE1466",339,374,570,173,740,554,530,479,487,391,397,287
"GENE1467",498,320,788,538,357,686,838,449,437,487,279,665
"GENE1468",94,127,139,200,81,238,206,148,121,121,106,176
"GENE1469",55,111,49,34,65,154,58,52,59,98,53,41
"GENE1470",45,16,24,37,49,33,15,8,16,73,25,8
"GENE1471",12,34,20,10,7,11,24,13,18,13,24,23
"GENE1472",52,263,234,317,206,320,143,125,190,259,177,275
"GENE1473",375,355,406,315,286,879,379,324,300,273,243,507
"GENE1474",164,139,214,104,124,224,191,117,136,198,80,307
"GENE1475",28,67,85,36,51,107,81,81,83,65,56,69
"GENE1476",448,1413,1077,454,953,1086,744,653,597,909,1214,1480
"GENE1477",474,382,613,524,935,809,715,426,754,539,572,619
"GENE1478",75,41,65,48,33,62,54,44,54,80,82,88
"GENE1479",25,29,34,41,45,62,99,79,30,86,25,96
"GENE1480",137,448,416,614,300,289,523,305,206,308,184,595
"GENE1481",13,33,33,6,6,15,30,0,6,3,7,9
"GENE1482",13,13,49,25,24,30,34,24,8,23,7,20
"GENE1483",135,125,160,177,205,148,225,86,165,117,210,305
"GENE1484",608,857,1055,878,732,937,814,540,794,707,318,1300
"GENE1485",24,12,40,23,12,11,11,18,24,28,13,30
"GENE1486",648,357,507,354,642,483,689,627,742,206,592,624
"GENE1487",298,730,545,665,708,1035,692,734,473,805,308,1220
"GENE1488",140,111,184,159,125,191,213,112,127,92,207,258
"GENE1489",7,5,27,11,11,31,3,14,11,13,3,5
"GENE1490",32,7,22,13,9,10,28,15,11,12,12,7
"GENE1491",147,265,168,134,261,199,158,193,181,215,120,278
"GENE1492",30,113,107,72,150,117,86,48,81,61,99,93
"GENE1493",172,173,218,155,171,245,433,94,198,153,176,216
"GENE1494",328,724,655,647,1006,340,418,286,469,329,389,393
"GENE1495",14,18,6,5,5,22,9,2,0,12,22,5
"GENE1496",407,727,827,612,891,895,498,519,1021,914,343,772
"GENE1497",736,677,1151,1046,978,1454,791,939,1135,643,684,1305
"GENE1498",78,97,113,93,135,135,124,84,67,105,33,92
"GENE1499",6,22,10,7,7,17,19,17,2,5,4,3
"GENE1500",658,668,973,261,715,566,697,287,521,403,408,352
"GENE1501",185,135,210,207,151,232,158,200,213,160,166,222
"GENE1502",39,32,59,40,58,53,37,26,21,45,51,59
"GENE1503",12,18,8,13,26,27,23,9,19,19,12,27
"GENE1504",455,527,530,385,462,692,503,494,408,276,322,880
"GENE1505",78,103,127,103,147,113,192,95,199,132,92,98
"GENE1506",34,16,27,27,18,61,36,13,36,49,18,19
"GENE1507",27,22,67,35,59,100,116,49,49,45,15,29
"GENE1508",39,14,35,31,20,78,41,34,38,27,21,47
"GENE1509",184,427,297,223,332,465,510,238,274,278,104,288
"GENE1510",60,62,126,47,89,38,68,95,72,73,36,73
"GENE1511",10,10,55,34,12,27,43,38,20,24,26,23
"GENE1512",111,128,85,107,74,103,157,61,124,59,91,153
"GENE1513",60,64,151,45,124,140,93,74,97,113,105,141
"GENE1514",245,201,333,174,158,311,463,389,429,378,226,285
"GENE1515",456,570,521,468,708,646,466,136,320,377,454,945
"GENE1516",480,518,947,305,581,465,614,438,512,696,472,378
"GENE1517",58,124,155,83,146,149,110,91,58,137,47,111
"GENE1518",1040,1325,1926,847,837,1485,1814,988,581,1044,930,1307
"GENE1519",62,14,27,11,51,45,12,34,32,45,29,60
"GENE1520",87,77,119,80,120,124,138,104,88,72,68,83
"GENE1521",21,40,11,31,35,12,24,13,31,27,17,38
"GENE1522",3,15,10,9,7,10,5,16,6,8,13,13
"GENE1523",611,360,1060,467,701,436,725,404,834,547,424,959
"GENE1524",49,37,138,42,75,74,41,36,62,36,65,68
"GENE1525",6,28,13,12,0,11,5,6,7,4,8,17
"GENE1526",15,5,33,42,10,43,34,26,46,27,42,30
"GENE1527",6,14,33,9,31,16,13,10,9,6,22,30
"GENE1528",153,186,389,139,190,358,321,332,188,172,242,142
"GENE1529",13,16,28,6,27,9,13,12,22,22,26,16
"GENE1530",47,163,53,51,80,95,115,97,87,63,50,74
"GENE1531",72,119,183,112,219,236,140,119,134,187,97,108
"GENE1532",16,11,16,7,11,4,7,4,2,4,10,4
"GENE1533",51,26,89,34,63,94,74,55,33,57,47,43
"GENE1534",24,27,31,32,57,64,80,47,23,26,37,55
"GENE1535",145,141,205,155,235,191,201,322,202,127,161,324
"GENE1536",6,6,17,10,8,22,15,14,8,13,7,25
"GENE1537",141,100,153,76,180,300,116,212,206,156,108,118
"GENE1538",19,4,8,17,17,15,12,4,24,6,6,22
"GENE1539",531,999,940,1158,1526,942,1219,1234,1225,950,540,1366
"GENE1540",148,205,129,147,178,170,295,69,200,221,145,138
"GENE1541",8,11,6,17,16,0,14,3,8,12,25,9
"GENE1542",4,12,22,10,10,24,17,28,17,4,6,8
"GENE1543",182,457,400,354,490,668,261,565,304,412,308,687
"GENE1544",11,58,32,16,36,32,67,9,36,46,6,29
"GENE1545",22,17,16,17,20,29,22,46,47,20,46,28
"GENE1546",207,180,238,112,223,262,308,229,307,387,129,312
"GENE1547",668,928,1289,863,1401,724,1023,669,739,1257,842,757
"GENE1548",23,34,45,53,52,61,66,42,27,33,51,60
"GENE1549",53,37,93,64,125,93,123,109,91,82,58,117
"GENE1550",4,4,9,6,7,8,2,4,20,18,4,6
"GENE1551",8,9,35,26,16,21,16,4,11,13,19,17
"GENE1552",140,122,214,107,318,211,266,152,119,378,117,137
"GENE1553",743,470,1030,482,994,2081,1131,870,523,1123,630,865
"GENE1554",1,12,0,2,8,6,7,10,19,5,1,17
"GENE1555",92,147,247,94,184,133,205,126,87,217,116,341
"GENE1556",174,168,208,116,134,289,122,139,88,73,227,217
"GENE1557",22,17,20,13,38,15,32,23,15,21,8,31
"GENE1558",969,1369,942,917,761,1045,1178,758,1123,1222,849,961
"GENE1559",841,600,1410,1186,1310,842,1225,1079,1212,1110,418,771
"GENE1560",32,50,63,55,29,26,22,19,19,16,23,43
"GENE1561",281,386,613,654,553,636,1004,839,610,1011,410,708
"GENE1562",663,523,493,685,1033,784,1058,979,724,927,757,972
"GENE1563",207,497,477,248,328,537,323,329,413,247,417,512
"GENE1564",60,106,140,111,69,98,144,115,33,71,136,88
"GENE1565",70,103,100,57,139,92,112,73,178,156,218,318
"GENE1566",5,13,6,5,10,8,6,3,9,3,4,12
"GENE1567",40,35,26,43,34,50,94,30,59,44,48,23
"GENE1568",21,11,3,17,25,31,31,8,24,27,15,8
"GENE1569",313,341,514,476,517,499,369,463,276,404,351,506
"GENE1570",5,19,16,17,25,17,15,21,2,8,10,18
"GENE1571",381,303,634,427,461,509,453,449,446,712,528,531
"GENE1572",9,27,27,39,27,20,51,9,21,37,30,26
"GENE1573",18,9,4,6,21,14,16,2,7,37,12,8
"GENE1574",203,466,636,221,493,368,392,295,283,453,209,563
"GENE1575",50,53,92,49,102,82,68,50,53,34,37,35
"GENE1576",52,49,64,56,37,27,59,34,50,15,49,39
"GENE1577",69,43,86,26,73,99,95,26,88,35,68,64
"GENE1578",85,267,234,251,334,268,148,160,156,183,116,250
"GENE1579",16,14,16,25,24,50,28,9,18,9,24,26
"GENE1580",37,42,37,28,73,68,42,34,60,59,42,40
"GENE1581",26,54,56,101,64,85,111,45,39,60,47,129
"GENE1582",8,9,8,8,10,15,5,14,14,18,4,12
"GENE1583",43,34,81,40,49,57,47,43,36,50,41,58
"GENE1584",269,220,322,198,260,313,288,348,166,237,103,241
"GENE1585",8,11,15,13,9,35,15,24,3,14,1,4
"GENE1586",107,164,285,129,128,266,279,176,166,105,217,109
"GENE1587",306,395,340,218,502,618,308,308,588,345,369,573
"GENE1588",591,1049,968,844,781,1443,947,943,826,744,812,1412
"GENE1589",168,368,211,288,267,360,300,211,374,264,368,610
"GENE1590",132,113,135,146,160,118,122,90,139,125,60,145
"GENE1591",13,15,14,17,33,13,30,19,9,9,9,11
"GENE1592",71,59,43,66,73,54,58,31,75,36,27,72
"GENE1593",559,677,650,584,684,429,645,453,1020,597,583,599
"GENE1594",9,5,20,6,14,27,15,6,10,9,10,46
"GENE1595",253,351,397,201,450,203,172,169,239,291,198,234
"GENE1596",88,94,123,96,111,168,186,93,85,81,59,156
"GENE1597",14,16,22,13,9,28,14,18,10,14,16,16
"GENE1598",18,45,37,19,35,48,34,25,14,30,34,69
"GENE1599",11,36,16,24,31,13,35,14,25,50,4,20
"GENE1600",94,30,59,54,73,34,69,51,52,55,36,105
"GENE1601",27,15,8,16,33,12,37,11,17,24,11,27
"GENE1602",61,68,80,85,48,94,93,103,108,72,80,82
"GENE1603",330,346,452,245,505,353,501,381,348,432,370,249
"GENE1604",95,157,157,103,219,77,155,122,163,143,47,176
"GENE1605",535,453,896,263,711,525,468,464,433,372,350,649
"GENE1606",13,18,10,16,47,14,12,5,13,20,16,22
"GENE1607",57,38,39,49,59,63,66,72,38,52,16,76
"GENE1608",35,41,39,44,41,58,58,25,48,52,56,44
"GENE1609",10,22,25,13,11,11,6,14,5,22,4,18
"GENE1610",120,120,333,126,243,139,168,147,112,104,143,200
"GENE1611",42,24,56,56,45,69,79,61,45,71,44,41
"GENE1612",37,33,43,25,36,67,37,50,42,38,14,26
"GENE1613",94,143,277,134,312,233,107,114,152,143,145,163
"GENE1614",78,100,53,137,130,86,113,78,95,116,55,54
"GENE1615",64,89,286,128,107,249,230,209,221,151,139,153
"GENE1616",2,2,19,6,6,24,10,12,12,18,15,4
"GENE1617",35,21,33,26,7,73,31,34,47,7,14,32
"GENE1618",8,8,1,11,16,11,17,2,6,14,12,5
"GENE1619",14,34,53,23,28,27,20,30,27,19,13,39
"GENE1620",2,21,20,11,33,31,3,19,15,5,12,12
"GENE1621",49,37,76,36,83,58,115,44,63,44,73,88
"GENE1622",656,864,1540,1019,1100,1598,824,835,959,927,648,1207
"GENE1623",64,102,108,54,92,93,118,51,64,112,43,60
"GENE1624",7,10,7,4,4,11,12,5,5,2,11,11
"GENE1625",64,50,116,91,73,75,69,67,44,57,41,60
"GENE1626",15,10,39,10,42,18,45,44,29,25,35,44
"GENE1627",237,253,249,131,237,415,341,140,343,180,179,412
"GENE1628",3,16,10,15,6,22,10,4,9,14,6,6
"GENE1629",674,862,977,863,698,872,1008,697,900,1117,413,1098
"GENE1630",505,839,889,588,1181,1143,1325,1103,598,558,578,1367
"GENE1631",341,274,522,515,245,814,890,674,693,645,524,915
"GENE1632",76,116,70,90,146,167,136,151,62,106,120,99
"GENE1633",356,224,495,430,451,378,285,280,589,436,364,521
"GENE1634",133,167,150,158,203,226,152,161,238,232,184,145
"GENE1635",203,286,296,372,287,547,428,408,206,351,171,529
"GENE1636",11,32,19,10,19,6,28,13,9,12,20,12
"GENE1637",109,99,201,144,131,256,141,189,160,199,135,178
"GENE1638",119,115,124,78,101,224,222,66,159,78,94,97
"GENE1639",167,149,266,169,135,514,113,203,389,213,205,194
"GENE1640",93,99,198,79,80,242,181,114,100,116,119,156
"GENE1641",87,81,136,110,88,128,139,59,109,161,48,70
"GENE1642",261,728,434,451,607,641,404,315,200,428,343,413
"GENE1643",11,13,34,23,14,34,27,4,27,34,4,27
"GENE1644",267,561,539,404,644,470,1153,445,398,489,187,637
"GENE1645",9,29,9,18,37,28,13,4,32,15,24,12
"GENE1646",24,31,28,41,60,14,43,26,41,31,30,27
"GENE1647",369,505,514,503,531,523,422,301,409,606,367,615
"GENE1648",9,36,27,9,7,15,46,17,16,18,14,16
"GENE1649",12,31,11,20,20,30,18,17,11,7,14,9
"GENE1650",53,44,21,23,54,71,42,43,41,54,21,42
"GENE1651",1076,692,659,928,970,1355,667,1010,839,752,1281,881
"GENE1652",505,540,452,458,772,850,272,641,633,458,741,1079
"GENE1653",14,26,22,33,28,22,27,54,29,36,34,26
"GENE1654",63,88,104,50,47,47,83,65,48,55,55,138
"GENE1655",17,12,20,25,33,54,22,9,26,24,17,9
"GENE1656",409,281,384,254,337,478,321,245,328,599,243,235
"GENE1657",463,450,299,293,534,741,458,468,453,351,378,559
"GENE1658",39,20,33,53,61,46,24,53,58,50,34,52
"GENE1659",129,167,249,150,115,104,102,74,82,131,60,155
"GENE1660",49,41,52,20,64,12,25,33,28,30,23,45
"GENE1661",3,21,22,7,2,22,12,20,11,4,2,26
"GENE1662",13,37,37,12,54,18,8,9,17,18,14,33
"GENE1663",8,4,4,6,32,16,8,6,6,14,5,7
"GENE1664",782,997,709,694,789,566,689,705,582,1321,463,951
"GENE1665",420,531,873,367,687,614,764,516,624,853,438,988
"GENE1666",132,130,112,135,145,144,138,85,217,210,68,179
"GENE1667",735,501,1615,723,590,437,838,904,763,542,673,550
"GENE1668",163,263,485,191,308,477,535,197,455,229,203,235
"GENE1669",191,124,178,116,163,167,256,145,148,126,125,223
"GENE1670",64,85,87,50,119,83,80,48,66,84,49,32
"GENE1671",756,879,1030,564,1709,1288,728,678,1132,586,650,1013
"GENE1672",36,28,21,35,37,40,37,30,34,12,21,41
"GENE1673",173,176,187,140,200,139,141,95,120,146,75,126
"GENE1674",22,16,5,6,7,34,11,13,16,21,3,9
"GENE1675",455,972,1326,380,1160,868,1434,739,906,1022,601,1589
"GENE1676",283,819,402,368,583,633,521,510,713,430,465,721
"GENE1677",19,33,31,19,8,12,28,20,30,12,15,17
"GENE1678",39,42,53,39,48,55,56,57,23,42,52,70
"GENE1679",6,5,11,5,7,10,13,9,10,3,4,6
"GENE1680",316,673,325,507,735,460,586,254,393,654,401,375
"GENE1681",4,8,10,1,13,20,17,4,13,3,6,3
"GENE1682",584,1372,1499,953,1160,1401,1571,855,848,609,652,1350
"GENE1683",27,67,49,16,39,52,23,25,40,43,48,31
"GENE1684",283,441,672,495,373,777,275,442,267,522,169,230
"GENE1685",36,77,73,44,116,49,65,35,47,82,30,121
"GENE1686",152,154,222,44,156,169,126,118,101,116,103,110
"GENE1687",22,15,12,7,15,30,40,22,19,21,8,29
"GENE1688",107,114,89,64,94,149,64,101,119,94,87,73
"GENE1689",289,394,376,355,457,553,250,375,423,420,435,518
"GENE1690",95,91,98,100,91,87,78,81,81,131,42,126
"GENE1691",374,532,749,436,743,781,623,597,678,1034,536,673
"GENE1692",294,490,478,354,366,679,515,297,209,271,226,380
"GENE1693",29,67,37,47,47,61,42,25,77,30,83,68
"GENE1694",46,79,63,74,66,61,97,44,53,63,61,73
"GENE1695",195,291,588,441,280,501,546,466,622,158,173,328
"GENE1696",21,50,61,54,86,40,67,26,32,63,26,49
"GENE1697",5,8,25,12,6,33,15,17,18,14,21,23
"GENE1698",161,230,356,247,276,288,272,367,280,172,304,335
"GENE1699",317,435,700,353,405,416,804,649,634,640,629,313
"GENE1700",197,482,316,315,320,478,211,278,264,270,239,219
"GENE1701",4,9,16,0,0,10,4,8,7,24,5,13
"GENE1702",69,127,122,55,124,159,183,70,134,136,86,122
"GENE1703",9,8,13,4,9,12,6,5,12,15,2,8
"GENE1704",27,15,6,22,17,19,34,8,11,28,11,26
"GENE1705",26,25,65,66,72,42,32,17,51,50,26,42
"GENE1706",8,7,13,6,21,9,5,11,11,11,12,45
"GENE1707",25,39,33,19,44,28,57,26,46,26,53,26
"GENE1708",8,22,11,14,15,44,27,13,21,7,46,16
"GENE1709",162,117,213,145,148,182,77,184,90,205,160,159
"GENE1710",766,1254,1151,1580,1456,1408,1304,1169,1217,1324,568,1018
"GENE1711",0,14,11,7,8,23,18,15,10,8,14,22
"GENE1712",283,274,338,420,350,419,620,269,217,276,299,216
"GENE1713",722,1166,781,644,1103,756,1031,522,557,850,547,1128
"GENE1714",11,13,6,5,28,6,9,8,16,13,6,15
"GENE1715",115,150,114,121,98,243,301,92,133,130,182,289
"GENE1716",275,87,252,110,262,362,251,151,273,231,281,372
"GENE1717",5,10,4,12,20,3,16,5,13,4,14,10
"GENE1718",10,9,5,7,10,6,11,12,14,6,7,22
"GENE1719",13,5,19,16,27,14,15,6,6,10,4,13
"GENE1720",13,19,8,5,9,5,11,3,11,5,9,16
"GENE1721",705,738,1633,578,640,1008,595,574,706,1593,587,1402
"GENE1722",32,18,59,30,25,42,51,68,39,71,38,49
"GENE1723",268,381,239,410,223,508,564,187,451,590,95,184
"GENE1724",13,22,33,26,42,42,20,17,40,47,12,22
"GENE1725",476,472,503,485,544,788,695,616,480,682,535,517
"GENE1726",139,95,280,161,124,113,155,100,86,74,122,203
"GENE1727",66,27,65,58,54,91,65,29,75,53,38,95
"GENE1728",308,1056,722,601,392,877,873,634,504,488,420,558
"GENE1729",52,52,38,42,89,133,29,19,51,20,39,128
"GENE1730",17,42,26,37,17,8,75,44,33,32,25,48
"GENE1731",153,659,404,465,564,417,513,306,314,536,244,563
"GENE1732",42,41,63,48,62,69,75,26,64,91,56,62
"GENE1733",46,80,22,4,46,55,35,18,52,67,20,27
"GENE1734",17,46,18,22,39,28,18,36,16,30,39,11
"GENE1735",814,813,702,480,440,1038,555,499,672,945,603,537
"GENE1736",138,151,251,76,154,259,282,41,135,128,153,105
"GENE1737",79,83,148,78,114,135,111,78,66,117,113,120
"GENE1738",83,145,205,120,124,115,311,137,138,153,129,133
"GENE1739",356,766,907,324,330,857,944,534,432,678,270,893
"GENE1740",15,4,3,21,18,14,16,7,2,8,10,15
"GENE1741",901,1093,1506,1157,995,1649,1300,1380,786,843,803,1240
"GENE1742",166,282,291,211,90,347,274,170,243,171,235,355
"GENE1743",14,7,17,14,6,5,19,7,4,17,4,8
"GENE1744",157,320,242,100,210,286,262,173,133,356,79,97
"GENE1745",173,126,114,134,164,163,139,224,307,212,261,190
"GENE1746",158,188,166,144,192,128,173,203,294,204,123,331
"GENE1747",27,23,28,10,17,25,37,15,28,15,16,34
"GENE1748",17,24,23,21,64,69,52,35,13,29,22,38
"GENE1749",17,17,25,38,36,51,26,18,25,61,27,28
"GENE1750",39,55,103,65,66,41,42,18,27,42,53,42
"GENE1751",34,27,14,9,15,14,7,38,5,28,20,18
"GENE1752",655,840,1117,767,1153,1537,1074,366,774,526,978,1830
"GENE1753",65,94,85,45,103,120,128,88,55,58,100,142
"GENE1754",34,23,34,21,60,31,29,30,27,18,20,20
"GENE1755",281,214,135,210,240,274,146,206,298,268,255,180
"GENE1756",82,113,94,134,65,113,92,135,70,98,52,77
"GENE1757",100,251,127,141,154,333,269,137,158,119,123,138
"GENE1758",301,223,391,196,193,275,193,347,285,449,151,433
"GENE1759",182,218,429,198,175,315,155,323,161,143,138,271
"GENE1760",8,15,57,27,20,70,32,16,24,30,13,34
"GENE1761",33,30,34,59,83,31,81,37,39,48,43,46
"GENE1762",26,41,43,26,17,37,22,13,26,10,6,8
"GENE1763",143,295,177,207,331,398,357,260,129,215,241,377
"GENE1764",6,12,8,28,3,6,38,13,13,18,10,12
"GENE1765",23,10,13,13,20,4,13,6,20,5,3,21
"GENE1766",29,56,52,47,99,52,62,44,34,37,41,46
"GENE1767",216,106,243,242,164,297,300,192,189,209,129,110
"GENE1768",48,60,52,71,45,43,49,44,41,29,54,35
"GENE1769",338,550,507,216,485,303,465,111,329,442,256,252
"GENE1770",8,27,10,13,31,8,37,13,8,40,33,43
"GENE1771",22,0,13,7,5,6,10,10,13,8,7,4
"GENE1772",31,68,57,41,74,30,39,83,44,26,46,62
"GENE1773",324,752,631,655,1472,1381,988,322,549,701,404,374
"GENE1774",33,17,18,6,26,15,60,19,34,45,29,34
"GENE1775",30,16,38,18,51,40,36,80,34,46,45,49
"GENE1776",791,627,672,793,862,1337,740,526,724,693,368,1002
"GENE1777",33,36,34,42,32,56,32,26,54,48,29,39
"GENE1778",118,204,269,85,172,169,135,135,159,174,179,92
"GENE1779",46,54,32,61,33,60,48,30,89,99,45,68
"GENE1780",5,12,20,5,21,31,19,16,7,19,3,13
"GENE1781",3,21,16,11,5,30,18,16,14,12,15,15
"GENE1782",15,18,7,3,8,17,11,3,9,4,6,13
"GENE1783",5,5,7,6,10,4,15,12,12,21,10,18
"GENE1784",78,98,170,80,143,115,91,85,106,60,72,120
"GENE1785",58,81,160,113,174,167,198,113,161,157,169,164
"GENE1786",43,26,32,28,45,76,22,31,32,24,30,40
"GENE1787",75,118,122,48,101,95,106,114,104,126,83,155
"GENE1788",387,570,497,478,754,1082,667,165,431,527,314,398
"GENE1789",31,39,35,32,25,29,40,42,34,33,15,44
"GENE1790",291,470,530,217,492,200,519,326,357,434,265,610
"GENE1791",317,357,759,183,438,727,499,450,310,191,400,539
"GENE1792",853,641,1166,608,524,764,816,972,701,1080,476,1188
"GENE1793",555,1328,868,1174,1162,569,449,649,1409,1204,794,1391
"GENE1794",88,136,176,93,40,131,167,115,92,104,58,156
"GENE1795",42,96,138,62,122,92,68,83,70,172,53,46
"GENE1796",9,10,39,4,7,11,16,12,13,6,10,6
"GENE1797",14,34,30,29,39,27,22,19,33,35,19,16
"GENE1798",48,36,23,27,26,58,42,31,49,49,50,36
"GENE1799",292,474,1412,1185,529,424,1401,532,803,487,268,801
"GENE1800",64,183,98,87,122,166,105,73,113,76,108,95
"GENE1801",417,534,492,362,552,821,947,553,554,598,228,703
"GENE1802",4,10,16,8,23,9,18,27,24,18,7,49
"GENE1803",50,40,33,25,51,30,49,33,75,31,16,43
"GENE1804",15,5,11,1,7,12,1,3,5,4,10,2
"GENE1805",15,13,52,15,16,23,19,33,33,8,15,23
"GENE1806",68,125,149,49,102,209,172,60,116,117,103,127
"GENE1807",207,312,358,265,473,200,447,414,442,530,251,321
"GENE1808",359,430,755,239,317,657,309,511,547,246,317,441
"GENE1809",191,291,285,248,228,489,559,251,364,336,184,206
"GENE1810",297,384,317,255,237,356,540,184,502,363,298,153
"GENE1811",10,16,3,25,31,24,16,35,40,13,9,43
"GENE1812",455,450,470,362,581,819,835,376,418,639,558,369
"GENE1813",118,118,105,136,140,185,118,97,141,78,88,111
"GENE1814",250,322,562,511,463,444,541,271,464,369,444,667
"GENE1815",201,129,211,134,320,348,390,103,232,351,242,222
"GENE1816",15,27,34,16,36,19,34,36,24,28,23,16
"GENE1817",8,5,5,2,15,24,5,1,8,6,6,4
"GENE1818",32,32,67,28,38,63,69,40,39,38,24,30
"GENE1819",14,9,21,20,22,20,9,23,10,14,11,2
"GENE1820",307,520,423,436,263,397,612,426,669,521,273,666
"GENE1821",162,246,360,192,298,214,239,178,290,243,202,355
"GENE1822",192,196,340,314,140,328,595,190,281,203,236,326
"GENE1823",220,234,334,247,267,506,361,137,230,286,223,316
"GENE1824",155,115,173,221,176,260,142,121,118,172,164,137
"GENE1825",22,40,42,40,42,34,47,25,20,39,24,66
"GENE1826",808,705,697,941,831,737,670,719,1061,1109,631,1258
"GENE1827",225,258,257,354,496,402,280,292,179,422,310,643
"GENE1828",4,8,17,10,9,11,3,13,19,9,12,3
"GENE1829",259,292,525,188,276,359,181,136,305,342,272,349
"GENE1830",102,94,100,104,147,89,201,104,50,126,82,77
"GENE1831",53,94,152,61,119,162,289,111,120,200,106,93
"GENE1832",16,21,24,32,25,36,34,12,15,18,18,33
"GENE1833",79,173,279,173,113,194,150,56,227,140,223,126
"GENE1834",45,179,115,62,70,99,75,62,78,103,88,62
"GENE1835",22,19,60,29,27,37,24,31,14,25,6,15
"GENE1836",134,243,208,136,195,293,190,147,168,192,165,197
"GENE1837",291,376,967,325,542,455,360,208,396,422,253,443
"GENE1838",49,43,63,22,68,62,68,41,44,35,36,61
"GENE1839",741,1389,1029,849,820,1653,1441,838,1197,1081,1067,1242
"GENE1840",222,297,261,242,291,540,374,388,348,430,207,284
"GENE1841",267,281,320,271,573,468,410,339,335,270,192,323
"GENE1842",34,30,37,19,28,46,48,7,34,22,16,19
"GENE1843",22,14,37,11,62,32,27,15,23,19,13,13
"GENE1844",983,908,951,917,1041,1109,808,762,701,1021,745,1384
"GENE1845",215,192,356,107,178,310,317,128,183,133,114,152
"GENE1846",59,43,43,53,52,92,49,17,28,63,35,37
"GENE1847",14,8,17,10,17,26,15,23,9,12,16,17
"GENE1848",240,509,491,303,492,461,586,311,273,265,334,242
"GENE1849",7,3,35,8,25,16,12,15,9,25,12,3
"GENE1850",260,140,259,298,455,411,272,300,351,227,241,412
"GENE1851",288,357,185,239,302,604,281,285,240,279,255,254
"GENE1852",33,37,50,49,51,87,65,41,41,70,83,43
"GENE1853",571,563,1033,612,724,1019,298,617,355,604,524,652
"GENE1854",721,1414,691,729,1005,1142,1296,801,1389,1363,809,1313
"GENE1855",4,10,4,18,4,18,11,12,21,6,16,14
"GENE1856",29,28,24,31,48,84,40,62,41,31,42,73
"GENE1857",13,22,38,14,34,35,19,6,17,24,13,15
"GENE1858",197,294,331,260,364,280,272,228,203,231,194,190
"GENE1859",31,27,24,23,23,49,23,56,42,54,36,53
"GENE1860",120,209,144,216,199,239,272,158,270,158,119,233
"GENE1861",6,17,32,30,21,32,27,34,17,17,23,37
"GENE1862",152,310,220,237,157,385,392,149,212,289,198,241
"GENE1863",374,243,423,273,295,263,356,222,323,292,313,292
"GENE1864",49,36,56,33,34,37,55,32,26,63,23,50
"GENE1865",1,17,13,8,18,21,18,15,30,16,5,9
"GENE1866",472,337,1218,544,982,1066,1025,406,790,1006,338,576
"GENE1867",864,512,583,573,867,1026,857,605,797,682,415,1363
"GENE1868",23,9,10,13,46,13,37,30,30,26,18,44
"GENE1869",606,236,541,500,756,692,372,352,693,482,424,351
"GENE1870",102,48,189,105,85,161,182,131,148,167,101,228
"GENE1871",23,61,67,37,80,181,122,49,42,57,61,108
"GENE1872",38,37,13,22,11,29,41,28,25,23,46,23
"GENE1873",238,214,450,283,649,452,376,261,380,373,346,251
"GENE1874",8,37,75,11,47,28,43,26,39,41,32,55
"GENE1875",22,19,45,27,65,42,48,19,17,16,24,51
"GENE1876",230,605,473,447,664,579,703,585,508,822,508,875
"GENE1877",42,51,90,32,30,53,40,49,71,63,37,66
"GENE1878",727,419,759,565,713,603,1179,847,294,544,275,1008
"GENE1879",70,58,99,58,65,281,235,108,128,141,84,123
"GENE1880",208,241,360,230,348,291,227,273,365,356,99,272
"GENE1881",19,18,20,17,19,26,16,44,17,7,22,20
"GENE1882",24,31,55,24,34,29,35,20,51,41,22,83
"GENE1883",194,272,323,213,295,237,154,198,212,201,116,237
"GENE1884",27,23,69,44,31,28,36,19,20,21,8,36
"GENE1885",49,34,82,47,65,81,111,65,87,57,35,55
"GENE1886",252,371,502,322,409,362,645,225,466,555,299,754
"GENE1887",22,21,36,38,21,38,27,41,46,20,15,30
"GENE1888",91,335,248,246,169,153,82,128,197,235,136,175
"GENE1889",9,13,6,4,20,5,18,4,13,26,9,4
"GENE1890",197,216,440,255,421,418,377,252,241,306,201,438
"GENE1891",174,155,101,287,173,424,167,137,252,270,97,253
"GENE1892",11,22,11,5,19,14,28,21,10,24,1,8
"GENE1893",21,45,20,12,44,17,18,7,12,30,16,31
"GENE1894",6,10,18,10,2,5,30,7,5,7,8,8
"GENE1895",31,54,53,37,36,100,39,29,34,70,72,34
"GENE1896",294,541,1018,894,717,828,1081,503,497,588,405,447
"GENE1897",19,12,20,12,7,20,19,8,7,7,3,9
"GENE1898",689,649,809,692,376,909,1598,438,1235,1093,898,1073
"GENE1899",31,40,46,54,71,58,45,64,41,39,31,33
"GENE1900",230,515,281,344,452,887,447,504,277,456,438,443
"GENE1901",554,473,572,653,955,1096,1050,441,630,424,418,564
"GENE1902",10,5,4,15,8,5,45,6,4,4,11,9
"GENE1903",344,751,673,623,620,369,760,619,843,774,810,774
"GENE1904",491,637,398,614,540,458,554,345,443,484,424,478
"GENE1905",42,52,60,47,37,54,38,39,66,51,33,78
"GENE1906",22,13,31,13,14,22,35,22,35,19,10,41
"GENE1907",21,14,23,14,7,23,4,5,7,22,16,16
"GENE1908",133,76,160,77,147,206,129,59,155,189,121,82
"GENE1909",56,76,51,33,92,122,107,45,66,31,72,82
"GENE1910",626,673,933,754,845,1053,1010,1026,878,1426,630,734
"GENE1911",9,24,22,10,33,25,34,30,19,21,8,29
"GENE1912",8,4,19,8,6,20,3,10,5,13,3,23
"GENE1913",67,79,140,118,122,173,169,73,96,88,131,160
"GENE1914",14,13,50,23,27,32,18,44,18,24,23,51
"GENE1915",7,35,13,18,20,15,19,13,13,30,27,8
"GENE1916",18,45,17,27,66,44,26,45,40,29,12,62
"GENE1917",43,77,33,35,55,87,99,42,44,53,59,73
"GENE1918",373,646,533,472,542,453,324,566,429,648,410,850
"GENE1919",20,10,6,4,16,33,4,24,3,12,23,20
"GENE1920",1,6,22,9,12,10,11,7,19,4,0,14
"GENE1921",3,7,3,10,11,11,16,6,4,2,6,19
"GENE1922",611,1404,1189,766,908,755,824,681,679,1172,833,1638
"GENE1923",229,244,355,149,343,252,270,141,119,292,211,295
"GENE1924",568,580,409,290,590,761,827,380,385,780,195,510
"GENE1925",37,38,58,22,27,24,49,49,34,76,23,51
"GENE1926",4,9,20,1,11,5,13,10,6,11,9,14
"GENE1927",446,1189,681,518,915,692,772,725,787,882,616,895
"GENE1928",29,59,84,83,108,130,84,34,91,83,45,58
"GENE1929",6,20,20,12,27,65,19,9,24,13,13,16
"GENE1930",103,68,160,130,104,66,223,71,101,126,77,86
"GENE1931",121,142,185,79,158,165,97,191,150,117,84,177
"GENE1932",32,48,41,58,14,75,49,31,18,31,36,56
"GENE1933",267,282,448,264,432,404,481,171,193,448,370,681
"GENE1934",238,227,257,328,276,132,206,175,147,159,209,307
"GENE1935",266,292,363,253,199,234,238,261,377,410,200,225
"GENE1936",19,51,45,87,48,49,119,28,100,54,92,76
"GENE1937",5,1,9,11,8,14,8,17,4,1,8,19
"GENE1938",63,76,110,53,81,73,66,66,95,70,40,65
"GENE1939",15,40,115,65,68,65,63,56,87,76,19,32
"GENE1940",3,4,15,11,3,14,15,7,12,14,11,15
"GENE1941",105,136,208,135,91,214,144,108,116,170,98,184
"GENE1942",70,215,44,133,76,109,226,56,93,97,76,133
"GENE1943",17,33,77,55,21,90,59,50,54,77,30,107
"GENE1944",585,1202,894,637,670,1229,1118,320,604,579,555,534
"GENE1945",121,168,246,166,235,155,95,142,144,273,170,176
"GENE1946",84,141,107,108,97,121,205,114,53,180,68,118
"GENE1947",100,86,68,56,51,96,74,52,80,68,72,105
"GENE1948",166,219,323,207,358,199,283,242,381,305,198,418
"GENE1949",7,30,19,21,13,16,55,9,38,31,14,19
"GENE1950",44,31,68,38,37,48,64,45,40,34,15,45
"GENE1951",35,11,33,10,11,13,28,21,9,13,10,8
"GENE1952",8,19,16,23,5,38,30,35,12,26,20,67
"GENE1953",9,20,22,52,34,42,38,41,25,63,34,19
"GENE1954",179,231,217,364,254,282,222,127,225,228,158,175
"GENE1955",260,372,280,160,288,459,304,259,278,261,244,454
"GENE1956",30,27,21,22,26,23,33,46,12,32,25,4
"GENE1957",6,11,5,6,8,31,14,13,11,13,9,9
"GENE1958",353,582,686,210,249,725,507,681,595,920,427,797
"GENE1959",465,351,350,376,360,737,608,325,409,251,310,306
"GENE1960",73,61,106,56,126,114,120,50,76,88,68,107
"GENE1961",27,34,25,19,12,34,34,18,21,15,15,78
"GENE1962",9,20,9,16,18,18,17,13,21,21,3,30
"GENE1963",32,67,33,34,47,65,47,54,97,67,22,39
"GENE1964",68,168,173,174,112,139,89,111,83,117,121,227
"GENE1965",111,108,49,130,114,69,253,46,85,111,67,146
"GENE1966",16,30,21,39,54,22,32,17,72,33,15,71
"GENE1967",316,806,483,551,786,884,574,377,385,412,406,938
"GENE1968",73,174,240,167,189,224,202,130,150,92,75,218
"GENE1969",23,20,21,16,12,12,23,14,14,39,8,22
"GENE1970",109,107,172,97,201,212,91,104,82,127,114,151
"GENE1971",515,1144,951,966,520,662,1115,627,866,1041,808,2032
"GENE1972",405,517,802,465,613,1146,302,466,333,798,279,623
"GENE1973",15,36,21,17,23,48,42,32,26,49,26,22
"GENE1974",37,53,56,17,62,58,27,38,32,54,26,45
"GENE1975",34,64,62,78,12,56,76,40,63,62,50,45
"GENE1976",55,58,81,39,41,34,52,15,40,36,62,39
"GENE1977",274,377,692,407,410,572,593,336,512,323,216,423
"GENE1978",11,7,8,12,7,12,15,12,15,13,15,7
"GENE1979",28,22,13,17,42,12,33,15,8,29,16,25
"GENE1980",98,65,183,133,144,141,242,186,117,213,140,265
"GENE1981",116,150,119,122,146,193,185,142,138,159,134,111
"GENE1982",15,7,7,7,10,3,10,7,7,8,14,3
"GENE1983",10,13,16,12,6,11,10,24,9,10,9,19
"GENE1984",54,32,106,85,99,39,37,24,116,60,68,52
"GENE1985",142,209,141,150,151,142,220,145,112,298,200,164
"GENE1986",40,21,46,37,48,61,72,29,25,52,16,69
"GENE1987",17,14,37,29,23,52,53,28,36,35,17,48
"GENE1988",23,10,44,21,18,38,37,13,33,43,25,21
"GENE1989",54,27,66,41,57,46,52,50,31,45,40,35
"GENE1990",25,51,26,71,42,37,82,33,62,38,53,62
"GENE1991",2,15,11,9,4,18,31,13,36,21,4,14
"GENE1992",956,649,714,683,407,1157,654,657,690,771,679,621
"GENE1993",29,39,29,41,34,29,18,33,17,14,10,37
"GENE1994",114,139,99,105,151,97,171,31,107,181,142,61
"GENE1995",190,204,261,313,282,544,428,259,313,302,124,575
"GENE1996",421,404,806,255,832,561,743,552,444,909,648,560
"GENE1997",72,68,70,58,102,116,59,55,98,89,48,82
"GENE1998",553,794,598,858,874,787,535,773,825,983,464,652
"GENE1999",6,14,20,7,10,16,8,34,10,6,6,5
"GENE2000",102,218,120,85,130,192,108,193,69,150,100,133
"GENE2001",17,47,28,28,37,28,50,20,7,29,32,45
"GENE2002",109,192,317,145,239,342,207,217,239,282,139,265
"GENE2003",218,625,696,412,733,733,732,308,700,423,356,748
"GENE2004",331,550,787,425,502,429,811,433,406,265,348,624
"GENE2005",315,261,523,396,299,298,377,145,349,285,283,308
"GENE2006",179,226,217,122,152,128,205,144,182,333,62,177
"GENE2007",47,37,64,55,20,101,131,28,82,112,51,71
"GENE2008",397,465,606,383,326,572,897,420,333,759,326,471
"GENE2009",140,191,176,101,192,309,86,122,169,151,123,189
"GENE2010",356,515,428,247,375,412,482,264,218,224,190,353
"GENE2011",86,160,149,132,179,108,135,93,191,141,107,189
"GENE2012",255,401,535,290,535,487,195,217,384,487,299,661
"GENE2013",372,593,973,388,1070,573,585,553,717,555,515,614
"GENE2014",5,1,12,5,17,15,3,11,7,23,3,14
"GENE2015",64,64,138,104,120,235,166,113,180,68,80,176
"GENE2016",42,23,26,9,38,18,30,52,65,60,21,36
"GENE2017",35,86,46,32,31,45,119,41,29,48,17,39
"GENE2018",595,550,1205,460,696,1108,924,1122,1031,933,613,665
"GENE2019",48,24,62,51,30,59,50,41,31,45,58,22
"GENE2020",9,31,84,26,26,38,48,43,19,43,34,66
"GENE2021",53,19,45,57,73,55,74,52,63,62,19,93
"GENE2022",111,127,207,169,227,223,101,199,100,199,146,225
"GENE2023",35,73,68,50,72,54,47,68,54,46,48,69
"GENE2024",149,164,201,91,100,172,256,130,133,190,77,213
"GENE2025",312,384,446,305,383,533,375,324,449,405,352,535
"GENE2026",34,70,56,19,55,69,75,57,34,31,65,70
"GENE2027",67,132,148,301,130,252,231,207,254,287,263,303
"GENE2028",32,43,63,74,30,124,70,26,58,34,53,125
"GENE2029",3,9,6,8,11,24,22,23,22,6,5,30
"GENE2030",96,355,247,476,357,590,372,236,355,174,216,405
"GENE2031",115,88,179,168,159,256,132,110,278,205,272,175
"GENE2032",24,14,22,16,24,23,40,27,19,37,8,21
"GENE2033",541,438,623,525,804,634,719,470,590,659,441,746
"GENE2034",21,27,9,12,14,29,15,29,19,6,20,28
"GENE2035",92,293,315,201,254,342,330,158,205,306,268,500
"GENE2036",30,46,48,27,90,179,70,71,70,98,62,123
"GENE2037",20,45,69,16,18,24,33,48,25,40,26,50
"GENE2038",92,91,83,71,70,162,80,81,81,145,80,93
"GENE2039",58,115,98,60,84,90,126,43,86,64,99,102
"GENE2040",231,338,663,495,933,578,205,434,413,767,399,528
"GENE2041",31,11,28,19,33,33,16,30,18,40,32,24
"GENE2042",509,886,823,925,709,1189,1308,466,614,1089,747,859
"GENE2043",22,22,36,31,18,23,25,25,13,40,29,51
"GENE2044",14,30,23,14,6,6,23,15,29,23,4,15
"GENE2045",30,38,75,24,58,67,46,35,54,69,31,101
"GENE2046",41,20,35,63,30,72,36,29,52,31,21,40
"GENE2047",251,280,303,283,169,248,225,264,222,301,249,378
"GENE2048",13,16,25,20,12,39,13,11,12,46,9,34
"GENE2049",82,108,88,103,162,254,121,88,155,81,85,106
"GENE2050",13,22,13,9,6,43,7,9,13,31,9,17
"GENE2051",37,9,25,8,11,27,20,22,10,24,7,30
"GENE2052",6,21,22,7,17,8,15,17,19,8,12,24
"GENE2053",65,110,92,39,90,119,158,91,69,52,45,73
"GENE2054",14,36,52,17,22,49,32,44,36,38,9,8
"GENE2055",191,137,168,140,83,247,103,98,221,219,97,341
"GENE2056",20,22,49,28,15,31,24,34,14,30,15,14
"GENE2057",199,278,286,169,245,303,324,137,206,368,255,247
"GENE2058",84,58,93,103,100,101,37,85,98,64,43,132
"GENE2059",364,361,441,518,333,583,595,248,370,251,330,545
"GENE2060",1,17,9,2,33,17,17,13,14,15,5,29
"GENE2061",35,38,21,17,37,15,20,10,24,13,14,4
"GENE2062",880,961,1653,678,1272,674,796,868,840,795,547,812
"GENE2063",699,619,892,652,898,1095,1103,625,976,958,453,1013
"GENE2064",12,25,66,47,27,51,30,30,55,18,36,74
"GENE2065",91,112,110,107,218,127,117,194,185,197,152,137
"GENE2066",17,10,8,5,6,8,8,5,7,5,8,18
"GENE2067",35,19,53,26,26,60,46,45,22,33,14,28
"GENE2068",5,11,21,26,19,25,18,15,21,19,13,30
"GENE2069",410,321,924,350,473,490,546,668,706,780,438,532
"GENE2070",404,142,355,205,358,437,607,298,313,510,391,641
"GENE2071",288,425,573,591,726,484,583,443,290,552,235,317
"GENE2072",9,49,46,46,15,36,48,18,27,58,10,42
"GENE2073",36,54,83,43,110,106,68,82,44,54,62,78
"GENE2074",31,20,32,25,29,60,23,24,26,5,14,29
"GENE2075",18,15,19,31,22,44,31,30,25,55,27,63
"GENE2076",425,359,441,230,644,936,546,226,517,454,286,660
"GENE2077",73,42,210,114,139,168,161,48,98,114,72,182
"GENE2078",0,5,5,15,8,3,10,5,5,18,3,4
"GENE2079",16,36,25,39,45,36,24,36,17,31,15,29
"GENE2080",7,2,5,4,4,8,0,6,16,13,11,5
"GENE2081",718,1208,1222,1458,1112,2029,1232,824,666,1549,462,1626
"GENE2082",85,51,161,58,57,100,91,62,63,110,56,56
"GENE2083",51,132,159,93,166,96,175,51,112,69,59,100
"GENE2084",141,128,247,95,309,196,323,173,227,181,125,200
"GENE2085",52,198,131,111,61,131,79,96,110,79,56,92
"GENE2086",137,146,341,203,174,230,118,166,246,113,182,175
"GENE2087",59,54,134,75,99,116,110,103,63,118,132,149
"GENE2088",112,275,255,156,188,186,244,175,224,296,130,281
"GENE2089",223,147,511,155,145,385,262,182,222,236,205,355
"GENE2090",5,7,20,6,3,17,8,7,7,3,6,12
"GENE2091",158,269,483,302,248,463,378,363,290,573,277,189
"GENE2092",396,481,530,552,658,601,700,313,410,700,891,1099
"GENE2093",459,525,641,459,501,528,924,493,401,460,536,532
"GENE2094",24,21,79,12,32,29,41,54,16,34,31,42
"GENE2095",152,71,126,91,174,136,169,126,178,245,120,156
"GENE2096",7,21,5,5,8,18,16,13,15,10,7,23
"GENE2097",58,155,104,158,199,163,138,95,33,39,90,148
"GENE2098",19,24,42,27,34,45,13,34,40,41,26,34
"GENE2099",39,19,25,33,56,61,91,26,36,49,55,58
"GENE2100",106,240,131,147,261,231,174,153,179,204,181,301
"GENE2101",57,161,110,73,97,77,169,207,145,102,84,111
"GENE2102",16,39,28,36,31,58,24,50,37,28,11,37
"GENE2103",9,7,5,5,9,15,8,13,10,18,8,3
"GENE2104",645,896,790,1097,1149,1752,1111,1264,900,810,1053,1002
"GENE2105",14,20,52,14,33,18,19,26,14,9,16,36
"GENE2106",4,4,5,24,44,13,5,10,6,17,10,25
"GENE2107",31,47,20,18,24,52,17,22,50,20,20,41
"GENE2108",32,66,81,34,177,99,107,92,102,46,30,106
"GENE2109",150,109,150,84,239,168,216,110,126,172,129,150
"GENE2110",49,135,107,85,115,87,35,71,63,148,86,121
"GENE2111",19,22,15,25,28,65,19,23,10,32,28,85
"GENE2112",523,306,661,304,367,890,575,535,1065,925,493,945
"GENE2113",83,190,435,398,568,534,560,484,437,424,555,346
"GENE2114",26,35,63,50,54,31,48,58,64,42,39,47
"GENE2115",7,36,26,11,46,29,56,10,23,18,8,11
"GENE2116",49,115,145,37,87,72,92,67,70,125,63,51
"GENE2117",8,9,12,7,21,24,6,13,5,7,4,12
"GENE2118",128,127,266,242,297,269,291,181,154,141,96,205
"GENE2119",534,623,966,516,1531,1070,960,1209,1282,596,695,648
"GENE2120",210,187,117,103,258,173,182,172,111,139,78,235
"GENE2121",667,769,911,629,645,707,876,543,644,1007,484,1047
"GENE2122",79,193,168,129,87,109,121,92,134,110,65,130
"GENE2123",456,567,761,651,746,1401,997,548,630,992,507,1490
"GENE2124",57,25,31,20,43,37,71,28,38,42,24,41
"GENE2125",49,76,70,39,47,91,66,27,59,41,46,54
"GENE2126",39,21,59,21,63,44,55,38,35,29,33,44
"GENE2127",45,33,36,26,62,58,24,10,36,32,29,15
"GENE2128",31,18,8,28,28,20,22,23,34,24,21,23
"GENE2129",683,496,586,718,676,747,523,722,373,691,796,590
"GENE2130",18,15,17,25,48,32,75,16,26,27,23,39
"GENE2131",107,168,178,156,161,153,154,120,157,122,82,152
"GENE2132",104,126,210,187,82,173,167,130,182,160,82,159
"GENE2133",164,518,360,279,540,562,647,658,409,628,328,314
"GENE2134",295,342,385,187,513,424,391,232,280,190,244,309
"GENE2135",16,13,27,18,24,42,31,26,23,38,16,92
"GENE2136",14,32,30,10,22,39,26,27,24,26,29,20
"GENE2137",6,13,7,15,16,11,14,19,14,16,9,32
"GENE2138",616,602,699,298,865,597,842,518,491,1059,343,479
"GENE2139",32,34,88,41,39,45,72,68,106,38,27,61
"GENE2140",26,48,31,38,30,28,29,33,26,15,45,35
"GENE2141",511,587,735,1080,1112,1008,671,723,609,817,749,1132
"GENE2142",131,179,168,125,88,171,187,154,112,126,100,148
"GENE2143",84,127,115,80,80,87,134,75,183,107,140,161
"GENE2144",7,6,47,25,21,8,12,10,24,5,18,5
"GENE2145",4,13,7,3,8,7,24,5,11,4,1,12
"GENE2146",14,27,50,13,30,26,22,8,47,22,30,19
"GENE2147",20,29,45,29,11,36,37,32,44,17,13,25
"GENE2148",16,30,29,33,25,51,43,11,32,33,16,27
"GENE2149",490,276,384,401,384,754,533,361,227,498,513,402
"GENE2150",24,51,59,46,45,117,56,24,90,44,39,51
"GENE2151",28,32,46,53,48,40,48,34,31,32,19,35
"GENE2152",747,851,683,872,933,1334,1018,668,792,596,341,1189
"GENE2153",52,51,94,51,79,55,178,61,90,57,48,83
"GENE2154",295,519,681,307,639,468,734,638,558,733,382,641
"GENE2155",310,176,377,235,282,363,374,274,342,303,267,437
"GENE2156",35,73,74,43,38,129,53,70,89,87,45,96
"GENE2157",12,21,13,9,12,13,34,11,20,13,11,9
"GENE2158",11,10,10,25,14,13,7,7,8,11,12,8
"GENE2159",125,161,132,88,181,180,178,119,176,302,198,167
"GENE2160",18,47,39,44,54,41,43,20,44,43,14,25
"GENE2161",37,65,102,58,126,77,120,56,62,92,24,99
"GENE2162",183,324,180,76,109,198,186,155,184,273,120,136
"GENE2163",2,4,5,10,5,25,11,3,2,9,5,1
"GENE2164",307,284,307,406,474,389,922,564,595,512,282,714
"GENE2165",9,18,6,6,9,30,31,5,12,7,19,11
"GENE2166",20,16,28,31,25,21,23,56,24,43,16,17
"GENE2167",18,9,15,8,22,6,5,3,24,26,26,19
"GENE2168",63,87,132,62,84,143,90,43,85,75,101,99
"GENE2169",2,5,2,12,18,17,9,10,14,9,2,9
"GENE2170",26,22,53,25,42,76,20,58,27,16,30,57
"GENE2171",23,32,43,42,89,105,89,60,90,35,32,55
"GENE2172",52,129,115,98,120,91,107,42,61,116,89,88
"GENE2173",149,264,223,295,377,473,248,284,245,168,284,362
"GENE2174",40,23,33,36,35,54,49,20,31,27,14,57
"GENE2175",40,27,37,25,24,56,27,7,18,22,22,33
"GENE2176",9,27,31,21,43,43,22,40,22,39,44,26
"GENE2177",13,9,33,8,15,15,20,30,8,36,9,24
"GENE2178",15,8,9,10,10,14,21,3,9,25,28,8
"GENE2179",44,38,70,59,67,62,38,47,48,32,22,28
"GENE2180",62,95,77,53,68,54,94,46,66,77,30,99
"GENE2181",1146,1113,1243,612,942,974,1692,981,1100,1097,816,1162
"GENE2182",482,462,442,582,655,846,618,628,649,543,510,687
"GENE2183",21,25,15,35,43,26,44,30,37,23,23,42
"GENE2184",276,92,194,386,203,319,230,156,167,303,142,286
"GENE2185",58,65,28,34,32,21,45,19,28,70,45,24
"GENE2186",42,30,47,70,53,54,148,37,53,34,42,55
"GENE2187",41,134,66,47,77,81,77,69,41,79,51,91
"GENE2188",416,289,380,357,419,319,730,382,198,401,193,451
"GENE2189",261,534,754,497,1060,675,791,548,237,732,632,778
"GENE2190",578,809,956,715,678,1028,1374,434,624,1167,564,1174
"GENE2191",40,27,41,46,33,66,29,9,45,45,26,65
"GENE2192",655,525,771,475,834,679,805,503,921,629,555,659
"GENE2193",378,950,677,500,1343,1327,786,696,777,541,568,779
"GENE2194",186,173,247,145,224,292,155,163,152,169,288,118
"GENE2195",1,16,12,8,14,22,16,13,11,20,12,23
"GENE2196",179,222,228,175,166,206,134,147,124,232,143,266
"GENE2197",6,16,4,22,9,14,27,18,20,7,6,8
"GENE2198",12,8,13,8,16,18,24,7,3,9,7,15
"GENE2199",1286,902,1391,635,1023,1702,1172,750,857,1406,935,581
"GENE2200",174,140,320,197,212,263,333,186,220,216,176,276
"GENE2201",177,209,337,205,253,329,189,201,233,150,133,223
"GENE2202",138,210,152,164,249,224,223,195,234,223,134,206
"GENE2203",34,26,45,33,51,41,38,9,36,54,27,76
"GENE2204",897,1244,673,408,1184,730,306,1065,900,976,488,1113
"GENE2205",433,759,978,518,751,804,1013,559,835,713,797,673
"GENE2206",73,59,149,68,53,93,72,42,56,78,56,96
"GENE2207",26,34,39,15,55,27,29,23,46,29,26,27
"GENE2208",331,400,505,454,781,468,803,422,332,780,460,563
"GENE2209",5,19,44,15,14,10,8,8,8,7,7,26
"GENE2210",352,476,580,332,338,566,370,698,381,637,434,593
"GENE2211",144,89,161,119,161,300,177,111,155,155,159,217
"GENE2212",32,56,84,37,109,128,84,125,75,97,63,103
"GENE2213",262,487,462,668,647,987,875,493,538,830,726,553
"GENE2214",234,201,187,191,265,268,377,81,162,188,162,387
"GENE2215",23,37,46,49,24,43,28,17,30,21,9,40
"GENE2216",133,178,242,121,260,143,293,223,312,279,171,311
"GENE2217",28,31,9,13,19,37,42,13,23,14,27,22
"GENE2218",644,650,868,270,678,703,747,632,863,391,651,452
"GENE2219",25,28,65,51,33,63,41,27,29,36,35,53
"GENE2220",228,50,100,108,113,273,96,106,164,134,59,231
"GENE2221",18,25,34,20,37,57,31,19,29,32,26,18
"GENE2222",133,66,51,73,58,139,62,74,62,50,42,40
"GENE2223",90,143,154,94,139,269,131,147,173,122,59,179
"GENE2224",330,491,638,511,519,562,629,366,280,607,314,723
"GENE2225",7,18,9,9,3,17,13,9,5,1,14,2
"GENE2226",449,424,412,252,361,277,618,319,380,145,335,502
"GENE2227",53,61,61,65,65,75,122,26,93,98,44,144
"GENE2228",150,235,203,114,415,208,197,136,209,169,154,184
"GENE2229",399,409,628,530,665,749,441,595,577,721,251,593
"GENE2230",736,1066,1635,783,600,1579,1092,844,1051,1137,577,812
"GENE2231",124,121,185,243,151,197,191,167,162,100,122,113
"GENE2232",380,940,858,637,818,895,677,409,561,1219,835,492
"GENE2233",28,43,60,31,97,54,61,52,72,78,57,92
"GENE2234",39,50,26,57,30,108,64,30,25,44,41,37
"GENE2235",42,12,31,37,28,25,72,38,15,25,16,19
"GENE2236",28,48,56,28,55,25,42,21,35,19,23,20
"GENE2237",424,725,674,415,615,544,1105,318,720,771,502,851
"GENE2238",820,1041,648,808,437,970,911,276,973,988,739,1318
"GENE2239",302,394,408,637,696,920,415,421,233,822,380,654
"GENE2240",128,200,256,96,152,164,211,76,169,189,44,201
"GENE2241",210,181,173,106,216,286,186,194,211,267,159,132
"GENE2242",89,166,132,166,116,196,123,57,182,98,90,120
"GENE2243",5,7,5,15,17,12,26,12,21,21,24,11
"GENE2244",32,10,2,15,6,14,7,13,13,11,4,18
"GENE2245",90,106,102,49,75,124,111,80,74,50,48,149
"GENE2246",45,51,91,67,87,154,127,134,102,80,48,77
"GENE2247",117,192,255,148,129,240,122,168,168,153,173,135
"GENE2248",25,33,31,37,68,37,50,38,106,63,49,19
"GENE2249",12,8,5,9,18,9,12,14,33,16,23,27
"GENE2250",2,20,9,1,18,11,7,15,7,0,5,25
"GENE2251",33,58,43,33,54,79,72,37,12,93,36,53
"GENE2252",26,51,50,36,28,28,44,21,30,40,5,35
"GENE2253",215,289,331,210,163,361,385,276,431,420,194,299
"GENE2254",699,621,643,703,531,1060,1500,634,637,735,668,804
"GENE2255",18,23,35,16,39,13,24,12,41,25,29,37
"GENE2256",14,7,13,6,7,13,9,14,9,5,5,11
"GENE2257",9,21,31,13,23,36,29,15,10,13,13,27
"GENE2258",42,25,47,31,50,63,77,33,65,92,30,65
"GENE2259",35,36,47,36,35,81,33,57,55,91,34,50
"GENE2260",258,682,724,411,315,673,361,352,384,575,273,399
"GENE2261",307,127,260,241,301,342,173,159,201,179,149,395
"GENE2262",48,38,19,45,61,42,47,51,39,38,16,23
"GENE2263",40,51,53,68,89,148,110,78,54,55,72,58
"GENE2264",78,38,77,40,53,44,54,87,88,74,41,36
"GENE2265",24,16,43,61,58,61,44,35,24,103,37,34
"GENE2266",558,414,460,388,383,749,482,311,413,578,189,486
"GENE2267",38,136,131,135,165,116,192,184,49,139,113,147
"GENE2268",32,23,34,11,45,41,39,26,16,26,14,60
"GENE2269",35,35,63,56,44,21,36,46,37,60,21,59
"GENE2270",1,6,13,5,5,13,6,14,14,14,5,24
"GENE2271",7,24,19,33,27,34,27,14,49,33,34,4
"GENE2272",28,11,49,22,25,18,39,22,19,23,12,34
"GENE2273",183,110,237,160,240,378,331,149,191,127,180,234
"GENE2274",348,401,453,374,522,516,912,569,567,461,356,481
"GENE2275",4,11,21,11,15,3,11,4,5,6,2,3
"GENE2276",63,37,58,30,109,86,67,68,44,93,59,56
"GENE2277",484,597,622,783,528,1148,1284,650,1096,930,653,795
"GENE2278",234,131,230,187,260,327,318,267,287,141,367,177
"GENE2279",82,101,125,45,80,162,138,96,97,141,76,120
"GENE2280",15,14,18,13,6,29,8,4,18,10,17,33
"GENE2281",126,147,121,147,133,205,309,122,193,197,183,165
"GENE2282",337,221,424,313,581,334,411,350,385,422,224,377
"GENE2283",69,77,40,111,298,185,114,48,86,135,78,104
"GENE2284",166,474,638,187,427,529,665,309,254,397,287,499
"GENE2285",133,100,65,87,171,183,121,78,112,123,114,73
"GENE2286",74,122,97,95,79,197,74,53,51,97,52,67
"GENE2287",17,80,41,60,69,63,39,33,48,108,38,60
"GENE2288",170,208,259,183,254,282,310,217,165,291,163,263
"GENE2289",8,10,13,11,27,8,7,6,5,16,12,8
"GENE2290",95,35,46,47,49,30,83,43,40,29,50,82
"GENE2291",15,23,13,25,21,58,26,31,23,25,12,30
"GENE2292",30,53,37,35,71,74,41,49,60,58,44,58
"GENE2293",858,897,1664,548,1427,1314,927,1377,576,1351,1021,1183
"GENE2294",5,4,23,6,24,12,15,14,22,11,3,10
"GENE2295",814,598,982,741,892,816,835,1075,1142,793,582,805
"GENE2296",278,407,728,467,551,699,558,562,586,490,266,672
"GENE2297",36,82,31,16,28,108,83,29,74,41,42,95
"GENE2298",8,21,46,20,20,32,9,15,18,9,2,31
"GENE2299",16,19,19,28,36,14,18,38,18,8,13,22
"GENE2300",5,5,5,6,5,14,3,1,16,7,16,23
"GENE2301",239,374,702,444,973,491,697,286,747,561,386,737
"GENE2302",934,1455,1660,827,1177,968,1241,1403,723,909,769,1250
"GENE2303",55,70,66,87,51,107,137,63,60,78,132,131
"GENE2304",238,268,335,179,563,314,526,121,329,284,173,451
"GENE2305",15,27,59,68,23,40,23,19,64,51,63,58
"GENE2306",173,324,177,121,247,167,101,125,241,249,107,218
"GENE2307",14,20,41,20,25,34,18,22,33,31,17,23
"GENE2308",2,27,6,23,2,2,1,8,11,8,13,5
"GENE2309",288,273,368,266,435,301,355,378,386,405,170,731
"GENE2310",8,7,14,7,4,9,17,18,0,3,8,5
"GENE2311",20,9,29,34,39,43,15,17,17,40,22,12
"GENE2312",56,79,58,23,40,53,110,78,30,52,28,83
"GENE2313",141,111,92,71,90,161,214,61,128,123,131,121
"GENE2314",287,417,549,386,348,482,554,251,561,451,267,321
"GENE2315",164,344,233,146,219,180,233,189,188,327,177,350
"GENE2316",120,170,116,171,125,234,234,96,208,237,68,184
"GENE2317",467,759,764,439,655,556,986,592,486,1061,382,1114
"GENE2318",12,7,6,12,10,8,7,7,6,9,10,17
"GENE2319",215,257,341,201,147,489,239,213,282,462,189,309
"GENE2320",252,203,398,369,500,307,423,310,281,441,231,509
"GENE2321",23,36,14,25,40,18,49,29,20,54,16,51
"GENE2322",638,628,1073,536,603,1388,1117,682,555,1417,654,1449
"GENE2323",124,229,356,289,311,705,466,245,339,314,216,446
"GENE2324",111,294,292,157,243,269,163,236,212,169,138,195
"GENE2325",236,300,416,373,355,577,313,494,436,240,381,388
"GENE2326",255,229,334,398,432,154,301,294,154,287,160,392
"GENE2327",30,15,32,9,43,31,29,27,9,20,20,37
"GENE2328",5,15,14,8,13,8,19,19,17,29,11,10
"GENE2329",254,288,372,414,331,345,181,340,236,344,202,295
"GENE2330",839,830,1265,444,957,775,945,573,712,895,892,736
"GENE2331",29,35,49,31,68,67,53,25,46,40,27,26
"GENE2332",687,536,621,410,481,930,734,466,664,449,285,773
"GENE2333",580,764,603,569,348,582,672,312,622,1005,492,638
"GENE2334",24,28,16,20,24,43,27,42,23,26,25,60
"GENE2335",11,31,54,18,51,56,21,66,34,20,44,19
"GENE2336",615,705,463,620,1364,1016,540,446,793,658,607,726
"GENE2337",5,4,26,21,12,28,23,21,10,20,16,21
"GENE2338",211,317,366,281,331,481,304,178,385,240,342,455
"GENE2339",13,11,23,25,36,21,43,22,17,16,12,24
"GENE2340",43,27,22,39,43,27,33,26,30,32,11,74
"GENE2341",121,62,76,102,59,80,90,102,115,115,67,133
"GENE2342",12,13,21,25,14,15,34,24,16,43,17,14
"GENE2343",26,67,52,35,59,67,73,27,73,65,26,82
"GENE2344",184,351,240,213,371,212,279,215,238,320,215,384
"GENE2345",4,8,2,2,1,2,6,3,2,0,4,11
"GENE2346",280,256,428,238,386,389,456,142,179,319,231,403
"GENE2347",651,575,1037,803,1124,1119,748,751,922,504,470,1513
"GENE2348",17,24,8,13,22,44,17,24,23,13,3,28
"GENE2349",21,23,16,18,20,16,10,23,9,22,11,34
"GENE2350",529,896,1121,421,791,817,800,569,610,897,907,1286
"GENE2351",120,122,124,123,157,121,201,106,121,274,105,107
"GENE2352",219,281,422,350,450,327,385,294,230,358,310,310
"GENE2353",22,27,27,14,27,51,15,19,13,38,17,30
"GENE2354",4,11,4,6,6,9,11,3,3,9,7,1
"GENE2355",433,300,527,297,592,556,551,399,606,438,370,730
"GENE2356",529,667,812,301,432,999,1073,744,1274,1400,808,855
"GENE2357",823,866,633,1020,932,1424,1153,1164,522,783,693,991
"GENE2358",16,30,51,22,48,25,58,17,46,15,27,46
"GENE2359",22,46,44,38,73,71,58,21,63,47,27,42
"GENE2360",15,33,8,16,15,48,20,21,21,5,0,26
"GENE2361",22,14,21,34,34,40,25,34,21,28,38,47
"GENE2362",133,93,123,59,111,81,163,68,126,207,128,103
"GENE2363",16,18,29,14,37,33,33,35,58,24,23,34
"GENE2364",567,758,466,489,506,702,638,580,582,727,292,693
"GENE2365",116,200,170,130,108,215,132,242,172,233,89,127
"GENE2366",127,159,204,149,143,159,127,142,175,146,104,121
"GENE2367",16,21,24,36,22,39,26,10,20,38,22,21
"GENE2368",211,274,462,105,242,201,173,238,295,210,409,431
"GENE2369",4,9,30,9,8,9,10,6,8,14,9,6
"GENE2370",382,285,669,289,360,393,637,261,283,502,293,702
"GENE2371",21,33,87,30,74,68,48,27,71,24,52,53
"GENE2372",3,17,7,2,9,14,9,2,3,24,11,10
"GENE2373",70,69,94,62,84,98,131,92,54,89,16,135
"GENE2374",7,18,9,11,13,14,14,15,17,12,31,8
"GENE2375",54,250,260,133,411,249,216,100,61,324,150,277
"GENE2376",160,128,249,246,221,183,226,242,136,193,142,137
"GENE2377",7,5,4,8,10,12,7,11,9,8,7,27
"GENE2378",5,3,14,9,13,5,15,3,16,12,6,10
"GENE2379",346,853,349,428,271,350,258,380,334,545,321,383
"GENE2380",36,67,77,53,68,51,106,28,47,59,51,39
"GENE2381",792,1004,1765,413,1508,1118,1208,611,1080,1257,543,938
"GENE2382",266,275,512,274,489,468,353,366,399,272,274,219
"GENE2383",752,1002,1255,819,846,1736,825,948,737,801,575,899
"GENE2384",24,38,30,21,33,19,39,16,14,23,14,38
"GENE2385",750,815,1805,1131,998,1400,1176,1232,865,743,981,944
"GENE2386",17,20,14,5,25,23,20,9,12,33,13,43
"GENE2387",356,461,284,103,192,260,167,167,180,240,154,151
"GENE2388",234,177,243,212,203,193,153,76,207,270,105,213
"GENE2389",45,46,81,53,57,60,80,55,81,87,68,79
"GENE2390",19,46,37,20,48,62,47,11,34,12,31,41
"GENE2391",15,17,16,24,19,23,18,13,19,26,11,30
"GENE2392",222,291,463,142,346,309,271,231,365,210,244,356
"GENE2393",84,174,191,135,284,191,434,92,221,190,90,294
"GENE2394",310,543,505,509,325,492,540,374,467,407,571,552
"GENE2395",23,11,21,34,26,13,42,12,53,27,10,16
"GENE2396",33,36,20,43,16,24,33,15,12,23,22,31
"GENE2397",258,471,466,377,399,804,365,322,526,372,399,454
"GENE2398",18,4,14,5,9,10,16,8,9,6,4,9
"GENE2399",702,763,1680,880,1595,1258,1749,860,617,1480,604,1540
"GENE2400",136,122,137,156,103,97,217,178,202,144,178,180
"GENE2401",27,40,42,17,38,29,41,37,29,41,23,19
"GENE2402",175,210,212,252,296,177,242,246,112,283,220,183
"GENE2403",142,222,231,181,248,197,283,239,138,193,160,85
"GENE2404",10,22,15,16,6,24,14,5,13,12,8,4
"GENE2405",349,705,740,503,518,768,542,863,532,631,393,816
"GENE2406",12,6,28,30,30,37,14,13,24,2,20,25
"GENE2407",530,694,724,786,724,753,1191,681,810,829,562,1155
"GENE2408",604,891,842,652,1129,1960,802,1031,909,1130,973,692
"GENE2409",15,23,14,8,18,15,23,12,21,26,9,13
"GENE2410",36,67,27,9,32,36,36,50,28,36,26,36
"GENE2411",133,358,215,142,225,334,271,131,237,253,125,285
"GENE2412",55,66,31,31,26,83,28,22,33,27,43,24
"GENE2413",16,49,36,59,102,93,41,40,43,65,48,32
"GENE2414",185,154,208,100,365,221,207,166,159,193,234,282
"GENE2415",58,59,83,56,89,76,83,86,105,24,50,47
"GENE2416",76,148,77,118,76,165,91,125,163,222,125,114
"GENE2417",52,57,55,71,90,63,72,24,49,55,44,91
"GENE2418",89,144,88,57,113,136,176,75,73,146,37,66
"GENE2419",31,41,58,34,52,120,85,68,73,99,43,53
"GENE2420",16,18,20,6,22,12,13,10,6,21,14,6
"GENE2421",32,35,38,13,35,34,55,24,24,30,11,49
"GENE2422",72,50,82,120,32,154,98,84,60,81,72,106
"GENE2423",888,831,882,935,1349,1824,1226,345,1120,1235,507,827
"GENE2424",1,10,5,6,3,10,17,16,16,15,4,9
"GENE2425",240,256,260,253,210,222,333,153,201,157,203,463
"GENE2426",324,397,343,220,434,416,527,436,472,399,197,424
"GENE2427",20,7,14,19,18,27,11,12,5,12,8,12
"GENE2428",967,582,921,726,541,1194,1005,846,590,1187,988,1098
"GENE2429",26,19,11,14,5,11,9,13,16,14,25,7
"GENE2430",11,3,10,18,9,18,4,12,6,3,3,17
"GENE2431",434,964,485,779,605,1657,740,570,738,693,533,469
"GENE2432",494,782,642,694,914,824,574,447,566,1002,783,1164
"GENE2433",234,644,1262,748,634,894,868,732,653,823,469,797
"GENE2434",184,117,381,245,218,329,357,173,202,209,144,249
"GENE2435",10,21,46,19,30,43,26,18,20,15,18,29
"GENE2436",7,16,10,8,13,28,10,8,8,20,7,10
"GENE2437",461,674,774,534,1137,795,887,1062,975,558,494,1085
"GENE2438",166,182,202,272,233,273,190,162,220,189,158,443
"GENE2439",523,1134,1039,413,737,1072,641,562,797,989,812,750
"GENE2440",95,100,66,75,137,138,81,37,95,44,81,119
"GENE2441",30,33,12,13,30,37,63,15,15,20,10,33
"GENE2442",25,66,38,58,41,24,50,36,47,42,38,95
"GENE2443",143,557,746,614,851,807,451,716,370,927,482,712
"GENE2444",9,11,18,1,9,19,14,25,8,3,13,19
"GENE2445",140,263,203,185,110,211,251,350,155,119,124,250
"GENE2446",162,398,214,370,240,430,580,212,176,241,162,425
"GENE2447",37,15,15,22,26,33,19,11,14,26,30,19
"GENE2448",51,74,59,59,111,106,55,57,67,86,27,126
"GENE2449",33,96,90,98,66,86,65,89,86,47,45,155
"GENE2450",98,161,218,136,182,242,199,165,142,115,121,239
"GENE2451",11,27,29,44,15,36,50,27,51,20,36,22
"GENE2452",17,96,43,42,59,74,76,33,29,64,55,111
"GENE2453",209,507,497,543,482,317,336,424,254,410,538,458
"GENE2454",27,8,29,10,28,9,19,25,4,10,14,15
"GENE2455",97,62,165,160,263,115,104,104,113,158,123,172
"GENE2456",37,56,41,49,39,43,32,31,41,45,16,30
"GENE2457",5,45,55,40,77,88,40,60,40,65,21,80
"GENE2458",148,175,279,222,238,222,168,221,133,288,141,193
"GENE2459",32,26,53,48,38,58,49,70,37,28,41,64
"GENE2460",6,19,28,13,11,12,3,10,3,12,5,22
"GENE2461",310,337,231,152,358,392,368,261,228,292,169,229
"GENE2462",9,11,14,27,15,14,17,38,16,15,3,9
"GENE2463",13,62,26,11,32,62,55,19,54,49,19,34
"GENE2464",224,113,156,129,246,243,209,197,121,245,96,168
"GENE2465",72,60,94,65,75,32,95,70,120,107,55,154
"GENE2466",489,421,561,848,760,600,879,361,641,720,414,496
"GENE2467",78,126,250,109,235,190,226,212,117,163,160,155
"GENE2468",159,238,259,205,131,169,226,253,153,271,225,271
"GENE2469",47,109,82,47,64,109,77,58,92,76,46,112
"GENE2470",304,447,508,257,560,571,243,478,559,716,376,559
"GENE2471",64,115,143,138,101,157,149,100,138,142,90,99
"GENE2472",86,69,35,37,69,98,113,23,105,44,59,60
"GENE2473",98,97,176,94,135,242,211,109,174,110,90,169
"GENE2474",23,29,26,46,24,34,68,50,33,70,46,72
"GENE2475",15,26,87,36,34,57,33,26,26,37,27,41
"GENE2476",633,838,1998,531,1137,980,1220,1147,871,1436,348,1082
"GENE2477",102,160,194,127,154,148,116,125,143,129,85,135
"GENE2478",5,3,28,15,7,2,9,10,3,13,11,5
"GENE2479",108,228,412,182,238,334,291,444,235,232,187,109
"GENE2480",148,150,106,93,58,121,200,101,163,149,63,108
"GENE2481",161,316,299,191,228,240,429,362,152,184,228,535
"GENE2482",366,427,336,493,378,482,489,194,297,349,209,653
"GENE2483",14,20,30,11,22,34,31,18,28,11,13,28
"GENE2484",61,49,35,55,126,53,74,89,114,68,63,125
"GENE2485",86,112,159,97,173,110,238,100,99,249,80,207
"GENE2486",135,164,117,124,164,102,104,129,183,115,36,189
"GENE2487",55,50,93,98,100,116,137,64,179,138,64,97
"GENE2488",512,774,1430,1096,774,862,1095,1000,569,1197,498,752
"GENE2489",88,150,86,77,48,111,182,89,66,82,81,91
"GENE2490",6,4,11,12,19,10,10,13,3,9,7,23
"GENE2491",599,1953,854,950,1319,1104,784,704,1389,897,947,697
"GENE2492",264,417,491,290,204,376,281,371,239,311,283,573
"GENE2493",13,5,16,16,10,18,10,12,16,10,11,15
"GENE2494",142,312,234,184,306,221,215,202,108,205,140,312
"GENE2495",75,116,159,29,52,122,76,104,68,123,130,123
"GENE2496",51,167,119,314,287,127,167,98,188,172,77,195
"GENE2497",14,6,3,10,2,2,16,9,5,11,10,10
"GENE2498",13,12,18,3,15,14,19,23,11,15,11,14
"GENE2499",8,17,28,32,38,34,23,25,23,14,25,18
"GENE2500",104,184,247,101,129,358,167,138,153,158,285,251
"GENE2501",17,29,40,24,37,71,42,25,13,58,47,11
"GENE2502",35,48,46,52,29,41,34,47,33,9,18,44
"GENE2503",52,101,90,83,88,95,143,71,122,84,60,39
"GENE2504",38,42,152,64,60,81,131,60,85,73,111,66
"GENE2505",117,125,121,123,208,177,167,159,138,193,105,92
"GENE2506",488,519,1079,558,641,669,708,421,262,505,544,460
"GENE2507",53,34,49,38,24,46,31,70,27,80,60,35
"GENE2508",162,178,120,64,193,210,203,137,195,160,210,85
"GENE2509",6,11,24,4,2,27,11,11,15,1,18,3
"GENE2510",49,45,47,16,33,32,45,23,8,13,14,13
"GENE2511",26,30,28,22,38,35,11,31,30,20,7,44
"GENE2512",487,164,557,274,646,627,453,362,722,465,324,641
"GENE2513",22,17,15,12,19,15,38,29,23,29,17,24
"GENE2514",6,9,7,19,12,14,19,6,10,15,7,27
"GENE2515",10,9,13,5,4,8,3,12,22,14,18,9
"GENE2516",164,119,117,102,142,420,209,177,112,168,90,255
"GENE2517",295,407,738,245,318,398,352,337,423,435,189,348
"GENE2518",28,71,69,43,57,55,64,48,30,53,15,37
"GENE2519",51,175,158,134,118,135,110,144,119,100,46,170
"GENE2520",11,17,46,7,18,20,27,8,20,18,14,23
"GENE2521",248,425,430,439,344,532,414,249,273,484,460,545
"GENE2522",18,22,37,23,12,34,17,16,38,32,32,23
"GENE2523",905,655,1024,1009,832,1003,1167,1040,956,1625,1260,1426
"GENE2524",116,236,201,147,175,251,185,75,124,101,121,211
"GENE2525",100,116,110,101,234,214,191,107,97,106,72,106
"GENE2526",379,299,380,210,297,386,249,353,305,336,238,300
"GENE2527",623,857,849,920,1215,1062,1029,848,913,932,720,1442
"GENE2528",650,885,1130,737,998,1608,949,835,778,660,669,583
"GENE2529",60,123,170,117,122,209,162,125,147,250,137,268
"GENE2530",43,91,40,45,36,41,87,56,73,44,45,66
"GENE2531",8,13,13,10,1,26,4,20,19,5,25,27
"GENE2532",37,39,22,18,30,29,38,28,47,46,32,59
"GENE2533",17,28,42,5,25,28,16,18,24,32,23,42
"GENE2534",551,471,486,492,596,945,1071,385,256,478,351,468
"GENE2535",1097,636,1113,815,1195,1537,1666,1224,992,1335,701,837
"GENE2536",17,13,30,20,20,37,14,41,27,19,9,28
"GENE2537",244,447,542,281,393,332,642,301,440,507,199,305
"GENE2538",26,12,21,20,31,8,15,35,24,39,22,30
"GENE2539",660,602,499,320,279,883,676,181,519,881,694,442
"GENE2540",7,21,27,9,25,18,25,13,17,14,9,40
"GENE2541",142,151,231,301,230,250,363,166,192,143,162,308
"GENE2542",14,27,53,25,27,57,31,16,39,49,30,23
"GENE2543",20,69,46,44,43,56,59,58,36,32,32,53
"GENE2544",24,10,33,14,31,43,38,17,21,43,27,37
"GENE2545",222,260,288,267,422,266,274,298,308,274,110,227
"GENE2546",6,15,17,2,10,25,9,6,4,14,17,30
"GENE2547",6,12,26,27,18,9,17,11,15,15,26,10
"GENE2548",628,1345,1179,453,1449,920,1230,991,1272,1262,673,841
"GENE2549",30,39,24,41,45,41,32,14,25,25,14,60
"GENE2550",11,23,40,17,13,18,24,15,28,15,9,42
"GENE2551",36,20,35,29,81,32,96,73,36,50,38,90
"GENE2552",192,570,705,397,323,532,642,490,306,442,272,584
"GENE2553",173,182,169,186,246,370,260,153,124,147,154,308
"GENE2554",26,59,30,77,89,69,69,53,29,81,27,59
"GENE2555",365,681,416,479,816,518,413,540,426,548,475,563
"GENE2556",16,97,21,23,40,49,45,23,22,22,47,25
"GENE2557",348,468,387,423,431,417,352,445,327,341,387,444
"GENE2558",55,51,122,127,135,144,70,79,68,62,110,42
"GENE2559",35,68,63,43,51,50,73,22,36,59,30,84
"GENE2560",7,14,2,5,12,26,11,8,8,9,12,24
"GENE2561",118,35,114,53,105,66,54,68,121,83,43,113
"GENE2562",107,112,193,196,176,174,244,144,288,280,187,281
"GENE2563",218,239,348,189,286,344,325,269,255,425,211,397
"GENE2564",42,26,27,36,26,29,27,43,39,28,36,35
"GENE2565",22,9,9,8,8,23,22,7,16,11,7,26
"GENE2566",93,276,135,148,245,224,273,255,232,296,152,492
"GENE2567",12,15,16,6,3,10,14,4,13,20,21,36
"GENE2568",10,11,11,3,8,24,10,9,11,17,9,15
"GENE2569",466,345,388,190,854,943,762,377,300,536,274,556
"GENE2570",72,94,66,75,78,102,110,56,94,102,31,52
"GENE2571",171,313,607,587,372,234,222,189,307,568,204,574
"GENE2572",79,137,131,164,262,324,161,64,188,163,168,189
"GENE2573",160,168,178,132,109,162,121,125,52,101,74,106
"GENE2574",19,9,26,5,4,7,27,2,10,5,3,7
"GENE2575",186,108,281,141,189,217,195,255,155,172,122,159
"GENE2576",11,42,39,39,14,61,46,19,12,5,12,22
"GENE2577",658,971,1429,875,1002,1530,909,610,894,891,921,907
"GENE2578",139,121,106,172,98,107,68,108,152,82,92,126
"GENE2579",44,59,65,78,72,79,38,48,81,74,76,78
"GENE2580",7,18,13,10,17,37,57,35,16,30,32,20
"GENE2581",373,168,502,301,331,549,292,244,401,287,265,640
"GENE2582",785,975,1109,800,632,1493,1039,1076,801,1197,512,813
"GENE2583",193,193,183,391,298,337,319,315,141,268,232,224
"GENE2584",18,13,25,24,16,30,16,22,18,14,15,18
"GENE2585",41,29,41,67,24,72,56,44,70,41,57,44
"GENE2586",353,254,251,399,797,300,455,188,304,750,334,410
"GENE2587",100,59,198,80,98,153,144,48,108,95,74,95
"GENE2588",578,1115,978,884,1198,1784,1501,871,1273,883,595,795
"GENE2589",2,10,1,9,8,6,12,9,4,7,2,14
"GENE2590",13,7,15,6,9,13,23,28,34,15,20,10
"GENE2591",317,372,426,355,572,552,669,261,441,479,178,539
"GENE2592",39,30,66,9,21,58,48,29,32,49,21,39
"GENE2593",173,157,209,151,264,489,335,182,128,309,117,329
"GENE2594",158,346,187,285,246,288,191,235,381,538,229,234
"GENE2595",22,38,39,43,57,66,60,17,34,50,59,79
"GENE2596",32,17,41,34,64,38,43,12,51,116,30,50
"GENE2597",67,77,189,204,203,281,131,88,87,175,81,202
"GENE2598",242,195,502,427,409,406,253,461,382,714,300,599
"GENE2599",683,862,790,604,956,942,1201,703,637,856,774,1050
"GENE2600",244,331,1068,426,504,496,732,279,268,645,447,626
"GENE2601",67,71,111,228,91,189,120,45,80,76,74,203
"GENE2602",660,415,903,537,494,428,476,814,531,538,669,837
"GENE2603",82,77,54,96,107,146,53,77,83,25,71,78
"GENE2604",80,135,100,116,91,97,180,126,118,198,86,198
"GENE2605",22,19,49,32,18,24,39,23,19,35,49,35
"GENE2606",316,273,175,192,235,382,465,288,196,354,262,353
"GENE2607",20,4,16,17,28,37,29,17,14,10,6,24
"GENE2608",3,32,10,9,4,13,26,18,26,9,12,9
"GENE2609",246,196,292,295,113,200,285,235,260,224,99,414
"GENE2610",132,51,101,81,224,179,156,76,164,99,148,135
"GENE2611",250,115,129,194,188,149,150,96,91,125,119,139
"GENE2612",21,15,19,5,6,10,39,13,4,25,3,11
"GENE2613",224,264,356,262,276,494,339,603,521,229,221,306
"GENE2614",215,358,493,165,211,425,228,315,246,158,222,351
"GENE2615",167,390,240,269,250,209,296,202,197,418,213,176
"GENE2616",173,425,349,338,312,436,298,391,332,463,236,208
"GENE2617",50,79,59,28,96,82,49,30,47,80,58,95
"GENE2618",584,644,657,465,458,454,1045,479,572,737,725,637
"GENE2619",10,10,14,15,14,14,25,21,23,14,9,26
"GENE2620",22,36,56,23,47,24,50,41,42,45,14,25
"GENE2621",161,198,395,154,213,228,337,224,334,264,156,358
"GENE2622",82,30,128,51,43,99,74,46,133,50,81,80
"GENE2623",574,695,828,1041,672,896,1009,583,448,826,415,777
"GENE2624",582,581,517,497,425,616,455,610,667,462,266,416
"GENE2625",7,15,19,31,13,19,17,12,23,34,28,42
"GENE2626",423,696,681,673,1117,732,633,1291,1372,657,575,1406
"GENE2627",757,609,1427,987,1158,1356,758,648,707,1379,804,1000
"GENE2628",587,1107,1033,1469,1348,696,624,1015,809,482,984,1230
"GENE2629",8,11,3,7,8,7,15,13,10,5,8,11
"GENE2630",40,27,39,22,44,58,33,40,54,68,18,52
"GENE2631",232,410,335,239,336,490,482,288,465,411,132,177
"GENE2632",89,90,104,116,171,112,99,43,84,103,87,71
"GENE2633",20,4,2,9,2,7,5,9,27,15,7,22
"GENE2634",72,68,80,45,96,150,96,78,70,111,43,68
"GENE2635",18,17,10,15,21,15,14,15,16,43,22,37
"GENE2636",11,9,22,16,7,49,16,10,17,16,18,19
"GENE2637",8,21,1,4,14,17,7,22,9,11,4,20
"GENE2638",167,162,238,187,124,315,283,155,257,238,203,208
"GENE2639",291,154,237,94,292,234,262,225,305,204,92,300
"GENE2640",1,14,13,12,15,15,6,9,12,16,3,33
"GENE2641",69,97,87,75,68,52,123,65,80,52,98,93
"GENE2642",10,4,2,10,13,8,9,15,11,11,21,10
"GENE2643",178,336,340,238,251,399,395,253,234,256,279,441
"GENE2644",4,5,8,5,10,9,11,5,7,9,6,9
"GENE2645",31,61,45,52,43,52,59,42,75,77,41,55
"GENE2646",17,24,35,25,37,45,4,13,13,36,12,15
"GENE2647",23,33,37,33,75,87,61,40,35,38,34,62
"GENE2648",39,51,62,34,52,27,67,54,70,53,31,39
"GENE2649",65,62,102,26,28,85,68,78,33,55,62,113
"GENE2650",21,17,27,24,11,30,22,24,28,34,24,33
"GENE2651",13,20,23,17,28,32,24,7,9,42,8,19
"GENE2652",259,275,394,306,399,584,382,343,364,492,161,365
"GENE2653",112,144,198,105,384,139,175,160,236,129,123,163
"GENE2654",80,75,94,41,83,71,87,73,49,73,25,91
"GENE2655",807,890,1166,745,928,1155,1062,950,1111,1185,863,711
"GENE2656",88,140,127,155,222,135,203,156,142,145,94,129
"GENE2657",10,28,30,30,21,30,22,25,48,26,6,30
"GENE2658",6,21,35,27,40,36,36,13,37,17,18,32
"GENE2659",501,330,826,462,363,824,682,683,740,398,373,1171
"GENE2660",470,550,378,380,768,472,833,650,704,617,486,525
"GENE2661",468,390,489,324,461,517,362,396,635,369,471,664
"GENE2662",132,164,133,180,162,289,128,145,102,120,111,165
"GENE2663",385,1151,695,573,1269,1348,974,941,792,966,811,1538
"GENE2664",123,291,90,171,175,146,149,207,148,156,143,248
"GENE2665",1,19,10,7,1,10,17,10,13,18,4,11
"GENE2666",23,14,32,24,32,38,13,36,22,25,31,30
"GENE2667",12,5,16,17,15,30,16,13,7,28,11,22
"GENE2668",13,32,9,7,18,30,19,9,11,15,22,11
"GENE2669",74,132,133,123,167,201,142,129,127,178,141,213
"GENE2670",67,85,104,49,120,108,163,70,114,62,60,113
"GENE2671",24,48,59,28,37,94,35,49,64,25,71,99
"GENE2672",125,89,116,181,197,143,168,88,156,94,129,176
"GENE2673",16,25,19,10,32,58,46,20,9,49,21,27
"GENE2674",1362,689,898,611,1084,517,1000,649,1407,642,691,936
"GENE2675",5,5,5,5,12,16,22,3,12,13,3,11
"GENE2676",147,174,141,75,144,121,100,104,182,193,161,143
"GENE2677",131,89,107,85,116,128,162,81,80,114,87,122
"GENE2678",49,51,96,91,109,189,101,47,62,62,29,98
"GENE2679",567,801,815,616,925,854,682,711,1015,337,505,1037
"GENE2680",43,74,133,194,88,129,150,99,117,68,40,75
"GENE2681",71,171,180,168,227,159,156,138,148,284,101,128
"GENE2682",119,123,180,129,384,180,302,118,166,119,184,156
"GENE2683",212,303,334,163,241,587,429,255,256,324,111,483
"GENE2684",396,576,514,321,552,115,555,291,453,292,310,269
"GENE2685",30,20,26,16,39,34,27,19,35,26,27,39
"GENE2686",45,58,127,74,110,65,118,45,66,90,49,80
"GENE2687",3,8,6,13,6,3,31,1,4,10,7,15
"GENE2688",238,267,598,286,379,335,419,334,365,440,241,374
"GENE2689",403,348,719,241,179,638,808,391,501,479,386,432
"GENE2690",254,855,677,402,954,899,476,875,708,934,687,697
"GENE2691",13,26,33,46,44,78,68,47,40,71,34,47
"GENE2692",74,165,184,100,99,91,187,77,85,119,72,127
"GENE2693",249,333,399,191,168,410,308,326,296,252,228,457
"GENE2694",284,246,133,378,255,348,191,167,339,342,257,338
"GENE2695",5,3,8,12,24,6,5,7,7,5,10,17
"GENE2696",33,23,33,26,16,60,42,16,16,39,31,23
"GENE2697",497,653,962,574,471,1099,404,325,287,494,560,774
"GENE2698",127,154,131,115,305,112,113,155,65,160,131,160
"GENE2699",7,25,60,13,49,36,45,55,30,18,27,30
"GENE2700",12,14,8,7,36,36,21,5,23,18,4,11
"GENE2701",10,6,7,11,4,20,17,11,9,4,2,7
"GENE2702",74,134,165,101,96,75,159,65,144,190,86,136
"GENE2703",18,26,34,35,9,34,33,8,38,39,10,25
"GENE2704",187,107,352,153,257,281,182,99,114,153,214,206
"GENE2705",6,29,14,23,7,12,1,24,5,1,1,12
"GENE2706",9,24,24,23,13,39,8,10,22,18,14,21
"GENE2707",42,15,22,12,27,31,25,30,12,58,22,27
"GENE2708",89,88,158,151,127,197,128,60,124,168,162,105
"GENE2709",87,122,64,80,61,147,81,47,61,80,72,109
"GENE2710",139,266,136,175,177,190,214,129,240,121,151,127
"GENE2711",158,363,353,225,299,365,422,200,347,436,215,372
"GENE2712",3,16,11,4,11,14,4,15,5,22,8,20
"GENE2713",284,633,1168,642,924,610,963,637,615,674,658,784
"GENE2714",331,284,223,240,353,388,325,322,287,416,302,349
"GENE2715",258,387,584,237,488,682,331,274,471,315,335,518
"GENE2716",8,8,7,3,2,6,16,3,11,11,2,17
"GENE2717",636,954,993,1538,629,962,958,649,1068,497,587,1221
"GENE2718",323,223,410,143,270,253,188,110,230,245,141,361
"GENE2719",6,6,7,7,7,13,15,13,9,5,8,11
"GENE2720",10,12,12,2,5,27,2,11,6,9,15,11
"GENE2721",123,98,162,181,218,160,269,240,201,189,143,248
"GENE2722",626,577,346,168,391,567,517,353,323,550,444,562
"GENE2723",262,592,409,391,490,377,660,230,319,335,473,386
"GENE2724",40,108,101,70,137,71,184,99,78,117,103,69
"GENE2725",7,16,24,4,13,10,7,3,7,12,9,1
"GENE2726",169,89,146,109,96,190,135,104,90,69,105,122
"GENE2727",165,105,252,175,133,285,236,153,172,186,168,139
"GENE2728",165,439,254,154,231,475,367,252,184,302,150,264
"GENE2729",236,224,113,208,186,453,211,205,178,283,321,249
"GENE2730",61,71,119,93,146,142,223,67,124,186,111,142
"GENE2731",52,58,71,83,111,93,122,55,70,83,72,48
"GENE2732",70,21,55,19,62,100,85,61,56,77,60,57
"GENE2733",62,21,54,39,88,67,51,48,55,64,23,32
"GENE2734",2,5,19,2,9,22,25,11,2,5,4,8
"GENE2735",508,940,1379,682,583,1193,950,538,924,1244,958,1034
"GENE2736",64,97,97,92,95,123,67,115,117,120,49,92
"GENE2737",623,296,826,791,533,777,613,553,409,810,621,757
"GENE2738",146,106,133,126,178,214,221,93,93,138,104,371
"GENE2739",2,4,24,4,12,26,15,6,22,19,11,5
"GENE2740",12,44,25,37,28,36,61,20,23,21,19,30
"GENE2741",33,36,61,43,84,49,70,23,56,67,42,70
"GENE2742",202,260,274,301,228,399,241,266,354,311,206,491
"GENE2743",347,675,603,596,521,839,770,514,1018,730,362,1090
"GENE2744",625,1200,1223,622,1010,977,840,937,942,674,957,805
"GENE2745",294,478,532,276,698,914,486,715,483,422,457,672
"GENE2746",16,34,50,24,55,79,29,21,23,29,16,21
"GENE2747",21,20,63,47,22,35,48,19,74,31,12,68
"GENE2748",334,429,389,535,548,494,383,559,616,1161,411,244
"GENE2749",158,156,246,76,97,261,359,174,310,193,90,305
"GENE2750",91,182,145,48,149,156,150,83,90,154,59,99
"GENE2751",138,134,178,130,139,146,164,182,224,274,142,211
"GENE2752",64,70,164,59,49,113,72,89,106,86,21,61
"GENE2753",182,342,468,223,356,235,478,252,451,297,187,482
"GENE2754",512,588,640,432,223,539,486,374,381,428,465,508
"GENE2755",21,81,41,23,34,38,35,20,30,44,9,58
"GENE2756",101,120,166,77,122,145,107,65,72,100,65,193
"GENE2757",170,230,244,356,248,417,196,115,215,186,172,539
"GENE2758",444,313,686,310,621,715,496,715,550,466,208,794
"GENE2759",60,140,50,52,97,18,67,68,61,126,19,80
"GENE2760",5,30,23,20,30,30,12,6,22,9,4,18
"GENE2761",3,3,13,14,7,0,22,3,19,7,12,2
"GENE2762",399,875,1853,679,1071,1145,1456,1040,515,1119,558,1689
"GENE2763",159,157,208,91,121,191,186,245,112,184,91,184
"GENE2764",78,211,179,94,212,156,139,98,161,104,125,67
"GENE2765",6,14,15,57,26,37,12,22,23,32,17,68
"GENE2766",17,17,37,20,35,23,54,13,30,17,10,15
"GENE2767",997,904,975,891,857,1307,772,760,525,1528,1072,1244
"GENE2768",39,117,125,55,58,88,161,81,38,127,48,64
"GENE2769",32,21,24,16,12,20,40,18,12,30,26,20
"GENE2770",344,964,787,661,1150,710,884,1063,1091,1068,648,997
"GENE2771",14,14,7,4,10,16,9,7,27,45,9,39
"GENE2772",18,8,11,19,27,20,17,15,7,23,12,18
"GENE2773",392,826,550,436,265,435,475,378,330,423,440,567
"GENE2774",313,297,208,208,182,139,162,220,282,254,203,381
"GENE2775",456,385,645,460,851,653,489,659,731,518,582,474
"GENE2776",6,22,22,23,4,10,6,14,9,22,23,16
"GENE2777",800,1235,2199,722,1485,1744,1567,819,1033,1293,801,1516
"GENE2778",921,873,993,608,953,728,488,582,370,481,659,878
"GENE2779",78,154,167,95,176,142,101,61,72,88,114,92
"GENE2780",13,29,61,31,23,45,17,3,14,25,5,28
"GENE2781",50,87,83,44,70,149,124,67,86,143,49,141
"GENE2782",234,302,476,432,352,464,463,466,334,336,317,601
"GENE2783",328,637,1010,544,701,404,474,405,931,475,377,789
"GENE2784",17,31,58,46,51,42,24,20,28,63,11,70
"GENE2785",40,25,67,39,45,43,66,71,73,45,34,73
"GENE2786",1,9,7,5,6,10,14,16,8,11,9,12
"GENE2787",16,12,38,36,25,16,25,24,17,45,14,42
"GENE2788",286,338,547,303,203,429,393,286,237,499,273,431
"GENE2789",984,1275,707,834,740,1427,696,815,650,1620,769,809
"GENE2790",776,647,2125,1025,1175,2160,1222,737,1330,1133,848,1371
"GENE2791",139,228,371,214,322,308,404,277,124,223,144,351
"GENE2792",9,29,11,15,6,17,19,29,6,15,33,14
"GENE2793",169,159,226,156,108,81,215,215,169,236,143,214
"GENE2794",561,910,1038,1130,1508,759,703,554,668,962,869,1076
"GENE2795",157,255,299,175,170,377,137,164,187,182,113,350
"GENE2796",17,28,15,22,43,27,27,26,63,13,21,32
"GENE2797",20,30,125,24,52,57,39,26,21,37,31,25
"GENE2798",38,53,38,46,76,40,33,34,62,85,55,97
"GENE2799",107,146,213,121,117,167,342,165,266,123,134,264
"GENE2800",306,419,598,311,299,337,473,500,526,778,451,373
"GENE2801",762,666,621,474,790,562,1239,449,909,1272,599,768
"GENE2802",194,147,344,186,312,209,295,163,143,174,188,468
"GENE2803",180,117,150,165,128,286,293,161,159,81,204,313
"GENE2804",815,394,1264,560,725,479,1089,306,1135,595,546,905
"GENE2805",36,33,63,55,79,126,34,67,44,28,24,59
"GENE2806",14,10,3,23,2,22,5,17,8,12,16,19
"GENE2807",152,136,232,143,181,158,396,140,232,94,113,409
"GENE2808",29,30,47,22,45,89,51,30,25,44,40,26
"GENE2809",19,67,20,31,56,70,62,42,75,47,22,36
"GENE2810",113,147,160,127,72,80,183,48,109,157,63,137
"GENE2811",280,163,888,501,641,765,716,480,773,457,239,731
"GENE2812",7,8,14,13,14,10,26,7,4,10,3,6
"GENE2813",3,16,7,4,8,20,23,3,6,3,4,10
"GENE2814",201,480,394,367,291,1147,609,345,364,243,278,679
"GENE2815",11,13,34,4,13,11,14,8,4,11,9,19
"GENE2816",10,17,18,14,14,8,20,8,8,8,8,7
"GENE2817",48,26,39,71,54,30,63,29,22,36,28,26
"GENE2818",218,353,651,288,438,392,579,267,424,410,226,523
"GENE2819",941,812,1078,914,1148,1240,1291,677,1054,848,999,728
"GENE2820",31,50,38,35,38,44,23,9,49,38,38,26
"GENE2821",28,5,22,7,10,35,52,25,15,16,25,11
"GENE2822",30,21,41,1,38,23,18,35,20,11,49,30
"GENE2823",21,82,61,22,42,115,20,19,35,35,17,51
"GENE2824",245,241,282,123,218,249,107,122,252,184,190,147
"GENE2825",8,14,15,2,7,10,16,11,14,6,4,25
"GENE2826",3,4,6,8,9,28,13,14,18,9,8,10
"GENE2827",89,131,172,134,108,182,76,85,93,134,153,189
"GENE2828",85,174,176,56,106,129,182,83,198,115,116,201
"GENE2829",15,6,38,11,25,12,8,11,10,8,27,14
"GENE2830",60,74,79,38,31,183,84,86,79,155,42,143
"GENE2831",8,24,11,6,11,23,8,25,19,3,8,10
"GENE2832",583,495,488,477,612,1149,502,576,349,303,427,449
"GENE2833",335,265,503,545,385,525,363,756,550,763,263,769
"GENE2834",816,764,1070,645,772,2043,1340,570,1439,609,953,543
"GENE2835",5,24,22,35,33,13,21,19,23,24,22,39
"GENE2836",79,75,142,52,104,131,141,57,39,81,86,109
"GENE2837",14,8,6,8,5,11,5,7,4,8,11,2
"GENE2838",53,62,54,49,52,31,66,31,37,33,50,53
"GENE2839",7,8,19,27,17,20,13,8,32,14,3,10
"GENE2840",1016,924,662,928,975,378,1186,1097,729,625,337,470
"GENE2841",566,679,1134,636,868,486,987,352,499,422,602,920
"GENE2842",73,92,142,61,171,133,96,89,61,64,68,142
"GENE2843",857,636,758,516,577,1276,340,435,699,1426,471,1170
"GENE2844",62,70,129,104,151,90,105,86,141,82,44,147
"GENE2845",74,88,62,67,110,54,68,59,67,73,46,75
"GENE2846",294,255,438,93,338,476,390,292,333,230,263,216
"GENE2847",21,47,50,36,46,46,27,55,36,30,19,50
"GENE2848",247,328,439,476,539,575,421,444,376,451,327,421
"GENE2849",3,4,25,3,9,12,16,14,8,8,8,7
"GENE2850",7,11,11,8,6,6,3,12,1,20,7,5
"GENE2851",428,409,524,857,1004,1460,821,690,1151,1206,572,1208
"GENE2852",7,11,4,14,9,8,26,3,9,22,9,14
"GENE2853",638,723,938,482,683,778,749,391,549,421,514,383
"GENE2854",13,29,67,19,11,54,33,27,38,41,19,42
"GENE2855",19,36,28,14,8,36,16,22,9,18,13,31
"GENE2856",23,23,63,53,64,41,62,25,41,33,22,48
"GENE2857",112,351,400,179,257,146,168,232,174,91,105,115
"GENE2858",19,37,77,41,44,53,46,47,34,50,30,26
"GENE2859",7,8,10,6,11,13,3,8,7,10,5,12
"GENE2860",92,77,223,130,157,194,132,157,114,49,65,136
"GENE2861",51,125,205,97,139,294,181,147,74,152,131,98
"GENE2862",168,82,235,169,106,271,295,193,149,119,157,292
"GENE2863",14,39,12,22,40,17,19,9,15,15,13,29
"GENE2864",23,19,32,6,15,50,25,19,31,9,14,37
"GENE2865",17,87,49,25,71,116,56,61,57,82,27,38
"GENE2866",14,3,9,7,2,10,25,7,7,26,11,17
"GENE2867",359,220,761,529,570,320,570,328,352,435,484,598
"GENE2868",95,113,177,141,164,162,160,118,98,115,56,183
"GENE2869",79,278,278,216,241,223,520,150,264,236,119,251
"GENE2870",125,306,241,237,293,313,240,197,346,281,152,469
"GENE2871",447,393,434,346,707,576,701,809,871,514,429,361
"GENE2872",21,28,37,36,61,79,30,35,22,19,29,56
"GENE2873",223,588,653,409,502,565,696,445,811,862,289,628
"GENE2874",11,11,13,23,26,14,32,17,20,21,6,17
"GENE2875",131,59,97,76,103,125,60,171,107,115,63,159
"GENE2876",16,50,64,35,30,75,41,32,31,61,45,27
"GENE2877",7,5,7,4,9,8,13,5,3,0,1,9
"GENE2878",98,120,122,139,147,174,194,121,63,164,127,117
"GENE2879",11,26,29,18,15,20,11,10,14,9,1,16
"GENE2880",320,280,353,344,350,331,677,265,202,271,425,381
"GENE2881",14,6,16,18,9,7,8,7,11,17,7,14
"GENE2882",26,42,122,46,24,96,38,12,87,40,49,25
"GENE2883",14,24,17,13,45,24,23,6,22,29,16,9
"GENE2884",163,176,170,190,162,255,255,167,84,266,127,206
"GENE2885",5,9,22,20,17,17,18,10,18,15,17,6
"GENE2886",469,633,709,595,431,458,370,447,575,462,320,434
"GENE2887",55,107,137,98,57,159,88,87,110,118,74,91
"GENE2888",79,73,112,57,138,67,102,44,213,196,80,223
"GENE2889",14,8,4,5,0,31,8,2,10,13,6,9
"GENE2890",127,239,200,185,110,173,103,187,181,225,147,132
"GENE2891",86,81,144,75,130,109,132,167,126,147,121,112
"GENE2892",21,8,16,6,20,30,13,27,32,12,15,12
"GENE2893",443,560,714,457,788,1366,583,720,726,701,595,1029
"GENE2894",7,7,15,5,14,9,12,11,5,3,1,6
"GENE2895",119,283,249,176,233,280,467,193,247,303,172,236
"GENE2896",217,226,265,130,176,237,322,89,242,138,164,178
"GENE2897",278,432,507,431,505,626,223,275,541,334,233,435
"GENE2898",300,379,484,530,259,356,404,268,245,184,237,338
"GENE2899",155,175,225,100,212,337,180,128,201,281,129,146
"GENE2900",21,28,41,20,20,40,48,8,24,12,16,29
"GENE2901",80,142,126,157,79,215,95,93,87,167,68,96
"GENE2902",15,15,8,5,11,29,32,12,24,19,7,14
"GENE2903",98,207,354,209,169,302,199,153,258,287,142,207
"GENE2904",21,18,18,23,25,24,26,24,21,9,14,16
"GENE2905",24,27,10,27,35,21,34,21,13,35,15,24
"GENE2906",259,427,293,318,477,454,401,391,605,660,415,234
"GENE2907",150,217,84,105,256,212,235,172,164,240,105,174
"GENE2908",746,992,924,879,969,1108,1223,993,942,1338,723,822
"GENE2909",730,646,461,823,902,707,505,579,434,475,594,774
"GENE2910",15,24,19,13,30,42,18,32,15,25,20,18
"GENE2911",56,40,34,16,17,27,41,18,37,16,6,32
"GENE2912",23,18,12,34,30,41,33,38,27,36,11,29
"GENE2913",10,7,13,16,21,15,8,10,8,16,33,6
"GENE2914",7,8,13,10,9,10,11,8,19,16,8,24
"GENE2915",55,30,87,84,105,117,97,101,82,129,19,97
"GENE2916",42,120,142,41,112,139,107,57,63,81,38,60
"GENE2917",21,37,29,11,33,75,96,17,60,35,46,29
"GENE2918",23,49,32,24,39,58,26,42,30,34,23,54
"GENE2919",43,112,87,40,77,99,72,50,45,59,72,54
"GENE2920",390,448,612,293,509,375,819,319,350,669,268,641
"GENE2921",23,54,27,17,29,56,29,44,72,49,21,47
"GENE2922",176,171,228,261,108,212,166,195,169,184,135,196
"GENE2923",22,54,159,95,107,44,119,71,75,45,76,59
"GENE2924",41,73,45,38,15,63,84,24,67,41,22,100
"GENE2925",40,33,70,17,28,58,31,55,69,19,54,44
"GENE2926",14,54,57,7,25,26,39,33,56,34,31,39
"GENE2927",17,13,14,13,12,9,12,21,13,17,25,24
"GENE2928",513,592,609,445,1168,452,1001,376,475,649,360,601
"GENE2929",47,64,51,36,53,116,40,33,33,111,31,75
"GENE2930",108,122,156,104,215,174,324,91,209,212,148,277
"GENE2931",59,41,192,54,118,178,209,118,119,48,76,92
"GENE2932",32,44,60,51,34,50,51,24,61,27,15,64
"GENE2933",540,408,411,431,447,540,529,443,336,507,547,317
"GENE2934",90,137,149,190,94,255,175,115,202,135,100,99
"GENE2935",696,702,822,689,1193,864,1197,764,904,614,720,1156
"GENE2936",109,157,174,129,118,256,271,143,150,165,142,177
"GENE2937",481,499,501,318,371,544,435,312,328,538,348,693
"GENE2938",23,23,19,39,25,58,47,27,29,46,12,46
"GENE2939",15,24,30,22,14,18,40,14,15,27,15,26
"GENE2940",30,19,36,32,16,52,31,25,38,35,11,51
"GENE2941",499,745,753,479,1222,739,926,492,740,347,723,840
"GENE2942",10,11,17,9,22,23,18,9,10,15,2,16
"GENE2943",209,157,214,287,358,235,313,141,245,172,187,221
"GENE2944",69,162,151,151,93,252,134,78,102,93,93,99
"GENE2945",39,28,29,30,35,64,38,58,16,46,8,44
"GENE2946",407,572,548,267,640,390,348,561,299,411,198,854
"GENE2947",377,429,557,309,450,878,629,622,600,457,343,412
"GENE2948",268,630,550,460,387,792,645,324,683,427,616,558
"GENE2949",18,17,11,24,17,8,9,31,21,24,16,7
"GENE2950",92,87,83,63,79,50,83,57,64,95,58,84
"GENE2951",146,270,389,276,457,350,473,238,327,336,240,482
"GENE2952",84,40,73,93,56,112,74,74,30,95,27,90
"GENE2953",278,444,234,176,187,448,358,225,362,307,206,399
"GENE2954",10,17,6,6,10,17,5,4,6,6,9,7
"GENE2955",5,15,6,1,26,19,48,17,29,24,13,9
"GENE2956",337,414,676,330,599,418,467,571,513,447,289,353
"GENE2957",342,395,393,386,351,354,386,285,500,261,257,425
"GENE2958",355,704,414,378,545,464,495,340,294,448,535,723
"GENE2959",50,36,44,35,53,61,77,33,74,37,29,50
"GENE2960",33,6,16,5,14,23,7,15,12,12,6,14
"GENE2961",10,6,20,11,20,23,12,11,10,22,7,9
"GENE2962",313,209,313,339,250,460,405,263,297,461,180,335
"GENE2963",133,142,115,177,218,259,111,90,116,131,133,204
"GENE2964",36,48,87,19,26,95,40,57,30,58,28,43
"GENE2965",107,149,153,113,100,289,139,113,116,129,180,140
"GENE2966",301,348,474,287,588,476,757,531,490,362,482,374
"GENE2967",18,15,11,21,19,15,11,6,22,15,6,12
"GENE2968",24,33,15,27,26,43,14,15,46,20,14,46
"GENE2969",44,70,53,46,111,56,53,38,45,30,34,58
"GENE2970",62,90,100,79,119,78,99,52,82,78,82,72
"GENE2971",5,2,2,10,14,20,1,8,8,11,7,8
"GENE2972",31,40,92,41,35,33,53,45,38,69,39,82
"GENE2973",265,289,287,358,229,342,311,415,313,276,257,310
"GENE2974",147,185,298,183,156,319,385,343,346,210,307,483
"GENE2975",182,100,346,80,185,229,219,119,143,98,139,254
"GENE2976",23,46,53,31,40,62,23,38,23,60,22,44
"GENE2977",56,50,104,29,70,77,71,67,93,65,48,56
"GENE2978",143,302,198,255,232,118,222,151,198,282,145,294
"GENE2979",117,229,256,190,254,246,210,258,172,255,115,184
"GENE2980",52,44,55,60,76,56,41,53,74,85,35,41
"GENE2981",255,397,493,338,314,266,358,210,364,263,224,444
"GENE2982",22,21,28,17,6,23,25,9,17,26,8,18
"GENE2983",54,47,80,50,52,49,83,57,33,47,72,75
"GENE2984",34,35,29,49,64,77,71,45,102,25,44,74
"GENE2985",3,19,18,20,6,5,8,6,9,6,3,10
"GENE2986",687,774,431,410,839,496,1185,543,414,941,629,546
"GENE2987",86,216,256,128,155,459,208,117,274,124,242,270
"GENE2988",534,824,671,530,1070,679,1164,836,1225,830,692,1059
"GENE2989",71,104,151,93,77,130,127,118,140,146,74,111
"GENE2990",22,15,12,17,16,29,23,23,27,23,27,34
"GENE2991",57,25,48,74,67,70,47,38,53,44,23,69
"GENE2992",949,951,2040,1318,775,1666,1446,815,1481,766,494,1952
"GENE2993",30,22,33,37,28,59,56,44,29,44,44,31
"GENE2994",188,63,128,140,153,299,268,137,238,162,130,394
"GENE2995",162,230,253,150,197,310,181,159,124,273,146,210
"GENE2996",18,54,62,32,43,29,49,62,19,21,22,41
"GENE2997",62,65,91,74,125,67,111,59,38,118,48,93
"GENE2998",41,17,59,23,67,34,25,12,55,44,14,23
"GENE2999",20,21,36,21,36,70,53,24,31,35,20,18
"GENE3000",314,379,412,270,396,578,536,270,365,256,274,424
