"gene_id","baseMean","log2FoldChange","lfcSE","stat","pvalue","padj"
"GENE0001",402.022686098481,1.2059388289793,0.242679964211548,4.96925583822841,6.72103430950487e-07,1.31944515655017e-05
"GENE0002",286.500822128169,1.68946336095772,0.280987315015897,6.01259655035365,1.82575024469745e-09,6.40945732962024e-08
"GENE0003",1102.1634889359,0.867294516336273,0.290851467294845,2.98191556124099,0.00286450992681778,0.0310825368059064
"GENE0004",1361.69049599118,1.43777805749313,0.26740974971985,5.37668525175095,7.586963266989e-08,1.79678558640438e-06
"GENE0005",30.8353868700432,1.75949814455002,0.388484147072917,4.52913756663477,5.92249309310459e-06,9.76393336454371e-05
"GENE0006",681.590455452526,1.64518160188683,0.238503205015658,6.89794337052543,5.27607690147222e-12,4.25508472270084e-10
"GENE0007",298.552797711349,1.65434667050974,0.334190410705854,4.95031161132225,7.40947495031484e-07,1.44508975501565e-05
"GENE0008",94.432215395965,1.49873060186864,0.276608363314631,5.41824037389604,6.0188460541194e-08,1.47215054307314e-06
"GENE0009",604.01975665609,1.31672993102274,0.210044898652469,6.26880223928383,3.63835856854794e-10,1.67028645669955e-08
"GENE0010",817.218147497389,1.76386249277351,0.258995832972815,6.81038946660834,9.7334874228621e-12,7.44736576149244e-10
"GENE0011",591.25751274444,1.38672160800563,0.220138137042173,6.29932471782463,2.98945141868091e-10,1.39383172395997e-08
"GENE0012",410.865608692831,1.32451451988332,0.230894172687434,5.73645711568623,9.6677514304706e-09,2.8562940859925e-07
"GENE0013",728.17327768197,1.09022042113808,0.261197227658124,4.1739356535784,2.99382345385961e-05,0.0004489230746893
"GENE0014",176.256021013611,1.3068286289571,0.219658957629623,5.94935277422468,2.69204862097381e-09,9.02592481459085e-08
"GENE0015",242.566987120247,1.43476121275486,0.229949042136261,6.23947462196715,4.39042974321164e-10,1.92662387555052e-08
"GENE0016",1587.5952158134,1.21585199495687,0.292753762151746,4.15315583314912,3.27921262187825e-05,0.000489258523184235
"GENE0017",119.496558000239,1.81605253754052,0.339884593307406,5.34314462408716,9.13478227953319e-08,2.09678387093285e-06
"GENE0018",598.73708536743,1.60451356749098,0.240706485838878,6.66585099233677,2.63136131668466e-11,1.70695264543196e-09
"GENE0019",38.3052219025831,1.39314494634321,0.32317158630901,4.31085220781483,1.62626575446593e-05,0.000256760688429964
"GENE0020",21.3001528058699,1.45031897689394,0.441434263677254,3.28546987905387,0.00101812427489121,0.0121039156823719
"GENE0021",26.9324859485156,1.13781639792032,0.452498945269744,2.51451723769664,0.011919547551073,0.109439784284313
"GENE0022",156.944578376878,1.49695310999296,0.221980143733145,6.74363519555394,1.54472103664108e-11,1.07196455193883e-09
"GENE0023",27.6598984231713,1.15520117483961,0.357215776967643,3.23390300575736,0.00122110918927824,0.0142335539875245
"GENE0024",147.66177533221,0.972422640300794,0.290165735300239,3.35126626613791,0.000804429146358223,0.00975779094606885
"GENE0025",45.6594567510674,1.41627290019823,0.320571406680023,4.41796389411571,9.96350595206965e-06,0.000159844633123526
"GENE0026",1138.35785016584,1.03804851625345,0.248298472212577,4.18064802011643,2.90679518236232e-05,0.00043807458707925
"GENE0027",604.106637654938,1.41006687454545,0.176129364281567,8.00585910417108,1.18635496885044e-15,3.93342580783301e-13
"GENE0028",183.772909618359,1.94591158536234,0.263511231131388,7.38454895075078,1.5297106985027e-13,1.82586268973283e-11
"GENE0029",1960.06657924735,1.39351016717871,0.26828835485648,5.19407623161342,2.0573883151148e-07,4.44872951616127e-06
"GENE0030",16.9458728525967,1.3607771183338,0.495025309609781,2.74890413059178,0.00597948724222367,0.061739757546005
"GENE0031",482.070554044193,1.45958730537793,0.323790099220475,4.50781944504135,6.54972750170224e-06,0.000106799928224478
"GENE0032",1085.41092612307,1.46648645590403,0.259298768442424,5.65558588925446,1.55315535763192e-08,4.2913107288645e-07
"GENE0033",42.4759318878191,1.33899513730119,0.317598741373431,4.21599635915058,2.48677771569596e-05,0.000382502304311172
"GENE0034",19.4617703853147,1.70586847888776,0.417589934300578,4.08503256129705,4.40706360188448e-05,0.000632244124424196
"GENE0035",641.856427487727,1.17282132753931,0.231957957566564,5.05618061067271,4.27736270090492e-07,8.6827553057825e-06
"GENE0036",579.869174244599,1.29149354706896,0.231934006716727,5.56836647351299,2.57138565396158e-08,6.79027857647906e-07
"GENE0037",918.274172719343,1.60449457103259,0.248271594569951,6.46265866142216,1.02879183658239e-10,5.68502748215159e-09
"GENE0038",440.581637166907,1.16784361882506,0.205300832274231,5.68845048453146,1.28197271598208e-08,3.67827556201012e-07
"GENE0039",53.1543563052897,0.667854750667512,0.315084034341778,2.1196083516662,0.0340390875810049,0.25911387076969
"GENE0040",1205.68637989595,1.18901720324401,0.201391502040117,5.90400881466764,3.54773193909239e-09,1.16334418750019e-07
"GENE0041",83.6633375609108,1.63477661004711,0.359737387560176,4.54436115504856,5.51021133088434e-06,9.13470589519937e-05
"GENE0042",1541.13258900089,1.89672790616699,0.217181409501751,8.73338058961118,2.47171643999014e-18,1.2292669761551e-15
"GENE0043",200.809980975461,1.47228772229374,0.272310138095345,5.40665776379668,6.42116691468197e-08,1.55722078450914e-06
"GENE0044",20.7248136310768,1.47149673694815,0.45146299199553,3.25939614771951,0.00111649648546292,0.0131684802870409
"GENE0045",57.4041441405735,1.4561140603829,0.360284967015352,4.04156207916622,5.30963203433404e-05,0.000758083348825492
"GENE0046",22.9522396081499,1.28747513203158,0.424314199133534,3.03424946575121,0.00241134943991186,0.0267489469468289
"GENE0047",445.805229236328,1.37122596505233,0.206076398507262,6.65396898909804,2.85292810504468e-11,1.77357030530277e-09
"GENE0048",790.274154012056,0.705430952857215,0.235794887641315,2.99171436630254,0.00277415692439167,0.030434133317591
"GENE0049",83.2888287345621,1.32600834059544,0.334672337794016,3.96210917620437,7.42905530514368e-05,0.00103590191731536
"GENE0050",257.602676974266,2.19438548822179,0.466241106764858,4.70654658369386,2.51948432679202e-06,4.44860427878544e-05
"GENE0051",1581.12580090387,1.35220161348246,0.25306053818786,5.34339183487649,9.12232733286005e-08,2.09678387093285e-06
"GENE0052",715.03728825037,1.30759555874663,0.219924815773334,5.94564808045267,2.7536518369691e-09,9.12988564612868e-08
"GENE0053",155.747845466947,0.982545788559902,0.270542082661308,3.63176692843735,0.000281487296255683,0.00362050901735757
"GENE0054",1134.70058440364,1.08056900132293,0.212637287701568,5.08174748184094,3.73978359106695e-07,7.69621671430606e-06
"GENE0055",16.7061497732982,2.02237629441297,0.461207564827513,4.38495906971803,1.16007589060679e-05,0.00018413119455163
"GENE0056",423.633084378788,1.98538949544998,0.242604841607049,8.18363509276436,2.75407210822297e-16,1.02726889636717e-13
"GENE0057",164.043307235996,1.5427817028251,0.275978908231405,5.59021597959035,2.2678735069542e-08,6.04226298638512e-07
"GENE0058",14.5576388479574,1.31738440265924,0.497295194987589,2.64909939998942,0.00807065904016555,0.078960152707718
"GENE0059",907.276996161033,1.49457103931471,0.220495241001512,6.7782462447997,1.21643396219617e-11,9.07459735798341e-10
"GENE0060",21.7658614935207,0.997871063417626,0.499764918218847,1.9966808934369,0.0458598589937738,0.312433377254386
"GENE0061",149.214559626952,1.7880818911484,0.239759592197375,7.45781169696193,8.79712702377166e-14,1.14133161038846e-11
"GENE0062",73.4282245496468,1.40004625383912,0.258264287631037,5.42098277187769,5.92722728121236e-08,1.46172282703617e-06
"GENE0063",19.2281278214082,1.3394870771882,0.43599925103024,3.07222334447381,0.00212470684645532,0.0238350572549724
"GENE0064",90.0561351455203,1.89220734945729,0.313397331144544,6.03772643036509,1.56300753024361e-09,5.68782252469139e-08
"GENE0065",1052.04878975571,1.95090086950132,0.247727454510546,7.8751903916175,3.4022436821017e-15,8.46024595615957e-13
"GENE0066",1421.80648185994,1.47110353339898,0.22819391925862,6.44672539118683,1.142925982716e-10,6.2008929680446e-09
"GENE0067",370.683551190055,1.42970999377098,0.239707785813023,5.96438696774824,2.45554179487242e-09,8.42222611022907e-08
"GENE0068",55.3929667501413,1.52106129004297,0.353975398304107,4.29708193657062,1.73061237990682e-05,0.00027179722850747
"GENE0069",121.910630312858,1.67469715366277,0.328424678549275,5.09918183085474,3.41124742590642e-07,7.06886272146163e-06
"GENE0070",75.0841047289821,1.05583376167841,0.265423757999986,3.97791731092313,6.95215384409612e-05,0.000973954322571963
"GENE0071",182.273662444323,1.13710769921154,0.241094097006973,4.71644769958285,2.39998023639046e-06,4.28834791939469e-05
"GENE0072",31.3871956801036,1.31268377129882,0.344931296221401,3.80563835662001,0.000141438921662471,0.00187579440995917
"GENE0073",25.3171633181413,2.1207196959656,0.351423211907032,6.03466027317122,1.59297457663643e-09,5.72703148997965e-08
"GENE0074",638.581601768153,1.31079192243748,0.247575154360023,5.294521277088,1.19328595675575e-07,2.67726713906704e-06
"GENE0075",1304.04860286712,1.13570555048545,0.216554933428465,5.24442243132094,1.56772642715197e-07,3.41644162904997e-06
"GENE0076",40.3863108854008,0.978903802728492,0.362023132676055,2.70398136023102,0.00685141323732681,0.0686900340239564
"GENE0077",886.179965255354,1.68492500878608,0.254796878794367,6.6128165178424,3.77075720588988e-11,2.25038790047508e-09
"GENE0078",26.1156067607986,1.89847664587931,0.384452666654508,4.93812843697972,7.887589006938e-07,1.5184881030131e-05
"GENE0079",74.7230123063662,1.89953803464163,0.295520933035476,6.42776136069386,1.2949682202714e-10,6.66238822291354e-09
"GENE0080",244.636765429806,1.11375842490806,0.253524420252071,4.39310116082976,1.11745097635424e-05,0.000178314102323051
"GENE0081",34.7232605401824,1.24353021904023,0.34717494042467,3.58185477764934,0.000341163432915312,0.0043692346945034
"GENE0082",13.8401076850256,0.0696941910593839,0.454218112206117,0.153437718986771,0.878053101596175,0.978733469227308
"GENE0083",275.885632787741,1.55161181870107,0.245219722757477,6.32743484599573,2.49270165810377e-10,1.21938061439044e-08
"GENE0084",627.886773967878,1.51318217269846,0.229981924790059,6.5795699991631,4.71810748731248e-11,2.76055543963538e-09
"GENE0085",35.5823439010465,1.58728920210086,0.402405478714547,3.94450196645267,7.99659974627802e-05,0.00110608380732992
"GENE0086",69.9675551105416,1.71959067078444,0.368359596612288,4.6682390973361,3.03792240739344e-06,5.27044213003606e-05
"GENE0087",17.9097182784832,1.64833786612058,0.392135585336384,4.20348962899297,2.62831199822039e-05,0.000402199128343059
"GENE0088",897.415694872805,1.84760036622262,0.233207689610658,7.9225533656596,2.32682172116585e-15,6.9432360159589e-13
"GENE0089",787.80186372025,1.47701444279229,0.206931240940703,7.13770639985449,9.49010607649996e-13,9.68815555681818e-11
"GENE0090",199.420104025339,1.48521677418627,0.252543773152283,5.881027101352,4.07728392557107e-09,1.29432076956426e-07
"GENE0091",27.4450951745823,2.16630583913801,0.467515903428505,4.63365165388281,3.59271346726235e-06,6.0912823785857e-05
"GENE0092",201.201236802335,1.40722249709065,0.2826874408872,4.97801562274632,6.42394722595665e-07,1.2694740743215e-05
"GENE0093",118.834685552318,1.88659531392089,0.352121200088441,5.35780098854327,8.42409556736034e-08,1.96386727914088e-06
"GENE0094",44.6224185680011,1.16598058094436,0.315623809291932,3.69420983657762,0.000220571604070771,0.0028616768110747
"GENE0095",81.8573792102816,2.08992294541555,0.379356709368128,5.5091234550632,3.60624929041423e-08,9.15391287028843e-07
"GENE0096",44.5627391611973,1.78739129676823,0.315360662536844,5.66776871404946,1.44669063866432e-08,4.04569589049302e-07
"GENE0097",52.3094433709226,1.63105937276263,0.340458836277352,4.79076821913915,1.66143962695058e-06,3.02300966269545e-05
"GENE0098",33.8988397942362,1.91062760211036,0.372873553994196,5.12406305473758,2.99020910941736e-07,6.32821559042653e-06
"GENE0099",1147.96313326872,1.2195300901319,0.295769492495154,4.1232450305938,3.73571933055202e-05,0.00054644051384153
"GENE0100",13.9094370476731,2.1166391382889,0.504973611884543,4.19158365600467,2.7701400672376e-05,0.000420508881125426
"GENE0101",33.7336691722452,2.26204469649214,0.363592312032019,6.22137658480782,4.92811723774903e-10,2.07119744189339e-08
"GENE0102",88.7594887879159,1.76436202497175,0.331268382107555,5.3260803634405,1.00354744410895e-07,2.28594318566497e-06
"GENE0103",28.0996128140808,0.725347528402791,0.40693610962139,1.78246046800233,0.07467417233883,0.433516984939823
"GENE0104",822.62361432911,1.66701610269724,0.213479173076266,7.80879970010798,5.77351681986271e-15,1.14854494603136e-12
"GENE0105",732.847938692767,2.0459347825537,0.232848394733283,8.78655309132461,1.54218816231221e-18,9.20377895267927e-16
"GENE0106",855.250074446109,1.52827632502225,0.26923918343764,5.67627752212458,1.37657385646667e-08,3.91209179780624e-07
"GENE0107",27.8958457886571,1.57461940623527,0.340870083294062,4.6194121555598,3.8482876036312e-06,6.48773458148898e-05
"GENE0108",133.805414759382,1.33365945565741,0.265397295091106,5.02514336176481,5.03056600804309e-07,1.01427087621626e-05
"GENE0109",152.470058335375,1.90281807455383,0.248381948647665,7.66085492490044,1.84699404878214e-14,3.24201778915642e-12
"GENE0110",498.309360823858,1.31176169905097,0.282691340275348,4.64026134572528,3.479688271338e-06,5.93336560095576e-05
"GENE0111",723.960537155669,1.40648910948636,0.197274113916732,7.12961818234315,1.00647728639867e-12,9.68815555681818e-11
"GENE0112",20.2711127817689,1.51923005197883,0.668728781899858,2.27181795235835,0.0230975080935629,0.192497361149759
"GENE0113",21.4728515431494,1.31783996222738,0.4772417736327,2.7613675814591,0.00575598527367894,0.0598462022880068
"GENE0114",673.684965854237,1.03394468156657,0.209472813284628,4.93593734362875,7.97667149390247e-07,1.52579408575673e-05
"GENE0115",118.214108799431,1.1458807306446,0.341192508263802,3.35845806367657,0.000783786129410988,0.00954619514351995
"GENE0116",247.477527808302,1.8440574448278,0.223064571401085,8.26692214386688,1.37461666835941e-16,5.85979448340639e-14
"GENE0117",907.239151011507,1.44755872944496,0.237249850212998,6.10141050940756,1.05136499298031e-09,4.12799097243849e-08
"GENE0118",200.203374576139,1.52525877804654,0.282179856867688,5.40527164120621,6.47102470774577e-08,1.55722078450914e-06
"GENE0119",142.483924171902,2.06772660939556,0.262190155249088,7.88636250446232,3.11121993985651e-15,8.43989118230165e-13
"GENE0120",266.954712348892,1.4686411147448,0.2591432667952,5.66729413002833,1.45070194464729e-08,4.04569589049302e-07
"GENE0121",81.9425081613801,2.03197106112324,0.326356911111324,6.226223474796,4.77812397640691e-10,2.05142198030103e-08
"GENE0122",291.959592198687,1.68945251196333,0.249498599029599,6.77139077547648,1.27550238271017e-11,9.28316856099302e-10
"GENE0123",454.684398012701,0.924610827210604,0.236294030995257,3.91296734545598,9.11688670085736e-05,0.00124792614290635
"GENE0124",267.747978275375,1.56722965078915,0.283849272212793,5.52134461565308,3.36415236903723e-08,8.72924406018008e-07
"GENE0125",19.4041277329171,0.636690280907988,0.45373602654491,1.40321738557159,0.160552024774712,0.651501022820926
"GENE0126",206.16137745115,1.59996700329335,0.2585386363619,6.18850252251554,6.07384361642731e-10,2.51727074325265e-08
"GENE0127",414.269819097783,1.64791162937623,0.283364388250753,5.81552127827006,6.04452234238255e-09,1.87883902809058e-07
"GENE0128",1866.48515442043,1.50917054465372,0.210752532965858,7.16086551091752,8.01692711673082e-13,8.54375375583027e-11
"GENE0129",61.6520737613267,1.65494163595565,0.365544340216758,4.5273348644225,5.97322459226031e-06,9.79346273807954e-05
"GENE0130",40.3989823438007,1.50291003040827,0.317274708233367,4.73693613580705,2.16973503212961e-06,3.92393293083319e-05
"GENE0131",2111.35257892666,1.67778250302895,0.188554291470897,8.89814010564653,5.67903018551678e-19,4.23655651839551e-16
"GENE0132",246.121640459828,1.34004229288103,0.209522311842468,6.39570211447721,1.59811293929455e-10,8.08265934043207e-09
"GENE0133",25.5494306252204,1.78398127698572,0.417619692287251,4.27178437686948,1.93915033550327e-05,0.000302954167599045
"GENE0134",1063.03343495774,1.36167859697074,0.223014840345443,6.10577571816094,1.02302582624439e-09,4.07027875401766e-08
"GENE0135",178.273684203792,1.22710938919767,0.228729901197095,5.36488400849823,8.10012552266169e-08,1.90321059524587e-06
"GENE0136",231.434451164002,1.37289237420697,0.301491216841961,4.55367286844257,5.27173129988989e-06,8.78818223400638e-05
"GENE0137",314.36660696274,1.39797432537389,0.247353876572633,5.65171787377824,1.58852169599133e-08,4.34876031269553e-07
"GENE0138",669.172778936988,1.56902313222405,0.258787353342676,6.06298225920805,1.33620409120162e-09,5.04713039005778e-08
"GENE0139",739.997162422423,1.08878968804061,0.245179968398143,4.44077750378261,8.96344341224414e-06,0.000144577919687224
"GENE0140",323.368275712727,1.8750890586183,0.239069372505098,7.84328431103531,4.38912705614932e-15,1.00747347196535e-12
"GENE0141",266.94437818772,1.97253633201568,0.301808093868235,6.53573039322418,6.32998551798891e-11,3.63243784339979e-09
"GENE0142",390.096840698659,1.19047238747014,0.22700195005158,5.2443266993946,1.56854056025417e-07,3.41644162904997e-06
"GENE0143",485.418398683776,1.81309910699669,0.196707915281264,9.21721479486077,3.04917311968306e-20,4.54936629456712e-17
"GENE0144",637.558023126384,1.38181264937698,0.28493509868405,4.84956979943423,1.23729525876366e-06,2.32206858625834e-05
"GENE0145",336.481877476652,1.41364376377931,0.274374731850389,5.15223743179872,2.57396860377197e-07,5.48623022403968e-06
"GENE0146",167.103984168318,1.25717387352759,0.238313425962429,5.27529604532556,1.32541945802483e-07,2.92966789833045e-06
"GENE0147",40.3809102634715,1.32136259002037,0.322205358728117,4.10099507728971,4.11377312447198e-05,0.000593019275527748
"GENE0148",894.782681660676,1.63014332032114,0.237531374397722,6.86285474689178,6.74978512788472e-12,5.30035758463369e-10
"GENE0149",134.234266641492,1.77818968902045,0.288159542928036,6.17085129630612,6.79232816615057e-10,2.73896043889099e-08
"GENE0150",53.2353439220815,0.729720781070019,0.307293242434205,2.37467239855188,0.0175645316702964,0.154154595600484
"GENE0151",15.9234279288269,-1.26561251611897,0.467653855698375,-2.70630189550977,0.00680371627976404,0.0686900340239564
"GENE0152",39.4198610970214,-1.5902933037862,0.336479593813551,-4.72626968477442,2.28681895202507e-06,4.11076370653182e-05
"GENE0153",89.192838417294,-1.75826637049584,0.29218996454828,-6.01754537741939,1.77081684008007e-09,6.29061601285589e-08
"GENE0154",411.74408436681,-1.89998653756737,0.210916494959771,-9.00824062115086,2.09388539923871e-19,2.08271801044277e-16
"GENE0155",169.470508679221,-1.19383970428933,0.298119069155882,-4.00457343325827,6.21294896259714e-05,0.000878646431487672
"GENE0156",22.9742270746106,-1.33853110753579,0.416105666016254,-3.21680577039657,0.00129626322063636,0.0149924397301507
"GENE0157",9.00275546463029,-1.0026147519734,0.498974235801857,-2.00935174611207,0.044499843762911,0.307971060075075
"GENE0158",20.9705187907152,-1.47840372404841,0.358851496062416,-4.11982042786652,3.79167788840701e-05,0.000549241107718763
"GENE0159",157.514593129624,-1.46209176346012,0.253010317450592,-5.77878316660206,7.52428227002986e-09,2.29106717283358e-07
"GENE0160",218.845902798111,-1.61797741200357,0.23157830446271,-6.98674003921687,2.81346850786624e-12,2.42729002647018e-10
"GENE0161",51.898032938247,-1.28912640485353,0.307587219646637,-4.19109222527031,2.77614777418596e-05,0.000420508881125426
"GENE0162",52.8194547176658,-1.66097152939138,0.32535463113808,-5.10511107089934,3.3060027577165e-07,6.89867988043778e-06
"GENE0163",621.418258724002,-1.92847545299804,0.253796223719155,-7.59851909826699,2.99538656990933e-14,4.46911676230473e-12
"GENE0164",52.3628779944127,-2.02353528883424,0.325060394384751,-6.22510562280042,4.81231697791797e-10,2.05142198030103e-08
"GENE0165",6.39622239327665,-2.32356695581514,0.735343909635869,-3.15983708488961,0.00157857379328745,0.0180477555523746
"GENE0166",193.875447282212,-1.62370745494612,0.29021059563866,-5.59492823262659,2.20713048757829e-08,5.93340304048074e-07
"GENE0167",11.5301976716517,-1.23786992077111,0.484061109580808,-2.55725960270408,0.010550045086784,0.0993578582766835
"GENE0168",99.0970896787747,-1.32330205134246,0.320085445375257,-4.13421500559348,3.56169923498552e-05,0.000528761717273473
"GENE0170",417.811325530064,-1.20951964072704,0.271458532431888,-4.45563316758342,8.36459542579866e-06,0.000135651917122735
"GENE0171",7.12283033639948,-1.40832713848392,0.620210401080706,-2.27072479924544,0.0231636427945701,0.192497361149759
"GENE0172",125.052799546381,-1.45983061968707,0.303502209289029,-4.80995055392447,1.50967636597983e-06,2.76372654974467e-05
"GENE0173",46.5409425786224,-1.15808383113146,0.31249625145386,-3.70591271333202,0.000210630835761653,0.0027446393620645
"GENE0174",16.5145567176304,-1.6738867662734,0.504335543897702,-3.31899424208127,0.000903422922173355,0.0107832559990612
"GENE0175",13.0937118055741,-1.17315897190428,0.412698127251854,-2.84265639807071,0.00447392743978485,0.0471738497537738
"GENE0176",757.44449109474,-2.23477581350645,0.194400959280405,-11.4957036311894,1.38646600875338e-30,4.13721457012008e-27
"GENE0177",16.1116016083677,-2.60864662316,0.477086544074696,-5.46786878724371,4.55478845003852e-08,1.14214191049705e-06
"GENE0178",458.721292332324,-1.7157847001891,0.231933473564927,-7.39774502497065,1.38516489773697e-13,1.72222168951964e-11
"GENE0179",551.908058316768,-1.33120020818807,0.199638848656596,-6.66804190239496,2.59238777867591e-11,1.70695264543196e-09
"GENE0180",199.094918070549,-1.61609723401508,0.231364309116356,-6.98507578886042,2.84702248413057e-12,2.42729002647018e-10
"GENE0181",78.7704105614152,-1.26790882823237,0.250071841582687,-5.07017831439103,3.97443154374119e-07,8.12308474419433e-06
"GENE0182",132.030010914457,-1.29595544715563,0.322544826161189,-4.01790803027169,5.87171043027148e-05,0.000834342091615719
"GENE0183",5.92297959468344,-1.21018322362177,0.628267950020914,-1.9262214849277,0.0540767242276301,0.351557614586598
"GENE0184",92.5364995832684,-1.72645897379778,0.279125231508429,-6.18524869452958,6.20046397022129e-10,2.53454582015621e-08
"GENE0185",604.753040060316,-1.56174528665006,0.235093509499986,-6.6430812572057,3.07192368249986e-11,1.87073883032237e-09
"GENE0186",179.374917116908,-1.32469041137197,0.209464871994766,-6.32416499605274,2.54605564644848e-10,1.22539194338746e-08
"GENE0187",439.046497405793,-0.997875060249938,0.241632137810919,-4.12972822775251,3.63192306329296e-05,0.000536517743607237
"GENE0188",169.616771941212,-0.947311664494177,0.28858512401482,-3.28260740302583,0.00102851796979878,0.0121789588169824
"GENE0189",186.075173963193,-1.00798917203947,0.244351679434,-4.1251575367696,3.70481077717608e-05,0.000544588933945488
"GENE0190",259.665511099931,-1.86172421001318,0.240768159657065,-7.73243527161108,1.05508470241757e-14,1.96773297000876e-12
"GENE0191",186.115986103108,-1.6416318702849,0.217370518884052,-7.55222869555995,4.27872296223568e-14,6.07986158062441e-12
"GENE0192",368.575806724949,-1.61667163378075,0.226655093113309,-7.13273905110326,9.83909868613287e-13,9.68815555681818e-11
"GENE0193",136.556664226778,-1.80835551962887,0.252020224094125,-7.1754381067191,7.20759998481911e-13,7.96573272396305e-11
"GENE0194",51.4588347917687,-2.01899237482943,0.287696191927303,-7.01779318420592,2.253998435557e-12,2.0381610096067e-10
"GENE0195",297.319385148487,-1.92064179258778,0.254795268699978,-7.53798060061051,4.77304841736931e-14,6.47398930792274e-12
"GENE0196",129.106973255525,-1.59638295591847,0.270535945624536,-5.90081644135382,3.61707153158653e-09,1.17318928807111e-07
"GENE0197",8.0825970694881,-2.24517225953359,0.598966590513916,-3.74840983636037,0.000177959289677136,0.00233934149954437
"GENE0198",147.665280672831,-1.41122056269524,0.246926719405608,-5.7151391558284,1.09614286764414e-08,3.17562166703894e-07
"GENE0199",160.941984564442,-1.5656931163395,0.25078385905051,-6.24319731846922,4.28715504422178e-10,1.90938367939669e-08
"GENE0200",71.906493682442,-1.46332071823903,0.254282353894448,-5.75470808661168,8.67916379147292e-09,2.61602270239951e-07
"GENE0201",82.1228170841562,-1.97939973006613,0.269536180041208,-7.34372554275834,2.07728878288962e-13,2.38408835697793e-11
"GENE0202",404.556784727248,-1.33793697501922,0.207931637440826,-6.43450410666808,1.23877089466466e-10,6.60087919585596e-09
"GENE0203",21.7384602273566,-1.45948098094204,0.422403323409956,-3.45518347052769,0.000549918473427049,0.0068373196862763
"GENE0204",593.410822254603,-1.39718618001559,0.230065500569295,-6.07299302397912,1.25547911398605e-09,4.80301240530046e-08
"GENE0205",580.972649716046,-1.67247285335493,0.249360925585909,-6.70703659534959,1.98616467079483e-11,1.34698076764813e-09
"GENE0206",744.490595746519,-1.78504652926474,0.252572778362005,-7.0674541446675,1.57801864914533e-12,1.47150239032802e-10
"GENE0207",7.5870976650357,-1.75538340328573,0.649282292825063,-2.70357504383488,0.00685979562303586,0.0686900340239564
"GENE0208",28.1007553429909,-1.22960595910745,0.35356367470997,-3.47774968714221,0.000505641872900737,0.00636639387652236
"GENE0209",16.1480786866611,-1.72442179842277,0.488758827051591,-3.52816502327997,0.000418451196577759,0.00529092529910184
"GENE0210",427.682528216015,-1.35071062143185,0.234830151176571,-5.75186199329336,8.82658417117462e-09,2.63385271667851e-07
"GENE0211",7.44267843836815,-2.05632125561486,0.615020471202107,-3.34350050429315,0.000827285436741689,0.00995411186789194
"GENE0212",572.587307380113,-1.30713912423559,0.271670227412243,-4.81149199412304,1.49807736487646e-06,2.75942151653787e-05
"GENE0213",181.79027948345,-1.38982817143237,0.242812018684968,-5.72388541127192,1.04114987623855e-08,3.04587375558415e-07
"GENE0214",371.032314044747,-1.58987450152639,0.228945923246532,-6.94432326630423,3.80278812689754e-12,3.15208882518396e-10
"GENE0215",495.290857427251,-1.54767966292378,0.203214036494405,-7.61600768146935,2.61642124290617e-14,4.10915841517474e-12
"GENE0216",11.4387978073824,-1.33040798857623,0.457731637436846,-2.90652399739309,0.00365468864947313,0.0390881395341499
"GENE0217",10.5976676203361,-1.5703483075323,0.484049982059998,-3.24418627359365,0.00117786690803636,0.0138376175337814
"GENE0218",78.3318999879529,-0.945826839953063,0.323807248131413,-2.92095635724996,0.00348958707031936,0.0374565748842913
"GENE0219",76.2923570035116,-1.30583320918461,0.246774763193031,-5.29159948241212,1.21251203998866e-07,2.70010143830311e-06
"GENE0220",7.37255318980498,-0.226870098508545,0.616672231896364,-0.367894136907841,0.712952172195041,0.941349239747788
"GENE0221",393.002994027924,-1.16328646851473,0.304037794364493,-3.82612454792424,0.000130176445758827,0.00173413622385866
"GENE0222",27.7378184846222,-2.03130965458011,0.430887423706158,-4.71424679121141,2.42606480347654e-06,4.30915319855596e-05
"GENE0223",9.82183768106385,-0.489752457031228,0.509807396292591,-0.960661733416962,0.336722277781293,0.821619936534683
"GENE0224",24.0701650278731,-1.71859827596786,0.347259094889919,-4.9490374802499,7.45813854789565e-07,1.44513541733251e-05
"GENE0225",59.9891383109268,-2.12073399597603,0.350140972994055,-6.05680043052841,1.38855681353938e-09,5.17931691450189e-08
"GENE0226",111.895545134469,-1.52641229302994,0.279574081524657,-5.45977754699452,4.76731529766876e-08,1.1854724040203e-06
"GENE0227",231.027737105954,-1.36004170414709,0.228435414917871,-5.9537252778255,2.62106641208724e-09,8.88779792462309e-08
"GENE0228",99.6552858715054,-1.53945773856012,0.30770463397259,-5.00303722659324,5.64340376631216e-07,1.13019576098493e-05
"GENE0229",163.113118891071,-1.4792227949049,0.266390041429903,-5.5528456956006,2.81056156511485e-08,7.3567681669322e-07
"GENE0230",85.8237141290097,-1.26050376245113,0.374076446941006,-3.36964214870743,0.000752658590440823,0.00920464440112876
"GENE0231",13.0880735600392,-1.43791360088297,0.474733679869531,-3.02888474497565,0.0024545830636612,0.0271276883776482
"GENE0232",534.486259893026,-1.78869396416639,0.264677963855569,-6.75800107462839,1.39908493308097e-11,9.94016533408004e-10
"GENE0233",10.4758416101332,-1.31981786834744,0.499713348122621,-2.64114991785966,0.00826251488292828,0.0803105681128925
"GENE0235",8.38699057275509,-0.992847728364975,0.53744095256221,-1.84736150758822,0.0646947640347905,0.397510373073404
"GENE0236",9.46854503429311,-2.23693959471462,0.574060624665231,-3.89669574710705,9.75139967650685e-05,0.0013226443924862
"GENE0237",24.7456180716299,-1.29578268028068,0.330042187649165,-3.92611226313317,8.63298752461508e-05,0.00118713524301619
"GENE0238",22.388580427678,-1.22954622027599,0.368492372900566,-3.33669381159151,0.000847812935070594,0.0101601357359464
"GENE0239",8.7276687782801,-1.45058551078331,0.593616795300404,-2.44363960431616,0.0145399430049757,0.131079123646065
"GENE0240",201.775276909834,-1.7626242924063,0.2792196189109,-6.31268067509527,2.74242996115194e-10,1.29895412763133e-08
"GENE0241",162.031684437303,-1.75012187636033,0.274171234084827,-6.38331691580324,1.7329275103755e-10,8.61842615160084e-09
"GENE0242",12.2446870447866,-1.44046991980661,0.458782024821448,-3.13976974221522,0.00169080673953027,0.0191839061245564
"GENE0243",17.4948170384846,-1.97040098729413,0.430194925024911,-4.58025158520881,4.64416935415645e-06,7.78550637797913e-05
"GENE0244",161.13614359493,-1.46385747499382,0.219785875153905,-6.66038012665167,2.73120254176276e-11,1.73402306055746e-09
"GENE0245",5.3061646051942,-1.44871767455482,0.708935867291317,-2.04351019802403,0.0410019588916207,0.293404904874331
"GENE0246",6.03473026104238,-2.2521620141024,0.631968088014356,-3.5637274362677,0.000365625612244014,0.0046625078074194
"GENE0247",11.7320038747519,-1.44227761059757,0.482901857149707,-2.98668888769761,0.00282016559119347,0.0307130442486179
"GENE0248",17.7117255911979,-1.40019727832261,0.39348972921042,-3.55840870645405,0.000373108429118105,0.00473768320207841
"GENE0249",6.9935283280965,-1.66237294553036,0.765810378323437,-2.17073702914518,0.0299510564059413,0.23153873656821
"GENE0250",21.1442724086431,-1.86674895696639,0.373740143978695,-4.99477775411999,5.89035605547349e-07,1.17178816463553e-05
"GENE0251",399.39027505939,-1.46956362411374,0.250124333431442,-5.87533249545486,4.21995479170921e-09,1.32551001036424e-07
"GENE0252",107.951333240534,-1.12144051786246,0.27209188679999,-4.12155074174194,3.76330556663807e-05,0.000547790429797464
"GENE0254",7.41032802521581,-2.98980496024704,0.778675445537528,-3.83960349254771,0.000123233174158319,0.0016490035501723
"GENE0255",13.5169128794993,-1.9149654652435,0.451368909811921,-4.24257281264994,2.20971813412289e-05,0.000341647612032265
"GENE0256",7.41527315440369,-0.461499705160703,0.597467329563989,-0.772426678957475,0.439861757622639,0.871065777345726
"GENE0257",31.4056413795461,-1.20342400628851,0.30960923359183,-3.88691251978302,0.000101527321686598,0.0013708485425919
"GENE0258",74.4160846358669,-1.61663690501613,0.300549908449765,-5.37892995328044,7.49298528584754e-08,1.78872544743752e-06
"GENE0259",8.19622901379182,-2.08706433669408,0.64383023509231,-3.24163765995681,0.00118845020530814,0.0139071976966255
"GENE0260",122.791750103076,-1.5477281746229,0.240731418324806,-6.42927369178973,1.28215090695036e-10,6.66238822291354e-09
"GENE0261",324.522866604906,-1.46575041895795,0.241030773982091,-6.08117542313021,1.19304675034013e-09,4.62344351040901e-08
"GENE0262",292.42521828229,-1.77619967899385,0.232610884090772,-7.63592677933644,2.24201721076522e-14,3.71676630940189e-12
"GENE0263",140.743042105168,-1.31000469175163,0.278434962365708,-4.70488576801291,2.54008138226283e-06,4.45858990863075e-05
"GENE0265",26.456168434706,-1.84615911202931,0.393815107283671,-4.68788291227105,2.76045870996822e-06,4.8170811640615e-05
"GENE0266",71.7398453535667,-1.30723606791899,0.281302744678586,-4.64707896616019,3.3666831349568e-06,5.77366808891442e-05
"GENE0267",127.522766212525,-1.80276861493019,0.301376180256225,-5.98178865163632,2.20700523182523e-09,7.65779489740291e-08
"GENE0268",32.344195131532,-1.91618464123459,0.347862071460351,-5.5084609632499,3.61984490178966e-08,9.15391287028843e-07
"GENE0269",21.8289997832949,-2.04530902640566,0.396204294159982,-5.16225860383985,2.43987904805879e-07,5.23784106432188e-06
"GENE0270",14.1300721127941,-1.43249642315118,0.443606938444139,-3.22920202324917,0.00124136169095565,0.0144133201782555
"GENE0271",35.0006126024162,-1.87143799047485,0.366457107200689,-5.10684048338013,3.27590066036947e-07,6.88400533136795e-06
"GENE0272",19.8426725091143,-1.4062022434227,0.378529821915409,-3.71490477634534,0.000203280230099511,0.00266047459042518
"GENE0273",20.1124077987213,-1.4883939746374,0.433036186301309,-3.43711223616256,0.000587951914762528,0.00727986935125056
"GENE0274",14.8125707728168,-1.88168318778551,0.477075366813954,-3.94420529475652,8.00650477155708e-05,0.00110608380732992
"GENE0275",9.73823842603243,-2.28950789186531,0.536373989851717,-4.26849164050303,1.96799201462464e-05,0.00030585875893958
"GENE0276",47.3367593067087,-1.85363964865864,0.296119178563048,-6.25977573507275,3.85531494509539e-10,1.74306966608555e-08
"GENE0277",4.93025474785198,-1.16171076491648,0.666148281728728,-1.74392218186275,0.0811726601303623,0.454379633209517
"GENE0278",358.589464117399,-1.32512522023568,0.240170343021049,-5.51743901252433,3.4397539609916e-08,8.84847053413701e-07
"GENE0279",38.9105109171696,-1.74192492221062,0.360969323466073,-4.82568686303989,1.39521577968891e-06,2.58591545751037e-05
"GENE0280",142.987264148814,-1.53694409148329,0.254552054630173,-6.03783809058718,1.56192665357702e-09,5.68782252469139e-08
"GENE0282",26.3235218587492,-0.964581570183381,0.336437155898309,-2.86704828308243,0.00414319797280804,0.043841499116522
"GENE0284",390.469174391495,-1.30610756496859,0.221641440851353,-5.89288519309236,3.79510092266167e-09,1.21769689819596e-07
"GENE0285",730.133249438421,-1.78449243191108,0.228428373359106,-7.81204368647203,5.6268049240553e-15,1.14854494603136e-12
"GENE0286",66.574679216409,-1.4643483046344,0.314236775362357,-4.66001569340767,3.16185275925685e-06,5.45373909457945e-05
"GENE0287",21.7556941097926,-1.72010407164152,0.355970920324394,-4.83214772171279,1.35067972205001e-06,2.51901768162327e-05
"GENE0288",15.1315042651851,-1.64011364390266,0.43713689956,-3.75194508986433,0.000175467901050872,0.00231679741918497
"GENE0289",45.9722253905165,-1.73535112205063,0.35305657409238,-4.91522109880487,8.86823176644625e-07,1.68552889115131e-05
"GENE0290",8.2578081416156,-1.95527069165678,0.620217427912361,-3.15255683517017,0.0016184731122686,0.0184332968206469
"GENE0291",9.10177846758006,-1.32915226085547,0.960561189204028,-1.38372471821069,0.166442761865253,0.657834703848894
"GENE0292",8.51034067853268,-1.64403075196114,0.643705335339755,-2.55401138021235,0.0106489775963903,0.0996130067323782
"GENE0293",520.603961549378,-1.5149345136123,0.308349554930801,-4.91304264717449,8.96737614988158e-07,1.69358547033207e-05
"GENE0294",11.8499185387704,-1.42229109239492,0.468015825823191,-3.03898076500566,0.00237380010134462,0.0264306697851206
"GENE0295",53.8895718013492,-1.65336694707841,0.253683142217088,-6.51744902175464,7.15131128332029e-11,4.0263231829109e-09
"GENE0296",17.2476320974437,-1.48481387368928,0.437956756198005,-3.39032073983574,0.000698108941257823,0.00860808711038572
"GENE0297",234.590993367258,-1.57952157036518,0.281101287799969,-5.61904779137534,1.92012742950704e-08,5.20878204513547e-07
"GENE0298",27.7785368530289,-1.43737165450042,0.359136214580469,-4.00230217991108,6.27291102213716e-05,0.000882941815568739
"GENE0299",148.64396112004,-1.60600789764523,0.276340673774918,-5.81169567152947,6.18431912488392e-09,1.90247507924264e-07
"GENE0300",333.46783254847,-1.64273172582575,0.309207504259257,-5.31271622841465,1.08003154814328e-07,2.44152586337845e-06
"GENE0301",149.141744218077,0.387902694023004,0.264598066878917,1.46600728644217,0.142646301815715,0.617382734364171
"GENE0302",980.144968120089,-0.34475483108989,0.277346750878102,-1.24304622281807,0.213850800869135,0.708849638141121
"GENE0303",43.2036896719905,0.189477384543007,0.36666919690089,0.516752937373744,0.605328636851973,0.917618323222302
"GENE0304",59.8200146794549,-0.122528914267908,0.24506430296215,-0.499986790352051,0.617084378800733,0.918600050679897
"GENE0305",25.719951687281,0.311901705121871,0.359511375601484,0.867571171009653,0.385629134254825,0.848472977299444
"GENE0306",1411.49527578706,0.407722272852088,0.304692954937561,1.33814145107372,0.180850330659876,0.677961541066669
"GENE0307",346.96680463722,0.219736022376018,0.237217941537757,0.926304397346959,0.354287811324468,0.825288703350674
"GENE0308",400.772408587369,-0.19891349278849,0.243874909574449,-0.81563738203157,0.414707562496789,0.860167907423193
"GENE0309",31.8923560869014,-0.162975274968806,0.376505493818175,-0.432862939969505,0.665114344994522,0.931062536960529
"GENE0310",115.774015196719,-0.0102654605654859,0.249211320776573,-0.041191790699947,0.967142998192232,0.992227276122692
"GENE0311",1150.90278745976,-0.397891414959828,0.313488297503889,-1.26923849511445,0.204356015219211,0.699410146310427
"GENE0312",312.733227749656,-0.453920262770552,0.254926196401502,-1.78059481205941,0.0749786679210674,0.433597567977645
"GENE0313",453.062020069688,0.237132103196247,0.238043916398293,0.996169558895508,0.319167767334783,0.8165267807732
"GENE0314",25.785618081721,-0.191819033120191,0.399635219924177,-0.479985305490803,0.631237841821314,0.923340058820981
"GENE0315",28.6623637758209,0.0858980412602368,0.380822015508683,0.225559546880446,0.821544006903424,0.974084179965782
"GENE0316",22.847963882923,0.158805600292366,0.502877636231995,0.31579372167408,0.752159083831361,0.950832400509503
"GENE0317",23.6657532748564,0.00550544572508714,0.331922528838227,0.0165865382634825,0.986766463992037,0.994722375204074
"GENE0318",14.1578252459277,0.597453504620389,0.505497957493745,1.18191081835931,0.237241088920813,0.736657033652139
"GENE0319",216.53421519345,-0.188716779693136,0.275555339571452,-0.684859817946664,0.493432384125737,0.89725487801442
"GENE0320",50.4060291759391,0.132328917581303,0.34808935432893,0.380157898929186,0.703828209068244,0.940471953429764
"GENE0321",226.499927159874,0.232265508018763,0.222573142711363,1.04354687717183,0.296695081757251,0.803392127008745
"GENE0322",301.055378167581,-0.04041946911547,0.290617110196919,-0.139081518937691,0.889385732030924,0.978733469227308
"GENE0323",109.57149431618,-0.219790916820366,0.270780500581476,-0.811694033907111,0.416967218580748,0.860167907423193
"GENE0324",48.5966468575565,0.0360891126130979,0.526545505389999,0.0685393992421749,0.945356257739286,0.99205419159042
"GENE0325",1236.133845837,0.0325811358093222,0.245304084328175,0.132819377624933,0.89433622900721,0.978733469227308
"GENE0326",1355.13305190549,0.355922578566564,0.253140810247521,1.40602606991162,0.159716383591359,0.64979228515106
"GENE0327",17.582665145994,0.711392641453565,0.44120891350534,1.61237141788831,0.106881140685458,0.533841220770047
"GENE0328",117.738013109714,0.10812055118937,0.272969525378634,0.396090190065712,0.692038494955698,0.93694204171345
"GENE0329",25.7413453566153,0.484777306079175,0.382489870799277,1.26742521329036,0.205003289110211,0.699410146310427
"GENE0330",107.843435014525,-0.220595245280593,0.314863161712421,-0.700606714614881,0.483548486867184,0.894666940162089
"GENE0331",195.455933553019,-0.00723474866855373,0.239632433892758,-0.0301910244411718,0.975914706728407,0.994328999326822
"GENE0332",28.4128053256464,-0.452046097960747,0.449114376983431,-1.00652778251502,0.314161754103557,0.8165267807732
"GENE0333",101.216515525114,-0.417718885647447,0.262806870452237,-1.58945192311235,0.111958400019405,0.551080927917513
"GENE0334",241.339127897941,0.198002826317165,0.274873186616759,0.72034245593125,0.471314170574886,0.885643252516032
"GENE0335",463.965303416608,0.367847431179087,0.208198691905403,1.76680952129239,0.0772601336242508,0.443354305259162
"GENE0336",18.8399497002795,-0.173361265940297,0.382237919801124,-0.453542824925626,0.650157913350739,0.927524864178881
"GENE0337",377.337374401154,-0.113833661133004,0.199950652860049,-0.569308774463862,0.569146613195606,0.910634581112969
"GENE0338",42.4666586336621,0.256314229697559,0.298736676475606,0.85799384501919,0.390895862119841,0.850505121054529
"GENE0339",506.396882942678,0.178497476160185,0.222432465364781,0.802479421641332,0.422275687394882,0.860448666862042
"GENE0340",76.7507586103876,-0.383237545918215,0.276307762752731,-1.38699521902747,0.165443220696096,0.656492779996209
"GENE0341",72.1470201006186,0.0619123038497464,0.271436450468071,0.228091340507082,0.819575231950617,0.974084179965782
"GENE0342",1116.2815549379,-0.0163943224835598,0.242221903377107,-0.067683071823757,0.946037925134035,0.99205419159042
"GENE0343",1352.78613441271,0.542949745804159,0.235164865023858,2.30880470068978,0.0209544210684713,0.179822429430942
"GENE0344",49.950066228731,0.0511085720291853,0.326933754803273,0.156326996764036,0.875775277593838,0.978733469227308
"GENE0345",36.1846610290798,-0.00017220435830464,0.276753883852614,-0.000622229238149908,0.999503532929636,0.999577003028605
"GENE0346",16.320109447739,0.373348539967508,0.538102120699096,0.69382469536165,0.487792153533885,0.895719465922334
"GENE0347",24.7995423742365,0.366766976395536,0.459513363097774,0.798163896525239,0.424775385588497,0.862307771082559
"GENE0348",38.2519474870278,0.222268847635168,0.393997724332953,0.564137389401104,0.572660634040153,0.912754431881921
"GENE0349",20.1255719219792,0.639545843781073,0.378440249303817,1.68995196720642,0.0910371443423695,0.483822590317128
"GENE0350",104.095246385882,0.0433398603970804,0.219604247616915,0.197354381198873,0.843550226015076,0.974516546335039
"GENE0351",373.91165463592,0.235529993924364,0.239730235920234,0.982479298117123,0.325863776868606,0.820263321380301
"GENE0352",756.332700699159,-0.185171539095055,0.267552974933402,-0.692092992578938,0.48887893201113,0.895719465922334
"GENE0353",143.938465542854,0.229527277264096,0.283884031090086,0.80852479226371,0.418788539837551,0.860167907423193
"GENE0354",125.673426949142,0.0901932966749615,0.281237759867223,0.320701234135641,0.748436811947415,0.949362098580796
"GENE0355",1048.97418547196,-0.0426625689009519,0.22567241720501,-0.189046448074314,0.850056412786137,0.974808002153732
"GENE0356",67.6865145019621,-0.0686683191462227,0.257329892475771,-0.266849367889462,0.789585141902278,0.964794766947783
"GENE0357",62.2173999853837,0.523942802709171,0.292486075048583,1.79134272502423,0.0732383138902124,0.430203009150382
"GENE0358",224.165175649368,-0.197704643982295,0.242883950198644,-0.813988095222435,0.415651770936278,0.860167907423193
"GENE0359",74.153473884211,-0.124878020147686,0.36278575343012,-0.344219746687876,0.730681032980292,0.944693328601903
"GENE0360",524.897733453251,-0.00682331734446637,0.25939340061405,-0.0263048995399029,0.979014146997139,0.994328999326822
"GENE0361",858.407837111202,0.367426712489195,0.210734698911064,1.74355108289147,0.0812373994496241,0.454379633209517
"GENE0362",18.4297967679559,-0.453083077706589,0.378339905421491,-1.19755561391767,0.231090064558115,0.726630930075254
"GENE0363",1239.08368616214,-0.420326147492945,0.28679611024898,-1.46559221855569,0.142759412436755,0.617382734364171
"GENE0364",552.442950049179,0.0554200328177954,0.225259470638905,0.246027537313335,0.805660915835947,0.971941471382558
"GENE0365",92.9542632240598,-0.220250563532539,0.225273818872335,-0.977701557309497,0.328221951331418,0.820263321380301
"GENE0366",788.989025389043,0.0444321275911074,0.24175789512329,0.183787700370439,0.854180005460168,0.975258403900998
"GENE0367",57.7228562682605,0.0300324418783671,0.348312859989163,0.0862226042394804,0.931289462034722,0.990485784263902
"GENE0368",166.918150149881,0.0101266684337003,0.261793407709479,0.0386819077008164,0.969143998176015,0.992227276122692
"GENE0369",49.9975731842629,-0.831518838010291,0.329038762380479,-2.52711513985327,0.011500379251084,0.105972674883207
"GENE0370",90.0392250247606,0.240871059860695,0.299310298086018,0.804753666682968,0.420961843720791,0.860167907423193
"GENE0371",18.5163243663223,0.191853780241086,0.403844476515606,0.475068476598743,0.634738166370325,0.92467554967525
"GENE0372",304.113671198042,0.118498763215021,0.262416908342723,0.45156679866169,0.651581092888794,0.927524864178881
"GENE0373",1769.00959203515,0.0425129539935411,0.220443995004662,0.192851494968787,0.847075273235705,0.974516546335039
"GENE0374",12.7921698592874,-0.478274966074132,0.540643329611158,-0.884640464200524,0.376350575268334,0.841231425179615
"GENE0375",16.9773128000438,1.23855622474327,0.472046689806231,2.62380025427501,0.00869547641116806,0.0837009729384693
"GENE0376",21.7593017880841,0.343732934065722,0.432652309023674,0.794478445848105,0.426916952055236,0.864683278253969
"GENE0377",584.566844683239,-0.387184403766187,0.199362973785144,-1.94210788701146,0.0521240409186455,0.340346035232469
"GENE0378",126.856497384934,0.372582821066708,0.252974647879743,1.47280695591213,0.140803096196381,0.615163161127383
"GENE0379",1378.4932530039,0.313894771138382,0.247061716671057,1.27051157649126,0.20390246186741,0.699410146310427
"GENE0380",43.203282199646,0.400230494151667,0.415384627178381,0.963517828934467,0.335287721288803,0.821609168119057
"GENE0381",1234.38123489152,0.267353247702496,0.233017438478318,1.14735295971152,0.251235774286262,0.757838349510411
"GENE0382",50.5086359335698,0.184666771599199,0.308079755823554,0.599412223972818,0.548898027425794,0.908791970841467
"GENE0383",1148.97334703046,0.165826371085152,0.205180881847366,0.808196015106856,0.418977751361039,0.860167907423193
"GENE0384",997.584333446234,-0.0658702295371674,0.21743151613592,-0.30294701848094,0.761930238396406,0.953756643712598
"GENE0385",454.240521499301,0.246398361749596,0.256358363285591,0.961148131044594,0.336477692033184,0.821619936534683
"GENE0386",119.285639352379,-0.156163973573297,0.209947970944208,-0.743822256871425,0.456984013309288,0.877244663165427
"GENE0387",23.6019061257553,0.321373724153272,0.408393345471973,0.78692203905004,0.431327505172056,0.868394528707073
"GENE0388",123.853501865942,-0.214688709859013,0.236727598893153,-0.906901902705113,0.364458674898691,0.833367575400531
"GENE0389",57.7384975936259,-0.33344208410661,0.339521211292874,-0.98209500030023,0.326053048359142,0.820263321380301
"GENE0390",13.3796452888622,-0.985929253939962,0.506813682710777,-1.94534853255452,0.051733044649997,0.339277813704596
"GENE0391",92.5486892096753,0.283650787573872,0.302069866823275,0.939023778031527,0.347718536246119,0.822479166283479
"GENE0392",198.981915246265,0.128934437409604,0.233386312274449,0.55245072495076,0.580639585480769,0.913455253864343
"GENE0393",901.749890235393,0.446274839718786,0.192484624200651,2.3184960438896,0.0204223777179086,0.176193398790708
"GENE0394",104.762488812336,-0.0823353723412548,0.322965712449469,-0.254935335756847,0.798773043750969,0.969414560981256
"GENE0395",1525.46584632821,0.333145912927593,0.242194959942465,1.37552785163958,0.168967857126101,0.661323693884872
"GENE0396",24.0856365710851,-0.0813622973921108,0.388525018952077,-0.209413276940465,0.834125629037797,0.974516546335039
"GENE0397",670.88537322246,-0.100559960997117,0.227478056072345,-0.442064446713647,0.658442570935967,0.927664132045763
"GENE0398",29.8105108504122,0.729580547693724,0.404591156849122,1.80325381645896,0.0713483621136601,0.424957110872578
"GENE0399",89.2245768373569,-0.294686455952508,0.280963468683318,-1.04884260339432,0.294250565722204,0.803392127008745
"GENE0400",447.876396312866,0.194559669312689,0.242010057494294,0.803932164336913,0.421436153033749,0.860167907423193
"GENE0401",13.97871611093,0.085874254265462,0.448254316516866,0.191574851822383,0.848075242957279,0.974516546335039
"GENE0402",155.780207953602,0.214514783919193,0.223153888370583,0.961286336910951,0.336408215869818,0.821619936534683
"GENE0403",1208.48309624525,0.294377107660403,0.244728400657888,1.20287268199787,0.229025593175743,0.723630076467236
"GENE0404",162.062392328842,-0.344156816847519,0.319196681849863,-1.07819672451795,0.280945973387364,0.792384484487614
"GENE0405",15.1454858137297,-0.0917683276967016,0.557503609501581,-0.164605800092925,0.869254265682235,0.978733469227308
"GENE0406",1513.97538128438,0.0408058714540472,0.214480288402072,0.190254646513488,0.84910959131069,0.974516546335039
"GENE0407",110.625962964183,0.18865604476663,0.289980727735268,0.650581320489889,0.515316791666322,0.902783285947626
"GENE0408",387.931268578441,0.080517769290777,0.238891462203251,0.337047496583498,0.736081095590837,0.945611002725292
"GENE0409",317.653748309089,-0.153361482284529,0.232727463191612,-0.65897457988558,0.509912092347682,0.901927924922469
"GENE0410",166.390906321567,0.0289697129072778,0.231219124671462,0.125291162434945,0.900293048408103,0.97920444442589
"GENE0411",25.0734844178064,-0.612855068444389,0.34786596497203,-1.76175633765627,0.0781104746826252,0.446516583243206
"GENE0412",137.682835200025,-0.0582129184439119,0.25695561341626,-0.226548537585784,0.820774812815855,0.974084179965782
"GENE0413",1114.1621894681,-0.371204411681909,0.220621382731939,-1.68254050031466,0.092464078314257,0.487356121653178
"GENE0414",40.2870629746829,0.244881694385507,0.373715840038524,0.655261747428914,0.512299244843352,0.901927924922469
"GENE0415",23.5098860364847,0.345495732356277,0.371707362709079,0.929483155346274,0.352638750855508,0.825156787430581
"GENE0416",65.3010800205266,-0.170833048546147,0.334710081364653,-0.510391105788149,0.609777486764487,0.917983972007838
"GENE0417",1068.8831326297,-0.27743833365076,0.246167834346311,-1.12702918473279,0.259730141880566,0.768883673979771
"GENE0418",1203.84099376291,-0.332754242771758,0.204919325510352,-1.62383046080711,0.104411997087617,0.525961972218928
"GENE0419",87.0603768061449,0.0377861815298302,0.272153249836131,0.138841559131048,0.889575352572829,0.978733469227308
"GENE0420",21.8060178111105,-0.0668011298818056,0.44535190372382,-0.149996282317975,0.880767548357769,0.978733469227308
"GENE0421",1428.18854751465,-0.326884750393171,0.25849313713467,-1.26457806198108,0.206022621335182,0.700195332647135
"GENE0422",380.228988024878,0.193804172771645,0.217813061697021,0.889772960637353,0.373587808267367,0.840079894400771
"GENE0423",723.658301174091,0.0597342205506845,0.295116761770825,0.202408769302882,0.839597173374496,0.974516546335039
"GENE0424",271.138958520423,-0.124235205837797,0.223523454228659,-0.555803892108375,0.578344924515421,0.913455253864343
"GENE0425",33.2660386439273,0.180278895011371,0.339015904616841,0.531771201752684,0.59488447070163,0.916463466434032
"GENE0426",1201.1654189988,0.104734153604012,0.20460883825615,0.511875022098974,0.608738480414347,0.917983972007838
"GENE0427",785.337630822641,-0.349942545819069,0.212677410163645,-1.64541474127321,0.0998843116318362,0.509495360528887
"GENE0428",21.8803869006271,-0.798030266211333,0.391559537771606,-2.03808154119545,0.0415417788448192,0.294443392097246
"GENE0429",1201.20102878006,-0.147030059695859,0.260775714466365,-0.563818068706021,0.572877953647864,0.912754431881921
"GENE0430",402.36386926683,0.248044170357158,0.269885781127358,0.919070909630867,0.358058483891228,0.82680164773254
"GENE0431",14.259505125886,0.35181959180718,0.500926839780227,0.702337275362476,0.482468852330787,0.894666940162089
"GENE0432",20.7794253502988,0.246801162131115,0.368325371781731,0.670062887433585,0.50281770191395,0.90177005227174
"GENE0433",694.644349078818,-0.0193838913218833,0.2287951801062,-0.0847215894709227,0.932482731758518,0.990485784263902
"GENE0434",885.392264253652,-0.0156579074771699,0.201572795820683,-0.0776786739173823,0.938083658586695,0.992053372952502
"GENE0435",25.5714906236327,-0.483456309658247,0.430326366419691,-1.12346429915647,0.261240354774309,0.771059563448603
"GENE0436",10.4936604039736,0.36755466799381,0.554160459174306,0.663263973292976,0.507161505761677,0.901889113940908
"GENE0437",548.704902650787,0.0260660244251216,0.280552439240016,0.0929096339198883,0.925975352094758,0.989652740204427
"GENE0438",818.236170260668,0.352798956358601,0.223325337699573,1.57975337681209,0.114163356558057,0.557550664434109
"GENE0439",140.205745386321,-0.245536851781442,0.320463102209397,-0.766193830393003,0.443560978835403,0.873077810583668
"GENE0440",27.5045524450801,0.153733400701526,0.386847777220985,0.397400243077282,0.691072336275546,0.936919514514416
"GENE0441",16.6525768569832,-0.69835425531107,0.447254129955778,-1.5614260630307,0.118423256379589,0.569938203545371
"GENE0442",1380.19234415664,-0.0780182700502671,0.208577753440057,-0.374048855947088,0.708367968238029,0.940905138716879
"GENE0443",1406.75141704738,-0.211310126834594,0.247806876426687,-0.852720997421998,0.393814043873112,0.851272640541633
"GENE0444",216.811621319694,0.0929267842634694,0.251471768357275,0.369531676937369,0.71173146656028,0.940905138716879
"GENE0445",32.3923463297032,-0.13466290921057,0.37158793009914,-0.362398501949838,0.717054258801138,0.943666228508166
"GENE0446",51.2709911568085,-0.383779921926126,0.32629224648423,-1.17618461995748,0.239521109055038,0.742304300068293
"GENE0447",224.371124007519,0.132025152889535,0.341010454170723,0.387158667057867,0.698638747527207,0.938114347267259
"GENE0448",201.905556004506,0.112530610324298,0.23910391414289,0.470634747773508,0.63790158927523,0.92467554967525
"GENE0449",41.6587571212886,-0.0225549617908324,0.343105372472121,-0.0657377109204698,0.94758664836025,0.99205419159042
"GENE0450",565.393365481014,-0.0873345184298069,0.241199835829416,-0.362083656191095,0.717289516665615,0.943666228508166
"GENE0451",22.7310043535274,0.295321972299446,0.497211774228551,0.593956112076495,0.55254146738674,0.908791970841467
"GENE0452",596.695494192492,-0.535357711249868,0.264847245305096,-2.02138296976868,0.0432401362501756,0.302375980527057
"GENE0453",146.345678299187,0.356590851048187,0.292315182872763,1.21988480907405,0.222508545267839,0.720741782771415
"GENE0454",850.71549646264,-0.304794991535503,0.26858153472292,-1.1348322655537,0.256445604430321,0.762944849072859
"GENE0455",338.311493347089,-0.337854966951493,0.275173787269654,-1.22778761125389,0.219526707500392,0.715139405219617
"GENE0456",1069.175671072,0.0992493636803427,0.246791335121702,0.402159028927815,0.687566992706674,0.936343461423048
"GENE0457",111.085339723245,-0.0205000341804687,0.24117140127236,-0.0850019283891691,0.932259857627202,0.990485784263902
"GENE0458",483.5006532812,-0.387587016900582,0.22888152389379,-1.69339582464698,0.0903801491154916,0.481597080286834
"GENE0459",821.226958495564,0.475544471284799,0.237558311746428,2.00180102219449,0.0453061359819949,0.310789677632811
"GENE0460",81.7279253155221,-0.151623562017377,0.327900635999888,-0.462407038507328,0.64378945281531,0.92552733265572
"GENE0461",45.3230421475761,-0.503046254405827,0.364705646287126,-1.37932126778697,0.167795722037556,0.660617019864578
"GENE0462",27.1966819444217,0.392379259342203,0.350958055163071,1.11802323260506,0.26355707101083,0.773308062828236
"GENE0463",1544.16964578423,0.256192850279721,0.233160593966807,1.0987827999623,0.271862816317378,0.785822531658207
"GENE0464",781.101569915862,0.162971855571653,0.243589556382549,0.669042868634774,0.503468132401045,0.90177005227174
"GENE0465",23.845832380732,-0.579750484392813,0.372548299288314,-1.55617536169222,0.119666398466214,0.570113483599442
"GENE0466",133.224539886538,-0.100584008334957,0.245892313163902,-0.409057147987833,0.682497722800002,0.936343461423048
"GENE0467",272.644330294524,-0.232551288073082,0.213313257140723,-1.09018675721438,0.275630885598019,0.788480706315108
"GENE0468",12.0039335564838,0.60405799979983,0.440423123517749,1.37154015660008,0.170206634351066,0.661323693884872
"GENE0469",1702.72625826803,0.192426623791148,0.256853032085141,0.749170146947546,0.453754659898276,0.877244663165427
"GENE0470",280.951602966958,0.0987687289655956,0.255057785130038,0.387240596930769,0.69857809807869,0.938114347267259
"GENE0471",14.1804535672734,-0.0899406218286528,0.400594567002484,-0.224517827342614,0.822354396752968,0.974235938604537
"GENE0472",841.161702229506,0.41379620910701,0.230322589476342,1.7965941163123,0.0724000791533402,0.428683112220305
"GENE0473",95.2199559247275,-0.0678706813876144,0.343640042131968,-0.197505159662244,0.843432244139147,0.974516546335039
"GENE0474",20.2589716201288,0.948119651872373,0.44935078974793,2.10997660069594,0.0348603714202825,0.263782278553346
"GENE0475",35.6537781921041,0.0977423264795594,0.423835803527519,0.230613661389778,0.817614953412873,0.973957293805993
"GENE0476",102.29566652484,0.466666370054829,0.256841300290765,1.81694443037987,0.0692256225742615,0.416470277745154
"GENE0477",84.1139536979708,0.0988253706946823,0.311378987907156,0.31737970297517,0.750955506401981,0.950318588254246
"GENE0478",641.641191070321,-0.0263307300284449,0.219059189555948,-0.120199157505419,0.904325385151208,0.981124778524512
"GENE0479",145.715431323052,0.512977598768261,0.246095376431202,2.08446662512438,0.0371177429934442,0.275520758936411
"GENE0480",16.9876848471615,0.545342038877113,0.703345645505398,0.775354254856088,0.438130358160803,0.871065777345726
"GENE0481",24.1884181903113,-0.347326656717764,0.420143823779216,-0.826685142229494,0.408415544835074,0.859619753322528
"GENE0482",53.950343971311,-0.946737504594895,0.405825934223827,-2.33286595250647,0.0196551818430887,0.171997251084389
"GENE0483",27.3671832987766,-0.311668341227668,0.367057014557767,-0.849100627059717,0.395825301521425,0.851272640541633
"GENE0484",300.69529121911,-0.0436689840999026,0.216543896911114,-0.201663425858766,0.840179857041415,0.974516546335039
"GENE0485",19.8845219917168,0.491445688057786,0.465150375624889,1.05653077759546,0.290725787178599,0.801011812923129
"GENE0486",251.276809178383,0.887589593859396,0.241731051828867,3.67180627868927,0.000240842218580138,0.00311113930841182
"GENE0487",1678.23158124276,0.361441018456837,0.293795183579815,1.23024827722761,0.218604146465854,0.712912320277715
"GENE0488",211.129411940831,0.115198234133484,0.277905395106084,0.41452320164389,0.678490978792461,0.935086083128398
"GENE0489",11.2009132448013,-0.414653536506944,0.557752281135773,-0.743436738013099,0.45721730891437,0.877244663165427
"GENE0490",156.212350012934,0.0180659465617169,0.255042653662188,0.0708350007432318,0.943529075213479,0.99205419159042
"GENE0491",72.4216474601307,0.260710047621536,0.312033574128977,0.835519217280682,0.403425431440033,0.855465768124871
"GENE0492",151.914046889537,-0.398895335109005,0.279576257149996,-1.42678544728851,0.153641747138258,0.638904465434012
"GENE0493",21.2139098906822,-0.0742462644206573,0.446563921105038,-0.166261224679621,0.8679513795094,0.978733469227308
"GENE0494",20.3236808401312,-0.125208910970028,0.379996224477795,-0.32950040791088,0.741777485680936,0.947544527941744
"GENE0495",31.6167900315339,-0.0761119759690947,0.444329817754613,-0.17129612492297,0.863990927296259,0.978409670037417
"GENE0496",502.826159450778,0.0463520948440817,0.261824510444264,0.177034971880331,0.859480919828951,0.976653109203956
"GENE0497",166.999744869896,0.234158890425964,0.262085390181399,0.893445034322186,0.371618894961431,0.838812997401597
"GENE0498",390.32916726466,-0.116426893337669,0.222054719891822,-0.524316228875427,0.600058611027373,0.917202933186965
"GENE0499",38.805838063593,0.259430182879594,0.371429462256026,0.698464201799826,0.48488693786545,0.894978387099577
"GENE0500",475.625571783235,-0.446590045138652,0.22828735001194,-1.95626277634435,0.0504342067679375,0.332955028751163
"GENE0501",1404.45137028712,-0.0124896195122583,0.282242162568109,-0.0442514307522866,0.964703986363408,0.99205419159042
"GENE0502",67.8702477679072,0.0197633672752314,0.388176908021496,0.0509132997528461,0.959394607585076,0.99205419159042
"GENE0503",1292.11486172321,0.223309182030932,0.28290040153959,0.789356186190079,0.429903856066349,0.867365183571322
"GENE0504",264.141486019278,0.0430885009913475,0.266893222445011,0.16144471784114,0.871743148838522,0.978733469227308
"GENE0505",76.7572085644617,-0.154288507479615,0.284684517423227,-0.541963113681526,0.587843916761297,0.913455253864343
"GENE0506",12.9258384451593,0.275766605167091,0.79105920102023,0.348604257192678,0.727386431232396,0.944693328601903
"GENE0507",608.744087077719,0.133598236919697,0.211538831099576,0.631554198466803,0.52767822316164,0.904937826387547
"GENE0508",73.0483090136037,-0.0456061264081221,0.297339309066344,-0.153380750602156,0.878098024056905,0.978733469227308
"GENE0509",532.960723259091,-0.239073196435301,0.247221840144136,-0.967039143046244,0.333524466202902,0.821609168119057
"GENE0510",456.936231758824,0.311828471860748,0.227149734047893,1.37278818823094,0.169818203820053,0.661323693884872
"GENE0511",160.771529016259,-0.0828199752539323,0.237430102859571,-0.348818343826083,0.727225690996198,0.944693328601903
"GENE0512",143.265584870262,0.333858554927983,0.258573624273146,1.29115471798975,0.196650033369793,0.693676855889219
"GENE0513",477.540731701309,0.194107367802454,0.240932410149697,0.805650712089129,0.420444276281836,0.860167907423193
"GENE0514",687.330360804849,0.0699990929020269,0.261899160635638,0.267274979927911,0.789257449371875,0.964794766947783
"GENE0515",538.818782565923,-0.0359252102071807,0.271933595016225,-0.132110231562368,0.894897103231879,0.978733469227308
"GENE0516",18.1076300891011,-0.164972372547632,0.426795182933296,-0.386537569177334,0.699098584301289,0.938114347267259
"GENE0517",34.6930006109641,0.465553724104145,0.375331598817422,1.24037977503357,0.214834958098118,0.709145481155734
"GENE0518",119.889170098198,0.0104141219987184,0.226588976194279,0.0459604089026343,0.963341805661443,0.99205419159042
"GENE0519",627.610946736108,0.063077343541756,0.207352186835617,0.304203898229257,0.760972555136848,0.953756643712598
"GENE0520",111.69790754763,-0.275931074751521,0.259442433644848,-1.06355414137552,0.28753072621739,0.799851135614467
"GENE0521",404.218178876736,0.242503425306138,0.23271792055433,1.04204878046563,0.297389063545541,0.8038124688586
"GENE0522",125.45747306344,-0.194780245406415,0.26829325511566,-0.725997548177072,0.46784027361339,0.883115712704587
"GENE0523",1214.62521272175,0.333549964984498,0.258788344052384,1.28889099007095,0.197435986816134,0.694751161154886
"GENE0524",18.6587882670849,-0.315561743470933,0.707467159280242,-0.446044370161262,0.655565195581078,0.927524864178881
"GENE0525",44.6080671242801,-0.236051064039237,0.302465034705491,-0.780424303487107,0.435141167201679,0.86861844748162
"GENE0526",172.677701072871,-0.156455547668501,0.272521115859566,-0.574104311788907,0.565897215749002,0.908791970841467
"GENE0527",14.484077105048,0.104310404271096,0.434814859750729,0.239896134945561,0.810410777249516,0.972409231127627
"GENE0528",712.101482440491,-0.250079516805944,0.194978989909162,-1.282597252773,0.199633213159055,0.695208332249726
"GENE0529",73.2822038815158,-0.311258096920311,0.298618258484211,-1.04232774814326,0.297259751766154,0.8038124688586
"GENE0530",395.840008884913,0.137858690231689,0.246510433781876,0.559240792029405,0.575997397109527,0.913455253864343
"GENE0531",656.082387918457,0.346541536613164,0.277077939654777,1.25070056838496,0.211043743026712,0.707926744727383
"GENE0532",622.1892117697,-0.11582287894162,0.19141219500796,-0.605096655084089,0.545114776632834,0.908791970841467
"GENE0533",125.537528549335,0.0866916730138779,0.311008554781986,0.27874369267639,0.780441528968802,0.963922815580673
"GENE0534",27.4437129178599,0.48828140686121,0.391913973569903,1.24588925067791,0.212805056977367,0.707926744727383
"GENE0535",106.898562711886,-0.0777305450888258,0.306829061584487,-0.253335015553676,0.800009339908504,0.969414560981256
"GENE0536",519.333486689531,0.0587179906581025,0.206258004786971,0.284682239211748,0.775887598909843,0.960684064376337
"GENE0537",18.8101704570182,-0.0052545608641736,0.42493173581884,-0.0123656588135224,0.99013388318637,0.995807046655924
"GENE0538",97.2697239073212,0.055013324121454,0.235423338643964,0.233678293912278,0.815234740204399,0.97306418590797
"GENE0539",272.608439288957,0.371754741087426,0.212003212315149,1.75353352917503,0.0795104694410291,0.451922363451487
"GENE0540",503.387923258393,-0.386120975923453,0.221573533944927,-1.74263130189287,0.0813980386507497,0.454379633209517
"GENE0541",52.4673705902236,0.512167520630619,0.293728819413064,1.74367473254427,0.0812158237460142,0.454379633209517
"GENE0542",35.1613301650063,0.282691518032885,0.378023215397236,0.747815230701706,0.454571613973105,0.877244663165427
"GENE0543",140.181452508797,-0.885814678813571,0.302424139146433,-2.92904753342015,0.00340002423473547,0.036626975871663
"GENE0544",83.3786175920237,-0.201374489838563,0.288371790224733,-0.698315496400074,0.484979910167566,0.894978387099577
"GENE0545",20.5633182126959,-0.504183520768673,0.677657989618752,-0.744008819334256,0.456871139598832,0.877244663165427
"GENE0546",686.775072463304,-0.291119393385197,0.262181238425475,-1.11037462151567,0.266837629522184,0.778832961168925
"GENE0547",164.374511988531,0.0588692394027274,0.302943973486616,0.194323850463816,0.845922311605134,0.974516546335039
"GENE0548",45.3158244067687,-0.218331139997986,0.333214541170416,-0.655226927465703,0.512321659766617,0.901927924922469
"GENE0549",579.478973567397,-0.0765113741022183,0.286638217028875,-0.26692663279618,0.789525650374677,0.964794766947783
"GENE0550",22.0548958284603,-0.0296390177287619,0.403556536591495,-0.0734445239794599,0.941452388226847,0.992053372952502
"GENE0551",1135.75855965461,-0.224495750927148,0.225635809177916,-0.994947352306703,0.319761870813585,0.8165267807732
"GENE0552",43.9124147991302,-0.314774310345872,0.341403343226312,-0.92200125333047,0.356527921913198,0.825621525130424
"GENE0553",1000.24454019172,-0.566863405849762,0.28340093008981,-2.00021716820098,0.045476818746319,0.31124501637389
"GENE0554",12.8377903352992,0.0858744338532411,0.429519501602705,0.199931396671886,0.841534235150318,0.974516546335039
"GENE0555",196.32897802009,0.419143824999488,0.277392056650628,1.51101596080451,0.130784384415561,0.59430990784017
"GENE0556",223.512039617803,-0.0393103234340986,0.267527745907272,-0.146939239146148,0.88317997969759,0.978733469227308
"GENE0557",715.93224908719,0.0359440010669264,0.260299468796578,0.138087108794741,0.890171573863323,0.978733469227308
"GENE0558",804.833333450113,-0.0633067122105286,0.291843837847526,-0.21691981806929,0.828270832720243,0.974516546335039
"GENE0559",24.1591485966388,-0.105270534119084,0.423644232665831,-0.248488061448771,0.803756806057837,0.970623354624276
"GENE0560",1185.48775226179,-0.177262607723681,0.274599134178243,-0.645532289291995,0.518582300524317,0.903817804835983
"GENE0561",245.623434170841,-0.423617699615752,0.249137595786332,-1.7003363072471,0.0890676848254482,0.478017934386938
"GENE0562",86.2352915745919,-0.374904400341684,0.283887596191769,-1.32060859780725,0.186631904560796,0.684195144380026
"GENE0563",1526.4679847161,0.307198887710499,0.191154687291652,1.60706960453339,0.108039100126307,0.538211477089986
"GENE0564",18.6240506714191,-0.0183831781262273,0.468579110265555,-0.0392317491827776,0.968705620926644,0.992227276122692
"GENE0565",21.5757378374236,-0.601185052868504,0.39763824642724,-1.51188940769688,0.130561999127612,0.59430990784017
"GENE0566",157.753883549196,0.376117429992141,0.30286492146352,1.2418652783381,0.214286272797991,0.708849638141121
"GENE0567",321.141391046982,-0.0376987766093625,0.239047721616522,-0.157703977910479,0.874690065803341,0.978733469227308
"GENE0568",22.6312869297356,-0.147949152635194,0.47910026002,-0.308806245751187,0.757468917784797,0.952180152444486
"GENE0569",36.6534900316727,-0.142111184511249,0.368571733159532,-0.385572662594116,0.69981318264642,0.938114347267259
"GENE0570",496.600455921258,-0.179204974326327,0.257377957375091,-0.696271647168145,0.486258725724817,0.895676566396823
"GENE0571",14.1930710139012,-0.0518570644866625,0.500561433697251,-0.103597802378892,0.91748853172812,0.98694512569456
"GENE0572",40.1669285593466,-0.00930431897485428,0.356835168804759,-0.0260745570735633,0.97919787067531,0.994328999326822
"GENE0573",1003.93057844031,0.263887729540035,0.25273055691694,1.04414651223501,0.296417609229327,0.803392127008745
"GENE0574",68.0606737151542,0.00962926499278401,0.261827652665452,0.036777112328497,0.970662723416078,0.992957684838388
"GENE0575",1085.014786105,-0.00674119474672383,0.240294023655027,-0.0280539425999278,0.977619128081122,0.994328999326822
"GENE0576",223.842368051964,-0.422382542140556,0.29175572597701,-1.44772665806682,0.147693511381628,0.626524224658913
"GENE0577",35.5044172515421,-0.113877639456014,0.329543709620404,-0.345561563251164,0.72967223637611,0.944693328601903
"GENE0578",177.632291110659,0.081566308696193,0.23114248447544,0.352883239449906,0.724175976524174,0.944321477475854
"GENE0579",243.723868183454,0.201999374596682,0.235003855889998,0.85955770313503,0.390032899044518,0.849531511495506
"GENE0580",835.501910278195,-0.180235064782088,0.235745778937469,-0.764531460942491,0.444550595690739,0.873114672012253
"GENE0581",8.49187338351413,-0.311860488786587,0.516651519759427,-0.603618642081612,0.546097215779602,0.908791970841467
"GENE0582",94.2008330211235,0.298954753303041,0.285331689265534,1.04774465840992,0.294756266122453,0.803392127008745
"GENE0583",39.276665860398,-0.148493772313754,0.335248707421473,-0.442936151658501,0.657811917573567,0.92765158886556
"GENE0584",442.547279938894,0.440439231717157,0.238457350434388,1.84703566870481,0.0647419709496227,0.397510373073404
"GENE0585",16.9994990000564,0.911844333109494,0.402784334616297,2.26385252539213,0.0235831866949298,0.194245246524079
"GENE0586",535.087609759907,0.491002862809651,0.227049406371699,2.16253753161476,0.0305767674030267,0.23515740703771
"GENE0587",44.9125629012495,0.118083324859887,0.294379006166773,0.401126854790013,0.688326730035625,0.936343461423048
"GENE0588",703.226205089961,0.26501282590455,0.207550953499625,1.2768567016245,0.201652842862549,0.697256179724038
"GENE0589",49.3503121785895,-0.152123611115367,0.316812681527975,-0.480168945200304,0.631107266875334,0.923340058820981
"GENE0590",50.6714693062813,0.361814979895364,0.340374585901479,1.06299058414452,0.287786221381456,0.799851135614467
"GENE0591",33.2207233452341,-0.134340724791554,0.315964629772987,-0.425176466391427,0.670708038434922,0.932245706471924
"GENE0592",1184.06377326752,-0.152394480167911,0.206118350511787,-0.739354258315765,0.459691910147294,0.879872135907328
"GENE0593",44.7538594951015,0.111229560924043,0.289124685910489,0.384711393887961,0.700451252631582,0.938392319133129
"GENE0594",33.8910126590109,0.142804137828296,0.446229102520037,0.320024258888143,0.748949940906466,0.949362098580796
"GENE0595",27.9501284741878,0.118823112134867,0.40369678337497,0.294337525163036,0.76850000100816,0.956050112847179
"GENE0596",635.147704034765,-0.307804545480817,0.23047967536265,-1.33549539670471,0.181714260895583,0.680345488723236
"GENE0597",331.322231639564,0.186204867605056,0.198426192105646,0.938408713230345,0.348034409860979,0.822479166283479
"GENE0598",31.1257785952729,-0.306697266977345,0.386452554700623,-0.793622045570218,0.427415494445243,0.864683278253969
"GENE0599",354.543771776923,0.299264403829162,0.216952502372279,1.37940056259706,0.167771285900578,0.660617019864578
"GENE0600",39.3538037343192,0.0109372564057723,0.351463147819344,0.0311192125650514,0.975174467677879,0.994328999326822
"GENE0601",1199.66716562849,-0.226197904098478,0.223882399652841,-1.01034250324825,0.312331224366642,0.8165267807732
"GENE0602",1491.19733428352,-0.340136501675997,0.184524354591314,-1.84331495118536,0.0652830394465067,0.400009424452518
"GENE0603",27.8849245430284,0.798733123511096,0.367895415198179,2.17108746267151,0.0299245615735126,0.23153873656821
"GENE0604",355.306037305893,-0.112482299753368,0.321853386843331,-0.349483039021494,0.726726701966297,0.944693328601903
"GENE0605",152.523661741962,0.00520325596804687,0.298760318669959,0.01741615483345,0.986104621416766,0.994722375204074
"GENE0606",57.5862933283061,0.0243655431849948,0.288056803564195,0.0845858972380246,0.932590611256672,0.990485784263902
"GENE0607",52.0279833079087,-0.364788947327478,0.298091390485559,-1.22374868570768,0.221047047379726,0.719306858648968
"GENE0608",27.2945692533174,-0.455966973316692,0.41078710792137,-1.10998364973998,0.267006072143368,0.778832961168925
"GENE0609",103.795415230531,0.0925126238907398,0.24706907572082,0.374440320468418,0.708076749685504,0.940905138716879
"GENE0610",998.040052274772,-0.268971297648622,0.223853491483511,-1.20155060287918,0.229537689699135,0.723630076467236
"GENE0611",188.039953327022,0.098583116887614,0.304534220508057,0.323717698205302,0.746151770541109,0.94895840507857
"GENE0612",233.421559115254,0.460420619585537,0.273672804786407,1.68237622274848,0.0924959090722313,0.487356121653178
"GENE0613",21.8975078579807,-0.756647769510026,0.423834945719216,-1.78524158319709,0.074222139700793,0.431972896078963
"GENE0614",92.625639593387,0.150797459185294,0.293707822690974,0.513426771557107,0.607652822604652,0.917983972007838
"GENE0615",22.0987390024954,-0.638294078677542,0.417837077005372,-1.52761474221527,0.126608219331121,0.587313819701453
"GENE0616",70.0671827357052,-0.190620163051566,0.352002526490744,-0.541530667270875,0.588141865724634,0.913455253864343
"GENE0617",35.4740526476717,0.228416516071123,0.428735457425284,0.532767962423377,0.59419421379595,0.916318105409362
"GENE0618",241.340324709148,-0.222119189861336,0.255969913761059,-0.867755067764244,0.38552843247376,0.848472977299444
"GENE0619",1314.3619445899,-0.361324520328922,0.234839123636414,-1.53860444858556,0.123900891854404,0.580806143769353
"GENE0620",448.887682596665,-0.165608939589108,0.249651828373004,-0.663359610335686,0.507100267168293,0.901889113940908
"GENE0621",53.2062699777911,0.186754896965151,0.33580922385811,0.55613391085428,0.57811931461734,0.913455253864343
"GENE0622",41.5374605886417,-0.148531963262408,0.375936812334036,-0.395098214352126,0.692770406635792,0.93694204171345
"GENE0623",149.446488227402,-0.189655416334869,0.262510333003512,-0.722468385015272,0.470006555937964,0.885643252516032
"GENE0624",162.697800845871,0.414560434783646,0.270256299466976,1.53395290175023,0.125041240000088,0.583004781500411
"GENE0625",51.5011866983175,0.2489387623204,0.337198908936063,0.738254946037212,0.460359539104772,0.880370450201105
"GENE0626",58.0037319458355,0.704840676935156,0.383799330135661,1.83648230101396,0.0662863573661684,0.405324775370177
"GENE0627",550.186186364548,-0.281206534506962,0.240281358639153,-1.17032189304901,0.241871454752723,0.742535412533052
"GENE0628",103.428345396244,-0.697494135463033,0.319277269408675,-2.18460317189145,0.0289179551684335,0.225303337395837
"GENE0629",23.3576869565431,0.367558335325435,0.339328832460145,1.08319217279777,0.278723133226311,0.791276661775775
"GENE0630",810.072676357736,0.257363306819912,0.234607807079343,1.09699378730766,0.27264410794201,0.786463507460865
"GENE0631",697.729134771853,-0.0551027085860903,0.218948320539972,-0.251669930375331,0.801296201102033,0.969414560981256
"GENE0632",91.9205388440534,-0.202642881119703,0.261922562210102,-0.773674781621722,0.43912313678527,0.871065777345726
"GENE0633",42.9329963743116,0.0252728059233559,0.336675032115616,0.0750658751394344,0.940162298886471,0.992053372952502
"GENE0634",512.773969915259,0.0534336219604348,0.280821723775114,0.190275956012667,0.849092893774934,0.974516546335039
"GENE0635",280.451628936977,0.029950471956309,0.225429516564127,0.132859584728733,0.894304430187442,0.978733469227308
"GENE0636",362.475048214039,-0.120690564436837,0.218592997360409,-0.552124568921329,0.580863010015885,0.913455253864343
"GENE0637",67.7369848872173,-0.0906141065426613,0.333510521262591,-0.271697894865859,0.785854320079525,0.964794766947783
"GENE0638",666.670927268321,0.312791789866149,0.256523007987736,1.21935179350892,0.222710698276507,0.720741782771415
"GENE0639",14.3374544273071,0.636616516633717,0.414158197703987,1.53713368505802,0.124260575573946,0.581181124627984
"GENE0640",82.4473406687182,0.519501903650975,0.317947240090091,1.63392487226426,0.102274626470788,0.51902633569529
"GENE0641",56.0500970296867,0.0329480093595372,0.32424230824277,0.101615392322177,0.9190619613876,0.987219094724127
"GENE0642",15.2710951924558,-0.274908421966516,0.741477843632666,-0.37075743304706,0.710818208709193,0.940905138716879
"GENE0643",155.860413054495,-0.388170743021613,0.250812331109638,-1.54765414166153,0.121705588602384,0.574635247451763
"GENE0644",104.060317923094,-0.0233117636135507,0.351808130497708,-0.0662627199109107,0.947168663167106,0.99205419159042
"GENE0645",55.7480389369243,-0.12716287754076,0.397821776513484,-0.31964785501492,0.749235292987031,0.949362098580796
"GENE0646",1076.10690060446,-0.412778061108788,0.307159558184784,-1.34385549825692,0.178995118910648,0.674395751047188
"GENE0647",141.227117368809,-0.090793846925785,0.266530241944213,-0.340651200642323,0.733366179764874,0.945611002725292
"GENE0648",238.326545508306,0.159470113746183,0.285715622864374,0.558142785989278,0.576746885987619,0.913455253864343
"GENE0649",164.630566740017,0.402980109821068,0.278341077072985,1.44779244967641,0.147675105006093,0.626524224658913
"GENE0650",370.573395489494,-0.0568993763108764,0.268034393558298,-0.212283862363733,0.831885584499548,0.974516546335039
"GENE0651",54.5508044852898,-0.135211273096682,0.393455397598054,-0.343650827824735,0.73110889498427,0.944826700476035
"GENE0652",1137.770358845,-0.51653751487488,0.245235316831397,-2.1062933412238,0.0351788793690659,0.264417571882349
"GENE0653",436.302075759913,-0.272860963127932,0.212854896786836,-1.28191066894359,0.199873984906578,0.695208332249726
"GENE0654",58.8047964076848,-0.341020008089098,0.292286080308373,-1.16673365946579,0.243317945291702,0.746208374871981
"GENE0655",13.4874923270689,-0.100536347336832,0.423822282730833,-0.237213453452804,0.812491199797051,0.972409231127627
"GENE0656",121.760506064806,0.278459501672129,0.303107804406005,0.918681398579695,0.358262242130755,0.82680164773254
"GENE0657",1300.28119851153,0.348076318097062,0.287012141022356,1.21275816715346,0.22522229359375,0.721938243560716
"GENE0658",153.699501868588,-0.0981978384841392,0.281431288234483,-0.348922961267628,0.72714714663596,0.944693328601903
"GENE0659",128.391219281315,0.158930622916538,0.245992587749412,0.646078909818364,0.518228253043942,0.903817804835983
"GENE0660",30.2255296131126,0.355379651399971,0.355466875732764,0.999754620363392,0.317429271809158,0.8165267807732
"GENE0661",209.587877967274,-0.0749884030092896,0.271038897277301,-0.276670263060318,0.782033307485213,0.964382874357048
"GENE0662",240.542062717006,-0.088649272593202,0.286439259573769,-0.309487158726478,0.756950978877084,0.952180152444486
"GENE0663",29.1869156826321,-0.133794867792685,0.407489274633377,-0.32833960577996,0.742654901439536,0.947853817748321
"GENE0664",51.0449416503712,-0.125237109162744,0.279946136362368,-0.447361448848984,0.65461410596419,0.927524864178881
"GENE0665",1598.39677390726,0.532267521726532,0.280199376257842,1.89960280724085,0.0574852635568165,0.366529971054574
"GENE0666",110.583970276114,0.521262346098734,0.299856675355766,1.73837165866086,0.0821453472123377,0.454379633209517
"GENE0667",52.2996308338142,-0.318356317201376,0.304763534431349,-1.04460107996644,0.296207380261086,0.803392127008745
"GENE0668",283.204933787199,0.234904290333175,0.240668424247986,0.976049479973032,0.329039944937071,0.820263321380301
"GENE0669",1403.86763246765,0.0107215579871003,0.217039055584626,0.0493992104703012,0.960601157348924,0.99205419159042
"GENE0670",33.5149609605453,0.438432219585933,0.340935382916928,1.28596866607055,0.19845399737524,0.695208332249726
"GENE0671",1013.26278312909,0.152296848014174,0.227842099566461,0.668431551078422,0.503858161156033,0.901889113940908
"GENE0672",273.167186901898,0.109209956420337,0.288980831844142,0.377914188022126,0.705494342208497,0.940483473874881
"GENE0673",261.550164999937,-0.155574907347258,0.277108349017667,-0.561422663368901,0.574509437770772,0.913401722510674
"GENE0674",241.423820767029,0.122557093308153,0.274630316893404,0.446262068567334,0.655407952492196,0.927524864178881
"GENE0675",15.9151520896437,-0.483533288044351,0.443943250178564,-1.0891781502475,0.276075332302311,0.788480706315108
"GENE0676",34.8576951964316,0.072455786365104,0.377048035352818,0.192165929991664,0.8476122324329,0.974516546335039
"GENE0677",44.5664925911478,-0.0663240007216677,0.356268166930346,-0.186163140235414,0.852316828462565,0.975258403900998
"GENE0678",40.2910812310651,-0.433273434966719,0.364995965699383,-1.18706362722806,0.235202524020357,0.732614124923535
"GENE0679",398.018776220886,0.151198047939381,0.231394829638815,0.653420165763367,0.513485441765883,0.902783285947626
"GENE0680",703.038574869453,-0.0297558722437217,0.256163955172104,-0.116159481624689,0.907526148290238,0.982248105367454
"GENE0681",410.348277125331,-0.348489567349873,0.244207148268353,-1.42702443323619,0.153572852073291,0.638904465434012
"GENE0682",314.165038794434,-0.0746137382109508,0.222067720472238,-0.335995425414737,0.736874316138853,0.945611002725292
"GENE0683",65.9335598791481,-0.247888303174698,0.261163827815336,-0.949167827904463,0.34253526146862,0.822479166283479
"GENE0684",30.9734884328912,0.404207734032834,0.334484498667643,1.20844982545655,0.226874284321714,0.721938243560716
"GENE0685",130.092078214126,-0.0170579475333133,0.253264595988719,-0.0673522782239688,0.946301259331916,0.99205419159042
"GENE0686",876.058204150536,0.0543739203997898,0.260322104787913,0.208871699328371,0.83454839753007,0.974516546335039
"GENE0687",19.7820436435695,-0.0738263251604443,0.385614590899807,-0.191451067731061,0.848172213659003,0.974516546335039
"GENE0688",74.2229734541256,-0.128291928058309,0.278968011959739,-0.459880425562284,0.645602051070496,0.925567498567766
"GENE0689",237.388284349472,0.521636223452099,0.286668269847501,1.81965106821761,0.0688121593833658,0.414819158787805
"GENE0690",556.26771731014,0.083896458585508,0.273742222837451,0.306479788597778,0.759239366286974,0.953522840488354
"GENE0691",360.080955224908,0.162760227246842,0.21045246500409,0.773382375177594,0.439296117511895,0.871065777345726
"GENE0692",137.463400233891,-0.0859209927145868,0.290044778392479,-0.296233544319565,0.767051733174942,0.956050112847179
"GENE0693",36.4905805950103,-0.440253812470507,0.33091114810355,-1.33042907437117,0.183376940455733,0.683616529158181
"GENE0694",38.3276091311712,-0.501290982311159,0.432810818507099,-1.15822193179059,0.246773480433687,0.750097235800887
"GENE0695",64.4953199297902,-0.0931908950088249,0.347623741725259,-0.268079776560479,0.788637912233613,0.964794766947783
"GENE0696",264.197514082788,0.156656130441899,0.257978101685627,0.607245845357837,0.54368777156817,0.908791970841467
"GENE0697",570.72263873619,0.552018145282939,0.247615427677158,2.22933663892164,0.0257915145734364,0.205780426436188
"GENE0698",58.0535902620657,-0.090915651433931,0.294682549918389,-0.308520648606813,0.757686190716755,0.952180152444486
"GENE0699",14.4527228593776,0.133726684823293,0.475701752424046,0.281114551590064,0.778622540472885,0.963291845946824
"GENE0700",303.295319076984,0.469234616531598,0.209522505354827,2.23954279153425,0.0251206202920302,0.204250493055635
"GENE0701",126.61750109516,-0.0110244009478344,0.293213155096663,-0.0375985891362888,0.970007732834215,0.992627940595781
"GENE0702",15.3355891593517,0.628099299637174,0.451204119593474,1.39205134076142,0.163906851604611,0.654329127568963
"GENE0703",134.595205292106,0.205740043504024,0.290799182836848,0.707498698919844,0.479256620951841,0.892697725917787
"GENE0704",16.5138842566821,0.385173075994934,0.405045841185777,0.95093699732192,0.341636359214647,0.822479166283479
"GENE0705",81.2812915783726,0.214867850751244,0.279686060058465,0.768246550100953,0.442340722722096,0.871826100794408
"GENE0706",169.851978669853,0.500512206909519,0.245716471364753,2.03695016508086,0.0416550362738655,0.29454651241994
"GENE0707",51.9384358079236,0.394119625414038,0.283198037877125,1.39167498605707,0.164020840288735,0.654329127568963
"GENE0708",700.263263130713,-0.425023809821126,0.224596707304488,-1.89238664681276,0.0584394838581242,0.370240806438732
"GENE0709",851.256608282374,-0.146961952901673,0.213925084332361,-0.686978590473979,0.492096220027747,0.896468327571915
"GENE0710",58.3320626090075,0.0416479320836873,0.281020655105164,0.148202387714532,0.882183047504598,0.978733469227308
"GENE0711",538.82488303652,-0.423594908072908,0.185695535712555,-2.28112596486221,0.0225409940956575,0.190006571698988
"GENE0712",65.2355365542055,-0.586849102030755,0.326650886047689,-1.79656363137824,0.0724049224393544,0.428683112220305
"GENE0713",40.4484837759586,0.11143327255173,0.330169884674704,0.337502836339899,0.735737874359556,0.945611002725292
"GENE0714",299.793657652368,-0.278827075934265,0.239182532265805,-1.16575016282712,0.243715472263077,0.746660132682774
"GENE0715",136.55955961188,-0.132417532377183,0.282013838407478,-0.469542676079089,0.638681788043616,0.92467554967525
"GENE0716",556.852490103871,0.0202466159600833,0.249718436280258,0.0810777780834755,0.935380098016536,0.992053372952502
"GENE0717",50.7357250804305,-0.52633754936429,0.298925019735269,-1.76076780000021,0.0782777119273586,0.446617002660111
"GENE0718",702.697615607133,0.199651960418512,0.202413491602075,0.98635698064538,0.323957967507034,0.820263321380301
"GENE0719",39.2237009758878,0.13921512194029,0.351377414013681,0.396198265420865,0.69195877083058,0.93694204171345
"GENE0720",642.951215033105,-0.232860655270902,0.26788298017488,-0.869262597865997,0.384703515515884,0.848472977299444
"GENE0721",21.5938518708092,-0.432505731663581,0.348439414181441,-1.24126523596543,0.214507782587611,0.708849638141121
"GENE0722",117.513683936365,0.244982462783132,0.253862798844094,0.965019151678006,0.334535219324041,0.821609168119057
"GENE0723",438.986969974865,-0.236174369321739,0.248795385406389,-0.949271502507835,0.342482543474518,0.822479166283479
"GENE0724",423.805399070754,0.336608326000932,0.254108856694307,1.32466192001277,0.18528330864505,0.684195144380026
"GENE0725",30.6853155151448,-0.0261310722055283,0.349946241319787,-0.0746716755893066,0.940475944342688,0.992053372952502
"GENE0726",123.100395488517,-0.649248887495387,0.267389133189111,-2.42810498598762,0.0151779489407828,0.136418673612337
"GENE0727",11.2340241379488,-0.370901298173402,0.479411014454169,-0.773660360297917,0.439131667181598,0.871065777345726
"GENE0728",68.4466322103145,0.924545235765928,0.266900235531534,3.46401056531362,0.00053218560806671,0.00664452658774503
"GENE0729",28.9699328462615,0.0412367808862761,0.385510202713132,0.106966769221829,0.914815342779797,0.98549060752885
"GENE0730",908.124309019525,-0.532264318153499,0.265605047752787,-2.00396913634302,0.0450733666598288,0.30990535970721
"GENE0731",118.540522111147,0.2687637590338,0.253286702743439,1.06110489071366,0.28864223549868,0.800101825260616
"GENE0732",420.703691105647,0.0258182999741408,0.240027172012335,0.107564071841058,0.914341498102824,0.98549060752885
"GENE0733",924.54088539208,0.590148149688668,0.19644783110404,3.00409603084965,0.00266371234292754,0.029330323362715
"GENE0734",871.639231412019,-0.0660192811609513,0.270855652430484,-0.243743413026594,0.8074295484288,0.972409231127627
"GENE0735",156.91619758278,-0.15466563705013,0.207086855445885,-0.746863612937263,0.455145892186501,0.877244663165427
"GENE0736",602.264753218532,-0.106522062160282,0.266591670812868,-0.399570105980746,0.689473178256566,0.936423363759533
"GENE0737",713.705787622081,0.0999958905322647,0.216083214812005,0.462765655440949,0.643532351466509,0.92552733265572
"GENE0738",715.999144214379,0.141007436565754,0.258119703130974,0.546286993419502,0.584868675449974,0.913455253864343
"GENE0739",97.1687509372494,-0.384124550031762,0.265116263729093,-1.44889093044958,0.147368044362005,0.626524224658913
"GENE0740",26.1825011340556,0.761091022238116,0.383675050745775,1.98368650960945,0.0472907983859163,0.317114027828257
"GENE0741",11.2894077736666,0.287077489112498,0.476941132026734,0.6019138837797,0.547231462024233,0.908791970841467
"GENE0742",62.2339242125638,-0.359311298420112,0.283369414897964,-1.26799604872493,0.204799361618867,0.699410146310427
"GENE0743",25.030668062232,0.216807772600954,0.418126425489065,0.518522053102392,0.604094077511509,0.917362202185416
"GENE0744",933.68232949124,-0.168311091438877,0.235382743854223,-0.715052805838286,0.474576414359193,0.888713633659002
"GENE0745",15.6875338357045,-0.0870170927309028,0.391675351062405,-0.222166374511115,0.824184369262704,0.974516546335039
"GENE0746",863.318280535103,-0.281511539275816,0.20196294347674,-1.39387718573352,0.163354694720685,0.654329127568963
"GENE0747",129.326498707096,0.164741602285927,0.255866550369559,0.643857518882337,0.519667831131581,0.903817804835983
"GENE0748",571.179195661629,-0.351595312091738,0.255710724591163,-1.37497288255656,0.169139851932089,0.661323693884872
"GENE0749",98.0213606561243,0.33816559618537,0.340295145223918,0.99374205283726,0.320348463852896,0.8165267807732
"GENE0750",19.5215692907778,-0.459654639720785,0.376826118054444,-1.21980568144795,0.222538547131613,0.720741782771415
"GENE0751",18.0571478731613,0.0187166472169352,0.433277655732956,0.0431978131557999,0.965543848312064,0.99205419159042
"GENE0752",160.915205820674,-0.0888336699796407,0.317964161810893,-0.279382649521595,0.779951184852816,0.963716080994122
"GENE0753",30.1278367331096,-0.202070774542921,0.326502678323972,-0.618894692013572,0.535985735511253,0.908791970841467
"GENE0754",132.498769751497,0.166396995228825,0.281476501160636,0.591157679389599,0.55441477585891,0.908791970841467
"GENE0755",214.790451303771,-0.220112871693582,0.232099971568983,-0.948353721052317,0.342949410863688,0.822479166283479
"GENE0756",35.7184127479819,0.071433600142206,0.331339126592185,0.21559059709277,0.82930688588356,0.974516546335039
"GENE0757",26.117279779479,0.777927793526399,0.379538320190071,2.04966864251498,0.0403967769968087,0.290467427851752
"GENE0758",96.9740044432343,-0.193662828905653,0.255535536942446,-0.757870436428855,0.448528550146319,0.874777250742886
"GENE0759",77.5673803023882,-0.308931687721798,0.315797467705104,-0.978258913748739,0.327946285069435,0.820263321380301
"GENE0760",640.101285260416,-0.376891149390107,0.263781189171329,-1.42880222268356,0.153061086561118,0.638904465434012
"GENE0761",18.1927265650594,-0.211329766827869,0.391783738892837,-0.539404130005694,0.589608031928251,0.913455253864343
"GENE0762",493.275582738649,-0.190808320980835,0.239559477993572,-0.796496647007868,0.42574342362079,0.863642675788197
"GENE0763",44.4599680673566,0.124643878350898,0.263657203217366,0.472749755477527,0.636391724389202,0.92467554967525
"GENE0764",98.9983765269168,-0.39565179220763,0.298521284413157,-1.32537213547575,0.18504775421922,0.684195144380026
"GENE0765",227.932969530641,-0.0293722519754613,0.28534443648556,-0.102936129882973,0.918013662494569,0.987068644144125
"GENE0766",187.940392486765,-0.405889615860998,0.285542444504019,-1.42146858960327,0.155180578764486,0.641633904693213
"GENE0767",12.7467482867024,-0.511443781471899,0.458702727100295,-1.11497872424916,0.264859539046799,0.77560438127149
"GENE0768",173.75043843514,0.156457990597534,0.313178327242559,0.499581155487674,0.617370029587234,0.918600050679897
"GENE0769",249.053357114848,-0.365819162384852,0.233127816906183,-1.56917851863241,0.116606348129231,0.563943829526135
"GENE0770",24.499704082356,-0.407979397291683,0.343438784998204,-1.18792464658241,0.234863098521051,0.732321301971596
"GENE0771",12.6104085452569,0.070165966740759,0.454554861987085,0.154361932097764,0.877324367642021,0.978733469227308
"GENE0772",262.749218698255,0.463891314902047,0.254617291688684,1.82191598938708,0.0684677338025061,0.413578375843478
"GENE0773",38.9943251279254,0.171416164229232,0.3193414185283,0.53678024297384,0.591419420397423,0.913455253864343
"GENE0774",42.5547809001551,0.407153392064093,0.322146619645595,1.26387603418598,0.206274524977465,0.700253905042954
"GENE0775",158.209127260826,-0.174455278290371,0.333737279313315,-0.522732367955187,0.601160510201069,0.917352821879846
"GENE0776",9.90835176127933,1.3011198615542,0.616614570246774,2.11010236270201,0.034849539832904,0.263782278553346
"GENE0777",133.498182431958,0.203558134729352,0.259800894520846,0.783515911693749,0.433324213553898,0.868394528707073
"GENE0778",11.8636017466511,0.547172501792057,0.475367355402296,1.15105190874749,0.249710880975109,0.755167792403245
"GENE0779",24.0031542508713,-0.216854889939203,0.403979021492794,-0.536797403830215,0.591407565174482,0.913455253864343
"GENE0780",10.8413455160044,-0.322433331341596,0.536746083412609,-0.600718554463553,0.548027458705382,0.908791970841467
"GENE0781",17.6190194489022,-0.190878007858277,0.520292503873443,-0.366866726768576,0.713718431710433,0.941944184088426
"GENE0782",41.3846664922256,-0.4061481194771,0.312966259290748,-1.29773771906762,0.19437747758819,0.691714176382215
"GENE0783",11.0075906865316,-0.0987592939771501,0.549855186294714,-0.179609643482051,0.857459033402924,0.976337473845298
"GENE0784",39.1310004625108,0.0648333580522587,0.332335701038649,0.19508394027375,0.845327234837758,0.974516546335039
"GENE0785",494.603678109194,0.0950183169011242,0.225242884721593,0.421848250694221,0.673135784407059,0.932514939958526
"GENE0786",282.063988663039,-0.0252742642031179,0.297600798829258,-0.0849267350845331,0.932319637042218,0.990485784263902
"GENE0787",731.317295248515,-0.0314375617067201,0.21097223015657,-0.149012795112367,0.881543536650287,0.978733469227308
"GENE0788",800.099168899458,-0.281007370534837,0.227975920548891,-1.23261864611957,0.217718076907677,0.712634657729471
"GENE0789",218.744342724444,-0.251007353068353,0.23569463990405,-1.06496844039617,0.28689021162343,0.799851135614467
"GENE0790",51.8459877410991,-0.291036394751634,0.29590558575381,-0.983544781725659,0.325339386503762,0.820263321380301
"GENE0791",111.811122108037,-0.407805913715975,0.238928146390817,-1.70681403541684,0.0878566228399324,0.475382259028658
"GENE0792",13.718504695726,-0.299034446112047,0.511426941209329,-0.584706088038586,0.558745359764358,0.908791970841467
"GENE0793",121.303309469274,0.0654844560808808,0.323350982838249,0.20251819093322,0.839511638728959,0.974516546335039
"GENE0794",147.047581752272,-0.269999531007136,0.217315764677686,-1.24242956514263,0.214078112970339,0.708849638141121
"GENE0795",241.001647731097,-0.0465848495787921,0.212237722168232,-0.219493731382332,0.826265462450538,0.974516546335039
"GENE0796",208.506571368259,-0.13923723907642,0.252673067396071,-0.551056907296582,0.581594664642961,0.913455253864343
"GENE0797",38.609028941297,-0.700522500932717,0.351668008022362,-1.99199951360993,0.0463711112511258,0.313767337808071
"GENE0798",7.9643979127445,0.805532138876649,0.535202876790795,1.50509680311663,0.132299190809895,0.594796727523212
"GENE0799",23.3803667814705,0.59908034329045,0.434697961736342,1.3781530994475,0.168156024145083,0.660617019864578
"GENE0800",14.2258125687424,0.0533407894834659,0.448152108209702,0.119023850398817,0.905256460208806,0.981124778524512
"GENE0801",138.554921945122,-0.133052520325458,0.206553619750779,-0.644154871195164,0.51947501166789,0.903817804835983
"GENE0802",208.262685655625,0.0863407072988123,0.276839077544558,0.311880490516789,0.755131349826492,0.951003989516676
"GENE0803",412.301893325567,-0.153114159575004,0.28241052349276,-0.542168746693072,0.587702263253123,0.913455253864343
"GENE0804",1116.63229079395,-0.122985377051198,0.218326653766711,-0.563309036846284,0.573224465598767,0.912754431881921
"GENE0805",177.718410589447,-0.234373181948143,0.271632957928782,-0.862830430207192,0.388230705558772,0.849325825064059
"GENE0806",7.37406912465869,-0.221499547651561,0.607907211070955,-0.364364073361367,0.715586159568248,0.943574502939307
"GENE0807",319.300763343259,0.221998366721062,0.233002951628764,0.952770620154051,0.3407063032363,0.822479166283479
"GENE0808",144.809075521359,0.0152450625373972,0.309233286731997,0.0492995521229563,0.960680576439594,0.99205419159042
"GENE0809",91.4695534777538,0.191838385191929,0.28398633698608,0.675519770520974,0.499345594804905,0.900330667611986
"GENE0810",19.0719403301376,0.0496967326782427,0.392194513774784,0.12671450245421,0.899166367069322,0.97920444442589
"GENE0811",27.3697363297926,-1.07812239047395,0.392877572595157,-2.74416883446006,0.00606643287221002,0.0624215023816369
"GENE0813",194.71564017911,-0.476660044679028,0.232084760282533,-2.05381880352142,0.0399932323188906,0.289647233417449
"GENE0814",40.7052999002682,0.0752341423116936,0.379942952825973,0.198014311759464,0.843033866272679,0.974516546335039
"GENE0815",12.2431571208032,-0.104892288918214,0.469982904209038,-0.223183200875664,0.823392925975577,0.974516546335039
"GENE0816",51.0162268842879,-0.0775495305767347,0.309776835429543,-0.250339992237324,0.802324431496832,0.969893329077069
"GENE0817",159.250302166877,0.362575257011445,0.247125285778399,1.4671718269112,0.142329318833202,0.617382734364171
"GENE0818",216.205008990326,-0.00889283177908329,0.221798491505544,-0.0400941941431599,0.968018030484174,0.992227276122692
"GENE0819",23.0671327679832,0.602851026482163,0.396751050990218,1.51946926158748,0.128644419550145,0.589946576105281
"GENE0820",13.5591514205419,0.693412311373814,0.463781932246986,1.49512575449908,0.134881625567037,0.601022688929619
"GENE0821",173.188075017663,0.20563932565895,0.233629169015789,0.880195424763304,0.378753451601603,0.843883909760141
"GENE0822",6.82419648021551,-0.280633863389369,0.65368700349588,-0.429309228864204,0.667698201499068,0.931062536960529
"GENE0823",473.0348193945,-0.214102066337738,0.226795242000142,-0.944032442874635,0.345153069784422,0.822479166283479
"GENE0824",8.45341331554407,0.713055135262548,0.571296960779553,1.2481339552193,0.211982005309142,0.707926744727383
"GENE0825",110.431392491847,-0.303804708619251,0.233334202618638,-1.30201532912768,0.192911145447018,0.691714176382215
"GENE0826",215.286609977406,0.0135521946312162,0.269701800313805,0.0502488104100449,0.95992411557132,0.99205419159042
"GENE0827",35.0697058102828,0.446049780109084,0.321576840351436,1.38707059756423,0.165420236632713,0.656492779996209
"GENE0828",33.1558885587912,0.251207830119415,0.388635611380747,0.646383971934332,0.51803071789807,0.903817804835983
"GENE0829",19.4230203275299,-0.398133324163527,0.431658739419084,-0.92233351906491,0.356354635229134,0.825621525130424
"GENE0830",10.4115752595546,0.0763310851924789,0.476792156036336,0.160092996971749,0.872807817632465,0.978733469227308
"GENE0831",23.2811933364822,-0.169090769451785,0.422165432152517,-0.400532010850897,0.688764711066887,0.936343461423048
"GENE0832",210.235314559965,-0.356743089027378,0.256907552792002,-1.38860490923833,0.164952923729321,0.656492779996209
"GENE0833",25.1621948959551,0.320347696767603,0.361898969706696,0.885185434562665,0.376056626765235,0.841231425179615
"GENE0834",203.715689185664,-0.0399112963717904,0.214879065670971,-0.185738411730176,0.852649904214749,0.975258403900998
"GENE0835",45.4821728412693,-0.148284279802673,0.352818465110823,-0.420284918353396,0.674277326073952,0.933229842766545
"GENE0836",142.017812345224,0.34224664662065,0.257389068293996,1.32968602314426,0.183621741817141,0.683616529158181
"GENE0837",219.903049737822,-0.102967196473351,0.22314901301824,-0.461427971742514,0.64449158702126,0.92552733265572
"GENE0838",15.3381747994903,0.211395979474376,0.406031107017971,0.520639861873982,0.602617675165645,0.917362202185416
"GENE0839",44.0016083116817,-0.232162656521426,0.309566233310513,-0.749961176445732,0.453278087545034,0.877244663165427
"GENE0840",25.5416456296631,0.26789026902873,0.372716766613948,0.718750249586183,0.472294816136634,0.886927458371125
"GENE0841",320.086749713119,0.248338287898046,0.200544721106375,1.23831874769878,0.215597894969191,0.709720156108164
"GENE0842",132.021521249215,0.101464743862013,0.288217170594782,0.352042675502728,0.724806258049796,0.944321477475854
"GENE0843",54.9234674301644,-0.152139555470355,0.282870401000371,-0.537841905453216,0.590686198519871,0.913455253864343
"GENE0844",11.4552489564976,0.857159204343784,0.479637659189596,1.78709738053525,0.0739217508011515,0.431972896078963
"GENE0845",121.636862463974,-0.0573913526112652,0.280621811166383,-0.204514939065935,0.837951119015162,0.974516546335039
"GENE0846",972.850137448961,0.364896773362662,0.193280307307686,1.88791490682896,0.0590373749885859,0.371661449295233
"GENE0847",187.96493203781,-0.031344517899177,0.226790785052034,-0.13820895717604,0.890075276233811,0.978733469227308
"GENE0848",129.910417502878,0.151218266631123,0.227958362909465,0.663359153404608,0.507100559742512,0.901889113940908
"GENE0849",7.25550877632354,-1.03650678742477,0.648799831062378,-1.59757561238501,0.110137457543571,0.544122803493403
"GENE0850",21.4761372245376,0.324947381623709,0.383166504343239,0.848057901566007,0.396405725295652,0.851272640541633
"GENE0851",297.579286384569,-0.108045270015174,0.224648810495216,-0.480951890094582,0.630550691956861,0.923340058820981
"GENE0852",24.5065383302281,-0.012344874040883,0.362332702977702,-0.0340705488061967,0.972820893492694,0.994142995267876
"GENE0853",159.047465445194,-0.63000032344581,0.223996516739739,-2.81254517978869,0.00491511181163541,0.051643287485634
"GENE0854",45.1135316417068,0.340636762959077,0.312103678593865,1.09142181371832,0.275087318222419,0.788480706315108
"GENE0855",84.6318743769931,-0.101898789280464,0.232801297388851,-0.437707136615574,0.661598595453414,0.930792177667604
"GENE0856",15.6892573643804,0.095502812139144,0.431032251819949,0.221567670947828,0.824650451798967,0.974516546335039
"GENE0857",21.9798676283809,0.169092177675479,0.378598444326537,0.446626710197569,0.655144606854058,0.927524864178881
"GENE0858",108.873495249701,0.118423858555586,0.297683013508768,0.397818663415601,0.690763858893774,0.936919514514416
"GENE0859",637.666405769046,0.697742817868523,0.233453280638402,2.98878994529643,0.00280084613250273,0.0306143767743156
"GENE0860",151.874290408879,0.198038249407714,0.30073036364144,0.658524290695946,0.510201293725153,0.901927924922469
"GENE0861",195.532160463361,0.319075773411808,0.283611000191961,1.12504724145341,0.260569016084199,0.769839548510149
"GENE0862",518.217094461761,-0.27222197302509,0.234399273983892,-1.16136013733472,0.245495472810536,0.749803982463294
"GENE0863",202.573932928283,-0.492251323608231,0.250447296722341,-1.96548866787717,0.0493577059830607,0.327296432563229
"GENE0864",23.8178863722357,-0.124324596528523,0.372506470414188,-0.333751508773222,0.738567077574965,0.946040327483937
"GENE0865",7.96172242956281,0.166517636414405,0.553122064884855,0.301050431696428,0.763376038303934,0.953756643712598
"GENE0866",189.845500535837,0.415261341272592,0.237092931443772,1.75147077875273,0.0798648504541051,0.452213878093073
"GENE0867",20.3555352363478,0.121053034023525,0.37664472199946,0.321398461077328,0.747908449193119,0.949362098580796
"GENE0868",276.921367162275,-0.153241428485231,0.241736930166055,-0.633918153837586,0.526134237455152,0.904525871089139
"GENE0869",11.7415069939465,-0.209823808455929,0.461268088850432,-0.454884726534735,0.649192171552374,0.927524864178881
"GENE0870",900.002244052178,0.428425187485385,0.245545762349665,1.74478754341235,0.0810218579123583,0.454379633209517
"GENE0871",133.226725533814,-0.0270154586530018,0.252373557950296,-0.107045519635312,0.914752867745988,0.98549060752885
"GENE0872",59.0838060210583,-0.0389962874455906,0.275643220419695,-0.141473776812703,0.887495674738804,0.978733469227308
"GENE0873",47.5769631672877,0.092247578975945,0.290202781067154,0.317872828911996,0.750581403833456,0.950248158268575
"GENE0874",201.152433738956,0.248321310987443,0.223230649950924,1.11239792135191,0.265967097969519,0.77808413758926
"GENE0875",124.081549089829,-0.230199686901054,0.25116126634934,-0.916541353079778,0.359383028314841,0.828747261585384
"GENE0876",284.884582437646,0.0652058123542373,0.236465692475958,0.275751681656175,0.782738797693615,0.964697793541767
"GENE0877",25.5568720136049,0.230234597535117,0.39508070313618,0.582753335476771,0.560059362893995,0.908791970841467
"GENE0878",171.71810102022,-0.168556804842317,0.221996896429303,-0.7592755013852,0.447687769374133,0.874777250742886
"GENE0879",18.9949341785439,-0.334513721729066,0.414983203078451,-0.806089786881873,0.420191080005357,0.860167907423193
"GENE0880",441.64431522974,0.482914269656043,0.241826064352562,1.99694880264021,0.0458307449105376,0.312433377254386
"GENE0881",23.3523865301774,-0.25115095457204,0.40133473414237,-0.625789230799411,0.531453196397206,0.906203621742437
"GENE0882",1057.23406903492,-0.626599525834535,0.233290496535981,-2.68591963727032,0.00723304833163588,0.0714682656344419
"GENE0883",42.4218330640584,0.0761006324693863,0.371561212832112,0.204813177051857,0.837718091454252,0.974516546335039
"GENE0884",697.163015476885,-0.00563337596043814,0.271928259692736,-0.0207164050062452,0.983471882525777,0.994722375204074
"GENE0885",62.8525873541358,0.497558741843088,0.336641663470157,1.47800702002887,0.139405899263368,0.612347559034983
"GENE0886",414.480473717697,-0.315952593986524,0.269559873069533,-1.17210544132073,0.241154725584818,0.742304300068293
"GENE0887",598.386591525858,0.192512829504174,0.227488657133164,0.846252432671768,0.397411937515619,0.851272640541633
"GENE0888",91.4369046166734,0.108370069973523,0.298951257766126,0.362500799572827,0.716977826132152,0.943666228508166
"GENE0889",66.613068536492,-0.137872985054075,0.294061352739643,-0.468857888905058,0.639171218447901,0.92467554967525
"GENE0890",621.249387508042,0.157691212876394,0.228518314162027,0.690059409262864,0.490156827808444,0.895719465922334
"GENE0891",70.8291596353902,-0.176318135368574,0.29706575221263,-0.593532354555536,0.55282493671913,0.908791970841467
"GENE0892",33.3373361987952,0.203327912623098,0.37296080166169,0.545172339069389,0.585634993898603,0.913455253864343
"GENE0893",94.2662943160873,0.133913003801341,0.240118956932828,0.557694425762488,0.577053064725812,0.913455253864343
"GENE0894",36.1378637627539,0.283872127119373,0.290667267523171,0.976622271707094,0.328756188867174,0.820263321380301
"GENE0895",850.069682614778,0.332902354493583,0.228042578362399,1.45982542770826,0.144338058286674,0.622967585483208
"GENE0896",177.80768973681,-0.519999057838882,0.271837973970393,-1.9129007262816,0.0557607625901932,0.356295750683376
"GENE0897",102.274525464818,-0.0544775589446297,0.224309481670142,-0.242867838394551,0.808107780960803,0.972409231127627
"GENE0898",450.928697127072,-0.201458972011788,0.190186477664896,-1.05927074566654,0.289476493991159,0.800101825260616
"GENE0899",79.5255914115958,0.27493242183871,0.291283152268179,0.943866542564688,0.345237851117545,0.822479166283479
"GENE0900",190.038674569968,0.162540352042087,0.232013811223594,0.700563260371792,0.483575613268893,0.894666940162089
"GENE0901",11.6164238733994,0.244739628983493,0.572700680566079,0.427343003576638,0.669129514909985,0.931288466647106
"GENE0902",292.920587193112,-0.224764128704461,0.251538089861363,-0.893559018550001,0.371557881421969,0.838812997401597
"GENE0903",57.2671602570458,0.271528933558452,0.317311939440263,0.855716094507596,0.392154835622511,0.850982516882657
"GENE0904",19.4578243294493,-0.0312550447935502,0.467305807419236,-0.0668834932015091,0.946674454126951,0.99205419159042
"GENE0905",75.9528521646874,-0.119180543788536,0.251479526780491,-0.473917480736175,0.635558753113842,0.92467554967525
"GENE0906",48.590439054388,-0.157865910439022,0.342795802130304,-0.460524631451041,0.645139695684952,0.92552733265572
"GENE0907",110.871040326811,0.106230562471762,0.238606495119825,0.44521236699116,0.656166290317742,0.927524864178881
"GENE0908",326.241414397334,0.581849058776329,0.252046190454651,2.30850169854488,0.0209712484725093,0.179822429430942
"GENE0909",18.124509263974,-0.409593021066432,0.407182708813929,-1.00591948577464,0.314454302019759,0.8165267807732
"GENE0910",33.4744987949162,-0.615379254008001,0.336301002384092,-1.82984662443906,0.0672728766929533,0.40884371497306
"GENE0911",270.53449144476,0.391880835301038,0.227906558453159,1.71948029034707,0.0855269534948802,0.468279686658206
"GENE0912",584.703963516217,0.252798268707274,0.197111462649747,1.28251429576411,0.199662293329061,0.695208332249726
"GENE0913",413.812009725705,0.216463708625892,0.222766661460751,0.971706031802385,0.331196815175278,0.821609168119057
"GENE0914",290.065787430337,0.0395825403847812,0.282550661290338,0.140090064571138,0.888588830505682,0.978733469227308
"GENE0915",88.7880183022359,-0.0916183391962833,0.27060970934996,-0.338562645872399,0.734939226578781,0.945611002725292
"GENE0916",25.0289230498863,0.0655111735808916,0.417231092319495,0.157014121878353,0.875233718500944,0.978733469227308
"GENE0917",36.8366261258777,0.304867961445537,0.369611506456779,0.824833524172732,0.409466111023416,0.859619753322528
"GENE0918",7.19485298712845,-0.161219466077049,0.546078231932886,-0.295231446062958,0.767817081526841,0.956050112847179
"GENE0919",309.440586434525,0.0411597965328722,0.187588611224157,0.219415220701691,0.826326614488464,0.974516546335039
"GENE0920",38.7517074542354,-0.0264818679884092,0.344477388263061,-0.0768754899180386,0.938722596044543,0.992053372952502
"GENE0921",56.4901547783679,-0.34616429205002,0.261365633443483,-1.32444456254374,0.185355443065223,0.684195144380026
"GENE0922",18.8993731018035,-0.0764650744945444,0.372592114870024,-0.205224618135622,0.837396636281641,0.974516546335039
"GENE0923",70.6423617121692,-0.142430207880983,0.286272666623968,-0.497533381585716,0.618812968784697,0.918600050679897
"GENE0924",11.0419551053764,-0.0859108221005025,0.430213175914957,-0.199693609843054,0.841720211724775,0.974516546335039
"GENE0925",601.788982822202,0.565049147642025,0.195043888693019,2.89703590011662,0.00376706645058795,0.0401461653162659
"GENE0926",526.345829061951,0.433993894428395,0.249645657902353,1.73843958703319,0.0821333864032597,0.454379633209517
"GENE0927",37.8798832009601,-0.327205016923103,0.34169855237369,-0.957583854687401,0.33827264370712,0.822366435225051
"GENE0928",619.120503735837,-0.0139981943183868,0.203799266055488,-0.0686861861149959,0.945239414117042,0.99205419159042
"GENE0929",462.785119160267,-0.200553703616668,0.25594814694467,-0.783571617965347,0.433291514996253,0.868394528707073
"GENE0930",108.902584064607,-0.167452423088655,0.26222146966711,-0.638591581769546,0.523088659120922,0.904525871089139
"GENE0931",474.854669860031,0.0792285765682258,0.286463654640964,0.276574620496014,0.782106754672941,0.964382874357048
"GENE0932",915.515357395688,-0.211205583026057,0.265530692754464,-0.79540930216063,0.426375450639279,0.864337190698103
"GENE0933",196.29657891739,0.0565485302774292,0.315912334451708,0.179000704026241,0.85793714888937,0.976337473845298
"GENE0934",458.751672318941,-0.472374482530574,0.203117009277246,-2.32562740171998,0.0200384364602611,0.173821786039009
"GENE0935",62.6935282416363,-0.44542923041424,0.285711154020344,-1.55901939475041,0.11899178981527,0.569938203545371
"GENE0936",184.24573969581,-0.0406348005446133,0.298090631532259,-0.136316932658166,0.891570738507533,0.978733469227308
"GENE0937",61.2596192324905,0.184793719220367,0.30917326469682,0.597702778089751,0.550038271456144,0.908791970841467
"GENE0938",476.83922009989,0.0982870787680885,0.278469726548416,0.352954268984065,0.72412272488492,0.944321477475854
"GENE0939",10.97125088709,0.489376734429339,0.607960422351077,0.80494834275041,0.420849489893757,0.860167907423193
"GENE0940",380.093534362488,0.342174184301351,0.237103090134522,1.44314519101044,0.14897957533992,0.628790739482776
"GENE0941",117.116703450998,-0.109529325770666,0.251729528763522,-0.435107181539909,0.663484630905209,0.931062536960529
"GENE0942",18.5358436210636,-0.261891593194778,0.481782027614363,-0.543589378980334,0.58672407017316,0.913455253864343
"GENE0943",15.7680959383509,0.476647437160204,0.426043079357253,1.11877756089665,0.263235046841486,0.773123405290347
"GENE0944",14.6772691729854,-0.478215048853229,0.451554784693448,-1.0590410401207,0.289581089571537,0.800101825260616
"GENE0945",24.91902803729,-0.308235464705978,0.3767649142993,-0.818110851110509,0.413293893355884,0.859901204830087
"GENE0946",403.104329468872,-0.305739506795921,0.236926711608239,-1.29043916036561,0.196898222834507,0.693676855889219
"GENE0947",126.304627852259,0.0792343415042394,0.289149563984232,0.274025457318554,0.784065058062908,0.964794766947783
"GENE0948",26.8055940659557,0.558763905797733,0.333301250688958,1.67645307253641,0.0936494807855805,0.490214279279301
"GENE0949",24.0114609100754,-0.308798565900002,0.423331754551102,-0.729448151668778,0.465727572490745,0.882112965264263
"GENE0950",67.0227788238267,-0.5127066044515,0.295819004763864,-1.73317669316332,0.0830642682328653,0.458158551583863
"GENE0951",10.2472417167764,-0.79416139903781,0.56373158824402,-1.4087580252715,0.158906730684828,0.649558471730857
"GENE0952",116.240979308326,-0.20019681391962,0.262641331452003,-0.762244132760211,0.445914310558017,0.87377546606631
"GENE0953",21.4147188270856,-0.146934257843277,0.366204794613989,-0.401235210473303,0.688246959459506,0.936343461423048
"GENE0954",39.7343115373057,-0.672381555951894,0.326196684333643,-2.06127648821888,0.0392766699673947,0.28516200287763
"GENE0955",257.020847184078,0.529084475063112,0.228215281199251,2.31835691406299,0.0204299316292175,0.176193398790708
"GENE0956",145.318283369659,-0.00645395205378019,0.253709947302592,-0.0254383090706442,0.979705354766292,0.994328999326822
"GENE0957",10.1842482102679,0.0160907583384497,0.538058833116927,0.0299052024575777,0.976142656745452,0.994328999326822
"GENE0958",54.0488766514519,-0.14137770862751,0.306869044789639,-0.460710231377118,0.64500651351909,0.92552733265572
"GENE0959",78.4186281220062,-0.40066000384673,0.293524980517273,-1.36499456755147,0.172254757450175,0.662536330981415
"GENE0960",120.677002606504,0.05247134002198,0.232753059061975,0.225437810499447,0.821638700058268,0.974084179965782
"GENE0961",11.7332655054393,0.143863222593208,0.483582645119586,0.297494593830246,0.766088934771748,0.955689540701879
"GENE0962",65.4016224484288,-0.591382770365291,0.292603757646396,-2.02110449681908,0.043268948956117,0.302375980527057
"GENE0963",346.848855577999,-0.286154440297905,0.240506366485358,-1.18979985635984,0.234125066070271,0.730783679031055
"GENE0964",87.7756904773954,-0.056493686745419,0.246781796654,-0.228921612174766,0.818929842474844,0.974084179965782
"GENE0965",26.7989489203897,0.308699819810927,0.350304681540605,0.881232355940253,0.37819206994021,0.843883909760141
"GENE0966",8.91503224831004,0.27395685566231,0.483556932452283,0.566545193081982,0.571023220165593,0.912658430087911
"GENE0967",310.04573249051,0.0180666303758418,0.24313143601754,0.0743080807310268,0.940765247316702,0.992053372952502
"GENE0968",8.80037062095931,-0.611426168273678,0.513552469082886,-1.19058169336733,0.233817841829724,0.730749042803602
"GENE0969",200.309476466205,-0.140480318417292,0.231569319211275,-0.606644778746029,0.54408667648918,0.908791970841467
"GENE0970",81.6451150412929,-0.0655394450019779,0.254202045627949,-0.257824223404959,0.796542568771716,0.968574989900082
"GENE0971",848.478921584202,-0.237686904416399,0.211726403642863,-1.12261343095085,0.261601708654455,0.771363140933689
"GENE0972",27.1590678133807,-0.203004388877437,0.328983097420174,-0.617066318815042,0.537190983345855,0.908791970841467
"GENE0973",596.603323468816,0.100808155948427,0.243697032514182,0.413661811587963,0.679121798280132,0.935086083128398
"GENE0974",62.349545592475,0.240506876227914,0.253401015737575,0.949115675514834,0.34256178264752,0.822479166283479
"GENE0975",513.885412253981,-0.302372572048323,0.258189219200074,-1.17112779915884,0.241547411315788,0.742304300068293
"GENE0976",124.195905848821,-0.33110285487214,0.3375512828077,-0.980896449624118,0.326643808482298,0.820263321380301
"GENE0977",714.722343455615,-0.125922800535978,0.201728332205938,-0.624219707559111,0.53248330598882,0.906923621615662
"GENE0978",15.0060505162146,0.519412595246025,0.409982414429656,1.26691432843187,0.205185924777418,0.699410146310427
"GENE0979",10.8066772735108,0.411963461440971,0.514084249221601,0.801353984419371,0.422926746422354,0.86085498726078
"GENE0980",34.3054194882368,0.43292187976561,0.305393803506121,1.41758567068285,0.156311766097533,0.643357669013847
"GENE0981",895.47195064519,-0.382225916320745,0.228674378156035,-1.6714855394072,0.0946258126222779,0.490214279279301
"GENE0982",208.498874849441,-0.145465350717313,0.214645865889455,-0.677699289080319,0.497962377286819,0.898923008967858
"GENE0983",300.542724333811,-0.0547625497814061,0.267441226594397,-0.20476480189219,0.837755888306834,0.974516546335039
"GENE0984",111.55825575304,0.162471112982489,0.222302863405686,0.730854791942072,0.464867851954916,0.882112965264263
"GENE0985",15.3265282477871,-0.0383773837075432,0.452825310081868,-0.0847509687579185,0.932459374485103,0.990485784263902
"GENE0986",67.7848411777621,0.299814881049055,0.246324191591238,1.21715564805986,0.223545001333978,0.721017557980856
"GENE0987",8.14139442024781,0.83045411015362,0.53383277681234,1.55564466294574,0.119792612002966,0.570113483599442
"GENE0988",99.6664522536148,0.448263625594996,0.224942739783017,1.99278992523785,0.0462844554274207,0.313767337808071
"GENE0989",885.975275871362,-0.242418761814212,0.286158522440155,-0.847148495690566,0.396912357116745,0.851272640541633
"GENE0990",381.487539579499,-0.282588641158762,0.219930954713861,-1.28489707838727,0.198828252040147,0.695208332249726
"GENE0991",171.776984080929,0.199160922189961,0.199651403107548,0.997543313445571,0.318500860680477,0.8165267807732
"GENE0992",22.0638323472436,-0.0349184173437409,0.361853799362724,-0.0964986892641093,0.923124514885161,0.987620956156598
"GENE0993",31.847496298852,-0.239809221940578,0.381590552829727,-0.628446433388474,0.529711527147337,0.905821889402668
"GENE0994",23.7644097380178,0.181615377553082,0.404816889570113,0.448635870271975,0.653694353325877,0.927524864178881
"GENE0995",296.798586828286,-0.257272434505951,0.239663581239916,-1.07347321263804,0.283058851218392,0.79458853437035
"GENE0996",15.2641794735203,0.0359889044418306,0.439881850396934,0.0818149337358552,0.934793880483448,0.992000661558528
"GENE0997",21.3371064218027,0.0199248949749554,0.418304561332884,0.0476325070696499,0.962009124528957,0.99205419159042
"GENE0998",14.2412787210683,-0.359838465581516,0.455329914669064,-0.790280748066045,0.429363827517635,0.867365183571322
"GENE0999",607.232552172794,-0.0593833945786893,0.28573252592906,-0.207828613090526,0.835362790362141,0.974516546335039
"GENE1000",86.53809720731,0.243031546714576,0.251555371568696,0.966115512457692,0.333986383089389,0.821609168119057
"GENE1001",23.9554864285902,0.257986141255133,0.369968524384599,0.697319161634801,0.485603078964763,0.895046230631627
"GENE1002",34.9688247476705,-0.179539766416987,0.329849057657545,-0.544308865673305,0.586228947112208,0.913455253864343
"GENE1003",14.7210049587418,0.371986590042645,0.494626925538992,0.752054873756202,0.45201805998727,0.877203548269567
"GENE1004",43.399356001882,-0.246580493927189,0.341927617427946,-0.721148223656284,0.470818323664547,0.885643252516032
"GENE1005",271.072885237381,0.105455959231961,0.279224868862771,0.377673950251864,0.70567282168344,0.940483473874881
"GENE1006",347.162406680423,0.175595841360137,0.21026476716941,0.835117759974783,0.403651408016025,0.855465768124871
"GENE1007",256.992929612239,-0.127318182537972,0.220320834786928,-0.577876271488811,0.563347656440902,0.908791970841467
"GENE1008",1023.51213067941,-0.200450852405596,0.228780901436703,-0.876169519163534,0.38093788426695,0.846402566383156
"GENE1009",469.0515342261,0.368489307114039,0.267440449134218,1.37783685417425,0.168253664576769,0.660617019864578
"GENE1010",365.363991297486,0.0452452723077497,0.255022521000187,0.17741677139062,0.85918103461978,0.976653109203956
"GENE1011",11.3401212864892,-0.58836940512006,0.501505439928312,-1.17320642664248,0.240713035486366,0.742304300068293
"GENE1012",221.165104575262,-0.0619447143331721,0.292497766279551,-0.211778418416943,0.832279906241732,0.974516546335039
"GENE1013",29.2197150728764,-0.278438135254676,0.374956464169443,-0.742587905162372,0.457731213320567,0.877244663165427
"GENE1014",39.1460621635946,0.508644903134447,0.339403903057523,1.49864187934292,0.133966562058319,0.598437456859317
"GENE1015",108.003434885222,-0.224707435411898,0.26375413864567,-0.851957950558539,0.394237430935034,0.851272640541633
"GENE1016",26.4555322953319,-0.47848223181533,0.335604144062994,-1.42573397939186,0.153945144318718,0.638904465434012
"GENE1017",30.5401758020579,0.136278144275032,0.314101967336612,0.433865936691151,0.664385796810756,0.931062536960529
"GENE1018",600.61649306607,0.057707792149236,0.24165272818439,0.238804637476316,0.811257074073847,0.972409231127627
"GENE1019",91.3225286186926,0.172366801840367,0.261037471971017,0.660314400606458,0.509052090728553,0.901927924922469
"GENE1020",237.967593307523,0.192734092548932,0.217574346527821,0.885830961345836,0.375708623117804,0.841231425179615
"GENE1021",844.785387703019,-0.471368509318911,0.239047714251853,-1.97185951262555,0.0486256463130332,0.324606104246289
"GENE1022",199.23242286071,0.167833487809208,0.23120607673011,0.725904310919657,0.46789743357438,0.883115712704587
"GENE1023",958.841133200815,-0.0815600089739714,0.331982141381487,-0.245675892789213,0.805933135111133,0.971941471382558
"GENE1024",674.934261261426,0.379200050819088,0.260968637937902,1.45304835790008,0.146210327931063,0.625956411113763
"GENE1025",24.2360174576095,-0.471850248801632,0.378150592561892,-1.24778397305937,0.21211017947934,0.707926744727383
"GENE1026",88.0048990940165,0.252407138553258,0.266477918137843,0.947197202368916,0.343538300690817,0.822479166283479
"GENE1027",9.70541656897337,0.232339310740459,0.537815513052803,0.432005595044352,0.665737346691075,0.931062536960529
"GENE1028",18.1963031645593,0.160171406480134,0.413139504429271,0.387693272521595,0.698243034915382,0.938114347267259
"GENE1029",51.4638425640666,0.43023856544806,0.328217950789463,1.31083191645432,0.189914556973797,0.690261922058234
"GENE1030",362.299094839153,0.654374074139652,0.263995538782198,2.4787315617463,0.0131850495116058,0.119951791898267
"GENE1031",159.864000428142,0.0194135003973199,0.303692340372069,0.0639248931123367,0.949030030975004,0.99205419159042
"GENE1032",52.636052668287,-0.0109171890810575,0.275418597550004,-0.0396385326850539,0.96838130692616,0.992227276122692
"GENE1033",114.595935640064,0.00381782321400171,0.259216123094605,0.0147283400755451,0.988248909697926,0.994722375204074
"GENE1034",28.2038374495018,0.26223820521912,0.391624560930214,0.669616340191314,0.503102394880482,0.90177005227174
"GENE1035",11.5420060006681,-0.3743719788164,0.441480498254137,-0.847992109044176,0.39644236533539,0.851272640541633
"GENE1036",269.443544111909,0.0962807221547277,0.218469752835203,0.440705044543876,0.659426544114956,0.928611990391236
"GENE1037",52.4894368949037,0.0378381278862792,0.319851409281841,0.11829908134917,0.905830685266431,0.981124778524512
"GENE1038",97.4714987688025,0.561762098658637,0.247225446593551,2.2722664935952,0.0230704192661049,0.192497361149759
"GENE1039",9.66264063323263,0.235712511477704,0.591612185394913,0.3984240306348,0.690317647159983,0.936747548488127
"GENE1040",16.7872416936382,-0.248802989728294,0.412662729838917,-0.602920912740082,0.546561303082348,0.908791970841467
"GENE1041",34.6384954602883,-0.489709505739074,0.404102698101696,-1.21184418723142,0.225572030157356,0.721938243560716
"GENE1042",122.123633295846,0.0732970474253371,0.273017999081705,0.268469652813629,0.788337831254272,0.964794766947783
"GENE1043",306.421255882346,-0.100084360183716,0.26840835855684,-0.372880936800341,0.709237060701147,0.940905138716879
"GENE1044",17.2838439611176,-0.831098941590498,0.398973725127996,-2.08309191620042,0.0372428460915411,0.275763406295679
"GENE1045",395.500487018671,0.110811669122327,0.203499559767641,0.54453026458069,0.586076627899904,0.913455253864343
"GENE1046",20.1968372794999,-0.130305486394508,0.368147648969395,-0.353948984216767,0.723377116072143,0.944321477475854
"GENE1047",128.266352155366,-0.142062446128014,0.275336047707369,-0.51596021411261,0.605882197188391,0.917618323222302
"GENE1048",655.211478870985,0.218732377685581,0.235550120692117,0.928602273872243,0.353095243022618,0.825156787430581
"GENE1049",71.9435713537352,-0.583085953814012,0.270652016121583,-2.15437506126714,0.0312107706994226,0.238802409659172
"GENE1050",182.267340982651,0.01374436895118,0.206806898125597,0.0664599153884742,0.947011670006377,0.99205419159042
"GENE1051",81.5654539070581,0.439793077000472,0.338247543653498,1.30021070441533,0.193528762823446,0.691714176382215
"GENE1052",99.5364562787866,-0.164405460741943,0.282281785886684,-0.582416113832937,0.560286430222428,0.908791970841467
"GENE1053",436.667624919868,0.0833073600089768,0.2320653592549,0.358982315484115,0.719608318927332,0.943666228508166
"GENE1054",739.32725673784,-0.322347985016079,0.192650382084765,-1.6732278520696,0.094282449332074,0.490214279279301
"GENE1055",341.578984840146,0.239460098205752,0.295395057271327,0.810643551106554,0.417570399011746,0.860167907423193
"GENE1056",815.693162858512,0.0828653719832658,0.256221538727532,0.323412982354248,0.746382498900605,0.94895840507857
"GENE1057",732.739143806042,0.0486707219715679,0.241798915169055,0.20128594016867,0.840474995701073,0.974516546335039
"GENE1058",36.0074612777815,0.241331998989,0.285908663776202,0.844087743972337,0.398620375877216,0.851272640541633
"GENE1059",16.593446652938,0.034412386612384,0.457260201816174,0.0752577776847902,0.940009614697672,0.992053372952502
"GENE1061",150.876366756642,-0.118577876129714,0.216462862499454,-0.547797782772149,0.583830761213133,0.913455253864343
"GENE1062",47.2590415828935,-0.241161052905642,0.311722014212277,-0.773641391722227,0.439142887480134,0.871065777345726
"GENE1063",797.962869856713,-0.255906151414328,0.187260122544452,-1.36658113824304,0.17175663263586,0.662409309597986
"GENE1064",30.7252453826338,-0.201897777271996,0.335706004516612,-0.601412469707569,0.547565295269474,0.908791970841467
"GENE1065",9.68099206818606,1.40379141955311,0.549285967410585,2.55566590599572,0.0105984823731419,0.0994524257907401
"GENE1066",49.9308586513528,0.221420548133574,0.304204106661176,0.727868372862545,0.466694165268095,0.882112965264263
"GENE1067",22.1771698008965,-0.0658269557391358,0.424632821529988,-0.155020884871677,0.876804852590899,0.978733469227308
"GENE1068",629.153786219512,-0.376981825873435,0.228019952330281,-1.65328438156757,0.0982730001148103,0.503860193028512
"GENE1069",776.713845224062,-0.200660757383168,0.278402733728328,-0.720757137316684,0.47105895128942,0.885643252516032
"GENE1070",26.0307004533348,-0.261830423292027,0.366630356269179,-0.714153694081436,0.47513214686154,0.888713633659002
"GENE1072",19.4822952697879,0.0728523025499135,0.420675067888423,0.17317951100738,0.862510328146914,0.97786125349179
"GENE1073",197.323998284633,0.0719091646994245,0.320402395092088,0.224433917476668,0.822419681415827,0.974235938604537
"GENE1074",60.4054706655398,0.145266586860889,0.268758114750882,0.540510514428709,0.58884501184102,0.913455253864343
"GENE1075",11.6016236526785,-0.60541950317206,0.523075563776941,-1.15742264616711,0.24709972613682,0.750097235800887
"GENE1076",75.3772185097949,-0.0718746478852743,0.315011516974848,-0.22816514321606,0.819517858432632,0.974084179965782
"GENE1077",106.228727692126,0.185853059173304,0.264769214114775,0.701943614534951,0.482714327975779,0.894666940162089
"GENE1078",33.7825163005281,0.978579005472809,0.364178835388019,2.68708368082448,0.00720788926179,0.0714682656344419
"GENE1079",122.512225191748,-0.272923432530931,0.215488843008514,-1.26653161583937,0.205322817750648,0.699410146310427
"GENE1080",26.9765264836692,-0.0589777133814516,0.340292616244236,-0.173314702012582,0.862404068032423,0.97786125349179
"GENE1081",336.147359378563,-0.183777216480102,0.261667047505426,-0.702332289190105,0.482471961141139,0.894666940162089
"GENE1082",26.9120060657932,0.119190027639901,0.473986771930307,0.251462772166617,0.801456341132962,0.969414560981256
"GENE1083",17.3646339595677,-0.890797285918839,0.413792648986335,-2.15276247197967,0.0313373509177863,0.239157685776661
"GENE1084",26.8540976456745,0.108631725288039,0.458546350238325,0.236904568603761,0.81273082563706,0.972409231127627
"GENE1085",73.8603334725694,-0.749921682351107,0.293271211264414,-2.55709273037024,0.0105551075984278,0.0993578582766835
"GENE1086",215.640943474624,-0.623601508675028,0.19635630543564,-3.17586698981473,0.00149389430270839,0.0171453099972378
"GENE1087",244.238530477339,0.135077958449975,0.244216771799402,0.553106805297251,0.580190276989777,0.913455253864343
"GENE1088",16.0114425302018,-0.236240660987483,0.465354630003653,-0.507657269866702,0.611693719855442,0.917983972007838
"GENE1089",537.868529561267,-0.260198963055774,0.1954809847493,-1.33107045367852,0.183165829844835,0.683616529158181
"GENE1090",91.9461089177538,0.109593111616161,0.231334301385823,0.473743456805309,0.635682860078662,0.92467554967525
"GENE1091",45.0742566914906,0.147133097212518,0.347516964292703,0.423383927492509,0.672015169473938,0.932363190234628
"GENE1092",12.652200988036,0.671285857772992,0.512885835171955,1.30884070438001,0.190588315650533,0.691097163515135
"GENE1093",306.967150992045,0.206259341892016,0.20639100416553,0.999362073584332,0.317619325366899,0.8165267807732
"GENE1094",6.87356085329907,0.49065776523482,0.598001919495019,0.820495301501965,0.411933806641891,0.859901204830087
"GENE1095",276.17528868565,-0.0765267479146158,0.260136204826833,-0.294179535545842,0.768620717399592,0.956050112847179
"GENE1096",277.177038850946,0.272847709678711,0.194090495083276,1.4057757416799,0.159790727590229,0.64979228515106
"GENE1097",188.768339679345,-0.0151698375564203,0.250113530835433,-0.060651806824484,0.951636513555611,0.99205419159042
"GENE1098",7.98879737315077,-0.182754933151874,0.606627346809597,-0.301263921109108,0.763213250413894,0.953756643712598
"GENE1099",144.747326177487,-0.412277120180419,0.252198083940312,-1.63473533874267,0.102104540974939,0.51902633569529
"GENE1100",20.0125850498092,-0.26631950148099,0.393286548509382,-0.677164023255774,0.498301891329276,0.898992045783894
"GENE1101",142.32946723766,0.379093683199179,0.261443002833024,1.45000508367514,0.147057101585112,0.626524224658913
"GENE1102",185.854584482903,0.0324291224591907,0.259235209516665,0.125095362314608,0.900448054793781,0.97920444442589
"GENE1103",90.1343847693707,-0.176657040777005,0.246860066762093,-0.715616110349899,0.474228423120756,0.888713633659002
"GENE1104",34.9000135493773,0.269622750856768,0.384935528928634,0.700436126556546,0.483654981559975,0.894666940162089
"GENE1105",80.2913459566568,0.422298021787034,0.235637273908805,1.79215289152628,0.0731084783741605,0.430203009150382
"GENE1106",421.22464695755,-0.123561012099523,0.243521328998115,-0.507392977066413,0.611879112383444,0.917983972007838
"GENE1107",1088.66844791503,0.0836943616085575,0.234984368239456,0.35616991136734,0.721713323620397,0.944321477475854
"GENE1108",152.759990907658,0.381832922506094,0.288274549499089,1.32454607307365,0.185321752182436,0.684195144380026
"GENE1109",55.1927580304298,0.225870196731577,0.251283279386764,0.898866797993065,0.368723614870593,0.835437560192749
"GENE1110",165.961218189478,-0.149364545291294,0.260934905072375,-0.572420716384665,0.567036984328348,0.908791970841467
"GENE1111",620.932179624877,0.18348746756727,0.228407981471187,0.803332118192275,0.421782798620024,0.860286993220883
"GENE1112",64.2607385574572,-0.274438795000221,0.276640163424103,-0.992042484371631,0.321176801428411,0.8165267807732
"GENE1113",1044.46383896614,0.15366198514103,0.267184610246576,0.575115404286273,0.565213250520952,0.908791970841467
"GENE1114",346.907141849628,-0.216150504187543,0.32157663115021,-0.672158618660876,0.501482721991563,0.90177005227174
"GENE1115",144.815484617562,0.233942978352305,0.26847231691947,0.871385851013003,0.383543508689616,0.848472977299444
"GENE1116",8.52162928031433,0.052298523033094,0.522802014166272,0.100035045038027,0.920316503060457,0.987219094724127
"GENE1117",14.7033438000497,0.152797565928127,0.424142627754516,0.360250434475459,0.718659861795327,0.943666228508166
"GENE1118",32.3786615691339,-0.287532522604258,0.34652764960914,-0.829753478340259,0.406678178541071,0.858223256553435
"GENE1119",101.595027559411,-0.0818548264205374,0.261924422420813,-0.312513150411869,0.754650570592312,0.951003989516676
"GENE1120",25.2720082683283,0.242729278400744,0.38423870826528,0.631714799106504,0.527573255915351,0.904937826387547
"GENE1121",19.6619630220656,-0.204059302759672,0.412654341003741,-0.494504195117196,0.620950144356689,0.918600050679897
"GENE1122",13.0290028741758,-1.02020899623986,0.465026886507804,-2.19387099077493,0.0282446854194527,0.221212969269414
"GENE1123",209.281506160038,0.0504750149503054,0.264438648555236,0.19087608874904,0.84862267414618,0.974516546335039
"GENE1124",13.404518748606,-0.295452821101982,0.449753655667526,-0.656921444392642,0.51123142875413,0.901927924922469
"GENE1125",381.503115722172,0.179372347112927,0.22000334380604,0.815316458421948,0.414891190219283,0.860167907423193
"GENE1126",8.35229129112494,0.874781702112808,0.588957137963181,1.48530622302687,0.137462724147992,0.606788119611845
"GENE1127",783.792894783306,-0.00909787507709871,0.209903667210504,-0.0433430973265217,0.965428036785014,0.99205419159042
"GENE1128",31.8094242449105,-0.271584702765315,0.604272950720921,-0.449440443166128,0.653113962007397,0.927524864178881
"GENE1129",721.14800030091,-0.45970389845955,0.223936107950664,-2.05283508169584,0.040088574866423,0.289647233417449
"GENE1130",566.616938664369,0.0383967397450111,0.288730629557836,0.132984643173508,0.894205525593418,0.978733469227308
"GENE1131",21.6946637194631,0.346074190200008,0.365103559302256,0.94787953001988,0.343190786974106,0.822479166283479
"GENE1132",6.37438326904183,0.356403108110331,0.552906563293822,0.644599163350741,0.519186977207692,0.903817804835983
"GENE1133",9.9465424785989,0.172173789566122,0.461118028048581,0.373383340258349,0.708863156977823,0.940905138716879
"GENE1134",385.499319613968,0.52889249590611,0.279800501331188,1.89024856420855,0.0587247243691753,0.371259698130549
"GENE1135",189.794590818929,-0.120988234122083,0.237763642107208,-0.508859273225337,0.610850868784617,0.917983972007838
"GENE1136",11.3121591021936,-0.350690697554429,0.478449425064179,-0.732973391090162,0.463574658723452,0.882112965264263
"GENE1137",9.05792115223061,-0.0577492463295743,0.585970154079456,-0.0985532214013475,0.921493013038792,0.987219094724127
"GENE1138",391.798179886373,-0.00916418307139519,0.207251010821618,-0.0442177967434998,0.964730796177505,0.99205419159042
"GENE1139",552.849193969046,-0.219051149450698,0.26386433076366,-0.830165823537931,0.406445035309837,0.858223256553435
"GENE1140",697.648188323561,0.216812843977827,0.235054173235246,0.922395212106432,0.356322466276573,0.825621525130424
"GENE1141",254.140133190186,-0.314602662253447,0.243406017743629,-1.29250157892483,0.196183499488695,0.693615595348658
"GENE1142",699.379176733126,0.241389450907632,0.219767311432781,1.09838651314376,0.272035749062643,0.785822531658207
"GENE1143",61.4943292985482,-0.171556582200105,0.29487461084507,-0.58179502707421,0.560704754104264,0.908791970841467
"GENE1144",142.185999238569,-0.0503076152467337,0.306342168132939,-0.164220340782149,0.869557688857954,0.978733469227308
"GENE1145",20.4193886197311,-0.335147252576921,0.407363026659524,-0.822723788472434,0.410665084350182,0.859901204830087
"GENE1146",14.588541469645,0.432934472930235,0.474031801474977,0.913302591900236,0.361083419567106,0.830633761067116
"GENE1148",795.708059887781,-0.0452236748484521,0.245677081012291,-0.184077711531381,0.85395249131067,0.975258403900998
"GENE1149",199.158642404347,-0.0264613446657634,0.242290296790496,-0.10921338995529,0.913033240189231,0.985349435343459
"GENE1150",392.36684293394,0.0990011734002066,0.263454252146468,0.375781269778734,0.707079513526705,0.940905138716879
"GENE1151",85.2982746194562,0.260445953824167,0.300865794606572,0.865654914892336,0.386679431137585,0.848800352080145
"GENE1152",449.193659798834,0.55899654383671,0.242737789110993,2.30288224130239,0.0212854695977347,0.181993814554843
"GENE1153",660.447057988957,-0.189207240389619,0.253321319287452,-0.746906106923118,0.455120239387027,0.877244663165427
"GENE1154",13.241330697455,0.557184201256204,0.427676729569713,1.30281626923398,0.192637495046936,0.691714176382215
"GENE1155",15.4564402413172,0.389374081526774,0.483607524926503,0.805144795019369,0.420736128810244,0.860167907423193
"GENE1156",13.0044607427082,-0.37259648541695,0.510327073891168,-0.73011310682766,0.46532105036253,0.882112965264263
"GENE1157",41.8048565202317,-0.00174248129241962,0.343637581946522,-0.00507069477834586,0.995954188261437,0.999557498579917
"GENE1158",29.3523549749465,1.01262115095365,0.37047310033433,2.73331896442635,0.00626995807420732,0.0636379418144036
"GENE1159",818.090982620059,0.491534125035825,0.204929208835051,2.39855571506873,0.0164598722353622,0.145314375000949
"GENE1160",159.231046743982,0.0677892971396381,0.248729765302774,0.272541957562334,0.785205334323099,0.964794766947783
"GENE1161",297.295746808478,-0.124330784291675,0.225137943069166,-0.55224269439771,0.580782086643735,0.913455253864343
"GENE1162",507.246854685879,-0.159900970909346,0.26738593553205,-0.598015638298894,0.549829498505072,0.908791970841467
"GENE1163",730.539540972067,-0.122915355589675,0.238590721433593,-0.515172404237379,0.606432550856475,0.917644387300061
"GENE1164",26.7277098704337,0.295284104820138,0.341441135399523,0.864817018824118,0.387139228589236,0.848800352080145
"GENE1165",429.286200145676,0.12405877057092,0.263353432125386,0.471073300885838,0.637588390575594,0.92467554967525
"GENE1166",847.951750244487,-0.0686729032376515,0.219799212127288,-0.31243471062982,0.754710174425739,0.951003989516676
"GENE1167",10.4656225977153,-0.672766118467138,0.538288307338166,-1.24982487877911,0.211363525797274,0.707926744727383
"GENE1168",19.9772078480695,0.12381273245381,0.410224768634343,0.301816813416673,0.762791712982125,0.953756643712598
"GENE1169",477.185840307866,-0.00623604228485126,0.225201450622251,-0.0276909507803814,0.977908641168711,0.994328999326822
"GENE1170",317.140540121461,-0.529843149821709,0.26584824094503,-1.99302860887187,0.0462583144539252,0.313767337808071
"GENE1171",45.1475868157446,-0.254913386336488,0.297492236515756,-0.856874079545893,0.391514479327647,0.850505121054529
"GENE1172",84.4412015550559,0.337609132513104,0.253316886066506,1.33275415530123,0.182612494880213,0.682851735241296
"GENE1173",200.487366060224,0.0975068312728602,0.273819889808263,0.356098424190944,0.721766857298705,0.944321477475854
"GENE1174",281.253913072013,0.189424426878256,0.245908467613538,0.770304612592476,0.441119220882894,0.871065777345726
"GENE1175",13.4697132380133,-0.225606251688274,0.463026888807739,-0.487242225325604,0.626086685062273,0.921128100836326
"GENE1176",11.5650769417569,0.143170797411946,0.491532557884422,0.291274291225305,0.770841548050814,0.957572292443986
"GENE1177",684.704293808919,0.161633235015284,0.23262681145227,0.694817738360515,0.487169530274944,0.895719465922334
"GENE1178",866.435615247662,0.540286994712454,0.27771858697687,1.94544773035826,0.0517211148725878,0.339277813704596
"GENE1179",36.7990731351881,0.155570484371007,0.275968894082816,0.563724708496755,0.572941499059061,0.912754431881921
"GENE1180",102.315264209022,0.0503993713515268,0.295997567341762,0.170269545807906,0.864798160435232,0.978417375382916
"GENE1181",44.1981648257866,0.126479982483764,0.313263161286522,0.403749939713086,0.686396612014325,0.936343461423048
"GENE1182",26.3415752055745,0.903983002229844,0.444156515741843,2.03528029014724,0.0418226782172088,0.295032793853785
"GENE1183",22.2474645697895,0.145782535075425,0.365210412073915,0.399174093223607,0.689764930812149,0.936423363759533
"GENE1184",45.7187372295681,-0.395114224080789,0.281818494911663,-1.40201665687214,0.160910272727554,0.651501022820926
"GENE1185",9.49293779206675,0.0942108636305821,0.564682076598622,0.166838770938266,0.867496911409599,0.978733469227308
"GENE1186",802.151822222968,0.127276335844296,0.250066522774045,0.50896991101564,0.610773314872779,0.917983972007838
"GENE1187",7.20437726723768,0.2806399282803,0.553592033068883,0.506943582125901,0.612194404924798,0.917983972007838
"GENE1188",255.510447287925,0.0389846618972109,0.261648300274478,0.148996427098187,0.881556452258717,0.978733469227308
"GENE1189",103.780255982191,-0.356357987536472,0.329700547687004,-1.08085348973935,0.279762290382642,0.791276661775775
"GENE1190",116.365882176329,-0.131235753821051,0.279780769866754,-0.46906638323839,0.63902218693702,0.92467554967525
"GENE1191",141.53298954244,-0.18389299705775,0.269929661806177,-0.681262651267256,0.495705311372415,0.897419354834666
"GENE1192",939.235904968042,-0.23457895302265,0.214832451224116,-1.09191582410394,0.27487010167188,0.788480706315108
"GENE1193",127.009479537792,0.0921757547767643,0.263801906198282,0.349412770002814,0.726779447691397,0.944693328601903
"GENE1194",49.1777459843223,-0.214618395267956,0.351880056951225,-0.609919178504919,0.541915347417021,0.908791970841467
"GENE1195",634.916676305039,-0.227053422953321,0.297113893528835,-0.764196585547036,0.444750101025008,0.873114672012253
"GENE1196",63.3677839381696,-0.0330549811681628,0.333576482856788,-0.0990926605049496,0.921064699475771,0.987219094724127
"GENE1197",11.5243261395414,0.585778261996723,0.453083513442617,1.29287039721632,0.196055887514643,0.693615595348658
"GENE1198",284.208799430525,0.0731327614443911,0.245780112959349,0.297553616376143,0.76604388049759,0.955689540701879
"GENE1199",184.564294446406,0.038418732420531,0.288551697971549,0.133143324716527,0.894080031969217,0.978733469227308
"GENE1200",75.8549308261658,0.531243118373713,0.254081113579578,2.09084064096456,0.0365423516154132,0.272605943050982
"GENE1201",23.0132956187587,0.223750272271275,0.386294780735015,0.579221577484269,0.56243967318277,0.908791970841467
"GENE1202",74.1912530418243,0.0976195079008891,0.273922589583659,0.356376259618687,0.721558805917437,0.944321477475854
"GENE1203",292.027766307449,-0.0316617392728689,0.233714006092203,-0.135472151636381,0.892238581031268,0.978733469227308
"GENE1204",125.79217911816,-0.294493529938205,0.241132110144711,-1.22129537107882,0.221974205400141,0.720741782771415
"GENE1205",627.6766151419,-0.10073056111442,0.20087757255973,-0.501452500798556,0.616052698771396,0.918600050679897
"GENE1206",13.3147800548155,-0.27900607502785,0.431668220327274,-0.646343793426162,0.518056732233348,0.903817804835983
"GENE1207",94.6030756337841,-0.0801434515996901,0.326590595262225,-0.245394242094882,0.806151186887343,0.971941471382558
"GENE1208",164.48436718626,-0.285088624491643,0.216574147459086,-1.3163557508428,0.188054666790768,0.686848379074237
"GENE1209",9.46036014610744,0.490189172095839,0.487637779857245,1.00523214636762,0.314785079372628,0.8165267807732
"GENE1210",145.596270499625,0.645527748478654,0.247659100111107,2.60651737888513,0.00914681821254855,0.0877623972548066
"GENE1211",151.448865454522,-0.0679488198367266,0.281738908727751,-0.241176556491836,0.809418279890206,0.972409231127627
"GENE1212",59.1725300676147,-0.432743446452405,0.267532505530337,-1.61753595360147,0.105762641315671,0.530412977623464
"GENE1213",99.3180845235472,-0.0101413106194981,0.284758957422043,-0.03561366677034,0.971590410728441,0.993225688802216
"GENE1214",443.158353597684,-0.122450962221047,0.231853891586744,-0.528138481450651,0.597403223724795,0.916838667941549
"GENE1215",31.9840229754815,-0.0763963943471743,0.368356944962544,-0.207397730358912,0.835699254979341,0.974516546335039
"GENE1216",299.213685314407,0.202703901641327,0.22472152450028,0.902022634868136,0.367044843935238,0.835307236819503
"GENE1217",648.428514557113,-0.264972965882688,0.204078062469716,-1.29839024673222,0.194153268926465,0.691714176382215
"GENE1218",528.814024400559,0.214614481270765,0.335478229595549,0.639726999661059,0.522350099106005,0.904525871089139
"GENE1219",541.373992452585,0.0854855540023537,0.243018069072136,0.351766246554197,0.725013574027205,0.944321477475854
"GENE1220",221.547467342313,-0.0764164012251507,0.29175326277998,-0.261921325221917,0.793382098250626,0.966307012726477
"GENE1221",65.7051537675445,0.177441200960237,0.236988829545782,0.748732340255547,0.454018547201872,0.877244663165427
"GENE1222",786.905903407825,-0.111775826620898,0.219213592328048,-0.509894598386163,0.610125306438272,0.917983972007838
"GENE1223",560.477551204419,0.210369163908491,0.256931133495878,0.818776459848009,0.412913963878624,0.859901204830087
"GENE1224",17.9237338528034,0.214369274245832,0.426290334820524,0.502871533167846,0.615054596520172,0.918600050679897
"GENE1225",51.70692779672,-0.228205839529698,0.339375473107584,-0.672428792334548,0.501310758151848,0.90177005227174
"GENE1226",45.0394504585949,-0.553939852222749,0.35413164878185,-1.56422012584361,0.11776588237005,0.567711458791972
"GENE1227",101.932204842291,0.18713669280269,0.221538983132301,0.844712249540903,0.398271518488003,0.851272640541633
"GENE1228",117.596142499419,0.146285852203887,0.270146988873979,0.541504655719586,0.588159789511003,0.913455253864343
"GENE1229",24.1061966201485,-0.664196494131493,0.373540894356575,-1.77810918206311,0.0753859246891322,0.435109476348879
"GENE1230",18.7844777608414,0.288087667767418,0.381388804367278,0.755364773345548,0.450030143588299,0.875988224701554
"GENE1231",332.050812844801,-0.311151659837739,0.252608811949353,-1.2317529916578,0.218041368132375,0.712634657729471
"GENE1232",27.5597328967114,0.409735211359524,0.415886768050652,0.985208577998377,0.324521627970449,0.820263321380301
"GENE1233",769.16334933839,-0.0632725719041095,0.28314000775538,-0.223467437207864,0.823171723692075,0.974516546335039
"GENE1234",621.71248590173,-0.0796664941775653,0.214247898536661,-0.371842593190865,0.71001004907325,0.940905138716879
"GENE1235",13.3860518157331,-0.252626693892611,0.403406155292393,-0.626234108176919,0.531161398326256,0.906203621742437
"GENE1236",94.0466596739908,0.411288414645052,0.301004645344513,1.36638560569161,0.171817964352829,0.662409309597986
"GENE1237",1080.39688778895,0.1049135411738,0.231782796854959,0.452637307847532,0.650809929580327,0.927524864178881
"GENE1238",22.6562441395139,-0.699918435616238,0.355447648437158,-1.96911820543379,0.0489395187153055,0.325246155560071
"GENE1239",13.7647565464353,-0.0807470376405456,0.590667086401782,-0.136704819854513,0.891264119610768,0.978733469227308
"GENE1240",248.476934894394,-0.0930837444834487,0.240106609749015,-0.387676726520564,0.698255280963239,0.938114347267259
"GENE1241",310.511245927082,-0.346567483046296,0.228356535431989,-1.51765957733894,0.129100239342074,0.589946576105281
"GENE1242",118.847626530921,-0.149802918876844,0.249881219152582,-0.599496510321457,0.54884183647129,0.908791970841467
"GENE1243",7.30977844111785,-0.247317654543135,0.572232072767936,-0.432198169785972,0.665597389447317,0.931062536960529
"GENE1244",843.178161079508,0.326933060728185,0.192665811610892,1.69689192905932,0.0897170941954317,0.47977743562575
"GENE1245",68.7035827555456,0.065640407460051,0.324894308648808,0.202036187500608,0.839888433943764,0.974516546335039
"GENE1246",94.6756385736961,-0.251439041103843,0.260263532006774,-0.966094016957007,0.333997138114332,0.821609168119057
"GENE1247",527.713368785215,-0.261368720386308,0.233235935018692,-1.12061942927175,0.262449891111752,0.772885306515611
"GENE1248",18.156984269614,0.452594369540112,0.430118475870311,1.05225512255506,0.292682515397473,0.802531349155307
"GENE1249",573.731503337974,0.019687935429662,0.202184233975708,0.0973762149625747,0.922427632660604,0.987275486319671
"GENE1250",153.721697665654,-0.129449994012912,0.20626443276978,-0.627592417532289,0.530270977165183,0.906203621742437
"GENE1251",62.43268695564,-0.305434664087821,0.322330515892458,-0.947582214616398,0.343342183937462,0.822479166283479
"GENE1252",312.274051752588,0.262828516986128,0.209041120776042,1.2573053378704,0.208643091854968,0.706686703853832
"GENE1253",235.961189018334,0.421861443939972,0.268570769203897,1.57076455189246,0.11623734878639,0.563071832432774
"GENE1254",468.594128391166,0.00370302705449227,0.19762184425713,0.0187379440183454,0.985050158612855,0.994722375204074
"GENE1255",173.860514678216,-0.000822271893434987,0.249695448232905,-0.00329309925052381,0.99737249169982,0.999577003028605
"GENE1256",242.02179866003,0.0504715636983704,0.19000672231474,0.265630410774446,0.790523862328194,0.964794766947783
"GENE1257",11.8960762373037,0.108389128750467,0.402070181883485,0.269577635035559,0.787485208185103,0.964794766947783
"GENE1258",12.2930828513328,-1.01258364001534,0.483039427432982,-2.09627534008253,0.0360577729807702,0.26966514930982
"GENE1259",85.9425680805991,-0.588418113626012,0.259245058608151,-2.26973704642681,0.0232235422298637,0.192497361149759
"GENE1260",527.207373200542,0.0818909836337491,0.269969789315109,0.303333879844481,0.761635429313325,0.953756643712598
"GENE1261",861.758477000313,-0.123186313976635,0.287258976280643,-0.428833645415092,0.668044291844444,0.931062536960529
"GENE1262",63.4126054605324,-0.0425070655289344,0.290125571364512,-0.146512647365126,0.883516706500707,0.978733469227308
"GENE1263",41.6184098029738,0.0998807474722827,0.281165926399472,0.355237737201396,0.722411495753215,0.944321477475854
"GENE1264",24.436835852022,0.249840890192356,0.396807948349108,0.629626728072868,0.528938832056896,0.905288468815993
"GENE1265",150.350395289068,0.0193479329782684,0.261726344120502,0.0739242854718527,0.941070631703627,0.992053372952502
"GENE1266",169.081496338147,0.354251082063099,0.241471304727107,1.46705250325063,0.142361773337256,0.617382734364171
"GENE1267",77.3924755527869,0.116399892133924,0.296986131366829,0.391937130525972,0.69510466720434,0.937615329962395
"GENE1268",198.343400760625,-0.147753115319318,0.24121462043638,-0.612537975733058,0.54018188046656,0.908791970841467
"GENE1269",81.7812935945758,-0.198978314260465,0.292350001479306,-0.680616771861211,0.496114011621917,0.897419354834666
"GENE1270",863.579579259215,-0.225631372968484,0.197517365714814,-1.1423368884651,0.253314013555411,0.759941329872702
"GENE1271",22.3874341465415,-0.0625931254442886,0.410021058992755,-0.1526583185704,0.878667732358928,0.978733469227308
"GENE1272",29.403528663269,0.228799265632624,0.346708449352201,0.659918343669207,0.509306231876471,0.901927924922469
"GENE1273",9.77256457857468,0.0268612191308509,0.573695515646641,0.0468213859063798,0.962655584235387,0.99205419159042
"GENE1274",49.3739527581502,0.10291262970943,0.26148630910415,0.393567946490229,0.693900050105057,0.93694204171345
"GENE1275",24.3184122162306,0.0271703610568624,0.355074787206296,0.0765201079767925,0.939005317022565,0.992053372952502
"GENE1276",580.492517054418,-0.146796081568016,0.207146854882251,-0.708657061925753,0.47853731660305,0.892298773290172
"GENE1277",625.615613168535,0.0121404814495243,0.255223323550642,0.0475680720736141,0.962060478006458,0.99205419159042
"GENE1278",279.344612943274,-0.31182574201814,0.288552598509748,-1.08065477014793,0.279850709538871,0.791276661775775
"GENE1279",48.4912752800504,0.317453594856169,0.364664320728861,0.870536481939523,0.384007291225971,0.848472977299444
"GENE1280",109.991147951024,-0.35317927439962,0.253661025580631,-1.3923277081735,0.16382318465787,0.654329127568963
"GENE1281",108.254329458817,0.185032274872666,0.289492154250992,0.639161622018406,0.522717795664272,0.904525871089139
"GENE1282",35.6088224778556,0.30642490098468,0.268867471749677,1.13968751589992,0.254416510059014,0.759941329872702
"GENE1283",207.191068158442,0.358235405080129,0.242974791542979,1.47437272321627,0.140381264448682,0.614219491370774
"GENE1284",198.832566928979,-0.222028654491484,0.268707053315285,-0.826285174699037,0.408642341338925,0.859619753322528
"GENE1285",22.1816777436189,0.461976201955325,0.381342642726546,1.21144647934535,0.225724335025691,0.721938243560716
"GENE1286",535.895411673598,-0.137959431449359,0.230659780467095,-0.598107876327573,0.549767955129601,0.908791970841467
"GENE1287",12.1797608651262,-0.441379121814729,0.50299490680256,-0.877502169197874,0.380213941145867,0.846053989842854
"GENE1288",8.73856990060272,-0.644725441210743,0.531506417081557,-1.21301534749262,0.22512395278822,0.721938243560716
"GENE1289",65.9785469509574,0.276261980536682,0.323553711267226,0.853836537540177,0.393195566700639,0.851272640541633
"GENE1290",809.991255963034,0.208319614989857,0.193830368844434,1.07475219818135,0.282485687094827,0.793726262044221
"GENE1291",486.270688803036,0.107775537682287,0.238727152572438,0.451459067479072,0.651658719923901,0.927524864178881
"GENE1292",702.196018536495,-0.157701683015879,0.247314787130313,-0.637655697201736,0.523697830646939,0.904525871089139
"GENE1293",394.467412831741,-0.157247724428554,0.269445394117505,-0.58359774507772,0.559490977636855,0.908791970841467
"GENE1294",25.9156758154231,-0.508262740999782,0.336537681629049,-1.51026993036702,0.130974561188376,0.59430990784017
"GENE1295",334.750421173811,-0.0006543845790807,0.259239490985406,-0.00252424727649823,0.997985944209302,0.999577003028605
"GENE1296",22.981443368178,0.510065647659504,0.476165734842419,1.07119351590535,0.284082426503448,0.795217599142861
"GENE1297",33.0608269852062,-0.372344567478198,0.341016472425348,-1.09186680874986,0.274891648506525,0.788480706315108
"GENE1298",102.752135304008,0.169568048742711,0.281368726649373,0.60265421378552,0.546738746668434,0.908791970841467
"GENE1299",78.8270871887077,-0.0188573471264974,0.305416992472239,-0.0617429533761498,0.950767533353251,0.99205419159042
"GENE1300",901.682632883862,0.230114787039037,0.2141032803481,1.07478403257019,0.282471430886096,0.793726262044221
"GENE1301",19.9786508315455,0.520186833323669,0.408385934548491,1.2737628535096,0.202747473559744,0.699410146310427
"GENE1302",7.12302517341264,0.144669509012184,0.608038450404457,0.23792822463111,0.811936763932451,0.972409231127627
"GENE1303",328.643637053246,-0.354686438763233,0.251544046440285,-1.41003710396872,0.158528727244498,0.648902225099564
"GENE1304",144.699707220029,-0.258313902213359,0.2273707604238,-1.13609112153156,0.255918430426998,0.762136323746669
"GENE1305",279.767820400923,0.728618224299395,0.209647454953194,3.47544512029524,0.000510006332445019,0.00639436510931066
"GENE1306",9.19909353228448,-0.598149662445469,0.478816811271375,-1.24922443900254,0.211582995691483,0.707926744727383
"GENE1307",337.050925033405,-0.404872730892775,0.268626999884265,-1.50719298904135,0.131761196813142,0.594571879974054
"GENE1308",123.936396416995,0.0521963696166585,0.218780956246088,0.238578213169282,0.81143266070587,0.972409231127627
"GENE1309",23.1569779851169,-0.434632036721738,0.392842078421912,-1.10637851848178,0.26856271936797,0.781082996680333
"GENE1310",58.2369015536912,-0.455079836234549,0.29268839350275,-1.55482706638407,0.119987261093852,0.570130552713461
"GENE1311",15.7835681114747,-0.445440638732645,0.421832749071516,-1.05596504707871,0.290984184051163,0.801011812923129
"GENE1312",330.477251628636,-0.158824444345767,0.241899357023845,-0.656572412179298,0.51145589258856,0.901927924922469
"GENE1313",178.399709426058,0.104267107453684,0.238745003871132,0.436730008012922,0.662307164032153,0.931062536960529
"GENE1314",441.274926696228,-0.122508899238504,0.219300123106992,-0.558635797841002,0.576410303735487,0.913455253864343
"GENE1315",410.442541250904,0.0561755468711611,0.218856677013177,0.256677327088261,0.797427875644072,0.969256529907092
"GENE1316",11.9168588189703,-0.392586366576266,0.4814800519604,-0.815374105277688,0.414858202003911,0.860167907423193
"GENE1317",9.69500761446122,0.713331858055582,0.50497956947948,1.41259548141891,0.157774698411863,0.647592434746906
"GENE1318",162.357515043827,0.271485614492034,0.312399338013467,0.869033898145874,0.384828589969082,0.848472977299444
"GENE1319",265.314947670499,-0.272215380667054,0.278254941579725,-0.978294865570464,0.327928508601302,0.820263321380301
"GENE1320",96.451552770824,-0.0522772866994026,0.262792764144418,-0.198929703675835,0.842317733674812,0.974516546335039
"GENE1321",368.510157046032,-0.536335514341694,0.247934968961977,-2.16321044420299,0.0305249973316096,0.23515740703771
"GENE1322",644.576838828141,-0.0505483069477982,0.215940410578929,-0.234084518095895,0.814919364838103,0.97306418590797
"GENE1323",66.910935803064,-0.277315397289639,0.265622167484432,-1.04402204046427,0.296475192472516,0.803392127008745
"GENE1324",99.7389967605624,0.216212394692206,0.230442364249296,0.938249333609091,0.348116290853365,0.822479166283479
"GENE1325",19.2826217296153,0.93516284333399,0.359725361817158,2.59965780174631,0.00933167632064425,0.0892491094256488
"GENE1326",49.4618978381329,0.526482359704217,0.308694297764486,1.70551371864306,0.0880986559124826,0.475382259028658
"GENE1327",11.190051914759,-0.153915561158805,0.471178153721705,-0.326661072766359,0.743924245795729,0.948662371561733
"GENE1328",679.862240107687,-0.301051698322777,0.271651520561894,-1.10822754719013,0.267763556764335,0.780279739633571
"GENE1329",218.936907200878,-0.159799046968533,0.282765024755395,-0.565130171621354,0.571985227837643,0.912729368913116
"GENE1330",22.0176089207857,-0.508899985646896,0.363684203164115,-1.39929087163913,0.161725775878561,0.653030737782985
"GENE1331",17.3283090487049,0.0949280186135458,0.524098934537085,0.18112614309623,0.85626856474484,0.976337473845298
"GENE1332",13.2575433544317,-0.674222898377691,0.479627630836138,-1.40572155361924,0.159806824134677,0.64979228515106
"GENE1333",126.489764066414,-0.100275551066302,0.247414988380913,-0.405292952227778,0.685262186408999,0.936343461423048
"GENE1334",30.6590354389898,-0.585027821858577,0.319702270058161,-1.82991450686962,0.0672627238429764,0.40884371497306
"GENE1335",405.033652202533,0.0370700493934729,0.232340503852788,0.159550525107583,0.873235154815971,0.978733469227308
"GENE1336",478.03866385271,-0.170168436323172,0.220467656216453,-0.771852158468551,0.440201995414648,0.871065777345726
"GENE1337",919.881518421038,-0.390617625183849,0.230042586244931,-1.69802309894026,0.0895034022627866,0.479493989860243
"GENE1338",19.7587453347462,0.162481162074518,0.392663429392717,0.413792448983107,0.679026114472311,0.935086083128398
"GENE1339",20.9756129579041,-0.197184422867147,0.400306402149191,-0.492583735379926,0.622306742650956,0.918600050679897
"GENE1340",37.6769492879183,0.564433034507427,0.308910351838719,1.82717423080116,0.0676735770850286,0.410442995979117
"GENE1341",388.621994358988,0.404000678621585,0.225058213693769,1.7950941313846,0.0726387036412912,0.429215627060619
"GENE1342",136.94483865454,0.260965554886155,0.283110930946463,0.921778449223862,0.356644150768471,0.825621525130424
"GENE1343",9.14103485959786,-0.715220071083813,0.516031174768779,-1.3860016720972,0.165746392912101,0.656822359162962
"GENE1344",337.027334468678,0.178170862991255,0.222478383732309,0.800845727132009,0.423220962938152,0.860866634906235
"GENE1345",13.4307149632641,0.643424853705498,0.416961975348367,1.54312597250127,0.122800214126904,0.577958927311945
"GENE1346",209.452884645495,0.220437684078009,0.250527746622004,0.879893293458647,0.378917118182654,0.843883909760141
"GENE1347",11.4095612063357,0.741312173985132,0.544549702987373,1.3613306001607,0.173409236911172,0.665106893242852
"GENE1348",739.378234019746,-0.594967813157805,0.247235081578041,-2.40648620479048,0.0161068123323089,0.142955720897899
"GENE1349",38.9083550035349,-0.156295517632052,0.327055970398517,-0.477886147259767,0.63273124154243,0.924165455096725
"GENE1350",11.5409638607404,0.522158241615384,0.511558674881445,1.02072013877273,0.307387050354588,0.81460298246722
"GENE1351",104.172429952205,0.133074692314754,0.255118779873868,0.521618566773276,0.601935933391669,0.917352821879846
"GENE1352",751.08211153232,0.104404597566784,0.231418940705404,0.451149751392612,0.651881622432963,0.927524864178881
"GENE1353",151.680864150475,0.260056005380791,0.280708915998218,0.926425883039789,0.354224698186148,0.825288703350674
"GENE1354",308.179197551333,0.103287213650591,0.254264941063675,0.406218856671729,0.684581800107327,0.936343461423048
"GENE1355",325.78619725421,0.170708035128354,0.236889661587102,0.720622563199477,0.471141767748386,0.885643252516032
"GENE1356",844.745135970538,-0.0455518558482684,0.25407458736258,-0.179285367817062,0.857713635497086,0.976337473845298
"GENE1357",211.743870893572,0.112246359097091,0.262574849317588,0.427483284818828,0.669027357288512,0.931288466647106
"GENE1358",126.939975057845,0.048712471413408,0.250861717619349,0.194180570378311,0.846034495903544,0.974516546335039
"GENE1359",537.033115957856,-0.147224927331713,0.286711050752926,-0.513495824263099,0.607604531012839,0.917983972007838
"GENE1360",503.009431955531,-0.164048113236226,0.2166839820519,-0.757084633957544,0.448999159324998,0.875123116541995
"GENE1361",270.182137931119,0.117156382075204,0.237913172336043,0.492433356778265,0.622413023216045,0.918600050679897
"GENE1362",10.8442739262876,1.28065712026271,0.532359268731347,2.40562566575504,0.0161447982381341,0.142955720897899
"GENE1363",486.216675017993,0.1881795893486,0.244556065895145,0.769474225306204,0.441611839845004,0.871065777345726
"GENE1364",42.9320978682557,0.0519355416989852,0.343213571432979,0.151321352131109,0.879722226659306,0.978733469227308
"GENE1365",168.992348210387,-0.086042696705183,0.256472557442173,-0.335485003008882,0.737259255770737,0.945611002725292
"GENE1366",188.381938906951,-0.202566564390057,0.257883500167329,-0.785496413142449,0.432162572514375,0.868394528707073
"GENE1367",25.2190357193878,-0.498793130813338,0.369202076695153,-1.35100304764859,0.176694456430924,0.669978224221939
"GENE1368",284.465978688477,0.20541827190876,0.252957312247078,0.812066945541054,0.416753218762473,0.860167907423193
"GENE1369",60.8254469878029,-0.342113282259338,0.31077500921218,-1.10083910262476,0.270966689943685,0.784252767014507
"GENE1370",192.133103859026,-0.469531763696463,0.289367058590625,-1.62261649955368,0.104671411172698,0.525961972218928
"GENE1371",13.0241536622947,-0.39606065513048,0.46845055805594,-0.845469491538494,0.397848759506524,0.851272640541633
"GENE1372",157.149686967625,0.223063982119611,0.356198524280469,0.626234997941685,0.531160814804983,0.906203621742437
"GENE1373",430.969240945649,-0.460040147790345,0.206254760858797,-2.2304462009742,0.0257178352913704,0.205780426436188
"GENE1374",6.72549379014893,0.40755897961623,0.673009021958874,0.605577289929903,0.544795486549536,0.908791970841467
"GENE1375",780.231272307733,-0.106645342229727,0.238804303977475,-0.446580486421157,0.655177987476557,0.927524864178881
"GENE1376",26.5127311757737,0.411567431100841,0.346913588519324,1.18636872328198,0.235476717680124,0.732703363459322
"GENE1377",314.803416101352,-0.722130490489084,0.274887366430822,-2.62700501614654,0.00861400642063425,0.0831850976025003
"GENE1378",82.2310878118141,0.147799772150747,0.26050761262862,0.56735298696031,0.570474384030284,0.912269861707593
"GENE1379",13.9101989721489,-0.326147330581319,0.498540029598688,-0.654204900745602,0.512979804636266,0.902554090232676
"GENE1380",297.994384315832,-0.151235140221849,0.252909524590223,-0.59798119689991,0.549852479484519,0.908791970841467
"GENE1381",352.004081585907,-0.680575616413854,0.327030200637341,-2.08107879666006,0.0374266942705347,0.276051433066883
"GENE1382",233.859633165102,0.057539673708139,0.27129911848462,0.212089423767888,0.83203727063243,0.974516546335039
"GENE1383",14.06336689542,0.992994062609796,0.439937854691204,2.25712348237636,0.0240003599474037,0.19675020352487
"GENE1384",1004.25438112765,-0.374253124644732,0.29862145025277,-1.25326939618015,0.210107682098624,0.707926744727383
"GENE1385",97.1880888725704,-0.180822636547866,0.312863904974095,-0.577959405585116,0.563291526518003,0.908791970841467
"GENE1386",52.7008932816994,0.0808542980622315,0.277473484484595,0.291394683035814,0.770749480526604,0.957572292443986
"GENE1387",31.4623746507199,0.529013496533166,0.367655911607154,1.43888206290676,0.150183940407831,0.632085864847629
"GENE1388",15.1283451097726,0.61243343021083,0.566927291195774,1.08026803387622,0.280022840092231,0.791276661775775
"GENE1389",92.6875311411448,-0.149348284842333,0.288608218476522,-0.517477588236049,0.604822809958274,0.917618323222302
"GENE1390",30.6040524701312,-0.461941904553743,0.293577414081203,-1.57349265439736,0.115604787871143,0.561831737797215
"GENE1391",695.941356674581,0.43287336782932,0.208048068227175,2.08064113028269,0.0374667662171875,0.276051433066883
"GENE1392",57.7793936463472,-0.183688106403753,0.312743256184447,-0.587344739722923,0.556972199126836,0.908791970841467
"GENE1393",59.9350199766072,0.128656397957196,0.297278362049196,0.432780902956888,0.665173948343183,0.931062536960529
"GENE1394",82.2909260524426,-0.156382959289207,0.334033543612117,-0.468165435118098,0.639666288140232,0.924788858435296
"GENE1395",314.826216704393,-0.0985773189832244,0.198010768548788,-0.497838171659518,0.618598108853001,0.918600050679897
"GENE1396",1011.32542594045,0.0240970840901256,0.246676762568299,0.0976868831876845,0.922180931436782,0.987275486319671
"GENE1397",227.411925491036,0.201241526112652,0.230518097141666,0.872996648020126,0.382664904759588,0.848472977299444
"GENE1398",6.6573074231629,-0.0405154444086211,0.59290041456932,-0.0683343162073033,0.945519507579463,0.99205419159042
"GENE1399",105.271951897351,-0.356990316865293,0.254984034421744,-1.40004968418858,0.161498440809705,0.652996405658755
"GENE1400",60.1827975133856,-0.45645619349819,0.273072373787021,-1.67155756976792,0.0946115975305093,0.490214279279301
"GENE1401",52.6104887189768,-0.356682521747307,0.35867556506782,-0.994443325627336,0.320007084112717,0.8165267807732
"GENE1402",566.557547459836,0.635132978081193,0.27650095170113,2.29703722238073,0.021616646433924,0.18429735131094
"GENE1403",46.1777731198689,0.345846143022337,0.317571315721061,1.08903457554747,0.276138638787157,0.788480706315108
"GENE1404",956.568602238635,-0.61894574596444,0.240564901829016,-2.57288466130593,0.010085481190124,0.0958441906730259
"GENE1405",943.025732875913,0.193245186593011,0.206494527148442,0.935836844015213,0.349357198374038,0.822479166283479
"GENE1406",13.0861934610366,-0.233005107180762,0.43991935324726,-0.529654141062076,0.596351749024097,0.916802482786144
"GENE1407",166.353887765081,0.00665222367039244,0.243606847524875,0.0273072113447598,0.978214705193282,0.994328999326822
"GENE1408",279.413582685496,0.148568597484918,0.239145958303605,0.621246533032784,0.534437426837215,0.907661514901678
"GENE1409",9.98105640095469,-0.0702548666759722,0.487547308202929,-0.144098563347478,0.885422639165487,0.978733469227308
"GENE1410",332.957924731881,0.0360572237824749,0.255491774127418,0.141128707198583,0.887768265546742,0.978733469227308
"GENE1411",474.859446509182,0.251922236360592,0.319078528022781,0.78953052065793,0.42980199865311,0.867365183571322
"GENE1412",43.0279350108571,-0.0507846483335491,0.276479987911114,-0.183682908543369,0.854262217774377,0.975258403900998
"GENE1413",648.830249235626,0.0483385181435813,0.258229445202186,0.187192123290718,0.851510000386933,0.975258403900998
"GENE1414",18.6034008269302,0.0723412967844597,0.423306130062624,0.170895934754731,0.864305593236807,0.978409670037417
"GENE1415",316.689755621003,-0.449138551779694,0.28073724028013,-1.5998538395958,0.109631011658697,0.543420164102247
"GENE1416",197.275217873869,0.11777444078674,0.282173252289261,0.417383433161152,0.676397970603553,0.934864077943956
"GENE1417",196.689145582479,0.351785823154109,0.225854772583819,1.55757533537865,0.119333949268959,0.570113483599442
"GENE1418",589.440985658361,0.0341630308120546,0.235670514188378,0.144960988987987,0.884741672660296,0.978733469227308
"GENE1419",71.1744763196612,0.00540368213105311,0.245292368406014,0.0220295566721782,0.982424378440296,0.994722375204074
"GENE1420",325.283301538235,0.100763200663297,0.195317333282693,0.515894820852673,0.605927871555221,0.917618323222302
"GENE1421",26.3648007410877,0.00751712712494352,0.38192019644852,0.0196824551171825,0.984296686857922,0.994722375204074
"GENE1422",10.2401241297403,0.325187342287847,0.476144804256216,0.682958922119965,0.494632799709692,0.89725487801442
"GENE1423",263.631791200426,0.317020329947429,0.231906522404417,1.36701773913277,0.171619745359969,0.662409309597986
"GENE1424",13.5228058707553,0.856475802435813,0.4428993295881,1.93379340454713,0.0531385340416619,0.346212632271439
"GENE1425",321.205169025443,0.309459683035402,0.247166960706357,1.25202689773352,0.210560062988504,0.707926744727383
"GENE1426",411.088156297687,-0.176517896622607,0.265878425487399,-0.663904550732238,0.506751403470272,0.901889113940908
"GENE1427",196.227658748506,-0.0429774748894691,0.212607467871462,-0.202144709777797,0.839803595919317,0.974516546335039
"GENE1428",47.5384406987183,-0.480189275454296,0.309974051995614,-1.54912732973239,0.121351114274462,0.573946776768213
"GENE1429",15.60333718631,0.452420939847588,0.453202227301811,0.998276073224807,0.318145506602669,0.8165267807732
"GENE1430",691.477503240202,-0.0100792693553414,0.224949989095985,-0.044806711908933,0.964261375138113,0.99205419159042
"GENE1431",30.682396089117,0.0766875560039428,0.349208698744629,0.21960379646792,0.826179734433254,0.974516546335039
"GENE1432",24.1752916850893,-0.457892800145139,0.437983722406195,-1.04545620469539,0.295812171727539,0.803392127008745
"GENE1433",113.770004178853,-0.0942297902066089,0.253981472277512,-0.371010488921212,0.710629719360518,0.940905138716879
"GENE1434",58.6491002232074,-0.0109798347915332,0.302521127866415,-0.0362944395618597,0.971047583607224,0.9930109628115
"GENE1435",197.918350959332,-0.0111124254042545,0.222853113468321,-0.0498643489036746,0.960230487397059,0.99205419159042
"GENE1436",212.288177310921,-0.194040619750053,0.239082279463229,-0.811606030299273,0.41701772995642,0.860167907423193
"GENE1437",136.399755070049,-0.00484980265114265,0.295846305719399,-0.0163929802650385,0.986920879935161,0.994722375204074
"GENE1438",8.84156948112981,-0.314614407333262,0.527386589837418,-0.596553673141842,0.550805409040538,0.908791970841467
"GENE1439",469.315211003646,0.0590483889161576,0.258784650183706,0.228175778100596,0.819509591055044,0.974084179965782
"GENE1440",33.7784538656706,-0.273971469140496,0.337857029883228,-0.810909482141564,0.417417654544766,0.860167907423193
"GENE1441",500.653453154788,0.156612777088327,0.271180530212478,0.577522202518066,0.563586744556006,0.908791970841467
"GENE1442",6.7973794215643,0.230966427808406,0.586882627029035,0.39354790408028,0.693914849928527,0.93694204171345
"GENE1443",9.8279702543313,-0.548994047657117,0.553175458793477,-0.992441076208479,0.320982409824763,0.8165267807732
"GENE1444",127.375425523443,-0.0136108942783913,0.290409266811463,-0.0468679750747336,0.962618452221313,0.99205419159042
"GENE1445",15.0960058558412,0.496236565390813,0.429489285797671,1.15541081419336,0.247922235521893,0.751065939895765
"GENE1446",342.923294341256,-0.314170392505589,0.213644012870539,-1.47053216368841,0.141417681199944,0.616044322190703
"GENE1447",243.86046289975,-0.017939123483147,0.261280057755389,-0.0686586019509444,0.945261371260751,0.99205419159042
"GENE1448",877.61864450044,0.446655640629508,0.247483563902329,1.80478910836189,0.0711076894045348,0.424370690366264
"GENE1449",19.6082350791301,-0.360765908071165,0.381941874580255,-0.94455709646301,0.344885039345202,0.822479166283479
"GENE1450",219.216935003804,-0.284482502607048,0.26993130591823,-1.05390703623397,0.291925481160117,0.802123053206067
"GENE1451",418.886202831422,-0.356888093390029,0.303849193826176,-1.17455665718895,0.240172132266931,0.742304300068293
"GENE1452",35.5256854427235,-0.35626263366624,0.330301714755038,-1.07859759048013,0.280767155920684,0.792384484487614
"GENE1453",11.1024916233332,-0.0421308661141297,0.582041561508214,-0.0723846352225401,0.942295812033685,0.99205419159042
"GENE1454",9.9528673460595,-0.205426160866579,0.860664805128068,-0.238683119888947,0.811351306875259,0.972409231127627
"GENE1455",15.8471359195861,-0.18114251482916,0.502267202464053,-0.360649697890883,0.718361332549333,0.943666228508166
"GENE1456",131.478632268313,-0.576671925863026,0.259773284002491,-2.21990466832416,0.0264252395589951,0.209715199053302
"GENE1457",74.1875368760584,-0.10891348036967,0.253539486464592,-0.42957206346192,0.667506962502068,0.931062536960529
"GENE1458",535.566337401148,0.232134584817112,0.233837528338151,0.992717407111074,0.320847689502599,0.8165267807732
"GENE1459",392.019202831933,-0.201180818916412,0.256737955976032,-0.78360372603104,0.433272668800179,0.868394528707073
"GENE1460",324.259026088654,-0.161887819894249,0.304700464091056,-0.531301520584065,0.595209851859636,0.916463466434032
"GENE1461",9.45566633243808,-0.00469565180190492,0.467920598199079,-0.0100351466038841,0.991993245845178,0.997313262414264
"GENE1462",28.7714982003895,0.0797907057639295,0.336535055365923,0.237094782524725,0.812583259928042,0.972409231127627
"GENE1463",169.235203066809,-0.486828275018629,0.242378817738161,-2.00854298887019,0.0445856226382146,0.307971060075075
"GENE1464",143.327612708263,0.353421954709754,0.234080832640632,1.50982868064357,0.13108714469042,0.59430990784017
"GENE1465",51.378711388795,0.169379959078263,0.314064572175609,0.539315714296977,0.589669027650741,0.913455253864343
"GENE1466",429.663956117234,-0.216854526850564,0.267929135442346,-0.809372696599571,0.418300802304338,0.860167907423193
"GENE1467",506.826666910867,-0.2249322660507,0.238746579561994,-0.942138172045697,0.346121903447547,0.822479166283479
"GENE1468",141.631654978466,0.0736699265544521,0.263590585069803,0.279486183222148,0.779871739927416,0.963716080994122
"GENE1469",66.7359458936637,0.0682008140928611,0.325124944381594,0.209768014639981,0.833848738248851,0.974516546335039
"GENE1470",29.204407589767,0.843797478914855,0.450495477054883,1.87304317555236,0.0610624231585527,0.382046546565191
"GENE1471",17.1577008995166,-0.5599503883506,0.412448435241508,-1.35762519749341,0.17458264333127,0.667035349168386
"GENE1472",205.982661996305,0.582971302800993,0.28091577439254,2.07525299731432,0.0379630931640919,0.279019384240518
"GENE1473",371.39604544946,0.058023724748547,0.241022890704491,0.24073947739548,0.809757040073842,0.972409231127627
"GENE1474",157.91163682724,-0.036663736977251,0.255004707791962,-0.14377670629972,0.885676797418833,0.978733469227308
"GENE1475",64.2026103591206,-0.220386428670827,0.266143947261217,-0.828072292978055,0.407629559643449,0.859619753322528
"GENE1476",888.048258805512,0.232728624476152,0.283383146731798,0.821250759475875,0.411503449026471,0.859901204830087
"GENE1477",594.523744427093,0.17791781583299,0.215740162328159,0.824685649222614,0.409550081178921,0.859619753322528
"GENE1478",59.8109094192335,0.10663429787773,0.302023145286304,0.353066642547033,0.724038479889927,0.944321477475854
"GENE1479",50.6573872414432,0.233245949425237,0.316539815555995,0.736861329799998,0.461206682403629,0.880512309848003
"GENE1480",348.006076860977,0.14494363106113,0.314031412962863,0.461557745747781,0.644398501809038,0.92552733265572
"GENE1481",12.8947048613261,-1.26763709234599,0.55333299011156,-2.29091182886171,0.0219685137037361,0.186233082079399
"GENE1482",21.3387647946991,-0.208292951496659,0.395693259708438,-0.526400049498285,0.598610281306454,0.917202933186965
"GENE1483",166.818206060885,0.332051318367089,0.265289949044442,1.25165434862164,0.210695841511489,0.707926744727383
"GENE1484",763.429633944897,-0.0376790333848085,0.22930440165182,-0.164318840429505,0.869480150762814,0.978733469227308
"GENE1485",20.1826813359429,-0.222353023820311,0.409483633624208,-0.543008329422928,0.587124067500289,0.913455253864343
"GENE1486",535.193650434153,-0.369814955907126,0.288962614353708,-1.27980208351261,0.200614750937394,0.696896876364592
"GENE1487",647.996340341066,0.32166888857894,0.252799208875723,1.27242838302185,0.203220954813268,0.699410146310427
"GENE1488",155.973581689,0.170555331534546,0.268448907360207,0.635336285074511,0.525209113256785,0.904525871089139
"GENE1489",11.1600006886,-0.0778475772224727,0.525125662023117,-0.148245615958958,0.882148933173675,0.978733469227308
"GENE1490",15.060043366717,-0.924948893196172,0.446182902335506,-2.07302630458184,0.0381698315934051,0.279849576104965
"GENE1491",187.560549108477,-0.0122472809017674,0.235208679474481,-0.0520698510324157,0.958473035756429,0.99205419159042
"GENE1492",85.0875482285643,0.312114303707399,0.289735431737225,1.07723898950154,0.281373510844151,0.792840940848863
"GENE1493",191.694329634979,-0.236883694201697,0.259707424102728,-0.912117530024854,0.361706851180695,0.830633761067116
"GENE1494",495.395010331218,0.0575927442461396,0.273309029454747,0.21072389873484,0.833102724823993,0.974516546335039
"GENE1495",10.1323561414589,0.656655673015369,0.639051831551063,1.02754681325547,0.304163053947238,0.810321981738063
"GENE1496",674.130177585485,0.0330708077706119,0.239848155425622,0.13788226852079,0.890333464217898,0.978733469227308
"GENE1497",932.995418838625,0.0571963376849397,0.220858906531018,0.258972294046503,0.795656617566934,0.967892110403478
"GENE1498",92.639662108327,-0.0640421580186804,0.241645689231063,-0.26502503819732,0.790990173578797,0.964969206033986
"GENE1499",9.66131788273241,-1.01971968091478,0.544436966523705,-1.87298024126799,0.0610711135092481,0.382046546565191
"GENE1500",531.548880135092,-0.528367706765078,0.241702653324028,-2.18602360999631,0.028813878035819,0.225080136279801
"GENE1501",184.08197584696,-0.044553439657667,0.228348405789086,-0.195111673776338,0.845305523855394,0.974516546335039
"GENE1502",42.3174568659997,0.47784708950327,0.279923874255524,1.70706085993606,0.0878107410381676,0.475382259028658
"GENE1503",16.8736309779543,0.371015567692349,0.373115151828803,0.994372825316358,0.320041392918785,0.8165267807732
"GENE1504",477.683023792404,-0.0877399658626871,0.237591856138151,-0.369288608156962,0.71191261579065,0.940905138716879
"GENE1505",118.897969248499,-0.232340417147677,0.240369674758468,-0.966596212193324,0.333745928886863,0.821609168119057
"GENE1506",28.3742736800312,0.118686100264438,0.3760827282285,0.31558508635453,0.752317458982218,0.950832400509503
"GENE1507",47.4243939790432,-0.335253586280227,0.371561264211476,-0.90228346862717,0.366906304938865,0.835307236819503
"GENE1508",33.9582239997276,0.00100811605510792,0.349190804037063,0.0028870063113143,0.997696505437126,0.999577003028605
"GENE1509",286.497552235787,-0.327909852559752,0.251194204428054,-1.30540373455818,0.191755407394275,0.691714176382215
"GENE1510",68.1557286584263,-0.525226827744004,0.28284551937154,-1.85693882975773,0.0633198573785451,0.393638446703289
"GENE1511",25.882741471237,-0.234726040267377,0.40674771356768,-0.57708017141274,0.563885298479677,0.908791970841467
"GENE1512",102.502004065276,-0.253049400297923,0.281721140365873,-0.898226522756819,0.369064796077321,0.835576139222099
"GENE1513",95.6151402956949,0.225029364278713,0.258775821933023,0.869591921678666,0.384523454050673,0.848472977299444
"GENE1514",288.430823416747,-0.501757871087339,0.201060482521986,-2.49555688315068,0.012575958999297,0.114760433192362
"GENE1515",488.921880626555,0.51251158309771,0.270286214316523,1.89618099611076,0.0579361152031868,0.367832697375127
"GENE1516",519.781608743694,-0.322263853993699,0.232668717063323,-1.38507599156956,0.166029232221626,0.657070595423516
"GENE1517",100.706512404298,0.0819007898396827,0.253805065195195,0.322691707420003,0.746928732983584,0.949248440895662
"GENE1518",1134.98027765656,-0.299884638632673,0.234498164180905,-1.27883576266007,0.200954897347609,0.697256179724038
"GENE1519",34.7010733388063,0.192229577096371,0.423955984492068,0.453418713564516,0.650247263729339,0.927524864178881
"GENE1520",93.9833921964574,-0.26091972259499,0.222478460475906,-1.17278644430051,0.240881455509803,0.742304300068293
"GENE1521",24.7188031817815,0.107958470866566,0.395426423524042,0.273017847174804,0.784839496502598,0.964794766947783
"GENE1522",9.49503490421343,0.0430840730223288,0.499801549003439,0.0862023599331269,0.931305554737692,0.990485784263902
"GENE1523",604.657360559355,-0.252020919431906,0.259148782465901,-0.972495093489653,0.330804304633111,0.821609168119057
"GENE1524",58.4603846373628,-0.0189983225442257,0.318669615723074,-0.0596176152568477,0.952460188376874,0.99205419159042
"GENE1525",9.68383524801668,-0.275510646473818,0.59710009654292,-0.461414506661386,0.64450124566867,0.92552733265572
"GENE1526",28.730459881616,0.352416177765021,0.41558064505037,0.848009121604561,0.396432890796887,0.851272640541633
"GENE1527",15.8596880696518,0.429359439391745,0.458569172716918,0.93630244887132,0.349117487673724,0.822479166283479
"GENE1528",227.081162739355,-0.384158867218858,0.2756903189623,-1.39344344286312,0.163485736475693,0.654329127568963
"GENE1529",17.1971168933423,-0.0330391482027404,0.423071378686592,-0.078093555525569,0.937753633485813,0.992053372952502
"GENE1530",79.0926824938019,-0.552264390630626,0.291228144137298,-1.89632905249111,0.0579165469162842,0.367832697375127
"GENE1531",137.335879909195,0.221811165547187,0.237070566696817,0.935633506249873,0.349461916995048,0.822479166283479
"GENE1532",8.30347285891677,-0.353716482622479,0.549486521201672,-0.643721854812629,0.51975581538155,0.903817804835983
"GENE1533",53.3150390959578,-0.0457640500582271,0.301586001384047,-0.151744609657628,0.879388371140337,0.978733469227308
"GENE1534",39.8748575126207,0.188240991401549,0.325498392696523,0.578316193336951,0.563050663577878,0.908791970841467
"GENE1535",195.282480135558,-0.115205704216868,0.256522883393782,-0.449104979223308,0.653355928713057,0.927524864178881
"GENE1536",11.718965388885,0.262493655151652,0.435628789579894,0.6025626896808,0.546799647239467,0.908791970841467
"GENE1537",150.618200890163,-0.149575776633793,0.291489248462104,-0.513143374662889,0.607851032437211,0.917983972007838
"GENE1538",12.6285346986709,0.0699113687114865,0.507157130804244,0.137849523284079,0.890359344015585,0.978733469227308
"GENE1539",1017.3766679362,0.00470341528831372,0.243378046666449,0.019325552788086,0.984581399556128,0.994722375204074
"GENE1540",165.455519352313,-0.113963767701114,0.274430708238924,-0.415273379690057,0.677941786354072,0.935086083128398
"GENE1541",11.0460742430404,0.705554599686646,0.589930575993939,1.19599598393065,0.231698126295782,0.727776009333276
"GENE1542",12.9409137246842,-0.826295299071611,0.475453763037849,-1.73790884268558,0.0822268773234381,0.454379633209517
"GENE1543",406.871724295665,0.293987396525134,0.262588419834428,1.11957487200122,0.262894968536644,0.772885306515611
"GENE1544",29.3047767916029,-0.44675877881078,0.432797547784819,-1.0322581102814,0.301951219118574,0.808091872511052
"GENE1545",27.5226704365307,-0.115180781710751,0.369065040966227,-0.312088030362354,0.754973622950476,0.951003989516676
"GENE1546",229.492044594874,-0.186979462716362,0.226762674562448,-0.824560140142773,0.40962135900563,0.859619753322528
"GENE1547",908.376393052106,0.110153395737549,0.228000623471169,0.483127607550066,0.629005132719227,0.921881785871402
"GENE1548",44.0766374486782,0.356887567365301,0.28506539903308,1.25194979319074,0.210588159163286,0.707926744727383
"GENE1549",83.0795306384494,0.0486898426363072,0.265203189695459,0.183594483506097,0.854331591084856,0.975258403900998
"GENE1551",15.7845943990673,0.485319384479742,0.427006088273646,1.13656314934959,0.255720952485194,0.762136323746669
"GENE1552",180.839051018775,0.238097770317123,0.292948483102504,0.812763281091342,0.416353791715,0.860167907423193
"GENE1553",861.879171989269,0.226694437647067,0.270262436385674,0.838793732043348,0.401585068639845,0.854285348414641
"GENE1554",6.86340265070442,-0.405587929692002,0.691784787285427,-0.586292062425274,0.557679264201022,0.908791970841467
"GENE1555",155.799368553796,0.149550321735734,0.278318904094361,0.537334401421148,0.591036646676953,0.913455253864343
"GENE1556",160.862489354802,0.175376522302015,0.310231644308408,0.565308296298973,0.571864086735888,0.912729368913116
"GENE1557",20.462675182832,-0.154750981519899,0.3767253882108,-0.410779274141479,0.681234391983834,0.935086083128398
"GENE1558",991.653879633287,-0.217605606638138,0.207753924101087,-1.04741995887527,0.29490593038668,0.803392127008745
"GENE1559",975.591185110033,-0.263271852510419,0.25901595365641,-1.01643102980311,0.309424175512481,0.8165267807732
"GENE1560",33.1153567961377,-0.0311857474158401,0.34661942222853,-0.0899711482274615,0.928310142199267,0.990485784263902
"GENE1561",612.571695298358,0.0961298415450413,0.232385153458764,0.413666020028681,0.679118715777121,0.935086083128398
"GENE1562",780.280175641342,0.152997215582969,0.219087648006277,0.698337934499097,0.48496588099509,0.894978387099577
"GENE1563",366.032611364721,-0.0480769373224176,0.248462535189479,-0.193497733111971,0.84656918122434,0.974516546335039
"GENE1564",96.4523710718599,-0.0473292919166976,0.330887726990262,-0.143037314642046,0.886260711355704,0.978733469227308
"GENE1565",129.116571261688,0.431131483396353,0.292091423867886,1.47601554912942,0.139939718068611,0.613186664782284
"GENE1566",6.77231323560452,-0.106732944364135,0.543981231756097,-0.196207034605911,0.844448122255171,0.974516546335039
"GENE1567",42.8758562208686,-0.21491230291278,0.335340403486067,-0.640878047138478,0.521601919839202,0.90451648440111
"GENE1568",17.9255872809601,0.237525093012443,0.465731425388893,0.510004436170709,0.610048353889412,0.917983972007838
"GENE1569",409.999031610924,0.1918703351863,0.202991914569841,0.945211712461015,0.344550801056552,0.822479166283479
"GENE1570",14.0364624584083,0.177693193765729,0.46391294509017,0.383031333025619,0.701696532072888,0.939373015569985
"GENE1571",473.618186668763,0.175564102961181,0.208080814185466,0.84373037297277,0.398820090977615,0.851272640541633
"GENE1572",25.9836072520821,0.355324652648976,0.382184176726065,0.929720993927121,0.352515561721369,0.825156787430581
"GENE1573",12.4706927296845,0.674956461949765,0.539238217421897,1.2516851368153,0.210684618106055,0.707926744727383
"GENE1574",362.319053416076,-0.0537623805813734,0.249037104720787,-0.21588100552988,0.829080503391384,0.974516546335039
"GENE1575",57.202375767745,-0.259607840511468,0.265215802318085,-0.97885509929046,0.327651580419118,0.820263321380301
"GENE1576",44.633224291829,-0.464283984738357,0.338043952054918,-1.37344266009211,0.169614775385375,0.661323693884872
"GENE1577",62.014064825496,-0.232948972476866,0.331684113223478,-0.702321766975654,0.482478521633824,0.894666940162089
"GENE1578",197.715440307159,0.313280103465629,0.240461692643652,1.3028274899898,0.192633663374085,0.691714176382215
"GENE1579",20.7940691915319,0.541499898588348,0.379654009736648,1.42629837878959,0.15378223238963,0.638904465434012
"GENE1580",45.3872013154395,0.190535732634706,0.283705279802098,0.6715974153446,0.501840024170289,0.90177005227174
"GENE1581",64.6082953731552,0.529102518220339,0.302371132112925,1.74984468432237,0.0801451178105445,0.452941347626259
"GENE1582",10.0516044558498,0.0612043543382256,0.464427574936101,0.131784496961978,0.895154749226827,0.978733469227308
"GENE1583",46.797921165456,-0.0130351674647307,0.259401742632424,-0.0502508862602426,0.959922461372281,0.99205419159042
"GENE1584",241.115731947669,-0.403813803142245,0.235632326644587,-1.71374534594879,0.0865755048888802,0.473064538288799
"GENE1585",12.084568881123,-0.313580019842172,0.554440876553245,-0.565578825629855,0.571680125334697,0.912729368913116
"GENE1586",172.273958185685,-0.309653302438821,0.284061871636139,-1.09009104479697,0.275673040681396,0.788480706315108
"GENE1587",391.282467300382,0.0968651506709189,0.244943098705701,0.395459807533922,0.692503578259261,0.93694204171345
"GENE1588",913.394952694543,0.081589583161713,0.203671775153065,0.400593470059345,0.688719454079746,0.936343461423048
"GENE1589",305.20957806082,0.309746766928234,0.251275774310574,1.23269649761537,0.217689019036055,0.712634657729471
"GENE1590",121.487243159859,-0.0651376089463691,0.23311699692206,-0.279420247371097,0.779922334479948,0.963716080994122
"GENE1591",15.6707590845534,-0.244200389486087,0.424325884322635,-0.575501986818249,0.564951847338009,0.908791970841467
"GENE1592",54.8683535708606,-0.174391757696883,0.30307653100214,-0.575405021036259,0.565017409152663,0.908791970841467
"GENE1593",616.323732852109,-0.253108107349727,0.237582122650002,-1.06534997047146,0.28671758754664,0.799851135614467
"GENE1594",13.4324737739571,0.643451315516563,0.477433002998204,1.3477311192896,0.177744879256179,0.670669931770129
"GENE1595",259.66617383308,-0.032867441023463,0.251633987053357,-0.130616064261994,0.896079034158514,0.978733469227308
"GENE1596",106.239332178355,-0.0992301025259855,0.240874213241198,-0.411958180125417,0.680370075813661,0.935086083128398
"GENE1597",15.4778862938443,-0.0601718164892025,0.381528857273671,-0.157712360001228,0.874683460518314,0.978733469227308
"GENE1598",32.3200671540397,0.345667173876226,0.335539394074807,1.03018357897839,0.302923836698125,0.809243266523908
"GENE1599",22.2049745161477,-0.0239831077234523,0.441777498381984,-0.0542877530233902,0.956705906836573,0.99205419159042
"GENE1600",58.5701249310769,-0.123193508853131,0.334067598837492,-0.368768205242974,0.712300505483053,0.940905138716879
"GENE1601",19.3150538191325,-0.007274770760152,0.419212990952251,-0.0173534001024806,0.986154684881792,0.994722375204074
"GENE1602",79.7975563457425,-0.200958842715472,0.25051045962195,-0.802197413308582,0.422438772437296,0.860448666862042
"GENE1603",368.334048367849,-0.185941197410192,0.226768326185654,-0.819961061307845,0.412238305412043,0.859901204830087
"GENE1604",129.635981261301,-0.252983765403166,0.285194135243363,-0.88705809180574,0.37504762535987,0.841231425179615
"GENE1605",495.121495127821,-0.267172844991541,0.233987204759605,-1.14182673050875,0.25352604903495,0.759941329872702
"GENE1606",16.8032806792146,0.843930762165522,0.412216613615875,2.04729924580852,0.0406287119151148,0.29143287585265
"GENE1607",50.5132634672471,-0.133303444107365,0.313572025402832,-0.425112680048916,0.670754534783921,0.932245706471924
"GENE1608",44.0506407052284,0.213373983870623,0.27151783980985,0.785856222265373,0.431951724263635,0.868394528707073
"GENE1609",13.0340193240552,-0.0819493756232466,0.467006860431742,-0.175477883874094,0.860704147258126,0.977670793840216
"GENE1610",157.889224659429,-0.0913740355387266,0.270396198170502,-0.337926480316523,0.735418591802274,0.945611002725292
"GENE1611",51.1533643188229,0.0436041094083544,0.28516612392976,0.152907746570538,0.878471026873114,0.978733469227308
"GENE1612",36.1686654655307,-0.411652522654243,0.307215067873912,-1.33994899893124,0.18026192645859,0.677457920091226
"GENE1613",162.287810152133,0.280647806154289,0.246269665950791,1.13959551238587,0.25445485582164,0.759941329872702
"GENE1614",90.5704135070325,0.0621069094115265,0.300478287855155,0.206693501400225,0.836249232943766,0.974516546335039
"GENE1615",160.448983518982,-0.257584328916035,0.283441001120912,-0.908775822472323,0.363468471307511,0.832043313010781
"GENE1616",10.2364243717924,0.346669899221523,0.553440373235559,0.626390693535419,0.531058712271858,0.906203621742437
"GENE1617",29.0656216880324,-0.566128732051867,0.436378960418708,-1.29733278503772,0.194516708522376,0.691714176382215
"GENE1618",9.09007878069683,0.684846672768491,0.552966914286408,1.23849484494433,0.215532632356498,0.709720156108164
"GENE1619",26.2142499796257,-0.335088001262523,0.33641072145404,-0.996068139012336,0.31921703911093,0.8165267807732
"GENE1620",14.8156142795579,0.166193433080755,0.511142664571581,0.325140992133872,0.745074365699361,0.94895840507857
"GENE1621",61.2139284831737,-0.0378577966383384,0.288620387382582,-0.131168130504086,0.895642306275783,0.978733469227308
"GENE1622",975.811491133963,0.0977794625783604,0.18661338118147,0.523968120395803,0.600300713309029,0.917202933186965
"GENE1623",76.8814095691271,-0.232732025046697,0.255325704590062,-0.911510360542662,0.362026529191916,0.830633761067116
"GENE1624",7.2433888237016,-0.170591606292181,0.545419209714819,-0.31277154022752,0.7544542389298,0.951003989516676
"GENE1625",66.1949847723533,-0.120466415915647,0.25867156468605,-0.465711861533206,0.641421760845643,0.92552733265572
"GENE1626",28.377423620266,-0.0869171115118931,0.36924716496253,-0.235390057824041,0.81390600202001,0.972874666422945
"GENE1627",247.234676689606,-0.140662455204339,0.259871240441905,-0.541277499446057,0.588316326871492,0.913455253864343
"GENE1628",9.68281887018813,0.320049099625043,0.495231847115622,0.64626114311732,0.518110247863732,0.903817804835983
"GENE1629",817.81526379366,-0.111085928493574,0.20242728769161,-0.548769534781344,0.583163619976929,0.913455253864343
"GENE1630",847.186881379834,-0.0521413848392736,0.249224935760965,-0.209214157002665,0.834281061276923,0.974516546335039
"GENE1631",559.050772712883,0.0848495253135483,0.245777166285106,0.345229488141797,0.729921851639265,0.944693328601903
"GENE1632",109.230441513757,0.165242839638667,0.278520307969065,0.593288298593367,0.552988228438409,0.908791970841467
"GENE1633",392.484081762166,0.137366319626292,0.250070954153267,0.549309375378723,0.582793154454625,0.913455253864343
"GENE1634",175.662748468268,0.119706455660633,0.228332972469372,0.524262678167037,0.600095851567532,0.917202933186965
"GENE1635",324.58187769272,0.192258605511706,0.249439695674549,0.770761866878445,0.440848093822746,0.871065777345726
"GENE1636",15.7722781462909,-0.504413978439572,0.439070636706884,-1.14882193494599,0.250629412630428,0.756961707782588
"GENE1637",156.087353216953,0.121259811989027,0.227537031533204,0.532923415463175,0.594086595564175,0.916318105409362
"GENE1638",118.090456358036,-0.362743937004981,0.278835613535141,-1.30092398315277,0.193284475952752,0.691714176382215
"GENE1639",218.588570294722,0.0223837330383047,0.320286850428321,0.0698865189387913,0.944283983220994,0.99205419159042
"GENE1640",124.862518214738,-0.070401923245131,0.260010129205946,-0.270766079229813,0.786570950459197,0.964794766947783
"GENE1641",97.5655983439469,-0.0869148424493454,0.272158082519133,-0.319354257807997,0.749457893104176,0.949362098580796
"GENE1642",425.106804900403,0.240445174250229,0.234597482776817,1.02492648857181,0.305397875003518,0.812179747947445
"GENE1643",19.4899902349325,0.153318844449199,0.44374706171841,0.345509542881189,0.729711337320121,0.944693328601903
"GENE1644",486.060893809539,-0.298296021462448,0.273388897487127,-1.09110510413648,0.27522663716953,0.788480706315108
"GENE1645",18.889673425357,0.397239900948468,0.459504694213868,0.864495849445184,0.387315559413845,0.848800352080145
"GENE1646",32.7035183083378,0.0434508335179875,0.353047062626324,0.12307377151011,0.902048680658606,0.979825235586256
"GENE1647",459.139101728562,0.247244854334349,0.180696229230015,1.36829005999689,0.171221300916123,0.662409309597986
"GENE1648",18.2609323414031,-0.993464255189367,0.395337831256263,-2.51295013187187,0.0119726257589405,0.10958992412478
"GENE1649",16.582557175908,-0.163289951232583,0.408428891862438,-0.399800196523758,0.689303685967735,0.936423363759533
"GENE1650",41.3092418377592,-0.0716305116542184,0.324618693539516,-0.220660464353384,0.825356817505456,0.974516546335039
"GENE1651",930.412484051018,0.21529644313394,0.271971058364861,0.79161527122901,0.428585039748731,0.866461896077381
"GENE1652",604.587334247763,0.375656878534182,0.277129831790328,1.35552667176732,0.175249816750058,0.667874141995114
"GENE1653",29.07671556541,0.0425798445909302,0.34489658434896,0.123456846263948,0.901745344500567,0.979825235586256
"GENE1654",68.004342881797,-0.316721969845876,0.294189644472165,-1.07659115742887,0.281662956374366,0.792907794170857
"GENE1655",21.5126579480241,0.442693293712067,0.382801357277205,1.15645695945506,0.247494294838476,0.750531479469524
"GENE1656",334.843337234749,0.0112332202607205,0.253218428451026,0.0443617801809913,0.964616026636164,0.99205419159042
"GENE1657",442.658086103781,-0.0117984641182196,0.233917192829788,-0.0504386358928513,0.959772848563475,0.99205419159042
"GENE1658",43.0642397485655,0.280062681513682,0.324033085104741,0.864302734466618,0.38742160842264,0.848800352080145
"GENE1659",124.120487690959,-0.140762574818211,0.262942654141017,-0.535335642967685,0.592417783735391,0.914523883428042
"GENE1660",35.0459246140239,-0.303645386795211,0.369554308680445,-0.821652946976664,0.411274445942329,0.859901204830087
"GENE1661",11.8230169634522,-0.667005454029837,0.568138987585494,-1.17401809874818,0.2403877763413,0.742304300068293
"GENE1662",21.7255015394946,0.317058288426462,0.418102870056237,0.758326027237785,0.448255829707481,0.874777250742886
"GENE1663",9.26146227992037,0.941837992574603,0.522946760378138,1.80102079969588,0.0716996016514509,0.426198428940099
"GENE1664",756.0115525486,-0.0186141155846383,0.253737345846764,-0.0733597788789029,0.941519823123822,0.992053372952502
"GENE1665",607.068152268292,-0.0251966954252487,0.199944423193522,-0.126018495653971,0.89971728387628,0.97920444442589
"GENE1666",136.713709144159,-0.00535203786564299,0.264570459522341,-0.0202291588989399,0.983860567204089,0.994722375204074
"GENE1667",732.938367780852,-0.604717399125354,0.272576878877901,-2.21852052020976,0.0265193620322246,0.209903915926149
"GENE1668",294.484319608522,-0.410249577955322,0.259117043858108,-1.58325971864658,0.11336228001916,0.556189062648877
"GENE1669",158.92688636157,-0.276722577952346,0.224168567962429,-1.23443969182479,0.217039106331575,0.712480410663829
"GENE1670",69.0006594494206,-0.137198431017742,0.275728415065456,-0.497585390265898,0.618776303271908,0.918600050679897
"GENE1671",889.253857510608,0.0115914903968904,0.242512799473225,0.0477974375870838,0.961877678733383,0.99205419159042
"GENE1672",30.6214909279284,-0.136881146045106,0.33301450993621,-0.411036582373922,0.681045710429449,0.935086083128398
"GENE1673",141.471193122262,-0.192315322650194,0.212517884058874,-0.904937123300722,0.365498698610922,0.835105755478555
"GENE1674",13.2307315359444,-0.310681026947284,0.511662344261194,-0.607199318909985,0.543718644195275,0.908791970841467
"GENE1675",894.650507077833,-0.149878994967304,0.252168187314765,-0.594361233918138,0.552270530949617,0.908791970841467
"GENE1676",521.087427930822,-0.118871189602029,0.245970168118006,-0.483274823575351,0.628900613809736,0.921881785871402
"GENE1677",20.181143207978,-0.998338818943598,0.355284953594746,-2.80996650390759,0.00495466562773781,0.0518762183619987
"GENE1678",46.7987319307903,0.0949166404051602,0.280165079176962,0.3387882625629,0.734769244057896,0.945611002725292
"GENE1679",7.12183446722987,-0.714802591635546,0.508529417549225,-1.40562682701902,0.159834965583404,0.64979228515106
"GENE1680",463.242109363064,0.24419259086086,0.260820071212687,0.936249230074521,0.349144881401688,0.822479166283479
"GENE1681",7.9111380718152,-0.449547954071178,0.588229318458751,-0.764239285537588,0.444724659242077,0.873114672012253
"GENE1682",1024.81512429602,-0.210847904262847,0.225331793117217,-0.935721947382564,0.349416367505992,0.822479166283479
"GENE1683",37.6432132738038,-0.0637326505846054,0.34438438368259,-0.185062545238248,0.85317997869193,0.975258403900998
"GENE1684",399.94464721718,-0.0326086303500253,0.274730777417948,-0.11869303707614,0.9055185531595,0.981124778524512
"GENE1685",61.150183926058,0.318932669619315,0.312429182064963,1.02081587741378,0.307341680541503,0.81460298246722
"GENE1686",127.924020607428,-0.403657117800402,0.260582071351181,-1.54905944107107,0.121367431682554,0.573946776768213
"GENE1687",18.9044631582268,-0.372884186805371,0.386790026137095,-0.964048092267003,0.335021815096532,0.821609168119057
"GENE1688",95.3983042223866,-0.214250282589716,0.265783133938439,-0.806109399851314,0.420179772107311,0.860167907423193
"GENE1689",394.951905687687,0.276662554461263,0.210612695606738,1.31360815483723,0.188978103013734,0.687888818075174
"GENE1690",89.6010931408731,0.0240908377217862,0.254761130312968,0.0945624542181579,0.924662373343287,0.988603555018405
"GENE1691",619.689072763085,0.153755743789179,0.193728527061081,0.79366599293196,0.427389902802921,0.864683278253969
"GENE1692",365.899870216303,-0.11792591683804,0.216113443049755,-0.545666734905013,0.585295042083408,0.913455253864343
"GENE1693",50.468354538934,0.235226037334026,0.34404908730309,0.683699059276397,0.49416521763415,0.89725487801442
"GENE1694",63.4826974288615,0.0213202715806911,0.252576610006124,0.0844111082976928,0.932729575664064,0.990485784263902
"GENE1695",368.348084724733,-0.609606772908732,0.294834404467807,-2.06762427881884,0.038675367233141,0.282861019175718
"GENE1696",45.8476157609725,0.262906069496105,0.310191991654198,0.847559178088624,0.396683516779164,0.851272640541633
"GENE1697",15.5601230258614,0.254697566752789,0.430624244052647,0.591461280386366,0.554211391105322,0.908791970841467
"GENE1698",268.271859677352,-0.0810866259860012,0.241000089519103,-0.336458904010382,0.736524836783664,0.945611002725292
"GENE1699",512.00067204015,-0.366643703831093,0.239325895262001,-1.53198509266919,0.125526113461799,0.584352453307343
"GENE1700",294.5485670102,-0.0250833840290489,0.233898223319962,-0.107240592395334,0.914598113020735,0.98549060752885
"GENE1701",7.71624968982155,-0.293168591257396,0.671579871193059,-0.436535703097508,0.662448101059342,0.931062536960529
"GENE1702",109.448931815192,-0.126205008703602,0.243325849222162,-0.518666673134158,0.603993205911363,0.917362202185416
"GENE1703",8.19435164742831,-0.214141527248691,0.505574314136671,-0.423560931125157,0.671886053057179,0.932363190234628
"GENE1704",18.235546839823,0.174622278500697,0.432417318610975,0.403828133113689,0.686339107059963,0.936343461423048
"GENE1705",41.6595541760382,0.404122842094106,0.323795276814308,1.24808133728851,0.212001272029047,0.707926744727383
"GENE1706",12.464802370907,0.723898824251009,0.481952803164119,1.50201185572211,0.13309404701219,0.596325279706269
"GENE1707",34.5866570331236,-0.214229021219189,0.333984455462908,-0.641434107830749,0.521240678765742,0.90451648440111
"GENE1708",19.9686803351295,0.486229361339646,0.462409634280733,1.05151217728403,0.293023419572411,0.802531349155307
"GENE1709",152.316263528525,0.157457842055227,0.282347281702352,0.557674368621042,0.577066763248254,0.913455253864343
"GENE1710",1155.47890811363,-0.0098917476682865,0.221930416318025,-0.0445713923868447,0.964448945558154,0.99205419159042
"GENE1711",11.6871026591709,0.232628568565123,0.490946955900505,0.473836461901329,0.635616531260101,0.92467554967525
"GENE1712",324.743598556051,-0.0520209121069409,0.260536137237611,-0.199668701081177,0.841739693744788,0.974516546335039
"GENE1713",793.257290703146,-0.00545492215945451,0.224966272039519,-0.0242477332713069,0.980655003663646,0.994654837162583
"GENE1714",11.0483299508531,0.0737768914761698,0.493481796713042,0.149502761738283,0.881156930307289,0.978733469227308
"GENE1715",155.900796678513,0.16052408376956,0.278580519935716,0.576221495338588,0.564465477835231,0.908791970841467
"GENE1716",233.767802250754,0.197315744755913,0.295950811948702,0.666718038233034,0.504952254567044,0.901889113940908
"GENE1717",9.60678089747748,0.289122539244298,0.547015076771675,0.528545832686396,0.597120544796305,0.916838667941549
"GENE1718",9.65728698815166,-0.201963565440743,0.47384564958738,-0.42622226376165,0.669945895937669,0.931990001621447
"GENE1719",11.9465501054288,0.259051395405986,0.449192449990354,0.576704696197697,0.564138959463758,0.908791970841467
"GENE1720",9.45437674945538,-0.48889214048035,0.51255084009182,-0.953841262639952,0.34016399923326,0.822479166283479
"GENE1721",852.680573123052,0.128565102873804,0.277321883821723,0.463595231296109,0.642937771560673,0.92552733265572
"GENE1722",41.9620700086943,-0.168240887452507,0.305467891007793,-0.550764556292482,0.58179508410428,0.913455253864343
"GENE1723",327.904843250125,-0.155550579823453,0.342981822395879,-0.453524267661952,0.650171272795316,0.927524864178881
"GENE1724",26.6374466384383,0.290622563383136,0.352627348914895,0.824163424298881,0.40984670629876,0.859619753322528
"GENE1725",551.950313238236,0.0466096211435833,0.192192116528962,0.242515780487591,0.808380530696529,0.972409231127627
"GENE1726",134.883725938996,-0.0958310219209823,0.295376900791907,-0.324436412136693,0.7456076563866,0.94895840507857
"GENE1727",57.3801317488119,0.132392106717691,0.299219307486335,0.442458435686799,0.658157501161514,0.927664132045763
"GENE1728",599.977635192209,-0.366127648145469,0.251305947866434,-1.45690005053148,0.145143972104009,0.624973013265301
"GENE1729",54.7878218732501,0.72901955792147,0.367200941481784,1.98534228964561,0.0471064019875012,0.316588971915999
"GENE1730",32.5893325920703,-0.512925807430593,0.372242793778056,-1.37793347783763,0.168223827596999,0.660617019864578
"GENE1731",410.892920523798,0.186286993537072,0.267155650637159,0.69729759820832,0.485616570842025,0.895046230631627
"GENE1732",55.8833957489397,0.258632425601651,0.260366652283955,0.993339290315828,0.320544636323751,0.8165267807732
"GENE1733",38.2684810573117,-0.37129755443435,0.562979109635023,-0.659522792373345,0.509560114870461,0.901927924922469
"GENE1734",26.937161680832,0.102961400513329,0.408806808402234,0.251858331116695,0.801150568452141,0.969414560981256
"GENE1735",665.10129378314,-0.110644921657203,0.251889408993541,-0.439259920054998,0.660473212082519,0.929647200402941
"GENE1736",149.056458868321,-0.219819194220278,0.322710550842308,-0.68116519167572,0.495766970439358,0.897419354834666
"GENE1737",100.122866488749,0.205441719261868,0.225425424469725,0.911351147480968,0.362110385016765,0.830633761067116
"GENE1738",143.278454332295,-0.39436692042154,0.236111185814753,-1.67025936979941,0.094868058159684,0.490617479286823
"GENE1739",570.027820164479,-0.352495510740885,0.267049742381457,-1.31996199508546,0.186847707161235,0.684195144380026
"GENE1740",11.0906961042639,0.745437791069524,0.52189421627791,1.4283311978161,0.153196552214,0.638904465434012
"GENE1741",1107.64597622386,-0.158265368372797,0.205417316130158,-0.770457775198054,0.441028393102199,0.871065777345726
"GENE1742",228.227315010334,-0.0918662040242073,0.274636209673907,-0.334501426935967,0.738001214312925,0.945960319377048
"GENE1743",9.98352998087926,-0.361448067062885,0.514853324992017,-0.702040852253387,0.48265368700287,0.894666940162089
"GENE1744",193.014537452477,-0.30229800160224,0.312497267048727,-0.967362065138006,0.333363066932571,0.821609168119057
"GENE1745",183.441066245084,-0.0280825038143994,0.277890218417738,-0.101056107603559,0.919505920667578,0.987219094724127
"GENE1746",186.317099928207,-0.20481616914651,0.244410869280459,-0.837999430015061,0.402031023618941,0.854285348414641
"GENE1747",22.0664635995011,-0.546082212362856,0.33878094392514,-1.61190356823471,0.106982925610083,0.533841220770047
"GENE1748",31.9238099996521,0.438585260994449,0.359107040690868,1.22132181020644,0.221964198685515,0.720741782771415
"GENE1749",29.539897847743,0.8367068254613,0.305753325524898,2.73654202787458,0.00620886633777684,0.0632494478296894
"GENE1750",48.9176219230552,0.227487371211934,0.317347158140186,0.71684073853103,0.473472371549172,0.888579595410522
"GENE1751",19.6696415501434,-0.46180123491459,0.492943498979089,-0.93682386697665,0.348849166251933,0.822479166283479
"GENE1752",922.196537145557,0.427749853276073,0.265027918887483,1.61398034996333,0.10653168857321,0.533373420641707
"GENE1753",86.7858771579243,0.0494676823308319,0.275966538674894,0.179252465057396,0.857739469627703,0.976337473845298
"GENE1754",28.6247205411739,-0.213480780588992,0.333188251857151,-0.640721212104797,0.521703829941651,0.90451648440111
"GENE1755",226.754377369724,0.0400227833776879,0.285269240769728,0.140298278460364,0.88842432446226,0.978733469227308
"GENE1756",93.1814602899996,-0.230283314342877,0.281588737299052,-0.817800159735481,0.413471306843751,0.859901204830087
"GENE1757",164.074416888904,-0.168135416306108,0.2704582179562,-0.621668727896954,0.534159718665454,0.907661514901678
"GENE1758",277.576709685385,-0.21676668404383,0.269601651447208,-0.804025802068485,0.421382073762196,0.860167907423193
"GENE1759",219.883135996302,-0.349059862206839,0.267884751947347,-1.30302251124561,0.192567076303282,0.691714176382215
"GENE1760",26.5746068593767,0.261468942895201,0.389574758780283,0.671164999790623,0.502115422724506,0.90177005227174
"GENE1761",45.9177684422772,0.279224134177852,0.320270635141999,0.871838075489035,0.383296719713684,0.848472977299444
"GENE1762",22.6825293651589,-0.924298684933186,0.344121830979474,-2.68596352141437,0.00723209841339913,0.0714682656344419
"GENE1763",250.268741894577,0.28829180122006,0.255185061048747,1.12973620021193,0.258587398655883,0.766288421831526
"GENE1764",13.540893607853,-0.0854425716588489,0.51751457522692,-0.16510176862436,0.868863880955258,0.978733469227308
"GENE1765",12.5711894194443,-0.502527941607767,0.512580522751793,-0.980388288868141,0.32689448836691,0.820263321380301
"GENE1766",48.6125470126265,0.13128336001772,0.286324236179794,0.458512914482315,0.646583986381657,0.926263377514577
"GENE1767",195.557227040176,-0.210875402220406,0.273685620291243,-0.770502308436966,0.441001986217714,0.871065777345726
"GENE1768",48.2358823576087,-0.116389866144404,0.305830970375634,-0.380569260207524,0.703522894606954,0.940471953429764
"GENE1769",345.293063206551,-0.247295824620634,0.287031719354149,-0.861562705254581,0.38892820127118,0.849531511495506
"GENE1770",21.5633214135916,0.59106223111492,0.435216884048289,1.35808662939956,0.174436197324202,0.667035349168386
"GENE1771",9.01413520908276,-0.976404458630786,0.583775629531485,-1.67256803682334,0.0944123636031474,0.490214279279301
"GENE1772",49.7156108122103,-0.283295550514874,0.338992277933063,-0.83569912637011,0.403324186880909,0.855465768124871
"GENE1773",678.04135900299,0.3060474446921,0.287579070193861,1.06422016207852,0.287228975429926,0.799851135614467
"GENE1774",26.9076559194349,-0.378956530986977,0.374381694039645,-1.01221971325032,0.311433012634125,0.8165267807732
"GENE1775",39.3266740111343,0.0110774031964628,0.339319119367389,0.0326459741411418,0.973956907288691,0.994328999326822
"GENE1776",736.179698888772,0.140424982498139,0.211285032294549,0.664623428234023,0.506291380565315,0.901889113940908
"GENE1777",37.4961835571189,0.093962659399582,0.285948870591538,0.328599512231689,0.742458416794789,0.947853817748321
"GENE1778",154.75792905202,-0.256247509405413,0.271181680123039,-0.944929278737229,0.344694982631611,0.822479166283479
"GENE1779",53.981858280646,0.182787880568446,0.317693541998736,0.575359132006445,0.565048437538787,0.908791970841467
"GENE1780",13.1251664860195,0.0615558262966081,0.468447882479025,0.131403788124422,0.895455892158871,0.978733469227308
"GENE1781",13.9809271306426,-0.0692900673929937,0.446231900117179,-0.155278157780289,0.87660203431604,0.978733469227308
"GENE1782",9.3152060962041,-0.427290213300616,0.514579759545838,-0.830367315025638,0.406331139452964,0.858223256553435
"GENE1783",9.88267467037716,0.215557586799276,0.444705839366234,0.484719488069855,0.627875340656332,0.921583874332756
"GENE1784",98.4527385820072,-0.172001915884104,0.235716763843075,-0.729697426181413,0.465575154731254,0.882112965264263
"GENE1785",136.709210064946,0.297045982235077,0.230132707153707,1.29075951831861,0.196787079096945,0.693676855889219
"GENE1786",35.0231954153718,0.212609158477385,0.312188584189315,0.681027972337565,0.4958537909615,0.897419354834666
"GENE1787",100.035120123808,-0.207877668337455,0.230494072837462,-0.901878585329369,0.367121368244257,0.835307236819503
"GENE1788",499.333536636017,0.24566134519744,0.25081841950777,0.979439012810739,0.327363108698728,0.820263321380301
"GENE1789",32.4771755683704,-0.419678539032623,0.2902582166345,-1.44587996129354,0.148210873312042,0.626972310980937
"GENE1790",377.125020177741,-0.26580791321533,0.254143873492327,-1.04589541964054,0.295609319329003,0.803392127008745
"GENE1791",412.051374912158,-0.208659626988653,0.286184999963659,-0.729107489963309,0.46593591335189,0.882112965264263
"GENE1792",790.898747335773,-0.295219984498338,0.232410789459698,-1.27025077099328,0.203995317820125,0.699410146310427
"GENE1793",948.050523423436,0.18695985083666,0.306778320773118,0.609429800533164,0.542239590110319,0.908791970841467
"GENE1794",108.304758778359,-0.504722838131079,0.272353228773335,-1.85319204917938,0.0638548368744571,0.395534680227454
"GENE1795",83.6506544474478,0.0722055494411977,0.318747656889474,0.226528879132232,0.820790100632389,0.974084179965782
"GENE1796",11.4674877458224,-1.17985264643013,0.466030175039919,-2.53170869532015,0.0113508247797088,0.105189009759786
"GENE1797",25.845659623662,0.0475916180734875,0.33455932753552,0.142251655107224,0.886881231726908,0.978733469227308
"GENE1798",39.1865315442492,-0.0123970011926829,0.321030074988942,-0.0386163233868663,0.969196287819014,0.992227276122692
"GENE1799",686.141652783459,-0.388413009200461,0.44099800157249,-0.880759114135384,0.378448213578941,0.843883909760141
"GENE1800",105.136177440737,-0.0351825247898952,0.265881418512902,-0.132324120228763,0.894727929940248,0.978733469227308
"GENE1801",533.429104124928,-0.216657388880711,0.226242536495603,-0.957633309087843,0.338247696731652,0.822366435225051
"GENE1802",16.4644375132435,0.119315550186972,0.44173230210551,0.270108275121054,0.787076956029228,0.964794766947783
"GENE1803",38.9078484262234,-0.642759623851045,0.318965592897073,-2.01513780220946,0.0438902123301523,0.30528763075332
"GENE1804",6.53018899525348,-0.107169333992055,0.658509049346628,-0.162745423314058,0.870718881094193,0.978733469227308
"GENE1805",21.3961137952514,-0.791400142722576,0.388060571669224,-2.03937271781672,0.0414128431354084,0.294443392097246
"GENE1806",109.785886320552,-0.0443433624003332,0.272547876305889,-0.162699350298974,0.870755158560377,0.978733469227308
"GENE1807",340.593628017562,-0.139954109061049,0.245505915366016,-0.57006410152031,0.568634222118842,0.910302853434884
"GENE1808",415.068078830665,-0.508157351807506,0.253144972453617,-2.00737682791869,0.0447095542278635,0.308113879482551
"GENE1809",288.37065438099,-0.258720744030642,0.244141138645474,-1.05971793801756,0.289272939582062,0.800101825260616
"GENE1810",316.798251232281,-0.453114208469776,0.273854905477816,-1.65457765921407,0.09801019836514,0.503377679727328
"GENE1811",21.3301516230141,0.269989352792971,0.470372686103691,0.573990286360831,0.565974374497862,0.908791970841467
"GENE1812",510.543905066519,0.0833603891199683,0.236848855613492,0.351956056127213,0.724871218614999,0.944321477475854
"GENE1813",117.797219192681,-0.0549794150065392,0.231095866453229,-0.237907392504861,0.811952921726419,0.972409231127627
"GENE1814",426.935332695041,0.244604811925458,0.221594469910376,1.10383987481452,0.269662604212633,0.782756041800095
"GENE1815",228.972931241011,0.291623241532383,0.274174349111465,1.06364159330538,0.287491092599091,0.799851135614467
"GENE1816",25.0562958439599,-0.347295243205391,0.33580007734873,-1.03423217155702,0.301027637515493,0.807533559382726
"GENE1818",39.751961365863,-0.42385821435517,0.279268858291926,-1.51774249713193,0.129079326274224,0.589946576105281
"GENE1819",14.6662729284473,-0.10948064290554,0.462950386735277,-0.236484612698126,0.813056645999809,0.972409231127627
"GENE1820",442.786797211551,-0.293746426827084,0.223644799098714,-1.3134507397931,0.189031109524679,0.687888818075174
"GENE1821",239.416568729093,-0.0382196064737987,0.213949463754777,-0.178638477531334,0.858221579723933,0.976337473845298
"GENE1822",266.5967215264,-0.204001057270816,0.273653032261735,-0.745473403253575,0.45598558384963,0.877244663165427
"GENE1823",267.751261142994,0.201534562952749,0.209330387176463,0.96275827733915,0.335668843254528,0.821619936534683
"GENE1824",160.920248187491,0.375286631927878,0.222584121330074,1.68604404341745,0.0917873164843658,0.486489080620511
"GENE1825",35.1760571080919,0.255741408341659,0.299023686229933,0.8552546842226,0.392410168642941,0.850982516882657
"GENE1826",830.894032806601,0.12692667571489,0.227430453668599,0.558090060796526,0.57678288728796,0.913455253864343
"GENE1827",330.759362286469,0.70643833861708,0.20906410655104,3.37905128848415,0.000727364371133429,0.00893191474675783
"GENE1828",9.77640041975776,-0.268743076775684,0.528963653926668,-0.508055846145037,0.611414179017048,0.917983972007838
"GENE1829",281.383349240501,0.0411878081859451,0.26055874224209,0.158074942454538,0.874397745365509,0.978733469227308
"GENE1830",103.961617877936,-0.108521897685562,0.291483447196487,-0.372308955205982,0.709662831832644,0.940905138716879
"GENE1831",121.63619832343,-0.140665718542193,0.282488693542994,-0.497951676500582,0.61851810262691,0.918600050679897
"GENE1832",22.7795734965027,0.337946059710523,0.329056904313122,1.0270140370279,0.304413854399587,0.810321981738063
"GENE1833",157.654837726115,0.0427368787555956,0.326612228588981,0.130848985478058,0.895894771281672,0.978733469227308
"GENE1834",84.8442332484175,-0.213013405706861,0.302386097887613,-0.704441795422852,0.481157685336244,0.894666940162089
"GENE1835",24.946219924651,-0.423495439848699,0.364879506412273,-1.16064463036791,0.245786447627285,0.749925112187954
"GENE1836",182.921601329523,0.0222349145426967,0.198248736427208,0.112156652009032,0.910699198927524,0.984213654773806
"GENE1837",402.033959230951,-0.0954521230136745,0.24556646467691,-0.388701784420198,0.697496762197886,0.938114347267259
"GENE1838",47.4705891451085,-0.223277128808844,0.273305730217783,-0.816950045763496,0.413956976189227,0.860167907423193
"GENE1839",1074.11450826054,-0.0604506546491042,0.204354260661571,-0.295813037875515,0.767372865591344,0.956050112847179
"GENE1840",311.185854784712,-0.0343081565043657,0.222731009792892,-0.154034036554979,0.877582898542475,0.978733469227308
"GENE1841",326.136288771407,-0.0424589847615041,0.220598822980697,-0.19247149276594,0.847372895902577,0.974516546335039
"GENE1842",27.3305201878917,-0.455708700146097,0.350034343867717,-1.30189710846863,0.192951561074137,0.691714176382215
"GENE1843",23.0803252246012,-0.0587111711403331,0.389407826789133,-0.150770393149097,0.88015684208915,0.978733469227308
"GENE1844",924.260789046704,0.177685425328419,0.189533609417578,0.937487688196475,0.348507753884494,0.822479166283479
"GENE1845",190.896430076784,-0.585880636112348,0.231854639876039,-2.5269308236643,0.0115064164417423,0.105972674883207
"GENE1846",46.5665604176233,0.380554147301659,0.293900826771259,1.29483864160015,0.19537589876993,0.693224354256208
"GENE1847",14.9503236113549,0.0785077309771762,0.398615353516342,0.196951096551171,0.843865807422084,0.974516546335039
"GENE1848",365.271915716259,-0.248056591380529,0.238592448609016,-1.03966656458194,0.298494839619631,0.805342315935786
"GENE1849",13.5380714050973,0.109505464830342,0.524260651438657,0.208875994278497,0.834545044600546,0.974516546335039
"GENE1850",293.897860682515,0.257602245191898,0.249304895955886,1.03328193457332,0.301471978938457,0.807533559382726
"GENE1851",291.093799446858,0.0831679585162931,0.248053191011541,0.33528276002877,0.73741179736654,0.945611002725292
"GENE1852",52.7834522232522,0.486163418503608,0.278378467087307,1.74641172354445,0.0807394342575727,0.454379633209517
"GENE1853",618.282680223823,0.19817362407731,0.240498402129886,0.824012227616725,0.409932610247305,0.859619753322528
"GENE1854",1019.00284045683,-0.094500449002966,0.219498162635627,-0.430529567392504,0.666810463339838,0.931062536960529
"GENE1855",11.3601437624301,0.342149714208503,0.508271314224712,0.673163534185278,0.500843257608758,0.90177005227174
"GENE1856",42.6726141033967,0.358726475519787,0.317186868683188,1.13096256793054,0.258070846736602,0.766252145932358
"GENE1857",19.8250557618364,0.17590083477505,0.36153050695019,0.48654492883303,0.626580858556492,0.921128100836326
"GENE1858",249.128419362761,-0.0803211265363045,0.197361005062769,-0.406975666296181,0.684025860484749,0.936343461423048
"GENE1859",35.8245547638769,0.0738075224288402,0.318908490311298,0.231437934928587,0.81697459720249,0.973583146186992
"GENE1860",188.073685724188,-0.0806829704359426,0.235722164705965,-0.342279948670014,0.732140223922906,0.945351115614865
"GENE1861",23.4708832498301,0.236530864279184,0.366065470526334,0.646143609062871,0.518186355454584,0.903817804835983
"GENE1862",235.20749708893,0.0104085239765636,0.246941930349214,0.0421496825664412,0.966379374375505,0.99205419159042
"GENE1863",303.095281714118,-0.215591572978682,0.22785906676875,-0.946161923841646,0.344066003531263,0.822479166283479
"GENE1864",39.9201330439356,-0.177987438475634,0.296886189448316,-0.599514038717584,0.548830151218961,0.908791970841467
"GENE1865",13.393638867502,-0.336381482772079,0.480527796306674,-0.70002502531071,0.483911676079629,0.894666940162089
"GENE1866",687.319447418745,0.00888649865688466,0.28027546325637,0.0317063026268415,0.974706268645843,0.994328999326822
"GENE1867",733.160674156488,0.0612466393220267,0.243540669270637,0.251484236720914,0.801439747947066,0.969414560981256
"GENE1868",23.9727239724203,0.155876049386655,0.402361531171692,0.387402963033613,0.698457910552001,0.938114347267259
"GENE1869",495.550784338346,0.0646485633102229,0.278934508350815,0.231769685624249,0.81671690335293,0.973583146186992
"GENE1870",130.126684299104,-0.0110613940526057,0.263022756514465,-0.0420548936494678,0.966454937987048,0.99205419159042
"GENE1871",68.247596771726,0.445508060953313,0.329765199286491,1.35098567683083,0.176700020932529,0.669978224221939
"GENE1872",28.4294876643557,-0.326047459811434,0.397350439874203,-0.820553916876643,0.411900405991959,0.859901204830087
"GENE1873",345.139162674859,0.231597753248941,0.246223631481112,0.940599209977565,0.34691028692371,0.822479166283479
"GENE1874",34.4912292544516,-0.155958713849689,0.377472378772667,-0.413165896685689,0.679485072318278,0.935086083128398
"GENE1875",31.2611372904877,0.323648030686102,0.349897431992941,0.924979725751836,0.354976453556148,0.825621525130424
"GENE1876",556.964849236501,0.252940458546024,0.205267155626618,1.2322500293526,0.217855700034518,0.712634657729471
"GENE1877",50.2171175660661,-0.401370397513516,0.280795225930095,-1.42940605982182,0.152887557712006,0.638904465434012
"GENE1878",637.165184520452,-0.302338039082136,0.295142644868243,-1.02437937837518,0.305656118279149,0.812179747947445
"GENE1879",112.083822743626,0.0677708455996918,0.318919691915187,0.212501288938015,0.831715972317922,0.974516546335039
"GENE1880",263.037453509408,-0.192419545500939,0.246714384951011,-0.779928359423174,0.435433044713822,0.86861844748162
"GENE1881",20.4844742311035,-0.369099398498355,0.405833821832217,-0.909484076097905,0.363094659579676,0.832043313010781
"GENE1882",35.2789089713366,-0.0230848177214501,0.329007022578431,-0.0701651215239548,0.944062234871779,0.99205419159042
"GENE1883",216.539284165175,-0.156055705202979,0.205853942717488,-0.75808946451489,0.448397426359815,0.874777250742886
"GENE1884",29.2141900494335,-0.255358414177203,0.350000105415479,-0.729595249333057,0.465637626944976,0.882112965264263
"GENE1885",61.1024233515565,-0.390106953082745,0.26403268014799,-1.47749495579142,0.139543009431565,0.612347559034983
"GENE1886",406.113443389869,0.0514050489379272,0.227334023951141,0.226121229213693,0.821107133638598,0.974084179965782
"GENE1887",28.981411338289,-0.347868233132723,0.336630952332703,-1.03338160297546,0.301425352390736,0.807533559382726
"GENE1888",180.973671026042,0.037992810625109,0.311795278721499,0.121851782941989,0.903016402609107,0.980211329714651
"GENE1889",10.5394127863484,0.0357728061616666,0.541242410122871,0.0660938712351562,0.947303090229758,0.99205419159042
"GENE1890",298.026591946077,0.159098739920958,0.202747381082414,0.78471415547551,0.432621181364093,0.868394528707073
"GENE1891",200.288207301904,0.440135558385941,0.291636823626876,1.50919061904561,0.131250076831995,0.59430990784017
"GENE1892",13.8263297161135,-0.671254678520488,0.488419392967984,-1.37434075752289,0.169335918687172,0.661323693884872
"GENE1893",22.216648703657,0.283588941489409,0.410434927131615,0.6909473895687,0.48959860358126,0.895719465922334
"GENE1894",9.22054016410653,-0.891595837958306,0.532149574162752,-1.67546096294652,0.093843824114912,0.490214279279301
"GENE1895",47.7581462644943,0.488141583173967,0.320226108460203,1.52436534772627,0.127417471335868,0.587948509026424
"GENE1896",625.928474092128,-0.0608289219134936,0.262378125334276,-0.231836864586162,0.816664723190126,0.973583146186992
"GENE1897",11.6729027931686,-0.701917995637913,0.439206099734662,-1.59815174712274,0.110009209522678,0.544122803493403
"GENE1898",835.59903424475,-0.158101036309125,0.258964582849818,-0.610512196568643,0.541522566534467,0.908791970841467
"GENE1899",45.3325245951842,-0.0219935294705068,0.29204860030427,-0.0753077722255575,0.939969837703314,0.992053372952502
"GENE1900",424.164751584752,0.307117795964622,0.257942297673527,1.19064534484893,0.233792842451002,0.730749042803602
"GENE1901",628.690867843474,0.00431705252794253,0.241568889552658,0.0178708961072633,0.985741846847522,0.994722375204074
"GENE1902",10.1250419487602,-0.322744926427795,0.600499507414694,-0.537460767981801,0.590949377488682,0.913455253864343
"GENE1903",650.787198582733,-0.0405102566634499,0.24239804338769,-0.16712286987671,0.867273371514612,0.978733469227308
"GENE1904",486.507236897389,0.00343583044183348,0.223859144146472,0.0153481800126306,0.98775440490898,0.994722375204074
"GENE1905",48.290754000656,-0.0922392137941954,0.270488405434357,-0.34100986194242,0.733096157503137,0.945611002725292
"GENE1906",21.8950367329307,-0.528337583702203,0.347852293395535,-1.51885611718949,0.128798716886607,0.589946576105281
"GENE1907",14.2598210075685,0.48197570031434,0.464307574527274,1.03805263311729,0.299245551858543,0.806638416211286
"GENE1908",123.716929324805,0.11769078046083,0.291464938814769,0.403790524305993,0.686366765085228,0.936343461423048
"GENE1909",66.7168561146444,0.00732440858173517,0.314441100888063,0.0232934198520776,0.981416220488661,0.994722375204074
"GENE1910",853.126189703241,-0.000795136899703544,0.205495795611973,-0.00386935848169352,0.99691270631104,0.999577003028605
"GENE1911",20.7256188302016,-0.227477241264243,0.370246115411647,-0.614394673692469,0.538954554598775,0.908791970841467
"GENE1912",9.49454521961823,0.444316267665885,0.53742024303041,0.826757595062795,0.408374469397719,0.859619753322528
"GENE1913",113.129790829254,0.314269609514805,0.241179385072287,1.30305336594424,0.192556542981271,0.691714176382215
"GENE1914",26.908806706569,0.100772601843871,0.374564318106422,0.269039513302597,0.787899276050354,0.964794766947783
"GENE1915",18.0784395345446,0.2233941988964,0.44056871628214,0.50705869627234,0.612113634749226,0.917983972007838
"GENE1916",34.4251755498337,0.162030726424194,0.376356895634631,0.430524133617826,0.666814415119433,0.931062536960529
"GENE1917",56.0766675027147,0.0129428151135315,0.293298957304399,0.0441284047938121,0.964802051081551,0.99205419159042
"GENE1918",508.094359051122,0.113671998799785,0.240252885248605,0.473134791626584,0.636117016401926,0.92467554967525
"GENE1919",14.5454625132623,0.471777065212748,0.548191599532627,0.860606155977165,0.389454994304469,0.849531511495506
"GENE1920",8.87228461971084,-0.531334471254993,0.597924429899529,-0.888631480309768,0.374201166754999,0.840192837920931
"GENE1921",7.6886256199398,0.569178334095326,0.563556672141786,1.00997532676204,0.312507111192276,0.8165267807732
"GENE1922",924.20588402191,0.0963520529358425,0.247494142717045,0.389310437322146,0.697046516281302,0.938114347267259
"GENE1923",233.778520357777,0.146223757609744,0.246594082255736,0.59297350638812,0.553198882920621,0.908791970841467
"GENE1924",500.183250312487,-0.162835720017872,0.273617942861098,-0.595120766990547,0.55176274801151,0.908791970841467
"GENE1925",39.1542520846066,-0.42126557846722,0.312453196256846,-1.34825178143137,0.177577415066979,0.670669931770129
"GENE1926",8.87962007037763,-0.392969142998766,0.516879652778554,-0.76027203022272,0.447091997030514,0.874777250742886
"GENE1927",738.791034922858,-0.118105356077922,0.226042791811721,-0.522491140422191,0.601328413419256,0.917352821879846
"GENE1928",70.3818002042143,0.317860573130001,0.285042669217825,1.11513330268142,0.264793302305686,0.77560438127149
"GENE1929",18.9009283173576,0.360438837515146,0.419192626183454,0.85984059594933,0.389876917856482,0.849531511495506
"GENE1930",106.476488145212,-0.298091189041213,0.296407765236564,-1.00567941869979,0.314569806664243,0.8165267807732
"GENE1931",135.083841750448,-0.324560191749617,0.245603273889333,-1.32148153650371,0.186340854882627,0.684195144380026
"GENE1932",39.7116283910807,0.232977912076808,0.350442657618991,0.664810367721005,0.506171790552305,0.901889113940908
"GENE1933",351.871317955794,0.42649673923728,0.246208540936423,1.73225809963843,0.0832276186436565,0.458212572015998
"GENE1934",222.341676222954,0.147018302347042,0.276666345504607,0.531392071120531,0.595147114818105,0.916463466434032
"GENE1935",272.28798977628,-0.325733283684992,0.238655759820905,-1.36486663439187,0.172294970791414,0.662536330981415
"GENE1936",62.1218186120607,0.29146186078854,0.351237820208029,0.829813431298243,0.406644275708165,0.858223256553435
"GENE1937",8.45723444171235,0.413795128887859,0.597224431002266,0.69286369982123,0.488395092097874,0.895719465922334
"GENE1938",69.6344635274732,-0.412197155083035,0.229899182440611,-1.79294745943481,0.0729813256272425,0.430203009150382
"GENE1939",55.5526928361721,-0.268871272779669,0.367063607725406,-0.732492317736948,0.463868129975248,0.882112965264263
"GENE1940",9.73279936924497,0.260697457237434,0.478802815263975,0.544477703402194,0.586112787560482,0.913455253864343
"GENE1941",136.672325389693,0.0461676951073797,0.224155364250692,0.205962927818879,0.836819869734217,0.974516546335039
"GENE1942",107.453762461228,-0.215875993916515,0.354255370978319,-0.609379593371716,0.542272860881851,0.908791970841467
"GENE1943",51.9226612779437,0.302738442688453,0.338274258989748,0.894949688434991,0.370813983332802,0.838264338079606
"GENE1944",720.420167498639,-0.229437284157779,0.246162092980445,-0.932057740409309,0.351306686111327,0.825063858497357
"GENE1945",170.728591606202,0.309833135955261,0.254918212142121,1.21542173606068,0.224205282017089,0.721017557980856
"GENE1946",111.83149975568,-0.100095485252423,0.280142509178505,-0.357302022980892,0.72086571569389,0.944321477475854
"GENE1947",74.7015683496792,-0.155274223091097,0.269525839236381,-0.576101436251972,0.564546620722399,0.908791970841467
"GENE1948",263.995855533641,-0.0133808403699326,0.223906612633683,-0.0597608092612434,0.952346139439627,0.99205419159042
"GENE1949",21.4073476609843,-0.444153661236153,0.409314922687601,-1.08511475301169,0.277870833946047,0.791189473754774
"GENE1950",40.9538906216939,-0.534124738572191,0.278274916746541,-1.91941388328106,0.0549319753091918,0.353965334506213
"GENE1951",16.9442472892782,-1.14936013307583,0.416201525488301,-2.76154714168181,0.0057528210873749,0.0598462022880068
"GENE1952",23.3198029753055,0.459667262931742,0.421076547212937,1.09164774427413,0.27498796193647,0.788480706315108
"GENE1953",32.4262600752667,0.688561619237088,0.364567380442629,1.8887087989087,0.0589308589660502,0.371661449295233
"GENE1954",219.350313486086,0.198189147533212,0.230084587610886,0.861375155942148,0.389031454664694,0.849531511495506
"GENE1955",290.636668973354,-0.0459858711117531,0.222836557756927,-0.206365919374482,0.836505090243574,0.974516546335039
"GENE1956",25.3857992820856,-0.430704077114609,0.429551888242141,-1.00268230428967,0.316014170556518,0.8165267807732
"GENE1957",10.719932657997,0.219676308912328,0.47404956444488,0.463403672081362,0.6430750470464,0.92552733265572
"GENE1958",533.945724763605,-0.240878217734671,0.268684765010687,-0.896508656622529,0.3699811590164,0.837015753225881
"GENE1959",395.124196576566,-0.238432418999532,0.245890648482511,-0.969668511067799,0.332211751108441,0.821609168119057
"GENE1960",83.2164004334783,0.119269759274727,0.238953483246338,0.499133796479423,0.617685129924591,0.918600050679897
"GENE1961",26.2175441814582,-0.0582092469563009,0.401955670308424,-0.144815090956763,0.884856866968127,0.978733469227308
"GENE1962",15.4109209177288,0.125553661049837,0.417332511313077,0.300848023210078,0.763530386535285,0.953756643712598
"GENE1963",48.6768053959698,-0.381853623593521,0.320763764144813,-1.19045124879233,0.233869080387882,0.730749042803602
"GENE1964",128.62381355442,0.325540183417342,0.272882211066819,1.19296960452152,0.232881277307021,0.729955600298478
"GENE1965",104.035594957462,-0.070317994358655,0.34801232632861,-0.202056045257022,0.839872909869258,0.974516546335039
"GENE1966",33.5348527631114,0.264642135594796,0.395372644643066,0.669348623837416,0.503273116331666,0.90177005227174
"GENE1967",553.339882370037,0.332412935726604,0.234011636262132,1.42049746344343,0.155462906532571,0.641633904693213
"GENE1968",153.421201975485,-0.105244749943428,0.255293184945701,-0.412250526647677,0.680155806550301,0.935086083128398
"GENE1969",18.1638156072436,-0.20760439666219,0.397211713407717,-0.522654266363728,0.601214869458506,0.917352821879846
"GENE1970",126.461393646613,0.343798585295241,0.218803163755665,1.57126880340339,0.116120224325766,0.563071832432774
"GENE1971",898.64026144663,0.0970791366699834,0.269827358050085,0.359782408172131,0.719009859720235,0.943666228508166
"GENE1972",536.497732500276,0.353391911340256,0.244024402730937,1.44818267101716,0.147565969663695,0.626524224658913
"GENE1973",28.4449062686245,0.0203736486999661,0.333160177026548,0.0611527130337147,0.95123758873854,0.99205419159042
"GENE1974",40.6503587813909,-0.00441822596244143,0.303592702775375,-0.0145531362317045,0.988388687158204,0.994722375204074
"GENE1975",52.5468911425481,-0.169568262435239,0.348573632790547,-0.486463250469465,0.626638754925517,0.921128100836326
"GENE1976",45.9835595479557,-0.209917984362355,0.34207212816761,-0.613665853125276,0.539436157355248,0.908791970841467
"GENE1977",409.358007585684,-0.328008917520252,0.208259346588735,-1.57500214464802,0.115255949518932,0.561050168620708
"GENE1978",11.1352654247116,-0.0719283708822787,0.438633852159229,-0.163982717084426,0.869744749398291,0.978733469227308
"GENE1979",21.3391617805959,0.152747602446776,0.410437436900861,0.372158065307456,0.709775166236945,0.940905138716879
"GENE1980",152.91981974184,0.160045084709232,0.240828386992645,0.66456071357618,0.506331504078839,0.901889113940908
"GENE1981",139.735330267339,-0.0519971441706379,0.215482496548237,-0.241305651287543,0.809318231197301,0.972409231127627
"GENE1982",8.50486059065005,-0.270742708049476,0.547787856839588,-0.494247370891902,0.621131488549005,0.918600050679897
"GENE1983",12.2419495051393,-0.405078960828793,0.436107609237433,-0.928850935522783,0.352966343238762,0.825156787430581
"GENE1984",63.9372962634111,0.117082056550061,0.379761940212545,0.308303819188759,0.757851160206319,0.952180152444486
"GENE1985",169.801380896002,0.106577865679346,0.261401865727697,0.407716545490799,0.683481788923245,0.936343461423048
"GENE1986",40.5067005522773,0.170154437550557,0.322354511019444,0.52784878676723,0.597604292609354,0.916838667941549
"GENE1987",30.3137277500593,0.0925197878299484,0.320651723905664,0.28853669240577,0.772935947717839,0.958222213539689
"GENE1988",25.9689895746819,-0.00022371103578755,0.364961875659253,-0.000612970972333608,0.999510919955582,0.999577003028605
"GENE1989",44.8626468949443,-0.159318262449974,0.290019851106441,-0.549335715614524,0.582775081281946,0.913455253864343
"GENE1990",47.5149306117713,0.148984793581434,0.328841248622453,0.453059931518767,0.650505586742429,0.927524864178881
"GENE1991",13.7093831624436,-0.578320020725135,0.481054657516953,-1.20219191663216,0.22928918041542,0.723630076467236
"GENE1992",715.17344982399,-0.112336574291643,0.253038224589494,-0.443951005718159,0.657078006691849,0.927524864178881
"GENE1993",27.4800037469251,-0.146115891501766,0.3541605205005,-0.412569676866509,0.679921921561148,0.935086083128398
"GENE1994",115.100677083726,0.144133041801015,0.34162461530291,0.421904732108416,0.673094555881201,0.932514939958526
"GENE1995",296.799197221653,0.263389958400883,0.258574456104418,1.01862327149021,0.308381851836116,0.816514148960931
"GENE1996",572.13766967591,0.085948108270253,0.255884619032806,0.33588618415253,0.73695669586673,0.945611002725292
"GENE1997",74.0656362430274,0.0908809242541946,0.246181511659371,0.369162264223732,0.71200678118519,0.940905138716879
"GENE1998",713.652568514607,0.0699436546248013,0.232825161802546,0.300412782206585,0.763862314917473,0.953756643712598
"GENE1999",11.6834666198132,-1.02550468399414,0.500294787526784,-2.04980085653849,0.0403838680015173,0.290467427851752
"GENE2000",130.68868304665,-0.17068225958598,0.287335475056224,-0.594017357420213,0.552500503684952,0.908791970841467
"GENE2001",29.6442436996876,0.203665497302781,0.372112216083561,0.547322792695003,0.584156987548267,0.913455253864343
"GENE2002",212.729940285029,0.0388567455889884,0.223361111758219,0.173963790218995,0.861893919483772,0.97786125349179
"GENE2003",526.796960186428,-0.014257894503029,0.251463008218424,-0.0566997690994153,0.954784357953427,0.99205419159042
"GENE2004",474.52053566816,-0.391743323240396,0.231221942469304,-1.69423074236306,0.0902214452224071,0.481597080286834
"GENE2005",314.631744531849,-0.0825801635711903,0.248183471743092,-0.332738368881685,0.73933178407927,0.946040327483937
"GENE2006",171.516628336898,-0.372419845928602,0.283137187386152,-1.31533356450519,0.188397822455825,0.687260516146922
"GENE2007",62.5888122237164,0.0308335099307418,0.342688782375195,0.0899752531058444,0.928306880210127,0.990485784263902
"GENE2008",474.208142627044,-0.209867029278915,0.235057075230279,-0.892834342779574,0.37194589208814,0.838916509441427
"GENE2009",157.20861395349,0.129367270855012,0.24626526098923,0.525316767518703,0.599363003074182,0.917202933186965
"GENE2010",330.267370013701,-0.421867121685395,0.206656947686044,-2.04138852532701,0.0412122240954451,0.294204011245952
"GENE2011",135.087555785305,0.00659274056364329,0.240578794121472,0.0274036645154789,0.978137775486959,0.994328999326822
"GENE2012",378.722667656301,0.391662468422641,0.246389074442729,1.58960972319282,0.111922804013125,0.551080927917513
"GENE2013",605.162501134391,-0.0923329804741533,0.239114566640926,-0.386145360239838,0.699389017465958,0.938114347267259
"GENE2014",8.99384055691757,0.830028266494325,0.558237920588786,1.48687188003795,0.137048652398606,0.606068492395771
"GENE2015",118.520512899449,0.0423071271285485,0.289528608060883,0.146124168564552,0.883823367439665,0.978733469227308
"GENE2016",34.3133388594119,-0.568521229093213,0.371756742227432,-1.52928290065929,0.126194326751257,0.586548085709891
"GENE2017",45.2106939356232,-0.819996066928541,0.332621499293873,-2.46525275326256,0.0136916631762314,0.123805827023862
"GENE2018",795.06022789903,-0.362895167405195,0.222049783970829,-1.63429642180093,0.102196624659257,0.51902633569529
"GENE2019",43.3580154310341,0.0225397119971523,0.339142382218309,0.0664609119323908,0.947010876633467,0.99205419159042
"GENE2020",36.5406262845084,-0.0722043638137659,0.37049343959236,-0.194887023892271,0.845481392853996,0.974516546335039
"GENE2021",53.0514596861486,0.128573282107664,0.325988852663761,0.394410057451505,0.693278319589514,0.93694204171345
"GENE2022",164.782648086524,0.390935660964249,0.240948235307735,1.62248816831945,0.104698864443044,0.525961972218928
"GENE2023",55.8513460327253,-0.106283501663754,0.262574471096462,-0.404774695803193,0.685643130486687,0.936343461423048
"GENE2024",149.05028559963,-0.416932223514071,0.233421167006422,-1.78618001469678,0.0740701159044999,0.431972896078963
"GENE2025",387.207089067129,0.034823708733227,0.174643669745475,0.199398631418928,0.841950930958269,0.974516546335039
"GENE2026",51.1380612902354,-0.160631175447631,0.31882385431472,-0.503824206607413,0.614384915667725,0.918600050679897
"GENE2027",207.986543939923,0.602777902623324,0.25854640282382,2.33141090357413,0.019731703134765,0.172161994602744
"GENE2028",57.611520424958,0.516197590540411,0.338668477148895,1.5241973356542,0.12745942340179,0.587948509026424
"GENE2029",13.0226773603714,0.0383755158788698,0.490729404377064,0.0782009709150891,0.937668189706059,0.992053372952502
"GENE2030",310.52997290846,0.316286617222519,0.297603308650236,1.06277923675318,0.287882077630676,0.799851135614467
"GENE2031",174.363153884776,0.42070303047293,0.279735708406086,1.5039303808229,0.132599293470796,0.595001942431363
"GENE2032",21.986065738631,-0.278941501137788,0.356823535209613,-0.78173515369138,0.434370237597517,0.86861844748162
"GENE2033",580.580175149766,0.081727099194677,0.181284865988632,0.450821411643936,0.652118268003268,0.927524864178881
"GENE2034",19.0091294686035,-0.289329262787622,0.426630722544099,-0.678172591655575,0.49766226852431,0.898923008967858
"GENE2035",256.641353096178,0.356250441331072,0.247054447176594,1.44199161521843,0.149304739021131,0.629273080846123
"GENE2036",70.6940026318486,0.677719385081034,0.303601886177465,2.23226342106743,0.0255975579517587,0.205780426436188
"GENE2037",33.1912085777983,-0.605489140164721,0.343039560757766,-1.76507088228311,0.0775518536200224,0.444174148180704
"GENE2038",91.423160093113,0.159558757646437,0.252136635610894,0.632826551603053,0.526846915796797,0.904880111467632
"GENE2039",82.8464062197127,-0.112244098052863,0.267704094708721,-0.419284203235635,0.675008439940207,0.933375896562362
"GENE2040",481.733952356682,0.614580513581372,0.269754983748232,2.27829160018401,0.0227092097944639,0.190885301483607
"GENE2041",26.016822640706,0.318432335958979,0.359960280396644,0.884631869961027,0.376355212002274,0.841231425179615
"GENE2042",810.861836542951,0.223510661569607,0.22316321497812,1.00155691694763,0.316557637753717,0.8165267807732
"GENE2043",27.1461180633727,0.329887546339854,0.339617465901712,0.971350355800977,0.331373840949569,0.821609168119057
"GENE2044",16.4128740061091,-1.07795095264551,0.424433652409088,-2.5397395954045,0.0110935031810535,0.103446917163324
"GENE2045",48.9126984667459,0.202366340637782,0.293584521064345,0.689294993837328,0.490637647676611,0.895719465922334
"GENE2046",38.4425162331628,0.113576288770104,0.334816164316598,0.339219849202704,0.734444117328347,0.945611002725292
"GENE2047",260.76380282504,-0.0156057955678276,0.234219778656399,-0.0666288545627964,0.946877174161768,0.99205419159042
"GENE2048",19.5077564936735,0.716931809518441,0.394887740760235,1.81553321492891,0.0694420063869954,0.416620947595922
"GENE2049",114.891437827096,0.133860790723124,0.264750293802854,0.505611490738527,0.61312941338567,0.918600050679897
"GENE2050",15.1688694128013,0.43096927999407,0.46440079255781,0.928011508379202,0.353401599978647,0.825156787430581
"GENE2051",18.702651444683,-0.397005214194048,0.440941517492628,-0.90035798046775,0.367929774738797,0.835437560192749
"GENE2052",14.1265925817854,-0.481166767264468,0.420839426375862,-1.14335002166533,0.252893294171249,0.759941329872702
"GENE2053",79.9944888520362,-0.603630594559995,0.264150631025723,-2.28517566744414,0.0223025293643466,0.18852903009408
"GENE2054",28.4277718965107,-0.718604645228411,0.391903264377793,-1.83362760799991,0.066709291180191,0.407076737999366
"GENE2055",163.79051920186,0.113303732182448,0.31161736621609,0.363598901942706,0.716157546860524,0.943666228508166
"GENE2056",24.1765190183166,-0.356577892966679,0.362529442730199,-0.9835832650758,0.325320456744703,0.820263321380301
"GENE2057",242.853206201796,0.0850332564933206,0.225153890809038,0.377667275425591,0.705677780833062,0.940483473874881
"GENE2058",81.6855745836057,0.105920496497402,0.299924982785623,0.353156631080349,0.723971019069743,0.944321477475854
"GENE2059",399.97457817748,0.0385096322944939,0.237414508300124,0.16220420803354,0.871145046152918,0.978733469227308
"GENE2060",13.1451109023832,0.405558608023207,0.532460901866655,0.761668333959235,0.446257979318048,0.87377546606631
"GENE2061",21.1834781125918,-0.67780323765583,0.410392120980753,-1.65159905125863,0.0986163135694292,0.504320881302307
"GENE2062",881.570461562464,-0.389170308420864,0.215423361198849,-1.8065371659559,0.0708344742062145,0.42358731669608
"GENE2063",795.493437340445,-0.06018181779325,0.188530583891761,-0.319215145632826,0.749563372740065,0.949362098580796
"GENE2064",37.4695349155334,0.17831605392502,0.372942270992049,0.47813312620929,0.632555455928939,0.924165455096725
"GENE2065",142.788246638686,0.154564214885449,0.261180031239109,0.591791853887737,0.553989978782811,0.908791970841467
"GENE2066",8.74547352153103,-0.263119779746558,0.5153300572307,-0.510584965993485,0.609641705269787,0.917983972007838
"GENE2067",32.6026043553292,-0.378431048206431,0.331545820786612,-1.14141402026598,0.253697673005209,0.759941329872702
"GENE2068",17.6941437856981,0.491614254075279,0.366823935635383,1.34019131882369,0.180183153217683,0.677457920091226
"GENE2069",534.417522593895,-0.307982828283366,0.23354388905502,-1.31873640337816,0.1872572520729,0.684774068854821
"GENE2070",371.228308393496,0.131135681786631,0.264310770876559,0.496142027628057,0.619794209058039,0.918600050679897
"GENE2071",446.413774711979,0.0656518888714026,0.249056675766511,0.263602204877057,0.792086459359381,0.965517154709311
"GENE2072",31.8215809442717,0.032847603434099,0.406285116809415,0.0808486505537133,0.935562317127838,0.992053372952502
"GENE2073",65.6130265320711,0.205588143592453,0.275750296641455,0.745559102189361,0.455933796193961,0.877244663165427
"GENE2074",25.8018096395486,-0.185364706403283,0.370359469259353,-0.500499438488711,0.61672345142286,0.918600050679897
"GENE2075",30.0094466301605,0.707822995561485,0.297372997047072,2.38025309153891,0.0173007508924116,0.152287435583942
"GENE2076",450.695455220521,0.195626214528135,0.259718342566749,0.753224483857383,0.45131502890472,0.877203548269567
"GENE2077",111.125804581681,0.274037546232963,0.303960481083728,0.901556495949479,0.367292509704829,0.835307236819503
"GENE2078",6.50452786371151,0.828758349158077,0.646533625895283,1.28184879481011,0.199895693388158,0.695208332249726
"GENE2079",28.4890154400806,0.210917957740213,0.328885403581192,0.641311397354682,0.521320385722652,0.90451648440111
"GENE2080",6.74058070101211,0.185683114183556,0.643137450391089,0.288714510515044,0.772799857579641,0.958222213539689
"GENE2081",1119.615767502,0.374403883029897,0.236696751348907,1.58178716393957,0.113698166292163,0.556189062648877
"GENE2082",76.650548514726,-0.283971306952869,0.284259320996424,-0.998986791206897,0.317801089999608,0.8165267807732
"GENE2083",100.609534504258,-0.277387357248791,0.286267079490559,-0.96898098706435,0.332554675556423,0.821609168119057
"GENE2084",186.064727141569,-0.228530059197676,0.250601638198424,-0.911925639595093,0.361807863399958,0.830633761067116
"GENE2085",97.6960605519896,-0.408802804721021,0.285945830292365,-1.42965121856486,0.152817147485441,0.638904465434012
"GENE2086",182.877804536115,-0.142481862468564,0.271820275614962,-0.524176727237197,0.600155626240897,0.917202933186965
"GENE2087",97.2973630777766,0.32964307703771,0.249749229519866,1.3198962722385,0.18686965236921,0.684195144380026
"GENE2088",201.089826064599,-0.14894931158762,0.223463495576323,-0.666548740784138,0.505060420431301,0.901889113940908
"GENE2089",240.444907525334,-0.140619512804399,0.274923008702221,-0.51148688306663,0.609010170914222,0.917983972007838
"GENE2090",7.95291555290343,-0.273510428605321,0.530431902207246,-0.515637214630536,0.606107813361648,0.917618323222302
"GENE2091",319.884191049576,0.0341722816682092,0.271747364308154,0.125750186226126,0.899929674279712,0.97920444442589
"GENE2092",591.616330995337,0.601327684479404,0.224302513814738,2.68087804390846,0.00734292713818061,0.0720766269089833
"GENE2093",524.688589424438,-0.224320289582938,0.207636245443498,-1.08035227232993,0.279985340684247,0.791276661775775
"GENE2094",33.1772378778826,-0.475682917830482,0.370568396783936,-1.28365754327354,0.199261806000022,0.695208332249726
"GENE2095",140.894312640553,0.0522246748670229,0.2564527163187,0.20364251007629,0.838632870921244,0.974516546335039
"GENE2096",11.7041063318887,-0.267872076974812,0.459362567368807,-0.583138670852442,0.559799952930037,0.908791970841467
"GENE2097",112.182008129039,0.341036527021969,0.335176076517168,1.01748469212271,0.308922910814255,0.8165267807732
"GENE2098",30.611932052594,0.164915265749235,0.323685667470743,0.509492023659471,0.610407387855463,0.917983972007838
"GENE2099",43.7190109718478,0.384753338289757,0.320649512171767,1.1999186765756,0.230170925734457,0.72450426412618
"GENE2100",185.618343159302,0.32805055930738,0.228624095590155,1.43489057205703,0.151318282714033,0.635963036082641
"GENE2101",113.1996712924,-0.688154775740476,0.251476622995886,-2.7364562460811,0.00621048532644068,0.0632494478296894
"GENE2102",31.8001528491591,-0.11574616163393,0.350535713030096,-0.330197915166471,0.741250422035527,0.94727677060129
"GENE2103",8.98491457061581,0.0389458401772819,0.508305706326682,0.0766189316636392,0.938926697934339,0.992053372952502
"GENE2104",1014.93521712514,0.210774614860224,0.229237619087983,0.919459099683492,0.357855489242441,0.82680164773254
"GENE2105",21.7146952606285,-0.25315938383066,0.39695769339211,-0.637749029795454,0.523637063707311,0.904525871089139
"GENE2106",13.4787347882623,1.84984002648317,0.47784462010071,3.87121660194333,0.000108293509646186,0.00145562086839739
"GENE2107",29.4889818606257,-0.262639483199659,0.36779748691547,-0.71408721522891,0.475173250988346,0.888713633659002
"GENE2108",76.2382614238849,-0.0887007144980887,0.354646701289172,-0.250110079060806,0.802502221679384,0.969893329077069
"GENE2109",145.314440083463,0.0402641543421631,0.244160164118156,0.164908778168572,0.869015783021405,0.978733469227308
"GENE2110",89.6453545524618,0.43009419105201,0.303190964081033,1.41855873691889,0.15602770298135,0.643075505105455
"GENE2111",29.017751997457,1.11202818807325,0.35781717861884,3.10781106811484,0.00188478517151111,0.0212233922709025
"GENE2112",601.481510852462,-0.0565791544183701,0.263515514603475,-0.214709006805567,0.829994199932668,0.974516546335039
"GENE2113",402.593341192033,0.472917057264682,0.303181589277229,1.55984754348737,0.118795913172352,0.569938203545371
"GENE2114",45.4527264423738,-0.187570715400441,0.289783332214266,-0.647279172225651,0.517451278796694,0.903817804835983
"GENE2115",21.8826505841835,-0.495864633865675,0.448449530703848,-1.10573119139496,0.268842885201574,0.781136484363676
"GENE2116",78.1547803349225,-0.355242833246799,0.295725396478674,-1.2012591325494,0.229650697860078,0.723630076467236
"GENE2117",10.2023573112179,0.269521108905212,0.467887341143501,0.576038471668225,0.564589178080009,0.908791970841467
"GENE2118",191.814343403777,0.00679084890251575,0.251110443484401,0.0270432754937872,0.978425217787724,0.994328999326822
"GENE2119",859.551852594591,-0.21639071116792,0.277473976948755,-0.779859479247251,0.435473591632876,0.86861844748162
"GENE2120",160.386663220834,-0.159694595136997,0.279248573853115,-0.571872554024202,0.567408319199862,0.908827925116688
"GENE2121",718.265621935787,-0.0614019585893345,0.195218688944084,-0.314529100269297,0.753119218257096,0.9509025967738
"GENE2122",115.302553090461,-0.375553461806427,0.244142191279921,-1.53825711089747,0.123985761923954,0.580806143769353
"GENE2123",760.255139415463,0.438273034654056,0.207846964610933,2.10863331814566,0.034976244651889,0.263782278553346
"GENE2124",37.0561591476691,-0.388318437738682,0.321197973443464,-1.20896914004668,0.226674701520896,0.721938243560716
"GENE2125",53.6887393565783,-0.205860202717471,0.26586075421022,-0.774315875726036,0.438744017644669,0.871065777345726
"GENE2126",38.7023594067763,-0.162627759723646,0.306676516114817,-0.530290880384071,0.595910268657925,0.916596000863529
"GENE2127",33.5275139144019,0.149798926383647,0.346908735261723,0.431810765072354,0.66587895481441,0.931062536960529
"GENE2128",23.5148465889839,-0.0192160037692035,0.380837833682466,-0.0504571816917365,0.959758069974538,0.99205419159042
"GENE2129",634.863127239234,0.239658547811451,0.254128409722865,0.943060825323728,0.345649791916106,0.822479166283479
"GENE2130",28.3064011203093,0.255843656368062,0.368722226411179,0.693865566115234,0.487766519706779,0.895719465922334
"GENE2131",138.940635226888,-0.185321367302282,0.198943682997906,-0.931526774359719,0.351581141388449,0.825063858497357
"GENE2132",142.289040525979,-0.187520898379761,0.24924959883135,-0.75234182626165,0.451845520834584,0.877203548269567
"GENE2133",432.198360193515,-0.101164752167099,0.274299728747108,-0.368810981436908,0.712268618830831,0.940905138716879
"GENE2134",306.793411796317,-0.154242216213131,0.223998978243273,-0.688584463298833,0.491084801021762,0.895719465922334
"GENE2135",28.006466379656,0.588495005522567,0.349641191544653,1.68313980089903,0.0923480311762067,0.487356121653178
"GENE2136",24.1146957958022,-0.15141968613999,0.340266014208528,-0.44500384939177,0.656316972291107,0.927524864178881
"GENE2137",13.7238464820651,0.357297003576557,0.411633684693605,0.867997486266233,0.385395708762275,0.848472977299444
"GENE2138",595.114949713996,-0.161764465804215,0.262058498596188,-0.617283799879666,0.537047550363136,0.908791970841467
"GENE2139",52.0040644182375,-0.708868525986618,0.287057779116859,-2.46942803002054,0.0135329237604548,0.122742384502119
"GENE2140",32.2951768975222,-0.0443846142189719,0.348099375758752,-0.127505584065547,0.89854025381168,0.97920444442589
"GENE2141",791.746475963695,0.541315377826703,0.18809623085625,2.87786403460895,0.00400377662564471,0.0425169731349602
"GENE2142",137.627077717375,-0.38372304800683,0.215435279612907,-1.78115231960291,0.074887570510397,0.433597567977645
"GENE2143",111.651369266327,-0.21989542918242,0.255818594045075,-0.859575630157962,0.390023013332783,0.849531511495506
"GENE2144",15.5662486668539,-0.318009450644847,0.534032669520519,-0.595486884595229,0.551518063437682,0.908791970841467
"GENE2145",7.61910120653883,-0.938710387454186,0.559776814764935,-1.67693688394075,0.0935548246395054,0.490214279279301
"GENE2146",24.8284753911303,-0.279042660701256,0.397234147032384,-0.702463931627981,0.482389887530328,0.894666940162089
"GENE2147",27.2843724540753,-0.743338990115812,0.333138115541465,-2.23132375263524,0.0256596914065263,0.205780426436188
"GENE2148",27.4118900010748,0.116199979739492,0.331112485733535,0.350938079191023,0.725634802990243,0.944693328601903
"GENE2149",427.194846560094,0.287135703469058,0.259513307143197,1.10643922899345,0.268536453896451,0.781082996680333
"GENE2150",51.0152111291781,0.0675872796985655,0.324006337789993,0.208598634704401,0.834761576478064,0.974516546335039
"GENE2151",36.3048649903998,-0.0432592446306559,0.284475226446085,-0.152066825540798,0.879134229249819,0.978733469227308
"GENE2152",804.611003560854,-0.0197437791242891,0.230915092381959,-0.0855023330031228,0.931862040797215,0.990485784263902
"GENE2153",71.0709809141033,-0.496712030914943,0.268065997734956,-1.85294679337159,0.0638899852110029,0.395534680227454
"GENE2154",525.088042683839,-0.190075091199655,0.204098396431052,-0.931291448259198,0.351702824399678,0.825063858497357
"GENE2155",301.591738924817,-0.0713925072229717,0.207237999557069,-0.344495253648266,0.730473864890143,0.944693328601903
"GENE2156",65.7184056458222,0.0162781027175239,0.292031381767137,0.0557409365357312,0.955548187540011,0.99205419159042
"GENE2157",14.3425410630195,-0.767466884511127,0.393339626359723,-1.95115577754999,0.0510385177460075,0.336200743828005
"GENE2158",11.5522829690913,0.582870622846485,0.440793401569515,1.32232157008495,0.186061093039848,0.684195144380026
"GENE2159",162.029621439973,0.209926369958262,0.242647755275207,0.865148617262777,0.386957223304586,0.848800352080145
"GENE2160",34.7669039876474,-0.037061376773316,0.323529265390006,-0.114553398217746,0.908799119287016,0.98326924291242
"GENE2161",71.813101294797,0.0259032278794434,0.298455411364972,0.0867909473008923,0.930837683478181,0.990485784263902
"GENE2162",173.378571551514,-0.545122271096273,0.28331592241485,-1.92407919205497,0.0543446578366407,0.352531432575078
"GENE2163",6.3887472268597,0.864563268224131,0.641549502229872,1.34761739385522,0.17778147320046,0.670669931770129
"GENE2164",456.758914023374,-0.0866607562008865,0.230206006243673,-0.376448719192652,0.70658333242232,0.940905138716879
"GENE2165",12.9567901016558,-0.0233639288119592,0.501649090724368,-0.0465742473054666,0.962852557423461,0.99205419159042
"GENE2166",26.4205950327265,-0.188003450748244,0.381931135091638,-0.492244369402185,0.622546601818602,0.918600050679897
"GENE2167",15.0628240362648,0.399839209376132,0.512160185545577,0.780691706736643,0.434983839474578,0.86861844748162
"GENE2168",85.5020967702156,0.129063334672129,0.255620423808735,0.50490227951699,0.613627472995666,0.918600050679897
"GENE2169",8.62086859488785,0.606198267414464,0.560035066380177,1.08242912597003,0.279061892112084,0.791276661775775
"GENE2170",36.2288119088733,0.0989387044589272,0.372003723902724,0.265961596891968,0.790268785345831,0.964794766947783
"GENE2171",54.6384730168602,0.0428786016287569,0.339327532213118,0.126363461724133,0.899444223582875,0.97920444442589
"GENE2172",89.8732479879792,0.248391160412536,0.265027358387091,0.937228374927783,0.348641096979697,0.822479166283479
"GENE2173",273.053882022552,0.37340136945445,0.240624070964618,1.55180389043188,0.120709154791746,0.572648836086759
"GENE2174",33.4820622834508,0.0499474685702797,0.321176888675791,0.155513893842775,0.876416201490425,0.978733469227308
"GENE2175",27.5171548063197,0.168489499981142,0.341363064729409,0.493578589454898,0.621603824703103,0.918600050679897
"GENE2176",29.7739579538039,0.463832597447134,0.346609696762846,1.33819856103014,0.180831718081025,0.677961541066669
"GENE2177",17.380784195009,-0.239291628215508,0.429332382566037,-0.557357511178886,0.577283189228486,0.913455253864343
"GENE2178",13.255832101074,0.479826909788771,0.48821259310938,0.982823705412429,0.325694212668769,0.820263321380301
"GENE2179",45.6664814665408,-0.251786437680124,0.280031219099514,-0.8991370265422,0.368579678042884,0.835437560192749
"GENE2180",65.9599658714133,-0.305840360101517,0.263889903249638,-1.15896954121884,0.246468600724758,0.750097235800887
"GENE2181",1043.1925435151,-0.473429618721058,0.175958789006177,-2.69057102174326,0.0071329850327001,0.0711867135036024
"GENE2182",577.590678846494,0.12293238840461,0.197157352901382,0.623524238865698,0.532940078971959,0.907183796721235
"GENE2183",29.54513754256,0.117879396313314,0.32825399190293,0.359110320730458,0.719512561062146,0.943666228508166
"GENE2184",226.074292070872,0.439578535964343,0.288416206898824,1.52411177128665,0.127480792674295,0.587948509026424
"GENE2185",39.6190864944825,-0.149883138251605,0.39453592948472,-0.379897309853019,0.704021644331696,0.940471953429764
"GENE2186",53.181031138403,-0.169235741382982,0.338736808913638,-0.499608359439109,0.617350870571074,0.918600050679897
"GENE2187",68.8976540582147,-0.0994691622424433,0.287695193180262,-0.345744957164156,0.729534394537969,0.944693328601903
"GENE2188",366.078173139421,-0.246284601022435,0.266645122800455,-0.923641874397765,0.355672804350218,0.825621525130424
"GENE2189",598.362883744778,0.449207187030874,0.263799910004854,1.70283298058217,0.0885993289389366,0.477220934212612
"GENE2190",797.670950196794,0.0870971903608674,0.225823779058067,0.38568653276532,0.69972883790169,0.938114347267259
"GENE2191",37.8867593100763,0.455020868107654,0.332392254243552,1.36892741120931,0.171021966363108,0.662409309597986
"GENE2192",650.92494412003,-0.204392886422763,0.201280948201536,-1.01546066952204,0.309886285573585,0.8165267807732
"GENE2193",745.31877728241,0.103173270212391,0.249788264524951,0.413042904191704,0.679575179903971,0.935086083128398
"GENE2194",191.686062726948,0.159718009820575,0.276089239231721,0.578501394205098,0.5629256563836,0.908791970841467
"GENE2195",13.0555117615676,0.439417041260824,0.424453583851674,1.03525345992691,0.300550558313016,0.807533559382726
"GENE2196",181.163213142075,0.123610331474259,0.226875798245766,0.54483700963272,0.58586562213277,0.913455253864343
"GENE2197",12.8454946809299,-0.474705991558221,0.495628989843376,-0.957784958680954,0.338171205370697,0.822366435225051
"GENE2198",11.0671272624241,0.0247363718469272,0.460797353998897,0.0536816707653803,0.957188786352777,0.99205419159042
"GENE2199",1029.96358151917,-0.104908041776983,0.254636748520739,-0.411990972970024,0.680346039699385,0.935086083128398
"GENE2200",216.92940248743,-0.0902785201797419,0.202382727048515,-0.446078188076299,0.655540767972111,0.927524864178881
"GENE2201",213.505488942434,-0.178147368482667,0.197128637437338,-0.903711255749411,0.366148529132943,0.835307236819503
"GENE2202",190.132632306835,-0.035585845823227,0.20482048996731,-0.173741630189961,0.86206851888895,0.97786125349179
"GENE2203",37.2416735341973,0.495272161185809,0.325248345782768,1.52275074603023,0.127821076792045,0.588608168437443
"GENE2204",822.569374293008,-0.23337975182391,0.320692672339804,-0.727736465324104,0.466774923643522,0.882112965264263
"GENE2205",711.836496025042,-0.132748690115695,0.202561681447136,-0.655349467714304,0.512242778255121,0.901927924922469
"GENE2206",72.0674509082829,-0.0486109819495583,0.269037825954767,-0.180684562763792,0.856615176475985,0.976337473845298
"GENE2207",30.5687918755541,-0.223866671019654,0.32652962945623,-0.685593743491087,0.492969327962186,0.89725487801442
"GENE2208",504.569651781211,0.286429441582483,0.225521735741137,1.27007465884024,0.204058037358269,0.699410146310427
"GENE2209",13.5768679891633,-0.111421227677622,0.488058355353354,-0.228294888214655,0.819416998257656,0.974084179965782
"GENE2210",467.357839332798,-0.110305774417265,0.234377419585783,-0.470633112235,0.637902757438444,0.92467554967525
"GENE2211",155.7787063621,0.300984467776656,0.229972624073878,1.30878389977394,0.190607562189328,0.691097163515135
"GENE2212",78.4200720478089,0.156860856514756,0.286315436198311,0.547860285137088,0.583787840492101,0.913455253864343
"GENE2213",603.955968307548,0.497094433669269,0.222683986433408,2.23228639665979,0.025596040374031,0.205780426436188
"GENE2214",215.892112872,0.145243113735581,0.279223057981451,0.520168766811621,0.602945952315276,0.917362202185416
"GENE2215",29.71154775018,-0.0611928133916787,0.332085626479404,-0.184268178181671,0.853803076571403,0.975258403900998
"GENE2216",212.502396025796,-0.180822949126148,0.215755670206388,-0.838091295367469,0.40197943131172,0.854285348414641
"GENE2217",22.740256511674,-0.238101714113007,0.399626235168399,-0.595811018294815,0.551301482160426,0.908791970841467
"GENE2218",618.972193242668,-0.555761724004418,0.244458803251491,-2.27343714610543,0.0229998497857732,0.192497361149759
"GENE2219",38.9925780065563,0.286222461338055,0.284940336449192,1.0044996257983,0.315137851509731,0.8165267807732
"GENE2220",134.634657432194,0.0669733841640219,0.354957391168735,0.188680066482078,0.850343575605283,0.974808002153732
"GENE2221",27.6401968821172,0.185498478044013,0.314687602022278,0.589468656699354,0.555546931908859,0.908791970841467
"GENE2222",71.6257636000179,-0.386976912608645,0.318350007829921,-1.21557060810687,0.224148536289867,0.721017557980856
"GENE2223",134.5868878004,-0.12479975141736,0.25418214204896,-0.490985520899895,0.623436688332974,0.919137884380234
"GENE2224",476.409481044168,0.178384094592027,0.209115705620168,0.853040158141155,0.39363703483325,0.851272640541633
"GENE2225",8.98896272339587,-0.439159199122189,0.591251833341043,-0.742761669998706,0.457625985407703,0.877244663165427
"GENE2226",366.864144731668,-0.544952116732295,0.267285656617207,-2.03883786219306,0.0414662121507916,0.294443392097246
"GENE2227",71.1708863408297,0.150185020511932,0.293959149876767,0.510904391222019,0.609418006179733,0.917983972007838
"GENE2228",192.359218369617,0.0320650480533904,0.257772976882714,0.124392589328632,0.901004440636452,0.97945255040407
"GENE2229",526.998469520538,0.0715016632456162,0.222463301187199,0.321408802548735,0.747900613254542,0.949362098580796
"GENE2230",953.429002170611,-0.316520661724558,0.218275288339897,-1.4500984702935,0.147031061642008,0.626524224658913
"GENE2231",154.819864328708,-0.117314409182863,0.260374661414839,-0.450560006666521,0.652306696466566,0.927524864178881
"GENE2232",707.235243971993,0.336231684121456,0.25915535947539,1.29741358543421,0.194488920587501,0.691714176382215
"GENE2233",57.5410288771888,0.299210137279548,0.269224071413581,1.11137958693115,0.266404995094167,0.778601866171394
"GENE2234",44.5973952150472,0.31601284086176,0.332293150471721,0.95100618358564,0.341601236870751,0.822479166283479
"GENE2235",29.5914358102702,-0.548713930197741,0.399050298014911,-1.37504954369746,0.169116085464273,0.661323693884872
"GENE2236",32.7944277347031,-0.499733092827704,0.312073679896292,-1.6013304710406,0.109303743501564,0.542699451927899
"GENE2237",608.580460971452,-0.168175304357568,0.228043977237291,-0.737468739122075,0.460837346921624,0.880370450201105
"GENE2238",805.298071746673,0.0702814748213211,0.292853923335334,0.239988162087365,0.810339433760696,0.972409231127627
"GENE2239",502.638113894454,0.803837900370719,0.205733776775453,3.90717515115694,9.33814630765146e-05,0.00127237573433936
"GENE2240",149.045763165504,-0.390841531346736,0.27862656351164,-1.40274325039511,0.160693415086333,0.651501022820926
"GENE2241",189.272146904721,-0.119503810421012,0.249589463266695,-0.478801504105636,0.632079846555235,0.924118697756404
"GENE2242",124.949676457458,-0.0238681847317742,0.266331224849678,-0.0896184243708028,0.928590442789933,0.990485784263902
"GENE2243",14.2844274611546,0.55287670562651,0.429334418307104,1.28775304762786,0.197831941158273,0.69508302302249
"GENE2244",12.5067927276478,-0.389338855266313,0.549661264438994,-0.708325073013262,0.478743410200257,0.892298773290172
"GENE2245",84.6913980384606,-0.325785940496553,0.268058219269451,-1.21535516196605,0.224230661463215,0.721017557980856
"GENE2246",84.294217919431,-0.162804992281382,0.284447444745029,-0.572355263824977,0.567081316925875,0.908791970841467
"GENE2247",163.635212993841,-0.119709641200577,0.242492545811319,-0.493663179625002,0.621544073105682,0.918600050679897
"GENE2248",45.3791600048561,-0.0056681102323735,0.368486867923447,-0.0153821227451477,0.987727325723477,0.994722375204074
"GENE2249",15.2209608229986,0.226331025334646,0.431793159762961,0.524165379226697,0.600163518429163,0.917202933186965
"GENE2250",9.4455759562988,-0.174352291296343,0.663119200175199,-0.262927526831192,0.792606439200063,0.965756477979987
"GENE2251",47.6816788631135,0.351600851141781,0.33623062551013,1.04571334216903,0.295693400908334,0.803392127008745
"GENE2252",31.6724902521362,-0.439767053086152,0.344193524426454,-1.27767381393638,0.201364462027763,0.697256179724038
"GENE2253",285.80826390921,-0.321823409099714,0.213472504541481,-1.50756374827269,0.131666216773423,0.594571879974054
"GENE2254",742.625532871346,-0.123620484769243,0.229966943168943,-0.537557629221631,0.590882488790631,0.913455253864343
"GENE2255",25.2419962254251,-0.00338557028393934,0.368315876396254,-0.00919202918175854,0.992665925113725,0.997313262414264
"GENE2256",9.30419233184556,-0.636635350582164,0.46555128938221,-1.36748703118615,0.171472699515879,0.662409309597986
"GENE2257",18.7734105649068,0.0331773568772002,0.368913134269626,0.0899327071747789,0.92834068988537,0.990485784263902
"GENE2258",48.7354842332781,0.100949417641751,0.286857689966622,0.351914629353311,0.724902287498536,0.944321477475854
"GENE2259",47.2248680393497,0.17880381069254,0.298815210072565,0.598375867979138,0.54958916407956,0.908791970841467
"GENE2260",434.90120750014,-0.115918416338103,0.243234781158175,-0.476570068582095,0.633668301391891,0.924628954207043
"GENE2261",230.628795620609,0.249664556395032,0.261375035716361,0.95519664190869,0.339478263707312,0.822479166283479
"GENE2262",38.8540637601702,-0.292033406282826,0.348640281035707,-0.837635299671288,0.402235561167081,0.854285348414641
"GENE2263",70.18056973047,0.276329486958629,0.290650681541354,0.950727125404358,0.341742914639506,0.822479166283479
"GENE2264",58.9782202500585,-0.65480780074906,0.300863932157574,-2.17642505717871,0.029523491846771,0.229422134559283
"GENE2265",43.2989963986006,0.876032031998633,0.323894948251168,2.70467951639463,0.00683703163140328,0.0686900340239564
"GENE2266",436.906506427983,-0.0798470792148526,0.235135556236198,-0.339578924144695,0.734173652033639,0.945611002725292
"GENE2267",124.338854469544,0.142486065490393,0.317836619192938,0.448299714023507,0.653936907004341,0.927524864178881
"GENE2268",28.9187896707184,0.0604005777938371,0.359706749564124,0.167916164673106,0.866649233121019,0.978733469227308
"GENE2269",41.8380101684331,-0.0208700380371544,0.326735301337663,-0.0638744511282128,0.949070195771779,0.99205419159042
"GENE2270",9.21638102296133,0.148021616583003,0.517627077183265,0.285961888602276,0.774907311650642,0.959954622542105
"GENE2271",24.9986823597949,0.287781260646447,0.454965769352863,0.632533874044597,0.527038081008962,0.904880111467632
"GENE2272",24.2339668058973,-0.392178662913085,0.359441515350649,-1.09107781423217,0.275238644114014,0.788480706315108
"GENE2273",200.896842791311,0.0437570677815543,0.258548583225887,0.16924118181427,0.865606938563829,0.978417375382916
"GENE2274",477.816961692126,-0.289863010550245,0.192615016863258,-1.50488272031265,0.132354231593637,0.594796727523212
"GENE2275",7.78348275001834,-0.54730394158722,0.560593765200172,-0.976293308206511,0.328919135141889,0.820263321380301
"GENE2276",62.246606551881,0.240706367093606,0.29897626806849,0.805101918786627,0.42076086864022,0.860167907423193
"GENE2277",764.300613004564,0.016711751573688,0.222456735517666,0.0751236034044959,0.940116368084759,0.992053372952502
"GENE2278",241.926347919012,-0.0292178003204865,0.293624189788608,-0.0995074702173606,0.920735356963641,0.987219094724127
"GENE2279",100.104007514393,-0.157599341127513,0.239443980880077,-0.658188777802039,0.510416834988657,0.901927924922469
"GENE2280",14.8542769690407,0.388883852735683,0.459604362089499,0.846127419173527,0.397481666192712,0.851272640541633
"GENE2281",164.948487206087,-0.00594102291381461,0.231535738592032,-0.0256592047082751,0.979529163060817,0.994328999326822
"GENE2282",354.654016338854,-0.0164549836881954,0.228259485379908,-0.072088937118246,0.942531130220087,0.99205419159042
"GENE2283",107.609642506816,0.907036629153567,0.305209078973769,2.97185336754521,0.00296008019192942,0.0320031858431789
"GENE2284",377.97230776627,-0.166414525422288,0.266553522488306,-0.624319363213775,0.532417869946597,0.906923621615662
"GENE2285",111.878715321656,0.172751787900456,0.282266767330085,0.612016035520181,0.540527148188271,0.908791970841467
"GENE2286",85.4798587218458,0.203846011874228,0.247984613939001,0.82201072331193,0.41107079389396,0.859901204830087
"GENE2287",52.5749123789787,0.547754633693674,0.320341092729859,1.70991061129829,0.0872824039152116,0.475274987742685
"GENE2288",221.37170413398,0.02572602747799,0.186323586920499,0.138071770209999,0.890183696169169,0.978733469227308
"GENE2289",10.7860836431356,0.717570018925176,0.464175428263388,1.54590263773722,0.122128083434527,0.575719116854072
"GENE2290",52.5757672442386,-0.35000108542979,0.35522057455879,-0.985306343430463,0.324473617766297,0.820263321380301
"GENE2291",24.0081726379002,0.230481790072448,0.359957989474699,0.640301915256275,0.52197633583737,0.90451648440111
"GENE2292",49.1138532925241,0.224710086147142,0.266141539317313,0.844325492080462,0.398487544832031,0.851272640541633
"GENE2293",1061.26152075875,0.0205892591134343,0.259640961783966,0.0792989633529613,0.936794830831241,0.992053372952502
"GENE2294",11.6702695680643,-0.419258153386144,0.497984385104073,-0.841910240415519,0.399838197859632,0.852030139517649
"GENE2295",825.494525717403,-0.325146914157713,0.208478305115427,-1.55961990374821,0.118849730112704,0.569938203545371
"GENE2296",497.851687751966,-0.0815146131924776,0.213211369188916,-0.382318323373513,0.702225265070932,0.939659278462628
"GENE2297",52.0342229154576,-0.17428936832827,0.376448708501155,-0.4629830422907,0.643376522225545,0.92552733265572
"GENE2298",18.1484536045554,-0.149355826456052,0.447945070785715,-0.333424422316057,0.738813930498739,0.946040327483937
"GENE2299",20.7868280439853,-0.205062793047467,0.413170518931328,-0.496315162025271,0.619672070589071,0.918600050679897
"GENE2300",8.46838055959074,0.880920875038067,0.574196260174621,1.53418079520436,0.124985180909934,0.583004781500411
"GENE2301",524.70401811102,0.206260329964758,0.267694759221853,0.770505670579151,0.440999992604308,0.871065777345726
"GENE2302",1086.2063697439,-0.406724837806999,0.212167334358521,-1.91700027262309,0.055237897014569,0.353965334506213
"GENE2303",83.9392392885575,0.342557662366414,0.2782689326316,1.23103092798334,0.218311297117404,0.712736226037564
"GENE2304",297.88652925316,0.0275424840381173,0.286494239286816,0.0961362577714656,0.923412355119607,0.987620956156598
"GENE2305",41.761557641647,0.555044691354693,0.381939520233223,1.4532266548792,0.146160833759094,0.625956411113763
"GENE2306",183.961312974465,-0.152062984597111,0.291377898525858,-0.521875493530669,0.601757022169511,0.917352821879846
"GENE2307",23.8487405949584,-0.0629079013229452,0.326560974760746,-0.192637535360845,0.847242846502735,0.974516546335039
"GENE2308",9.50669967467821,0.0535287633427795,0.882349802612973,0.0606661475803139,0.95162509231957,0.99205419159042
"GENE2309",346.659694316124,0.0274980945432719,0.245454733574196,0.112029188204512,0.910800263401916,0.984213654773806
"GENE2310",8.24254232180171,-0.86702232687448,0.594114752314222,-1.45935162104159,0.144468354274256,0.622967585483208
"GENE2311",24.2470653841872,0.730788029371581,0.363690945603906,2.00936547418884,0.0444983889304156,0.307971060075075
"GENE2312",55.200606066329,-0.70606099435306,0.307875252065784,-2.29333468544654,0.0218287437749776,0.185575417163912
"GENE2313",117.015070958084,-0.184889719743316,0.279776211001039,-0.660848608542452,0.508709406353228,0.901927924922469
"GENE2314",391.994278609397,-0.269303225327374,0.213521390156637,-1.26124705880669,0.20721984871547,0.702663668826093
"GENE2315",221.516350533551,-0.0745861728830118,0.244750251027049,-0.304744009740643,0.760561127948339,0.953756643712598
"GENE2316",156.210593361359,0.0104189422201747,0.270574729950344,0.0385067083762287,0.96928368294157,0.992227276122692
"GENE2317",653.396251324487,-0.075741087516258,0.233273652096736,-0.324687708343714,0.745417438396553,0.94895840507857
"GENE2318",9.24142714727673,0.452028294411178,0.472201676959316,0.957278037049674,0.338426937820497,0.822366435225051
"GENE2319",266.119052490194,0.0881807698541225,0.25501729372236,0.345783490080189,0.729505433684547,0.944693328601903
"GENE2320",338.662177753855,0.265350563825036,0.220481199785515,1.20350653063921,0.228780365705359,0.723630076467236
"GENE2321",29.9147112748955,0.138588807356344,0.360491659216486,0.38444386662804,0.700649492972055,0.938392319133129
"GENE2322",841.758331148323,0.230791659807483,0.237075417063304,0.973494690703665,0.330307497679676,0.821609168119057
"GENE2323",314.506339876702,0.303243021568698,0.250796259820821,1.2091209884284,0.226616366874278,0.721938243560716
"GENE2324",200.647433991816,-0.260188846800897,0.231235204170811,-1.1252129524737,0.260498805771148,0.769839548510149
"GENE2325",367.980372361855,0.00219309629583841,0.246873302026896,0.00888348913322141,0.992912094399973,0.997313262414264
"GENE2326",278.303156547746,0.142514124238413,0.286783167833492,0.496940337590375,0.619231124955218,0.918600050679897
"GENE2327",24.3326385232546,0.047133261057152,0.384085501645678,0.122715543427705,0.902332355023805,0.979825235586256
"GENE2328",13.442358635952,-0.244593334967778,0.417048792146823,-0.586486136810747,0.557548874968408,0.908791970841467
"GENE2329",297.275430642499,0.111523829984177,0.235977771960286,0.472603114512609,0.636496360040093,0.92467554967525
"GENE2330",805.021013072534,-0.180799400527364,0.231507266212155,-0.780966418400357,0.434822246012848,0.86861844748162
"GENE2331",39.6416191523211,0.00767937295489387,0.290303776480346,0.0264528868621652,0.978896111272108,0.994328999326822
"GENE2332",565.829268240382,-0.313024350982526,0.221785152425773,-1.41138551232499,0.158130972456276,0.648163216771329
"GENE2333",585.312063422981,-0.0538020096384307,0.260259932466,-0.206724135861594,0.836225306843048,0.974516546335039
"GENE2334",28.7833471049224,0.153524934157317,0.335964471021656,0.45696776712863,0.647694213648505,0.927353251137921
"GENE2335",34.6623336106234,-0.125595569935946,0.413676028654739,-0.303608527533923,0.761426154056076,0.953756643712598
"GENE2336",697.71045989349,0.344849882993492,0.238271045617667,1.44730083380271,0.147812685710414,0.626524224658913
"GENE2337",16.3626948643344,0.39833588005924,0.4235376346364,0.94049701250564,0.346962681349806,0.822479166283479
"GENE2338",313.192868553492,0.20624854621028,0.223692512336749,0.922018104476344,0.356519132250107,0.825621525130424
"GENE2339",20.9714999603931,0.0149287349106325,0.373004329580103,0.0400229534264067,0.968074826763682,0.992227276122692
"GENE2340",33.0348103829626,0.166230926033476,0.364071071459442,0.456589218602595,0.647966329967347,0.927353251137921
"GENE2341",92.5997315964216,-0.154974985459603,0.281966768879341,-0.549621453888133,0.582579040726763,0.913455253864343
"GENE2342",20.0186672897053,0.0756549596926561,0.381882890699065,0.198110367170847,0.842958713761688,0.974516546335039
"GENE2343",51.0927204018186,-0.0262269826332055,0.29391119267056,-0.089234378571635,0.928895644198541,0.990485784263902
"GENE2344",260.622753944574,0.0973589382287946,0.225212361546579,0.432298376342272,0.665524567092417,0.931062536960529
"GENE2346",295.591722401833,0.12173136006897,0.236027691828146,0.515750330506147,0.606028797283343,0.917618323222302
"GENE2347",816.751405229706,0.112123932357006,0.243948496956703,0.459621328910694,0.645788046922952,0.925567498567766
"GENE2348",18.7842336120535,-0.135677695960214,0.437600916358403,-0.310048930174294,0.756523747554557,0.952115926909657
"GENE2349",18.34863455672,0.1110671196995,0.395126464501472,0.281092585989229,0.778639387541468,0.963291845946824
"GENE2350",772.855334899226,0.0863648230700561,0.233527999067404,0.369826416596531,0.711511830962175,0.940905138716879
"GENE2351",135.772661653322,0.0851898575679025,0.260170657282618,0.327438376247643,0.743336344706214,0.948317936127979
"GENE2352",320.146962446013,0.162133539006069,0.205936724882649,0.78729784159896,0.431107532903663,0.868394528707073
"GENE2353",23.9285743358211,0.40648876526655,0.340083952510988,1.1952600593626,0.231985439549929,0.727912251963184
"GENE2355",464.261306283918,-0.0248341600777945,0.211438144227933,-0.117453547317474,0.906500653047417,0.981494175868466
"GENE2356",785.850289889856,-0.22561840558559,0.238880057283257,-0.944484056775231,0.34492234526602,0.822479166283479
"GENE2357",898.533218527853,0.0540851165400293,0.244782907162034,0.220951361216686,0.82513030508018,0.974516546335039
"GENE2358",31.7312688222594,-0.271334733872579,0.35538464655266,-0.763495937443018,0.44516768424461,0.873359874941431
"GENE2359",43.720259302393,0.131256725913111,0.301050964653164,0.435995035140745,0.662840331777536,0.931062536960529
"GENE2360",18.1470397482576,-0.458602533331311,0.521244858106642,-0.879821692624708,0.378955911219366,0.843883909760141
"GENE2361",29.2438568266373,0.613126391897681,0.313051969645387,1.9585450703032,0.05016608786741,0.33191930420477
"GENE2362",113.548024512834,-0.156990661243029,0.288244177040084,-0.544644692757131,0.585997910184369,0.913455253864343
"GENE2363",28.2545581031839,-0.227503101497381,0.32849499002059,-0.69256186063331,0.488584552024403,0.895719465922334
"GENE2364",568.080305332987,-0.213509866575378,0.2153118616178,-0.991630767441784,0.321377674806689,0.8165267807732
"GENE2365",157.225326041775,-0.321480465998399,0.266011895691494,-1.20851913469026,0.226847640176943,0.721938243560716
"GENE2366",144.037710525262,-0.262676507709915,0.20639909300589,-1.27266309112327,0.20313762012046,0.699410146310427
"GENE2367",23.8750633296146,0.550211655034565,0.330844904953262,1.6630501083651,0.0963024055955255,0.495459272925945
"GENE2368",265.545134466418,-0.171871268791339,0.314066431192324,-0.547244951136121,0.584210457737787,0.913455253864343
"GENE2369",9.74004500960008,-0.240281891037598,0.495402932128289,-0.485023150762004,0.627659923574093,0.921583874332756
"GENE2370",400.401702502466,-0.0763387013620289,0.250185315884263,-0.305128624724497,0.760268190718055,0.953756643712598
"GENE2371",46.7924870081079,0.0296534030438094,0.342998629297013,0.0864534155853189,0.931105986338816,0.990485784263902
"GENE2372",8.71700153133095,0.683436958515532,0.576704482841531,1.18507308136068,0.235988553131876,0.733531085984915
"GENE2373",78.3362733505621,-0.213105247308857,0.311661453281336,-0.683771589541064,0.49411940932172,0.89725487801442
"GENE2374",14.2132547686531,0.141753489611053,0.448944285367305,0.315748510965179,0.752193402412433,0.950832400509503
"GENE2375",194.743496465029,0.694464457416863,0.329397111293521,2.10828945854973,0.0350059592182055,0.263782278553346
"GENE2376",186.285562168492,-0.0869908011438608,0.255330589515476,-0.34069870480046,0.733330413819916,0.945611002725292
"GENE2377",9.11425222740456,0.607399792396536,0.484482227079336,1.25370913203194,0.209947747464645,0.707926744727383
"GENE2378",8.77457350641388,-0.0248599616825086,0.513948189516746,-0.0483705598922021,0.961420921633656,0.99205419159042
"GENE2379",401.757342861252,-0.187848331030766,0.297906345054849,-0.630561698832497,0.528327148844218,0.905288468815993
"GENE2380",54.9366517785814,-0.173645788439471,0.294434049876046,-0.58976123350059,0.555350736145421,0.908791970841467
"GENE2381",971.006214274086,-0.243628322710128,0.254976880482694,-0.955491816547905,0.339329041797231,0.822479166283479
"GENE2382",338.583315025422,-0.219665149648194,0.227669367117782,-0.964842800017767,0.334623554891085,0.821609168119057
"GENE2383",902.862782154112,-0.0961640036989635,0.193429855762328,-0.49715181412906,0.6190819984,0.918600050679897
"GENE2384",24.929879702218,-0.187453320861701,0.341632276517314,-0.548699094747862,0.583211967535807,0.913455253864343
"GENE2385",1045.2423933091,-0.147015297815708,0.228171773936884,-0.644318511790922,0.519368913930187,0.903817804835983
"GENE2386",18.3035054426658,0.447063209459577,0.405824587019933,1.10161686541091,0.27062827300155,0.784252767014507
"GENE2387",227.401980193721,-0.587088103540103,0.281201330647962,-2.08778565231998,0.0368171743802085,0.27397119289412
"GENE2388",187.065318869986,0.0669383805477668,0.264994193003598,0.252603197787273,0.800574858670077,0.969414560981256
"GENE2389",63.7841575010692,-0.00484792042509846,0.230371843352779,-0.0210438930146278,0.98321064185535,0.994722375204074
"GENE2390",32.3804623860139,0.0514675491400373,0.36435883535261,0.141255114865623,0.88766840714443,0.978733469227308
"GENE2391",18.5962920499787,0.340540189275635,0.340466284645483,1.00021706886551,0.317205470642991,0.8165267807732
"GENE2392",277.68516095847,-0.278227477806255,0.230676605415256,-1.20613651872239,0.227764856020113,0.722972155902418
"GENE2393",184.352357729343,-0.0335148772227247,0.302024339067664,-0.110967471450095,0.911642141408821,0.98426493658159
"GENE2394",458.366761134378,0.0291725647496657,0.227383314832428,0.128296857538402,0.897914051876585,0.97920444442589
"GENE2395",23.4574150363636,-0.363418270481155,0.428119076640862,-0.848871938463086,0.395952555004973,0.851272640541633
"GENE2396",25.8558936797698,0.0633307667747219,0.375176280031212,0.168802693948171,0.865951839271542,0.978417375382916
"GENE2397",419.460402754851,0.123125824154113,0.21933322589246,0.561364214897755,0.574549273844684,0.913401722510674
"GENE2398",9.18121488622544,-0.810201212145165,0.486176946874885,-1.66647393989593,0.0956190545197274,0.493054183355149
"GENE2399",1078.60051678989,0.142231041360666,0.248327700985168,0.572755438867294,0.566810294685621,0.908791970841467
"GENE2400",152.514043177614,-0.243035784712795,0.244638887280857,-0.993447065648963,0.320492134786194,0.8165267807732
"GENE2401",31.1515974458314,-0.452595670361491,0.302785024845084,-1.49477561049479,0.134973013586591,0.601022688929619
"GENE2402",215.438953201591,0.185256656786132,0.260692714700729,0.710632274472279,0.477312137793696,0.890743851892675
"GENE2403",190.098517479617,-0.293191995377942,0.266281037017845,-1.10106224108739,0.270869569203924,0.784252767014507
"GENE2404",12.1959322470579,-0.271146299980076,0.45414149968866,-0.597052460887107,0.550472355807775,0.908791970841467
"GENE2405",592.515211435179,-0.152759956992822,0.221838774314013,-0.688608010322806,0.491069978827044,0.895719465922334
"GENE2406",19.563137585013,0.453405228691598,0.456999112025086,0.99213590740349,0.321131232500917,0.8165267807732
"GENE2407",756.007421668436,-0.0023840800034061,0.18317503524051,-0.0130153107396747,0.989615577691527,0.995621336423303
"GENE2408",936.245340545451,0.245920561260381,0.242929888416461,1.01231084764174,0.311389449842004,0.8165267807732
"GENE2409",15.8727367606875,-0.385494387870068,0.381616596505331,-1.01016148511424,0.312417928479084,0.8165267807732
"GENE2410",34.4482547271913,-0.634294551438547,0.347688883288398,-1.82431645625097,0.0681042439616846,0.412217168319811
"GENE2411",214.964826163952,-0.0904704800313127,0.246941085929498,-0.366364631834259,0.714093007562284,0.942021898570228
"GENE2412",39.2483801709523,-0.084531646825004,0.354566101697111,-0.238408709745229,0.811564112763997,0.972409231127627
"GENE2413",50.3029741409087,0.719474084610419,0.308834119852609,2.32964571710467,0.0198248837521632,0.17247070879433
"GENE2414",200.31951465693,0.274996432534112,0.256709668100838,1.07123519954882,0.284063688244699,0.795217599142861
"GENE2415",66.9193214694669,-0.573201291413648,0.294868176015742,-1.94392388883311,0.0519046300201662,0.339656613991614
"GENE2416",122.213003129791,0.164148050224743,0.286270456639349,0.573401992478534,0.566372541543686,0.908791970841467
"GENE2417",58.4744379088747,0.348493136957318,0.267355149612753,1.30348391441904,0.192409604501063,0.691714176382215
"GENE2418",95.7252982657025,-0.339638749702661,0.298170761001462,-1.1390746314693,0.254672027437233,0.759941329872702
"GENE2419",59.3660771295526,0.10372316175584,0.28835810846029,0.359702601427362,0.71906954642734,0.943666228508166
"GENE2420",13.5436835144134,-0.0590977015284333,0.444942571718917,-0.132820964512622,0.894334973973141,0.978733469227308
"GENE2421",30.0117365486615,-0.400966530668626,0.328996846692629,-1.21875493549407,0.222937220341158,0.720741782771415
"GENE2422",82.017368177545,0.25332484588553,0.30979928371628,0.817706364090661,0.413524875647177,0.859901204830087
"GENE2423",955.318130655363,0.190458061111533,0.259486268842168,0.733981269842754,0.462960153587494,0.882112965264263
"GENE2424",8.77786950064698,-0.438626652881078,0.513753779333318,-0.853768226192457,0.393233422920351,0.851272640541633
"GENE2425",239.001600461458,-0.0119455178507049,0.258109690702459,-0.0462807801527891,0.963086458108849,0.99205419159042
"GENE2426",368.605847559923,-0.373721682395122,0.200066433224814,-1.86798792966521,0.0617637533915131,0.385571213640743
"GENE2427",13.6489007608777,0.307746171419622,0.414297654745064,0.742814176944815,0.45759419110335,0.877244663165427
"GENE2428",867.267325450139,0.107698216969694,0.242842395277349,0.443490177432538,0.657411222432417,0.927524864178881
"GENE2429",14.8971339903996,-0.3641453219179,0.488587623800665,-0.745301976921266,0.456089186288177,0.877244663165427
"GENE2430",9.37669535868421,0.345055949555053,0.544250405996379,0.634002190450086,0.52607939259559,0.904525871089139
"GENE2431",699.339398454934,0.113647293068098,0.268490169720539,0.423282882894333,0.672088881432535,0.932363190234628
"GENE2432",718.296573581759,0.535053504669825,0.195489986754658,2.73698675595759,0.00620047892520683,0.0632494478296894
"GENE2433",694.844608424899,-0.0449844330754054,0.253074720072806,-0.177751586813823,0.858918069873936,0.976653109203956
"GENE2434",223.72713888832,-0.08410442106075,0.243977744335054,-0.344721692914948,0.730303608084908,0.944693328601903
"GENE2435",23.2570687985029,0.0499567695932298,0.339806717194132,0.147015250333293,0.883119983089991,0.978733469227308
"GENE2436",11.461005605775,0.41278390929586,0.435018979546861,0.94888712608778,0.342678022914456,0.822479166283479
"GENE2437",757.155131169491,-0.153445931522117,0.235709909379786,-0.650994826334936,0.515049826620606,0.902783285947626
"GENE2438",216.358693441636,0.376574020887261,0.228062932339931,1.65118468408523,0.0987008695310144,0.504320881302307
"GENE2439",765.227768084484,-0.0492225346545719,0.241526033027173,-0.203798050411543,0.83851131641676,0.974516546335039
"GENE2440",87.2179669896911,0.205010484702421,0.290877055683799,0.7048011546338,0.480933989912999,0.894666940162089
"GENE2441",24.6332322446889,-0.36913049012122,0.406296277109631,-0.908525406009609,0.363600697106588,0.832043313010781
"GENE2442",45.4043695777036,0.110353989960776,0.331593328233945,0.332799186728267,0.739285872176976,0.946040327483937
"GENE2443",588.340823495965,0.48998652325038,0.281934528008348,1.73794436145072,0.0822206179795911,0.454379633209517
"GENE2444",11.9604053806591,-0.543483196605813,0.513537512556122,-1.05831255422927,0.289912971287575,0.800277804183279
"GENE2445",192.850393675272,-0.541693605113508,0.274214600307086,-1.97543677290297,0.0482186031643762,0.322610564669279
"GENE2446",286.813729577872,0.0315783002966262,0.292478667871733,0.107967875149359,0.914021175126795,0.98549060752885
"GENE2447",22.4664805137971,0.412155137574305,0.381077994090857,1.08155061159485,0.279452260112718,0.791276661775775
"GENE2448",69.6264923523706,0.347250338669907,0.274460534257267,1.26521045952789,0.205795893997924,0.700195332647135
"GENE2449",76.7709977597743,0.0231604759836781,0.310961033035966,0.0744803159339883,0.940628203267725,0.992053372952502
"GENE2450",160.859844235309,-0.016058779379403,0.21546461871812,-0.0745309344751948,0.940587927457776,0.992053372952502
"GENE2451",30.0131783848819,-0.100974415453537,0.377294738657392,-0.267627414611865,0.788986126673218,0.964794766947783
"GENE2452",55.1376359119498,0.381353064996712,0.337180973910963,1.13100410314792,0.258053364441266,0.766252145932358
"GENE2453",412.207423683841,0.297319585234116,0.273408466925908,1.08745566140308,0.276835483496244,0.788994348378981
"GENE2454",16.5808735123123,-0.461243109663539,0.469807031344872,-0.981771405896549,0.326212478068375,0.820263321380301
"GENE2455",133.063163543228,0.554656120018017,0.264023187391822,2.10078563741783,0.0356597877942819,0.267358811000345
"GENE2456",37.9353712266045,-0.207549355669628,0.29075357449873,-0.713832516169239,0.475330750442281,0.888713633659002
"GENE2457",47.8641059560233,0.490369557906201,0.368879928284754,1.32934735751647,0.183733396911817,0.683616529158181
"GENE2458",197.408415562609,0.13713440225124,0.228336194906163,0.600581096254129,0.548119031889585,0.908791970841467
"GENE2459",44.2074155861685,-0.0153361210986038,0.303736152699293,-0.050491589368971,0.959730651568793,0.99205419159042
"GENE2460",11.5423309602779,0.198216520411371,0.506175005811488,0.391596815598579,0.695356141155087,0.937615329962395
"GENE2461",270.139978533824,-0.268564056443437,0.231562035501237,-1.15979312352349,0.246133044472361,0.750097235800887
"GENE2462",15.5864840842573,-0.428930956464582,0.480821816648446,-0.892078815088782,0.372350689086645,0.839195208636366
"GENE2463",34.0074404657441,-0.258781526417417,0.38609381065862,-0.670255568137633,0.502694886026135,0.90177005227174
"GENE2464",174.376075322408,-0.0146955010996444,0.26668333879463,-0.0551046839523829,0.95605506456237,0.99205419159042
"GENE2465",80.2069374757878,-0.199324024796588,0.288850654798474,-0.690059106619138,0.490157018122199,0.895719465922334
"GENE2466",585.223458479706,0.146911980620331,0.243095112756186,0.604339507095224,0.545617945272489,0.908791970841467
"GENE2467",161.773112493915,-0.0327068755817041,0.259528147690289,-0.12602438645975,0.899712620868257,0.97920444442589
"GENE2468",209.563209551119,-0.102560374318677,0.244376215881155,-0.419682308071069,0.674717551182769,0.933375896562362
"GENE2469",73.0994590256043,-0.154869535477413,0.255062560494571,-0.607182548379964,0.543729772495272,0.908791970841467
"GENE2470",448.452036708138,0.122624857375678,0.250424790979423,0.489667404317626,0.624369270943035,0.920058224441489
"GENE2471",115.697909425049,-0.0114162022811815,0.2289959109619,-0.0498533018918441,0.960239290688377,0.99205419159042
"GENE2472",64.9028473087059,-0.33921661601069,0.34891868183767,-0.972193905537297,0.330954091924544,0.821609168119057
"GENE2473",134.433829112121,-0.135052649276477,0.235766529196198,-0.572823673219917,0.566764088538137,0.908791970841467
"GENE2474",41.7455581111532,0.300305557179389,0.28677469855259,1.04718288850129,0.295015235758912,0.803392127008745
"GENE2475",35.1636963505875,0.104305386005275,0.326425509609953,0.319538096547386,0.749318507437289,0.949362098580796
"GENE2476",963.609874756807,-0.382804507302786,0.270509518772764,-1.41512398173446,0.157032147906909,0.64543240957881
"GENE2477",131.588983184394,-0.194713081247053,0.199342825699925,-0.976774963249286,0.328680573587495,0.820263321380301
"GENE2478",9.16302433044382,-0.0286816464144847,0.601112839395434,-0.0477142468680774,0.961943979676895,0.99205419159042
"GENE2479",242.451162824872,-0.47896744186753,0.298792982922519,-1.60300766498165,0.108932961841313,0.541759930224131
"GENE2480",118.923437070535,-0.662390130907903,0.258484152144656,-2.56259474869937,0.0103893235648571,0.0984182270397889
"GENE2481",265.318709403282,-0.199122689454441,0.272927414820799,-0.729581121724919,0.465646265109268,0.882112965264263
"GENE2482",376.978819776334,0.187443166107146,0.244531354304718,0.766540416218232,0.443354813212328,0.873077810583668
"GENE2483",20.5044486922673,-0.346901623083352,0.346281602017041,-1.00179051114093,0.316444781047677,0.8165267807732
"GENE2484",74.0289429510533,0.146141361097338,0.311795864991899,0.468708464434365,0.63927803585122,0.92467554967525
"GENE2485",134.114641786497,0.123417434374298,0.262887521864059,0.469468590594109,0.638734730760006,0.92467554967525
"GENE2486",127.662635329662,-0.342541814353916,0.295928826322216,-1.15751418545805,0.24706234708746,0.750097235800887
"GENE2487",94.6179503196076,0.0834066086375749,0.27629085621116,0.301879728418627,0.762743749635944,0.953756643712598
"GENE2488",852.206460390138,-0.0957972223322239,0.252729828150487,-0.37904992470925,0.70465079062796,0.940483473874881
"GENE2489",93.6458626614153,-0.496699596692387,0.278265116860777,-1.78498693007539,0.0742634368929317,0.431972896078963
"GENE2490",10.1226456749105,0.674888610223369,0.483848812798502,1.39483365954734,0.163066006128217,0.654329127568963
"GENE2491",1007.50428230773,-0.148999364763328,0.281704523123694,-0.528920739756471,0.596860434077668,0.916838667941549
"GENE2492",332.003264889248,-0.118193895327285,0.250397054462218,-0.47202590134749,0.636908300891542,0.92467554967525
"GENE2493",12.4668834698956,0.0612627267577281,0.41791469102691,0.146591464892493,0.883454490930383,0.978733469227308
"GENE2494",208.41421381546,0.088108223640778,0.245583880925652,0.358770385534594,0.719766868661054,0.943666228508166
"GENE2495",95.2606406087994,-0.195176545303475,0.327151445155958,-0.596593865603838,0.55077856784158,0.908791970841467
"GENE2496",159.487770629498,0.499101093815003,0.328724107608998,1.51829781346204,0.12893933865512,0.589946576105281
"GENE2497",8.29412143615983,-0.355436739210275,0.577278706453404,-0.615710808725221,0.538085402288765,0.908791970841467
"GENE2498",13.5581353049345,-0.52888325558174,0.405424157642958,-1.30451835592764,0.192056905095036,0.691714176382215
"GENE2499",23.2295476997181,0.313821901868232,0.361893243808181,0.867167064424587,0.385850479287984,0.848472977299444
"GENE2500",182.402848406186,0.297373235751615,0.285798714185422,1.04049885808333,0.298108194305738,0.805027015211152
"GENE2501",33.1648795686663,0.540439609595289,0.387700862039598,1.39396029906194,0.163329593687789,0.654329127568963
"GENE2502",36.1923524234456,-0.46573862039777,0.344366093429677,-1.35245202499264,0.176230756167209,0.669978224221939
"GENE2503",83.192218981332,-0.406617530801936,0.27498387138727,-1.47869592769418,0.139221601195668,0.612347559034983
"GENE2504",77.253140336388,-0.126869458316555,0.312007966938485,-0.4066224960902,0.68428527208941,0.936343461423048
"GENE2505",140.341104722776,0.0206366184884877,0.243486587707252,0.0847546416531962,0.932456454444903,0.990485784263902
"GENE2506",557.791627589349,-0.0333542683340192,0.242544481748281,-0.137518149634239,0.890621247698481,0.978733469227308
"GENE2507",45.7659881768479,-0.0377215534303978,0.359817069802965,-0.104835363844895,0.916506448362122,0.98694512569456
"GENE2508",157.760977407081,-0.186729274534914,0.302073342271642,-0.618158733010594,0.536470709569365,0.908791970841467
"GENE2509",10.7697610469468,-0.536324074579222,0.611657600211358,-0.876837097084865,0.380575126342136,0.846226659467164
"GENE2510",28.1509656331991,-0.94524940286851,0.352471198629916,-2.68177770706591,0.00732321036523729,0.0720766269089833
"GENE2511",26.089725564839,-0.09629192440082,0.371542500821448,-0.25916799340029,0.795505625160276,0.967892110403478
"GENE2512",458.024487585727,-0.00862904652054112,0.283435551701827,-0.0304444748329202,0.975712575491867,0.994328999326822
"GENE2513",21.0637662629444,-0.400530900832029,0.331486177489752,-1.20828839339586,0.226936351360574,0.721938243560716
"GENE2514",11.9018547273948,0.672085344637579,0.435756460678383,1.54234166394522,0.122990589424626,0.577958927311945
"GENE2515",10.6345863187729,-0.417769778085118,0.51087449171058,-0.817754232915964,0.413497536170479,0.859901204830087
"GENE2516",163.422192319137,0.192476815482482,0.29562484588823,0.651084704684309,0.514991809430871,0.902783285947626
"GENE2517",360.119827987953,-0.478031342949947,0.214370765584087,-2.22992786188674,0.0257522323560395,0.205780426436188
"GENE2518",45.7114632462878,-0.3551929612045,0.293768573082046,-1.2090910796823,0.22662785588393,0.721938243560716
"GENE2519",117.291029279955,-0.212708992477359,0.283089088993883,-0.751385343862388,0.45242078053575,0.877208323014087
"GENE2520",17.9165399536248,-0.406604722990635,0.394455353090235,-1.03080036765941,0.302634445828106,0.809194611425689
"GENE2521",391.701372967457,0.414478758195187,0.205601188748592,2.01593561164672,0.0438067091774048,0.30528763075332
"GENE2522",24.7968474374631,0.0154448912375706,0.360787958371885,0.0428087769538325,0.965853967407597,0.99205419159042
"GENE2523",1050.14201862222,0.21987559463602,0.205183134741589,1.07160656704526,0.283896782471237,0.795217599142861
"GENE2524",156.204273354301,0.0414610031145895,0.237545704654673,0.174539056283348,0.861441839323826,0.97786125349179
"GENE2525",124.300919252149,0.0438449189266161,0.255158115607399,0.171834310745884,0.86356779062789,0.978409670037417
"GENE2526",307.010599663754,-0.27829847384291,0.21451427196304,-1.29734246256053,0.194513380187461,0.691714176382215
"GENE2527",917.522211445349,0.2092970748461,0.173874882495654,1.20372230791489,0.228696927061499,0.723630076467236
"GENE2528",847.204544834917,-0.120216308256547,0.204880048161253,-0.586764349849869,0.557361982913226,0.908791970841467
"GENE2529",148.369193830434,0.386635745817923,0.217657768868372,1.77634709676612,0.0756757250315248,0.435938925664228
"GENE2530",54.4930176928684,-0.566632425829974,0.279707131640936,-2.02580614411136,0.0427846540678277,0.300398606443289
"GENE2531",14.0103001625403,0.151495240137974,0.550091097270644,0.275400276226318,0.783008731889464,0.964697793541767
"GENE2532",34.4453364031888,-0.14748710702111,0.307244057717115,-0.480032415002487,0.63120434403617,0.923340058820981
"GENE2533",23.7868566296565,-0.0347502351657441,0.377948587471136,-0.0919443445952765,0.926742258762655,0.990117758735325
"GENE2534",524.665371668802,-0.0667923035647433,0.267773787803018,-0.24943555570823,0.803023884632959,0.970130879248886
"GENE2535",1059.28682438282,-0.169845206333168,0.230186061839553,-0.737860515861969,0.460599214662586,0.880370450201105
"GENE2536",22.1610021754404,-0.241606327837622,0.380779849072771,-0.634503975002754,0.52575197349475,0.904525871089139
"GENE2537",369.377911548827,-0.427640700545414,0.2229539659575,-1.9180672508285,0.0551024843709728,0.353965334506213
"GENE2538",23.473617722873,0.0440125436898883,0.39687976265033,0.110896417081023,0.911698486833618,0.98426493658159
"GENE2539",540.801185594786,0.0620112061011695,0.328370922351196,0.188844997776167,0.850214303181846,0.974808002153732
"GENE2540",17.443650201305,-0.032528779392415,0.397755544286539,-0.0817808321208003,0.934820998760918,0.992000661558528
"GENE2541",212.072195232624,0.130483129428279,0.251067852515745,0.519712612032224,0.603263895168947,0.917362202185416
"GENE2542",30.9622935709602,0.179329689194472,0.338088513987446,0.530422305920546,0.595819163901169,0.916596000863529
"GENE2543",44.2636028737794,-0.227504994088521,0.294009889273345,-0.773800482190604,0.439048787331446,0.871065777345726
"GENE2544",26.6542709917267,0.352585207078529,0.334104822818057,1.05531313228165,0.291282136998616,0.801092992445962
"GENE2545",261.892417500532,-0.214766393060369,0.238343609894206,-0.901078880007305,0.367546381348528,0.835307236819503
"GENE2546",12.0569578808186,0.681548230771511,0.502463357389503,1.35641379763974,0.174967545661416,0.667651094953537
"GENE2547",16.0065663842178,0.333023310097633,0.442921924618466,0.751878133791864,0.452124348940548,0.877203548269567
"GENE2548",983.439723724318,-0.336067454438905,0.241482644964451,-1.39168367353429,0.164018208389948,0.654329127568963
"GENE2549",31.4672110773467,0.347860943864581,0.328162679093383,1.06002591405463,0.289132810168773,0.800101825260616
"GENE2550",20.0573712842199,-0.396644652262137,0.382539775244805,-1.03687166127576,0.299795672593021,0.807391955792036
"GENE2551",48.8594951178646,0.097546676993937,0.337928869602287,0.288660383200586,0.772841282281784,0.958222213539689
"GENE2552",433.191457526268,-0.248696474010472,0.248271657927693,-1.00171109375241,0.316483147124598,0.8165267807732
"GENE2553",197.689635874163,0.285176866865988,0.228893876327989,1.24589120268709,0.212804340245441,0.707926744727383
"GENE2554",53.7195641936729,0.495960457185467,0.314579616899004,1.57658166817813,0.114891813581395,0.560191457070071
"GENE2555",512.406200819265,0.164652331559443,0.231075186327602,0.712548734358741,0.476125044482102,0.889641285369187
"GENE2556",35.4575056526434,-0.134281199892597,0.41299148255537,-0.325142782756044,0.745073010547984,0.94895840507857
"GENE2557",394.512564003077,-0.00939837196494759,0.212962263318955,-0.0441316307334299,0.964799479659224,0.99205419159042
"GENE2558",87.9821844375336,0.410868084475087,0.310195794430906,1.32454434215937,0.185322326627046,0.684195144380026
"GENE2559",48.7122602011271,0.0290750707654148,0.292790162448357,0.0993034414895793,0.920897346011915,0.987219094724127
"GENE2560",10.86758022559,0.661468612577511,0.489492566259181,1.35133535864009,0.17658803033649,0.669978224221939
"GENE2561",79.5946078386609,-0.283238829720415,0.327943408234985,-0.863682033570447,0.387762585939003,0.848924105973577
"GENE2562",190.402922404021,0.222615449334456,0.216245552516097,1.02945677607813,0.303265081180202,0.809430234563257
"GENE2563",279.333869006307,0.0486770374329103,0.186309577134751,0.261269646904431,0.793884572098122,0.9665245055654
"GENE2564",33.1764985173452,-0.19392417708724,0.325358282514991,-0.596032704587151,0.551153378787082,0.908791970841467
"GENE2565",13.4280927172892,-0.202427685307099,0.452574146138017,-0.447280709767647,0.654672393210542,0.927524864178881
"GENE2566",222.168356237459,0.170857364129074,0.260714316684169,0.655343236620381,0.512246789177095,0.901927924922469
"GENE2567",13.5665925046106,0.0691450575046123,0.48505319456483,0.14255149389676,0.886644408377638,0.978733469227308
"GENE2568",10.8956687951405,0.140450057615119,0.44693327295007,0.314252856333678,0.753329000929378,0.9509025967738
"GENE2569",471.700492326081,0.177378896572146,0.294013275515762,0.603302338171585,0.546307577779381,0.908791970841467
"GENE2570",75.3658356922051,-0.280391366893182,0.271344388004043,-1.03334131564573,0.301444198900066,0.807533559382726
"GENE2571",350.170643328201,0.490979956835235,0.309020789955555,1.58882500075756,0.112099907253998,0.551080927917513
"GENE2572",161.789332038029,0.656970176102098,0.249380670032001,2.63440697315391,0.00842843963403385,0.0816573502206397
"GENE2573",123.462123637772,-0.306393179395092,0.245770563661353,-1.24666345241113,0.212520925020866,0.707926744727383
"GENE2574",10.0041591083681,-1.6255316886315,0.530068544300411,-3.0666443163061,0.00216476280444293,0.024193453964261
"GENE2575",177.63430622338,-0.343291313562223,0.240151457271355,-1.42947836945386,0.152866787632444,0.638904465434012
"GENE2576",25.6550876981097,-0.343638042325724,0.436713037562323,-0.786873788435235,0.431355752900739,0.868394528707073
"GENE2577",936.110433000026,0.113430456546179,0.18984041031386,0.597504274030201,0.550170754307083,0.908791970841467
"GENE2578",115.631238166739,-0.130238307019322,0.292836877535792,-0.444746946201826,0.656502638578125,0.927524864178881
"GENE2579",64.978671715789,0.380544797753888,0.261644143452375,1.45443652104201,0.145825320795455,0.625956411113763
"GENE2580",23.0180775946574,0.0822164762765269,0.392463998221897,0.209487944496866,0.834067345507913,0.974516546335039
"GENE2581",348.571557970548,0.138871663621163,0.264634899351831,0.52476700526386,0.599745170984506,0.917202933186965
"GENE2582",905.236391006621,-0.211184089915382,0.218236765303966,-0.967683376452356,0.333202522776693,0.821609168119057
"GENE2583",254.831944393845,0.309291035325578,0.26613964574872,1.16213814914896,0.245179353461302,0.749605728205456
"GENE2584",18.8129183602782,-0.0444240720966361,0.350790103956468,-0.126640038004462,0.89922530629906,0.97920444442589
"GENE2585",48.2785691545897,0.089685785981452,0.323379714813134,0.277338935849075,0.78151986516743,0.964382874357048
"GENE2586",388.623075676015,0.647174987309116,0.285724401541078,2.26503226122279,0.0235106998547599,0.194245246524079
"GENE2587",99.9048448168758,-0.199820215841626,0.271526044944361,-0.735915465798398,0.461782144573297,0.880628302002423
"GENE2588",992.688527150963,-0.157667029590932,0.227004389051491,-0.6945549830544,0.487334232192541,0.895719465922334
"GENE2589",6.65872950110951,0.216161156045524,0.598528021777876,0.361154612951014,0.717983869125838,0.943666228508166
"GENE2590",15.8176768359599,-0.716722349782206,0.400607074873633,-1.78909059458895,0.0736002266458088,0.431479521239869
"GENE2591",408.003815038563,0.00202392584444861,0.229654424552791,0.00881291901251121,0.992968399005623,0.997313262414264
"GENE2592",34.844391855217,-0.439476878298823,0.34414734532061,-1.2770020872583,0.201601510363346,0.697256179724038
"GENE2593",221.60446489975,0.345415930141377,0.26158452437848,1.32047540259531,0.186676343179047,0.684195144380026
"GENE2594",270.206101073938,0.18584398660344,0.281465767449688,0.660272076023096,0.509079246324876,0.901927924922469
"GENE2595",44.8101112211087,0.706795561779422,0.279010524579598,2.5332218662518,0.0113019392397035,0.105062263835748
"GENE2596",41.6910315650722,0.660038174781703,0.363665211337901,1.81496099765349,0.0695299034526706,0.416620947595922
"GENE2597",140.929710290098,0.745639283572944,0.23903084866877,3.11942700168459,0.00181203154168377,0.0204814474256983
"GENE2598",392.292744720299,0.386493964935898,0.255629880105913,1.51192796701139,0.130552188439643,0.59430990784017
"GENE2599",811.031789224574,0.00837108451856869,0.183384726057684,0.0456476648766024,0.96359107766553,0.99205419159042
"GENE2600",478.245629862882,0.118883904429401,0.286244015981675,0.415323632257214,0.67790500342491,0.935086083128398
"GENE2601",109.01006985673,0.72832339252494,0.30162453601792,2.41466891964542,0.0157495182362403,0.140708270709404
"GENE2602",604.92993875971,-0.209248455375911,0.267541277645666,-0.782116528773709,0.434146093756466,0.86861844748162
"GENE2603",78.7739238274748,0.105514581487596,0.318577046287201,0.331205850255997,0.740489001516025,0.946709160464361
"GENE2604",121.933415437839,-0.0148884991806365,0.235989476512185,-0.0630896741697197,0.94969509673839,0.99205419159042
"GENE2605",29.8263444098265,0.152717245780083,0.352023815152284,0.433826460616075,0.664414465116394,0.931062536960529
"GENE2606",282.554044424577,-0.0687971238348157,0.24847221504423,-0.276880551101335,0.781871826960164,0.964382874357048
"GENE2607",17.6014145834317,0.0872344738212622,0.434122095455818,0.200944560837586,0.840741923775407,0.974516546335039
"GENE2608",13.8566356464257,-1.05876853848937,0.473400672866312,-2.23651675879297,0.025317940780891,0.205295476332007
"GENE2609",231.693975946972,-0.276492623465653,0.287005665748069,-0.963369913778479,0.335361919158516,0.821609168119057
"GENE2610",125.420553824171,0.26602374736001,0.306538350948716,0.867831860309434,0.385486385666059,0.848472977299444
"GENE2611",147.376512317968,0.0539225767105794,0.278081202747928,0.193909463055144,0.846246773891377,0.974516546335039
"GENE2612",13.6016863645039,-1.04194342238126,0.5046790754345,-2.06456632164551,0.0389640526025016,0.284275630723386
"GENE2613",332.235192508476,-0.446699306858617,0.26077463345806,-1.71297070169388,0.0867179297734494,0.473064538288799
"GENE2614",273.391576009009,-0.368553420466682,0.253101994086907,-1.45614585849581,0.145352302683016,0.624973013265301
"GENE2615",247.883990429633,-0.00127673340948187,0.268623843863467,-0.00475286702445817,0.996207775059207,0.999557498579917
"GENE2616",322.175084923892,-0.0643250460201376,0.252104187299859,-0.255152628399733,0.798605217376638,0.969414560981256
"GENE2617",60.3134285079102,0.389625735365671,0.288899386089807,1.34865546320182,0.177447656968282,0.670669931770129
"GENE2618",608.498578446959,-0.25801306805285,0.226379121161102,-1.13973880068752,0.254395137030526,0.759941329872702
"GENE2619",15.5497445048437,-0.198473177691267,0.368826039396501,-0.5381213810609,0.590493252291939,0.913455253864343
"GENE2620",34.0288676885058,-0.542599306647248,0.3140313278852,-1.72785088131591,0.0840149624374501,0.46169548418665
"GENE2621",239.267798014821,-0.34942482014008,0.20682043537544,-1.68950819345183,0.091122083028896,0.483822590317128
"GENE2622",72.8822773838476,-0.353840776664158,0.336594746710128,-1.05123677693307,0.293149856092254,0.802531349155307
"GENE2623",710.176497095965,0.0909288442790326,0.221375097905006,0.410745585838434,0.681259096756414,0.935086083128398
"GENE2624",503.785762940501,-0.487551785283289,0.21729415703531,-2.24374088993135,0.0248490775731049,0.202594665240834
"GENE2625",20.9190971452946,0.785094067601223,0.363712336817621,2.15855770653965,0.0308844969205384,0.236913467380171
"GENE2626",827.272002355484,-0.0403679791229674,0.276099884141474,-0.146207881428457,0.88375728394257,0.978733469227308
"GENE2627",934.2089072348,0.387477074185488,0.202159575147026,1.91668919913234,0.0552774282439327,0.353965334506213
"GENE2628",949.748591443349,0.216659467067142,0.294457742823706,0.735791373626258,0.461857671794166,0.880628302002423
"GENE2629",8.72004803861014,-0.442611098404786,0.485251963332847,-0.912126342291967,0.361702212777468,0.830633761067116
"GENE2630",39.4489189067964,0.0090110191727482,0.311245964343886,0.0289514409985802,0.976903318811525,0.994328999326822
"GENE2631",319.554967881049,-0.433098138177333,0.259928615754584,-1.6662195384684,0.0956696957649569,0.493054183355149
"GENE2632",96.048624033945,0.307876890052942,0.248692458075052,1.23798241585609,0.215722580961831,0.709720156108164
"GENE2633",10.7334987721734,-0.387279351358002,0.595584823797,-0.650250536756461,0.515530401895025,0.902783285947626
"GENE2634",77.7799173114581,-0.00469710625877767,0.26226394200499,-0.0179098438880641,0.985710775987297,0.994722375204074
"GENE2635",19.6583756056035,0.583500791104188,0.368842638686652,1.58197759668425,0.113654684955535,0.556189062648877
"GENE2636",16.5870328689663,0.454063649264094,0.417160618110547,1.08846240405121,0.276391025068902,0.788480706315108
"GENE2637",11.1320683234819,-0.180148455946706,0.55606668482348,-0.323969158490215,0.74596138400119,0.94895840507857
"GENE2638",204.213683935901,-0.0465165989619373,0.225946916143135,-0.205874015702297,0.836889323123257,0.974516546335039
"GENE2639",217.008881944889,-0.44709167460674,0.274471985913497,-1.62891550887691,0.103330906473405,0.522609194773965
"GENE2640",11.4840029276611,0.64647705660812,0.502203308251063,1.287281557064,0.197996169426648,0.69508302302249
"GENE2641",79.023936478625,-0.274998648277784,0.274951098487083,-1.00017293908249,0.317226822709582,0.8165267807732
"GENE2642",10.5216380270109,0.503701598634365,0.502889906555292,1.00161405522062,0.316530030016247,0.8165267807732
"GENE2643",287.855274454429,0.0302604331076691,0.205189127847137,0.147475811341294,0.882756470713489,0.978733469227308
"GENE2645",51.1441265630088,-0.0361167658459663,0.26487698340135,-0.136352979342267,0.891542243470978,0.978733469227308
"GENE2646",22.2943238001719,0.638287366828245,0.375085240830311,1.70171283043634,0.0888092140389611,0.477489539986054
"GENE2647",43.9140000263209,0.419390706585656,0.285663708083701,1.46812736346184,0.142069630020498,0.617382734364171
"GENE2648",47.0851828537588,-0.598619868526908,0.264513550771215,-2.26309717132288,0.023629699895523,0.194245246524079
"GENE2649",62.4478741973446,-0.306255438969561,0.332957810547068,-0.919802537343596,0.357675957175803,0.82680164773254
"GENE2650",23.9391867897225,0.0639235340952907,0.32722596239744,0.195349823794393,0.845119094583961,0.974516546335039
"GENE2651",18.989932785159,0.530579833336337,0.389601767382713,1.36185171053174,0.173244688423645,0.665106893242852
"GENE2652",344.033964727972,0.0630693127955115,0.216807818692588,0.290899623343093,0.771128089391052,0.957572292443986
"GENE2653",167.142111915761,-0.070503071314501,0.291010936446902,-0.2422694905398,0.808571352693701,0.972409231127627
"GENE2654",67.850812875732,-0.384505490153686,0.266015575917427,-1.4454247230735,0.148338623174444,0.626972310980937
"GENE2655",942.043947676021,-0.172562013292871,0.189362931585924,-0.911276625513008,0.362149639124771,0.830633761067116
"GENE2656",140.710464596988,-0.0247280106651568,0.240967850284125,-0.102619542963927,0.918264931683676,0.987068644144125
"GENE2657",24.4399899403024,-0.282496025875831,0.377813104416545,-0.747713677936313,0.454632879132987,0.877244663165427
"GENE2658",25.0273227810452,0.154475955928386,0.367410922896075,0.42044464740119,0.674160657840003,0.933229842766545
"GENE2659",583.814832182727,-0.19081055991796,0.266833352574392,-0.715092615211072,0.474551816816723,0.888713633659002
"GENE2660",556.157698333879,-0.20043822766041,0.22652840792063,-0.884826011449472,0.376250478064029,0.841231425179615
"GENE2661",453.244580208387,-0.0785281711060891,0.228784612750402,-0.343240614663895,0.731417452446261,0.944826700476035
"GENE2662",149.329032960106,0.205845169650271,0.221734039571815,0.928342666952592,0.353229848313191,0.825156787430581
"GENE2663",908.089259780367,0.289085946577559,0.239794432731441,1.20555737380827,0.227988203319094,0.722972155902418
"GENE2664",168.816495303265,-0.0657358759859079,0.290195015931103,-0.226523104730078,0.820794591232567,0.974084179965782
"GENE2665",9.46666392989508,-0.572146124932685,0.547779565805147,-1.04448241710463,0.296262249961627,0.803392127008745
"GENE2666",26.3222520420091,0.2606633720802,0.34490793070736,0.755747690537631,0.449800484773865,0.875988224701554
"GENE2667",15.1826455685294,0.727897742638271,0.393486661602245,1.84986637075405,0.0643328119216665,0.397451575101973
"GENE2668",16.0415954759695,0.0749916025055118,0.437049240535394,0.171586163640613,0.86376288593212,0.978409670037417
"GENE2669",140.676801126441,0.388429350555688,0.188234294140184,2.0635418871463,0.0390611723908686,0.284289118083785
"GENE2670",88.3765884436989,-0.311156388664335,0.250479369962126,-1.2422435776303,0.214146705806716,0.708849638141121
"GENE2671",50.5084874332618,0.236723202989077,0.346525462318798,0.683133647394993,0.494522395593605,0.89725487801442
"GENE2672",136.159762062013,0.245532209218133,0.258530459443937,0.949722557822543,0.34225324459063,0.822479166283479
"GENE2673",25.7895831244714,0.43858391936012,0.388225544805593,1.12971422212762,0.258596662461242,0.766288421831526
"GENE2674",872.818781418918,-0.521194944665834,0.276828701905845,-1.88273448915389,0.0597363589937759,0.375270095236689
"GENE2675",8.53495434698198,0.190211944017156,0.526348200280961,0.361380439632209,0.717815068322641,0.943666228508166
"GENE2676",138.961656658381,-0.135743669917475,0.273654549357799,-0.496040245762524,0.619866016447578,0.918600050679897
"GENE2677",105.834467376369,-0.0899971691606218,0.232263104368356,-0.387479403607262,0.698401329908688,0.938114347267259
"GENE2678",77.1060740457419,0.323557355295588,0.282419713117535,1.1456613694701,0.251935293794368,0.758602337721891
"GENE2679",718.82151332386,-0.216444667068444,0.242831479977264,-0.891336934934092,0.372748439572613,0.839457617875229
"GENE2680",98.0406303421324,-0.153719829074525,0.331744117412366,-0.463368665806507,0.643100134618888,0.92552733265572
"GENE2681",155.199117622331,0.241552605031148,0.260599661238347,0.926910663979035,0.353972919941472,0.825288703350674
"GENE2682",173.862328648137,0.158414445220269,0.293896937093796,0.539013597034228,0.589877472524316,0.913455253864343
"GENE2683",287.719867731545,-0.0624276800643586,0.268712768301351,-0.232321227081954,0.81628852658941,0.973583146186992
"GENE2684",385.262537788053,-0.595636951511423,0.302307421469365,-1.97030211371037,0.0488037563419845,0.325067877063575
"GENE2685",27.3927234999504,0.0943798682082507,0.314219324731212,0.300363029196198,0.763900260882409,0.953756643712598
"GENE2686",73.7384715732773,0.000321943765696056,0.271547240641963,0.00118559026759009,0.999054036051663,0.999577003028605
"GENE2687",8.32518089136928,0.128434771619309,0.611341762876824,0.210086696866458,0.833600008155275,0.974516546335039
"GENE2688",342.386628351493,-0.170348865676099,0.204118682110558,-0.834557934211193,0.40396665522669,0.855526259188392
"GENE2689",439.668970121445,-0.508020711915097,0.255785075877096,-1.98612335052417,0.0470196290839313,0.316588971915999
"GENE2690",678.215928735872,0.155786470437519,0.271831279002705,0.573099869187491,0.566577075807876,0.908791970841467
"GENE2691",42.9762516002443,0.501149589917464,0.298764874524436,1.67740465044687,0.0934633806154982,0.490214279279301
"GENE2692",110.601776988099,-0.372359074947946,0.251700166271329,-1.47937556205882,0.139039967816113,0.612347559034983
"GENE2693",290.627964751162,-0.291041661059541,0.226590635290727,-1.28443817056305,0.198988684424348,0.695208332249726
"GENE2694",271.239339275636,0.383488552208879,0.276244282626786,1.38822258532309,0.165069276939623,0.656492779996209
"GENE2695",8.8984428127592,1.00451879095807,0.523120772539883,1.92024259728949,0.0548272633222348,0.353965334506213
"GENE2696",28.924366144448,0.183703673308532,0.354074022036019,0.518828442290647,0.603880381865227,0.917362202185416
"GENE2697",573.639611073259,0.354924790365041,0.241317791251813,1.47077755238809,0.141351285036379,0.616044322190703
"GENE2698",142.248618023654,0.302777189543907,0.292683050132819,1.03448829512508,0.300907945953497,0.807533559382726
"GENE2699",31.3080354259863,-0.392522923092943,0.39232634205728,-1.00050106509451,0.317068082445687,0.8165267807732
"GENE2700",15.2358428950854,0.188147341276555,0.479999078729783,0.391974379980993,0.695077143948762,0.937615329962395
"GENE2701",8.68710437753247,-0.539009913507471,0.53079388106101,-1.01547876254722,0.309877665050289,0.8165267807732
"GENE2702",114.041637495489,-0.179304991515422,0.266423991036641,-0.673006176424865,0.500943361541862,0.90177005227174
"GENE2703",24.6737937391768,-0.108289317536726,0.402379158841129,-0.2691225804254,0.787835354578248,0.964794766947783
"GENE2704",186.667350403358,0.274835512693258,0.267404054634789,1.02779111957976,0.3040480944624,0.810321981738063
"GENE2705",11.5026080858062,-0.796400308851257,0.829398700276857,-0.960214078687867,0.336947482624507,0.821619936534683
"GENE2706",18.096993064604,0.309300716096951,0.386565694593565,0.800124585349329,0.423638618117423,0.861129180151493
"GENE2707",26.450611531913,0.0877298512755099,0.399044160513861,0.21984998142195,0.825987992227555,0.974516546335039
"GENE2708",126.5555365108,0.465813179380018,0.252049716624667,1.84810038915327,0.0645878215122322,0.397510373073404
"GENE2709",82.4265698125542,0.155829092042617,0.270236745935592,0.576639166902036,0.564183234929087,0.908791970841467
"GENE2710",170.333176910486,-0.323232551004493,0.255101527975725,-1.26707414718132,0.205128778639737,0.699410146310427
"GENE2711",297.361662537846,-0.0208928270718249,0.21259374820653,-0.0982758300659343,0.921713270074202,0.987219094724127
"GENE2712",10.4803509161686,0.361629423032679,0.508642024819804,0.710970398407,0.477102579516363,0.890743851892675
"GENE2713",687.963353164203,-0.00732959075038403,0.241083098991622,-0.0304027564812361,0.97574584651924,0.994328999326822
"GENE2714",312.44772752163,0.0862232136592134,0.214281802060981,0.402382343390391,0.687402662358923,0.936343461423048
"GENE2715",388.513962372014,0.0607938037896047,0.228495049304724,0.266061798601725,0.790191615190967,0.964794766947783
"GENE2716",7.28707974956072,-0.598701387067534,0.561231437669328,-1.06676381058376,0.286078504264988,0.799851135614467
"GENE2717",877.122976167585,-0.0139639832946637,0.273404108849295,-0.0510745187899165,0.959266140544745,0.99205419159042
"GENE2718",234.613135217102,-0.133489254877056,0.269908034489842,-0.49457310572235,0.620901490333785,0.918600050679897
"GENE2719",8.59358541126895,-0.174997975655202,0.469754205716711,-0.37253093963939,0.709497580491161,0.940905138716879
"GENE2720",9.93391954047012,0.257109671599189,0.553398083415058,0.464601666150609,0.642216738891352,0.92552733265572
"GENE2721",179.7581093701,0.0416839760659731,0.228933942391444,0.182078618969919,0.855521027839587,0.976242733106435
"GENE2722",444.402830729142,-0.185421789292958,0.284442761210458,-0.651877335545076,0.514480306922864,0.902783285947626
"GENE2723",401.588005199377,-0.0127129361343895,0.260594202097061,-0.0487844166604075,0.961091101090641,0.99205419159042
"GENE2724",94.6444799618782,-0.0923047988135973,0.292969699487237,-0.315066025514418,0.75271152349585,0.9509025967738
"GENE2725",9.20446920753584,-0.290517536024826,0.54083880350311,-0.537161043444167,0.591156377942361,0.913455253864343
"GENE2726",117.500631842747,-0.191943806362306,0.261838453813283,-0.733061945512331,0.463520648762103,0.882112965264263
"GENE2727",175.638886743095,-0.0578858126271779,0.243335208189387,-0.237885068329798,0.811970236870759,0.972409231127627
"GENE2728",257.391444909714,-0.203761196314177,0.259217977229892,-0.786061207990477,0.431831629222493,0.868394528707073
"GENE2729",235.446392735911,0.419370829563362,0.27835036642411,1.50662934254732,0.13190569187092,0.594571879974054
"GENE2730",116.685636525455,0.295910221879945,0.245426791955438,1.20569649108918,0.227934538490682,0.722972155902418
"GENE2731",74.3783583878844,0.158468675626693,0.267615600553578,0.592150365295938,0.553749903097724,0.908791970841467
"GENE2732",58.0211790964825,-0.014266520081411,0.332754054918524,-0.0428740683112163,0.965801920226891,0.99205419159042
"GENE2733",49.1386306916658,-0.0633383848167667,0.328698145466717,-0.192694682614752,0.847198088069868,0.974516546335039
"GENE2734",8.558191494664,-0.455003041936831,0.608725173641847,-0.747468745566517,0.454780662056952,0.877244663165427
"GENE2735",873.939344450912,0.0641858346954502,0.235453188723454,0.272605501940507,0.785156482145303,0.964794766947783
"GENE2736",91.4410597874576,-0.0853241320402676,0.253582353022527,-0.336475038673878,0.736512671654356,0.945611002725292
"GENE2737",621.846044057065,0.305197154719983,0.246730904964653,1.23696362546761,0.216100587026958,0.710180783797845
"GENE2738",151.461906342113,0.383712579302295,0.275226630610077,1.39416951932211,0.163266420009161,0.654329127568963
"GENE2739",11.5326322513219,0.0562771665152477,0.541588901040862,0.103911225667827,0.917239798541704,0.98694512569456
"GENE2740",28.469095111877,-0.156733760829595,0.353077724405682,-0.443907247599426,0.657109644386525,0.927524864178881
"GENE2741",50.3731441739824,0.295304304806936,0.27852330204589,1.06024990597835,0.289030922344113,0.800101825260616
"GENE2742",283.627592566543,0.163778443843396,0.214969839801107,0.761867078632642,0.44613934039976,0.87377546606631
"GENE2743",638.311764318613,-0.0136328063856702,0.229906723734699,-0.0592971191281981,0.952715455681874,0.99205419159042
"GENE2744",885.763435519175,-0.2458273505802,0.219502622793597,-1.11992898969302,0.262744023499831,0.772885306515611
"GENE2745",513.471212171746,0.0824372970389338,0.248492561461028,0.331749556422286,0.740078377140716,0.946589745987097
"GENE2746",31.275430268708,0.191373770962411,0.318075212356835,0.601662008002425,0.547399144186863,0.908791970841467
"GENE2747",36.1953867065567,-0.234705326684629,0.389853650676836,-0.602034446200901,0.54715120856744,0.908791970841467
"GENE2748",498.596904838435,0.245653903768661,0.303107836087216,0.810450521305482,0.417681291369912,0.860167907423193
"GENE2749",189.327516989567,-0.58610960472297,0.264923780505198,-2.2123706811268,0.0269410629750049,0.212677597665118
"GENE2750",112.16288673325,-0.259004794589534,0.269776084959778,-0.96007322008602,0.337018365388221,0.821619936534683
"GENE2751",166.796337905256,-0.0853982997218371,0.21204446089661,-0.402737705860075,0.68714119232964,0.936343461423048
"GENE2752",76.2791861759805,-0.664976967072932,0.295516736065934,-2.25021762193721,0.0244351342027365,0.199765590304016
"GENE2753",313.336733264462,-0.35209005836543,0.230571293317068,-1.52703336699099,0.12675271443959,0.587313819701453
"GENE2754",459.771608086729,-0.248583076336134,0.24549987735581,-1.01255886159102,0.311270918019168,0.8165267807732
"GENE2755",34.5021649853969,-0.233647149858685,0.370999768588231,-0.629777077079548,0.528840445349606,0.905288468815993
"GENE2756",106.23677446278,0.0770891978476436,0.247373914966042,0.311630261655623,0.755321533228727,0.951003989516676
"GENE2757",246.689507969347,0.616929153268885,0.254803676478661,2.42119408084974,0.0154696156006243,0.138622621478267
"GENE2758",502.883578253395,-0.199565152334392,0.262645386980545,-0.759827365059242,0.447357783284616,0.874777250742886
"GENE2759",68.4935330667695,-0.311645224723871,0.507211805329382,-0.614428176649969,0.538932421112758,0.908791970841467
"GENE2760",16.6389910364602,-0.0136163242473088,0.432984752448607,-0.031447583708909,0.974912593586185,0.994328999326822
"GENE2761",8.58050137426438,-0.333427154181509,0.67184325842213,-0.496287117570525,0.619691853968399,0.918600050679897
"GENE2762",966.529875031303,-0.0421575337099977,0.280812391767454,-0.150127041918112,0.880664385393084,0.978733469227308
"GENE2763",155.997930846533,-0.449453084554661,0.240860375078221,-1.86603165592803,0.0620369367052567,0.386468098389324
"GENE2764",132.569419052306,-0.251805448168589,0.280112419618764,-0.898944247139414,0.368682358125249,0.835437560192749
"GENE2765",26.265049990193,1.30021718387578,0.388606737825949,3.34584312961174,0.000820327912451633,0.00991035826216871
"GENE2766",22.7965596159941,-0.555636403967379,0.373071958003461,-1.48935451203819,0.13639404014315,0.604754555404397
"GENE2767",966.554370168806,0.390186535922843,0.232002872060836,1.68181769672459,0.0926041960379866,0.487356121653178
"GENE2768",79.0864062949343,-0.403336845674282,0.318258972162858,-1.26732278098318,0.205039898047028,0.699410146310427
"GENE2769",22.3524433994934,-0.333036080239067,0.373952419417335,-0.890584103608635,0.373152330362101,0.839733449321651
"GENE2770",834.356044890355,-0.028314409987317,0.238230592395042,-0.118852955460754,0.905391853585771,0.981124778524512
"GENE2771",15.6365040232461,0.295719045523453,0.482706822545159,0.612626612493731,0.540123257485311,0.908791970841467
"GENE2772",15.9461222753094,0.52927640054622,0.389245880949559,1.3597482374253,0.173909607695511,0.666169793791279
"GENE2773",454.455677089709,-0.238995716587735,0.258647321643524,-0.92402161781179,0.355475060620638,0.825621525130424
"GENE2774",237.24371327478,-0.259623598661315,0.287740488554545,-0.902283859895859,0.366906097145271,0.835307236819503
"GENE2775",565.589928615968,-0.000418247041111294,0.238062069320871,-0.0017568823219274,0.998598211441322,0.999577003028605
"GENE2776",14.8159774538862,0.31301985165571,0.493894858904459,0.633778315388907,0.526225506773038,0.904525871089139
"GENE2777",1200.49730919006,-0.0859310749844013,0.213661938623272,-0.40218241741181,0.687549781137806,0.936343461423048
"GENE2778",710.04491342315,0.00625564112855746,0.249544473747786,0.0250682414825985,0.980000531843225,0.994328999326822
"GENE2779",109.349268712745,0.150937770994093,0.245233601811433,0.615485683361421,0.538234021211651,0.908791970841467
"GENE2780",23.127559543925,0.26296083577013,0.41255557571323,0.63739493840441,0.523867624523762,0.904525871089139
"GENE2781",84.8634277334335,0.129826300893834,0.266809297906547,0.486588368218364,0.626550068197498,0.921128100836326
"GENE2782",384.204382130634,0.0745796945918807,0.211126446692417,0.353246576922375,0.723903592395867,0.944321477475854
"GENE2783",570.114809582133,-0.25033277332671,0.267574629032026,-0.935562441896342,0.349498519720996,0.822479166283479
"GENE2784",36.2064975790013,0.603330158270927,0.346954812167745,1.73893007709381,0.0820470629599637,0.454379633209517
"GENE2785",49.8934790318598,-0.358013342978622,0.270859138576553,-1.32176948084562,0.186244923913469,0.684195144380026
"GENE2786",8.54771927794678,-0.0761013901692888,0.485845517488559,-0.156637012033523,0.875530931194661,0.978733469227308
"GENE2787",24.8236411969458,0.366240224264119,0.369649695778178,0.99077647958865,0.321794736658607,0.8165267807732
"GENE2788",339.2061760854,-0.039416839319561,0.233067140728326,-0.169122250336898,0.865700483781151,0.978417375382916
"GENE2789",929.291443756014,0.156842964883678,0.264471097638995,0.593043876188581,0.55315178903415,0.908791970841467
"GENE2790",1150.16550679216,0.0950163336639287,0.239842507223883,0.396161359234103,0.691985995094333,0.93694204171345
"GENE2791",245.616991491482,-0.0559550925630754,0.256836577244102,-0.217862631419102,0.827536143580605,0.974516546335039
"GENE2792",17.1211199667574,-0.109231945935625,0.479753019410922,-0.227683707066082,0.819892139668494,0.974084179965782
"GENE2793",171.281887666626,-0.402548076479108,0.256712232303242,-1.56809074841279,0.116859955331566,0.564255836099339
"GENE2794",878.82985678728,0.478107995450206,0.217701050373758,2.19616760979964,0.0280799487999173,0.220501492681455
"GENE2795",204.438515631678,0.0719653752840235,0.249077945680518,0.288927127158542,0.77263714413241,0.958222213539689
"GENE2796",27.1625937216216,-0.207554856698111,0.384498002443049,-0.539807373196571,0.589329881718609,0.913455253864343
"GENE2797",38.4927677444634,-0.16634423109504,0.36112550480994,-0.460627202674557,0.645066091566591,0.92552733265572
"GENE2798",53.1445235350859,0.505432569386098,0.293200886811326,1.72384393131574,0.0847360214401469,0.464801999958453
"GENE2799",171.316365689565,-0.4513699085834,0.222578280452456,-2.02791533686871,0.0425688895610284,0.299588600118181
"GENE2800",436.063484430969,-0.247476260955298,0.235362840439831,-1.05146700512634,0.29304415563594,0.802531349155307
"GENE2801",733.481040387736,-0.157397389517167,0.24749997649634,-0.635949108946659,0.524809592631181,0.904525871089139
"GENE2802",224.816893765988,0.185568854398985,0.268307570561904,0.69162735143983,0.489171380528895,0.895719465922334
"GENE2803",180.375316649249,0.0730959872939741,0.295755610162087,0.247149960245604,0.804792170044422,0.97148051594359
"GENE2804",710.870723749519,-0.437260687364796,0.292882659341339,-1.49295519355139,0.135448915962874,0.601457686358952
"GENE2805",51.8223400568234,0.169144277273099,0.324968083501361,0.520495045084605,0.602718580503852,0.917362202185416
"GENE2806",12.7651475756122,0.583256535572388,0.538466615064148,1.08318049672013,0.278728314777312,0.791276661775775
"GENE2807",187.435257009805,-0.296457270878462,0.292725064327232,-1.01274987012065,0.311179650743235,0.8165267807732
"GENE2808",38.0279977586234,0.228110414635309,0.315164985109963,0.7237809573158,0.469200221939239,0.885014830762763
"GENE2809",43.5760140120015,-0.222864289130247,0.349925094328721,-0.636891416883887,0.524195573940676,0.904525871089139
"GENE2810",112.840275921945,-0.296586201564569,0.296419861531818,-1.00056116358698,0.317039013741164,0.8165267807732
"GENE2811",519.970851718782,-0.0465126899686202,0.305526949076285,-0.152237601655908,0.878999537756529,0.978733469227308
"GENE2812",9.68424995266944,-0.312553356497509,0.502740679963972,-0.621698957243539,0.534139837428088,0.907661514901678
"GENE2813",8.20447842961093,-0.377254570192491,0.57528635344911,-0.655768328121592,0.51197319760162,0.901927924922469
"GENE2814",420.917969967909,0.186205567670958,0.301449117992288,0.617701484453247,0.53677213328395,0.908791970841467
"GENE2815",11.9663864124179,-0.323054320382014,0.470048863844431,-0.687278164529153,0.491907456021347,0.896468327571915
"GENE2816",11.5109812118511,-0.497870621839508,0.428293939628199,-1.16245077451179,0.245052408960348,0.749605728205456
"GENE2817",39.472870280062,0.0351388351253472,0.350820751113374,0.100161792065691,0.920215878940311,0.987219094724127
"GENE2818",376.001134924052,-0.185784020323243,0.220630184009243,-0.84206075953533,0.399753944455457,0.852030139517649
"GENE2819",960.097852774896,-0.0494802533330411,0.211362379451033,-0.234101515423677,0.814906169481179,0.97306418590797
"GENE2820",34.6171572244352,0.0939701766843559,0.347739294064672,0.270231688763018,0.786982015148162,0.964794766947783
"GENE2821",20.2574250795188,-0.542316899504325,0.462505831987411,-1.17256229434765,0.240971377392216,0.742304300068293
"GENE2822",26.4520779776955,-0.220309064125105,0.636942602580865,-0.345885270089364,0.729428938969886,0.944693328601903
"GENE2823",40.8013502822431,0.138520055207591,0.364717637427249,0.379800812992549,0.704093278807671,0.940471953429764
"GENE2824",195.654583297408,-0.229436306606343,0.27113112607227,-0.84621898610485,0.397430592257264,0.851272640541633
"GENE2825",10.3026855631712,-0.714716517196149,0.480743337647111,-1.48669042548601,0.137096592616336,0.606068492395771
"GENE2826",10.1710501772962,0.333751723221856,0.501241147509238,0.665850608794453,0.505506593005378,0.901889113940908
"GENE2827",125.70291077975,0.436779988183397,0.246077048823287,1.77497247415811,0.0759024322697222,0.436402423685648
"GENE2828",128.917367750176,-0.418713075381685,0.256800585305577,-1.63049891371331,0.10299609460399,0.521800248384223
"GENE2829",15.3911253513763,0.206693222656935,0.482415715191674,0.428454580039565,0.668320194867927,0.931062536960529
"GENE2830",81.8697583882123,0.15605294220482,0.33802119433527,0.461666146442987,0.64432075166879,0.92552733265572
"GENE2831",12.8066695562795,-0.828831769900259,0.485792302837048,-1.70614430294561,0.087981215717412,0.475382259028658
"GENE2832",524.385832272688,-0.00207046952579547,0.250271333033582,-0.00827289925977122,0.993399256701064,0.997410290039022
"GENE2833",484.642471070049,0.123441866567283,0.271035890576884,0.455444724698801,0.648789325422004,0.927524864178881
"GENE2834",929.40011409208,-0.202024064208701,0.293017617198764,-0.68946047046605,0.490533540825459,0.895719465922334
"GENE2835",22.6895740356243,0.51979095582592,0.378863727169947,1.37197339979912,0.170071718729725,0.661323693884872
"GENE2836",87.3004488676453,0.0292103913492979,0.280997012215717,0.103952675934054,0.917206904154994,0.98694512569456
"GENE2837",7.71370789290372,-0.0240626256095357,0.556299022443105,-0.0432548407219189,0.965498389387718,0.99205419159042
"GENE2838",47.4041483775779,-0.20312507368528,0.297018439354049,-0.683880348058639,0.494050724402497,0.89725487801442
"GENE2839",14.3562755755163,-0.071034893310786,0.479848948564921,-0.148035946568664,0.882314399508348,0.978733469227308
"GENE2840",782.898946626727,-0.713703717244441,0.296319702111005,-2.40855978242405,0.0160156030433914,0.14265838651188
"GENE2841",659.459001560674,-0.098813446735149,0.26159054504455,-0.377740895483515,0.705623084538075,0.940483473874881
"GENE2842",95.277324377475,0.101474499325022,0.259970987730156,0.390330091103667,0.69629247500456,0.938114347267259
"GENE2843",733.580932929628,0.382475346234894,0.294950002739938,1.29674637288316,0.194718467882393,0.691714176382215
"GENE2844",96.8287582423856,-0.027760878658454,0.275241835040025,-0.100859953409398,0.919661633491528,0.987219094724127
"GENE2845",69.5201140404696,-0.0759018672563465,0.260171226974813,-0.291738130072679,0.770486853186068,0.957572292443986
"GENE2846",291.278975563838,-0.415348240198914,0.266949520716081,-1.55590554755356,0.119730554044878,0.570113483599442
"GENE2847",37.4453310232766,-0.178361588779367,0.306350689469289,-0.582213766479046,0.560422701705604,0.908791970841467
"GENE2848",407.987172653343,0.225611944432944,0.192374027210875,1.17277757140071,0.240885014587701,0.742304300068293
"GENE2849",9.14588570378327,-0.60528079052209,0.516755800222922,-1.17130913723848,0.241474539975088,0.742304300068293
"GENE2850",8.05728356545232,0.123784596664525,0.583259321880663,0.212229092653665,0.831928311008505,0.974516546335039
"GENE2851",816.141769725151,0.598452091100901,0.232375902028125,2.57536210027695,0.0100135194112565,0.0954643511922983
"GENE2852",10.7997735212194,0.327181941069939,0.492946523882644,0.663727047901511,0.506865024600607,0.901889113940908
"GENE2853",594.119372632796,-0.340674004727867,0.203460793362444,-1.67439632519762,0.0940527345520463,0.490214279279301
"GENE2854",30.6093815903663,-0.248635299506725,0.366876627272281,-0.677708202224062,0.497956724806314,0.898923008967858
"GENE2855",20.2030837212384,-0.213721840745437,0.397467439077634,-0.537709054209324,0.590777927416297,0.913455253864343
"GENE2856",39.6960290143581,0.0833622025130778,0.315387711653654,0.264316583788219,0.791535982534966,0.965240446213461
"GENE2857",191.729124392074,-0.757917910762285,0.275466811770283,-2.75139464493576,0.00593421047445827,0.0614850140825815
"GENE2858",40.4937404412417,-0.142117769315085,0.301748726205252,-0.470980511176758,0.637654652220003,0.92467554967525
"GENE2859",8.04725608200354,0.28132054567065,0.481581315634576,0.58416000899029,0.559112664331621,0.908791970841467
"GENE2860",122.786257368876,-0.275001934630158,0.288969787116328,-0.951663277238918,0.341267779072233,0.822479166283479
"GENE2861",133.909792442039,0.149984297507872,0.298105970341155,0.503124098240061,0.614877024873389,0.918600050679897
"GENE2862",178.731694063881,-0.0839432963955566,0.284609940651756,-0.29494154773135,0.7680385324291,0.956050112847179
"GENE2863",19.9625608076212,0.254818384086954,0.39716760267562,0.64158904797447,0.521140045893386,0.90451648440111
"GENE2864",22.0553772430202,-0.353534432141727,0.406971460409125,-0.868695882965164,0.385013493892072,0.848472977299444
"GENE2865",53.9985368716933,-0.0183424991297934,0.357278082086614,-0.05133955887433,0.95905494622834,0.99205419159042
"GENE2866",10.9258311708402,-0.031779959820044,0.512411239559325,-0.0620204190824832,0.950546571225899,0.99205419159042
"GENE2867",448.880392761444,0.177909146657886,0.26924548459012,0.660769286172884,0.508760282520707,0.901927924922469
"GENE2868",126.439023792175,0.00403924866454419,0.228901179961068,0.0176462553195715,0.985921056002816,0.994722375204074
"GENE2869",224.017245991146,-0.289956664102179,0.283343117985613,-1.02334112140639,0.306146587407761,0.812759267637685
"GENE2870",254.008186019767,0.156428010498423,0.240161382040092,0.651345396040025,0.5148235502915,0.902783285947626
"GENE2871",537.405504075613,-0.359787565230659,0.253238849806998,-1.42074395577482,0.155391208885365,0.641633904693213
"GENE2872",36.0941504242707,0.543485049892865,0.309863278658765,1.7539511369186,0.0794388801743144,0.451922363451487
"GENE2873",526.49808239787,-0.139490718972631,0.240053907776916,-0.581080809158335,0.561185991996865,0.908791970841467
"GENE2874",16.9072429617232,0.00786966735091753,0.399011690137445,0.0197228992168292,0.984264423398113,0.994722375204074
"GENE2875",103.776676226688,-0.149091528797175,0.308046162421136,-0.483990865607179,0.628392351772605,0.921881785871402
"GENE2876",40.5719039768244,0.183626230073396,0.326795106709636,0.561900182417823,0.574184029400973,0.913401722510674
"GENE2878",128.581060822683,0.217308058237029,0.244483845254654,0.88884424249251,0.374086794767686,0.840192837920931
"GENE2879",14.5481376623498,-0.471004531526672,0.412418994304215,-1.14205344087339,0.253431806808545,0.759941329872702
"GENE2880",342.255952176637,-0.00557048563673095,0.265203396525086,-0.0210045787863959,0.983242003139174,0.994722375204074
"GENE2881",11.10641575244,0.159733113687785,0.461599596228355,0.346042576711364,0.729310717463755,0.944693328601903
"GENE2882",48.5275506789851,-0.231960284102801,0.415916215630421,-0.557709162051327,0.577043000309333,0.913455253864343
"GENE2883",19.5195422432289,0.269698961033389,0.409613365936285,0.658423243628578,0.510266203694183,0.901927924922469
"GENE2884",179.004379926581,0.153983176991586,0.244656082064576,0.629386262103809,0.529096209656532,0.905288468815993
"GENE2885",14.1538252885912,0.174132293959355,0.429794339254825,0.405152599871986,0.685365344428793,0.936343461423048
"GENE2886",488.819906728843,-0.30870551914967,0.216985432613957,-1.4227015861424,0.154822680628404,0.641633904693213
"GENE2887",94.9294466534243,-0.045736031274951,0.255935929461284,-0.17870109668158,0.858172408019417,0.976337473845298
"GENE2888",108.996310686827,0.128974901273631,0.327694982167519,0.393582167235319,0.693889549217268,0.93694204171345
"GENE2889",8.76575253727185,0.270650986602584,0.631737691169372,0.428423047074488,0.668343148180111,0.931062536960529
"GENE2890",166.350479393815,-0.161839622839012,0.274120000450983,-0.590396988810569,0.554924528902271,0.908791970841467
"GENE2891",116.184264250046,-0.151007241036227,0.23132134804081,-0.652802874940821,0.513883369959692,0.902783285947626
"GENE2892",17.3881657833151,-0.435012384158649,0.43265376173989,-1.00545152412237,0.314679480499938,0.8165267807732
"GENE2893",689.650024945661,0.26714760533602,0.21322073082147,1.25291571934299,0.210236380510913,0.707926744727383
"GENE2894",7.6132479750341,-0.797807365397757,0.531443251115432,-1.50120895076428,0.133301525596783,0.596359448846776
"GENE2895",234.028124453137,-0.191337112405065,0.225133915194095,-0.849881335027231,0.395391063710476,0.851272640541633
"GENE2896",193.195863083617,-0.470593701436045,0.244828559403326,-1.92213564701329,0.0545886916814933,0.353346325330968
"GENE2897",390.081344382371,0.0516135446429967,0.235115377786905,0.219524325158247,0.826241633216988,0.974516546335039
"GENE2898",329.256628084032,-0.171479460118987,0.247169269049957,-0.693773383633417,0.487824336890392,0.895719465922334
"GENE2899",180.895544621689,0.0576930314363018,0.245353128666361,0.235142839832113,0.814097869322417,0.972874666422945
"GENE2900",24.302247338454,-0.381704762809303,0.36119229560359,-1.05679098766887,0.290606988317919,0.801011812923129
"GENE2901",113.78396493783,0.22612279786118,0.263816600514747,0.857121187294427,0.391377912968345,0.850505121054529
"GENE2902",15.0001718830744,-0.425445166724342,0.429107044890485,-0.99146628280811,0.321457948467877,0.8165267807732
"GENE2903",205.816662695461,-0.00407414653262804,0.24602236999785,-0.016560065382118,0.986787583394679,0.994722375204074
"GENE2904",19.7778097841964,-0.330123612025435,0.353652949169665,-0.933467719696743,0.350578529773573,0.824370632659055
"GENE2905",23.4266939207478,0.182814640911615,0.36854339509296,0.496046444857607,0.619861642865049,0.918600050679897
"GENE2906",402.294970721563,0.0488044690299435,0.264718745654119,0.184363479470817,0.853728317854286,0.975258403900998
"GENE2907",170.349660638849,-0.0362691754479131,0.272918432630475,-0.13289382874707,0.894277347560771,0.978733469227308
"GENE2908",945.222808664551,-0.0744681472918531,0.185371768501197,-0.401723239163963,0.687887719688447,0.936343461423048
"GENE2909",637.200295571339,0.241980221895537,0.243199018369203,0.994988481113786,0.319741866721679,0.8165267807732
"GENE2910",21.926420247609,0.131839109701029,0.356763134883732,0.369542412906521,0.711723465856259,0.940905138716879
"GENE2911",28.1583008910466,-1.12908690756611,0.353380315505339,-3.19510413575667,0.00139780394973373,0.0161044285173956
"GENE2912",26.8658451374555,0.151373079390142,0.356913293193154,0.424117235970313,0.671480316011488,0.932363190234628
"GENE2913",13.8504189677644,0.93018082302631,0.46780615315788,1.98838945735796,0.046768633873304,0.315741184339229
"GENE2914",11.3068753737273,0.112648002018197,0.423104064197746,0.266241833984249,0.790052966455376,0.964794766947783
"GENE2915",79.2532405394454,0.182013669845614,0.331254772537917,0.549467313183479,0.582684790427053,0.913455253864343
"GENE2916",78.9906858321955,-0.280051988248347,0.282570679335214,-0.991086509425561,0.321643339802573,0.8165267807732
"GENE2917",38.2137667769267,-0.169920059545104,0.390575626412197,-0.435050341225793,0.663525887365452,0.931062536960529
"GENE2918",34.8131907645023,0.0566313177822697,0.303673057817603,0.186487791143739,0.852062252178922,0.975258403900998
"GENE2919",65.7541534967959,-0.0712953063336479,0.278556814197797,-0.255945296254798,0.797993077829552,0.969414560981256
"GENE2920",450.792367559575,-0.182544466421096,0.238805187136436,-0.764407459528104,0.44462446480797,0.873114672012253
"GENE2921",37.4053742532416,-0.331551694161063,0.338388166906565,-0.979796950915871,0.327186357509563,0.820263321380301
"GENE2922",181.745316016733,-0.0860708654698845,0.247975174040549,-0.347094687211753,0.728520184682647,0.944693328601903
"GENE2923",74.835591793896,-0.177626714880993,0.360128058480853,-0.493232089802401,0.621848606219952,0.918600050679897
"GENE2924",48.3350264144371,-0.397146749985245,0.36213810335346,-1.09667208810009,0.272784762138738,0.786463507460865
"GENE2925",42.4654786281566,-0.527920391205872,0.353336768306285,-1.49409978966087,0.135149538965072,0.601022688929619
"GENE2926",33.1189335683061,-0.765504696814061,0.348459074515937,-2.19682812932183,0.0280327233022476,0.220501492681455
"GENE2927",15.9150094349241,0.0189422247835267,0.402824757232725,0.0470234871204381,0.96249450821663,0.99205419159042
"GENE2928",581.965004472588,-0.0334496239223099,0.263181332850295,-0.12709725100958,0.898863427195144,0.97920444442589
"GENE2929",54.4856863869793,0.52357631735194,0.306845846645026,1.70631710703139,0.0879490546851637,0.475382259028658
"GENE2930",167.927346118364,0.118063696213424,0.242006957853809,0.487852486806364,0.625654330954833,0.921128100836326
"GENE2931",102.094254676411,-0.434118246087191,0.335521917149052,-1.29385957786578,0.195713929093887,0.69359900762014
"GENE2932",41.0562008714668,-0.269843650917289,0.31498650611771,-0.856683209205313,0.391619985364921,0.850505121054529
"GENE2933",454.312159103921,-0.00364564677024563,0.247786957715121,-0.0147128275186985,0.988261285586559,0.994722375204074
"GENE2934",140.82636627524,-0.0777431363189899,0.271951619603802,-0.285871201768357,0.774976771348502,0.959954622542105
"GENE2935",833.173559473058,-0.0290355353469423,0.20414422131843,-0.142230503314868,0.886897938547118,0.978733469227308
"GENE2936",158.688319160943,-0.0875059650843636,0.214548133922941,-0.407861692778894,0.68337521789757,0.936343461423048
"GENE2937",434.084157176783,0.0258051795653856,0.217429872929238,0.118682769840848,0.905526687730657,0.981124778524512
"GENE2938",31.1130018105837,0.324287238498858,0.332882205996021,0.97418015339256,0.329967097116029,0.821609168119057
"GENE2939",20.7724350264105,-0.221390461821525,0.34860998025889,-0.635066333032443,0.525385153498549,0.904525871089139
"GENE2940",29.8892118276546,-0.000181980918356594,0.343264297701494,-0.000530148109125075,0.999577003028605,0.999577003028605
"GENE2941",688.367086388689,0.00741132829698054,0.25935094986779,0.0285764455490085,0.977202398139964,0.994328999326822
"GENE2942",12.6595404848102,0.0598357557038491,0.423195759687752,0.141390253408961,0.887561653574316,0.978733469227308
"GENE2943",224.074573884134,0.11763470241578,0.246773084638438,0.476691785849069,0.633581612912334,0.924628954207043
"GENE2944",119.051721387937,0.0683979623125131,0.254450949772532,0.268806079810894,0.788078914481422,0.964794766947783
"GENE2945",34.980791504763,-0.0769556965225971,0.374824177568607,-0.205311453017225,0.837328796446147,0.974516546335039
"GENE2946",442.53113778297,-0.141064803840314,0.286753932668831,-0.491936771459133,0.622764042401284,0.918600050679897
"GENE2947",485.883326755369,-0.288719378402358,0.217964096376871,-1.32461897716928,0.185297558439739,0.684195144380026
"GENE2948",511.152666203333,0.0280733660715327,0.247344455466503,0.113499071643167,0.909634899048083,0.983816795490932
"GENE2949",17.403677150967,-0.22336093269378,0.460190311568333,-0.485366438794775,0.627416434641623,0.921583874332756
"GENE2950",73.7882242168897,-0.199593072858057,0.258513564993878,-0.772079688981827,0.440067231117361,0.871065777345726
"GENE2951",314.705826521323,0.173002510692462,0.215017766940965,0.804596351053917,0.421052648496071,0.860167907423193
"GENE2952",68.7868185284467,0.18829952841052,0.321233008335703,0.586177396233637,0.557756309865717,0.908791970841467
"GENE2953",291.616997626488,-0.284463392945581,0.247170734769012,-1.15087812969209,0.249782376374666,0.755167792403245
"GENE2954",8.55710701315167,0.126320645355473,0.497986416966468,0.25366283306474,0.79975604995958,0.969414560981256
"GENE2955",16.4095943968963,-0.237667880956146,0.502739886796096,-0.47274522511189,0.636394956922729,0.92467554967525
"GENE2956",439.741544808419,-0.373565405821432,0.213274446837652,-1.75157132680689,0.079847546562696,0.452213878093073
"GENE2957",355.313374339728,-0.259569034406083,0.208825407982435,-1.24299546168212,0.213869505839096,0.708849638141121
"GENE2958",464.378965727682,0.183600466518986,0.245035229330414,0.749281917627496,0.453687304160324,0.877244663165427
"GENE2959",46.5688496845744,-0.339805528311096,0.279296175138735,-1.2166494157763,0.223737632709033,0.721017557980856
"GENE2960",13.65909003754,-0.464779550522383,0.479121625241549,-0.97006589983924,0.332013645052468,0.821609168119057
"GENE2961",12.7957457363472,0.304676327400346,0.418351299481114,0.728278668617115,0.466443017528355,0.882112965264263
"GENE2962",307.902028559376,0.0616835463143255,0.228368078040783,0.270105817080572,0.787078847007349,0.964794766947783
"GENE2963",148.883466505544,0.547064125277157,0.206599335790146,2.64794716393879,0.00809821808858205,0.0789708587461727
"GENE2964",44.9743460842426,-0.274545056634813,0.338553672794743,-0.810935100388833,0.417402941771478,0.860167907423193
"GENE2965",140.016176852274,0.212605366183283,0.255483811741316,0.832167661560301,0.405314314529045,0.857771570606149
"GENE2966",442.008813246522,-0.185201155021731,0.22900703352893,-0.808713829299636,0.418679771638332,0.860167907423193
"GENE2967",14.2251173197085,-0.0528954792463839,0.420908644357982,-0.125669738446608,0.899993357137768,0.97920444442589
"GENE2968",26.1240755775663,0.0971761403916091,0.382214117654913,0.254245293156193,0.799306061034463,0.969414560981256
"GENE2969",52.0478361342788,0.0155691168766131,0.283956636114808,0.0548292059295923,0.956274532426081,0.99205419159042
"GENE2970",81.0966772294648,0.0267822744547561,0.239580463859335,0.111788223561003,0.910991325229642,0.984213654773806
"GENE2971",7.75722234211777,1.26034177129011,0.565875891738266,2.22724061881938,0.0259311967818663,0.20634317652557
"GENE2972",47.6682027976114,-0.0908919183574333,0.301384065586374,-0.301581698357521,0.76297096136046,0.953756643712598
"GENE2973",301.443208101552,-0.163441490366186,0.226712472077608,-0.720919713275574,0.470958913304705,0.885643252516032
"GENE2974",267.922859826547,-0.0984483664238369,0.228380919245212,-0.431070891338927,0.666416825180447,0.931062536960529
"GENE2975",166.858194947552,-0.244493050261134,0.290521940393097,-0.841564839923337,0.400031576898199,0.852030139517649
"GENE2976",37.1452678709779,0.229736566304235,0.304643900010532,0.754115103884543,0.450780108781219,0.876876039506621
"GENE2977",63.2175305214242,-0.446446398261547,0.256323634562904,-1.7417293532953,0.081555813671767,0.454379633209517
"GENE2978",207.092218749254,0.0678952213092787,0.268090673174767,0.253254693664849,0.800071404253994,0.969414560981256
"GENE2979",200.480153005368,-0.0956953582908567,0.226378662891844,-0.422722517521789,0.672497724758424,0.932496845111123
"GENE2980",55.1368194876057,0.0413900236021552,0.289581685698188,0.142930391134242,0.886345156332009,0.978733469227308
"GENE2981",318.417598606471,-0.211646219628211,0.219272305847483,-0.96522093298651,0.334434164338607,0.821609168119057
"GENE2982",17.7558320598763,-0.391637064310662,0.392201783956912,-0.998560129837879,0.318007822375442,0.8165267807732
"GENE2983",57.1812491181904,-0.0834912253742221,0.283613508383235,-0.29438381073656,0.768464636282557,0.956050112847179
"GENE2984",52.0414455230115,0.0560349665491279,0.330528413113961,0.16953146636083,0.865378623983219,0.978417375382916
"GENE2985",9.3309584649938,-0.333444787507572,0.535639128857432,-0.622517604751618,0.533601571422721,0.907661514901678
"GENE2986",643.97963532589,-0.14031996808638,0.281294418555969,-0.498836659492626,0.617894459260824,0.918600050679897
"GENE2987",200.492286597992,0.179646152274119,0.305992527200389,0.587093266354415,0.557141069713158,0.908791970841467
"GENE2988",813.146399653853,-0.164722962489439,0.20638672554698,-0.798127699603155,0.424796388569491,0.862307771082559
"GENE2989",107.67642648892,-0.250080686060766,0.218051389829792,-1.14688875065633,0.251427602552046,0.757838349510411
"GENE2990",21.8661325735882,0.153566133188587,0.337712291271611,0.454724738061366,0.649307281385754,0.927524864178881
"GENE2991",50.1648796378873,0.221423113488882,0.298749606240785,0.741166210309314,0.45859266832257,0.878331529059402
"GENE2992",1164.38376525222,-0.235827447459754,0.26973010837754,-0.874308948594153,0.38195002735656,0.848020001214267
"GENE2993",37.1219112348741,0.13972812928073,0.302942497168438,0.461236474204676,0.64462895590474,0.92552733265572
"GENE2994",181.404848710071,0.20420031848128,0.300101301735598,0.680437963115499,0.496227190173324,0.897419354834666
"GENE2995",192.622521589219,0.125572892594198,0.210454408197569,0.59667504078277,0.550724359660794,0.908791970841467
"GENE2996",36.6514500919581,-0.558377294543414,0.343219917649628,-1.62687905284514,0.103762787647621,0.5239055132665
"GENE2997",76.2108559070623,0.233093831471717,0.275711143505492,0.84542767661864,0.397872097209432,0.851272640541633
"GENE2998",33.4957240571433,-0.147491012264205,0.394095108631868,-0.37425232902847,0.708216595080405,0.940905138716879
"GENE2999",30.2317211026739,0.000966417787349736,0.338072438331188,0.00285861158076128,0.997719161060752,0.999577003028605
"GENE3000",358.528506676985,-0.151705011525125,0.197176226449073,-0.769387944262682,0.441663043272146,0.871065777345726
