"gene_id","S01","S02","S03","S04","S05","S06","S07","S08","S09","S10","S11","S12"
"GENE0001",233.130848904222,233.033504411674,193.433519678919,955.692376449175,417.327725948914,436.909872449447,264.919747398768,204.483711277884,330.462547932769,434.877797872774,531.933723556427,588.066857300797
"GENE0002",154.979030237466,183.634697024868,105.185047567338,607.411448215832,690.452965357128,203.514395299927,96.5520766122016,94.2123905364071,175.737308727253,320.345625363707,401.639845202156,404.345035393739
"GENE0003",450.366412655884,698.026626117919,886.941714656793,1574.99054576512,957.848304637897,1897.8524958525,568.141145023864,1396.05633249403,708.67979932403,822.392667264354,1121.24456785602,2143.42125558235
"GENE0004",541.764302283108,920.321259358548,1026.89131184385,2235.89223893147,2847.76036334019,1818.70800879141,995.842905884525,301.907887855305,606.484733922856,1619.81215405681,1258.71058630319,2166.19019932296
"GENE0005",5.29842838418687,12.8866454052539,5.34839224918669,51.1129007304907,59.2089679835988,52.4937924384733,15.9590209276366,25.694288328111,22.9222576600764,19.8063155466808,51.4003373324188,47.8932954544041
"GENE0006",329.827166915633,337.20055477081,239.786252505203,689.429823806619,946.388504383007,870.589357671911,258.536139027713,378.990752839638,414.510826019716,686.3318909002,1276.64093653542,1750.85326005444
"GENE0007",91.3978896272235,122.423131349912,106.076446275536,608.600120325843,227.286038388654,441.755453289921,313.59476122806,117.765488170509,135.623357822119,359.097112302865,841.531104233089,217.482669522458
"GENE0008",43.7120341695417,46.1771460354931,70.4204979476248,164.036751181575,151.842353377294,144.559828407488,42.2914054582371,73.8710789433192,19.101881383397,124.865902359509,151.810298632958,100.497406855143
"GENE0009",368.240772700988,328.609457833974,326.251927200388,942.61698323905,630.289014018955,914.199585236181,303.221397625096,361.861227287564,387.76819208296,1260.71504175394,812.842543861506,611.620937032472
"GENE0010",396.057521717969,520.835251795678,546.42740812524,1070.99357112028,1483.08914965369,1928.54117450883,381.420600170515,118.836083517514,308.495384341862,1023.90039934798,798.498263675715,1229.52296199339
"GENE0011",449.041805559837,332.905006302392,252.265834419972,1088.82365277045,856.620069053035,719.568754810457,255.344334842186,438.944092271897,236.863329154123,710.443927217898,842.726460915238,911.542885615789
"GENE0012",158.952851525606,266.324005041914,352.993888446322,526.581744735056,696.182865484573,606.505201866053,258.536139027713,134.895013722583,237.818423223293,482.240726353967,574.966564113801,634.38988077309
"GENE0013",727.209295729648,430.628733958901,333.38311686597,1393.12371293337,911.054120263763,825.363936494149,477.174725736335,219.472046135948,606.484733922856,785.363468633603,1038.76495678772,990.056484721369
"GENE0014",143.057566373046,110.610373061763,95.3796617771627,169.980111731632,253.070588962156,325.461513118534,92.5623213802924,83.5064370663609,88.8237484327962,285.038715041363,241.462049794153,226.119165424072
"GENE0015",149.680601853279,118.127582881494,128.361413980481,452.884073914348,222.511121615783,452.254211777616,125.278314281948,117.765488170509,146.129392582987,266.093543648885,290.471673762274,441.246426973362
"GENE0016",955.041716249684,1564.65352962124,917.249270735518,1610.65070906546,2825.79574618498,2779.74820881885,981.479787049652,1081.30130047467,289.393502958465,1703.34313701455,2864.07461042966,1478.41107115808
"GENE0017",82.1256399548965,31.1427263960302,44.5699354098891,181.866832831746,86.9034852662499,143.752231600742,20.7467272059276,70.6592929023054,61.1260204268705,279.010705961938,121.926381579226,310.128716467043
"GENE0018",247.701526960736,196.521342430122,385.084241941442,807.108362697749,1434.38499857041,944.888263892519,263.323845306004,369.355394716596,297.034255511824,672.553584432943,621.585474717623,945.303733231188
"GENE0019",14.5706780565139,12.8866454052539,25.8505625377357,58.2449333905592,58.2539846290247,75.1065030273541,19.150825113164,17.129525552074,36.2935746284544,66.3080998736705,33.4699871001797,42.3973435170134
"GENE0020",5.29842838418687,20.4038552249853,3.56559483279113,16.6414095401598,44.8842176649862,33.1114690765755,7.97951046381831,19.2707162460833,12.4162228992081,19.8063155466808,52.5956940145681,19.6283997763951
"GENE0021",6.62303548023359,18.2560809907763,8.02258837378004,51.1129007304907,25.7845505735027,50.8785988249818,29.5241887161278,3.21178604101388,37.2486686976242,22.3897480092913,44.2281972395231,25.9094877048415
"GENE0022",91.3978896272235,115.979808647285,59.7237134492514,242.489110442328,249.25065554386,185.747265551521,79.7951046381831,62.0945301262683,85.0033721561168,272.982696882513,237.875979747706,200.994813710286
"GENE0023",21.1937135367475,10.7388711710449,24.0677651213401,24.9621143102397,28.6495006372252,71.8761158003711,13.5651677884911,17.129525552074,16.2365991758875,35.306910322344,45.4235539216724,22.7689437406183
"GENE0024",117.890031548158,104.167050359136,141.732394603447,222.281684572134,154.707303441016,120.331924205116,64.6340347569283,98.4947719244256,74.4973373952484,193.75743469579,353.825577916185,125.621758568929
"GENE0025",37.0889986893081,27.9210650447168,28.524758662329,76.0750150407304,63.0289014018955,117.101536978133,22.3426292986913,16.0589302050694,17.1916932450573,31.86233370553,27.4932036894333,83.2244150519153
"GENE0026",524.5444100345,1094.29097232948,404.695013521793,1351.52018908298,1622.51671942152,820.518355653675,699.803067676866,801.875914906465,913.069930126378,1789.4575524349,1653.17829141245,1984.82378538907
"GENE0027",362.942344316801,415.594314319438,311.989547869224,1147.06858616101,769.716583786785,860.090599184216,293.645985068514,289.060743691249,313.270854687711,759.529144007498,894.126798247657,832.244150519153
"GENE0028",124.513067028392,64.4332270262694,71.3118966558226,247.243798882374,474.626727223365,483.7504872407,40.6955033654734,68.5181022082961,68.7667729802293,146.394506214597,191.257069143884,223.763757450904
"GENE0029",1438.52330630674,735.612675216576,1511.81220910344,3714.60034378566,2650.07880894334,3064.02228479335,631.179277688028,1218.33750489127,964.64500986155,3728.75418770121,2629.7847007284,1233.44864194867
"GENE0030",3.97382128814015,10.7388711710449,11.5881832065712,30.9054748602967,4.77491677287087,29.8810818495925,3.98975523190916,16.0589302050694,10.5060347608684,9.47258569623864,27.4932036894333,43.967615499125
"GENE0031",92.7224967232703,230.885730177465,188.97652613793,1110.21975075066,705.732699030315,674.343333632695,221.830390894149,499.968027051161,361.980652215374,468.462419886711,412.3980553415,817.326566689092
"GENE0032",560.308801627762,241.62460134851,460.853132138253,1882.85662225808,1518.42353377294,1999.60969350246,762.043249294649,694.816380206003,823.291087624412,1168.57261725417,1573.08939370844,1339.4420007412
"GENE0033",9.27224967232703,27.9210650447168,18.7193728721534,73.6976708207075,51.5691011470054,29.0734850428467,23.9385313914549,36.4002417981573,28.6528220750956,93.8647128081829,53.7910506967173,62.8108792844643
"GENE0034",9.27224967232703,8.59109693683592,1.78279741639556,33.2828190803195,25.7845505735027,25.035501009118,16.7569719740185,4.28238138801851,15.2815051067176,44.7794960185827,27.4932036894333,21.1986717585067
"GENE0035",313.931881763072,373.712716752363,306.641155620037,1044.84278470003,1241.47836094643,962.655393640925,443.660781788298,335.096343612448,573.056441501911,810.336649105505,678.962595460788,617.902024960918
"GENE0036",336.450202395866,449.958702066782,331.600319449575,1282.57720670231,934.928704128117,937.619892631807,185.922593806967,255.872287934106,418.331202296395,493.435600358613,780.567913443476,551.165465721175
"GENE0037",390.759093333782,533.721897200932,496.509080466165,1445.42528577388,1096.32089105115,2065.02503484886,610.432550482101,339.378725000467,344.788958970317,1685.25910977627,1286.20378999262,725.465655735563
"GENE0038",300.685810802605,356.530522878691,210.370095134677,530.14776106509,621.694163827788,629.925509261679,286.464425651077,299.766697161295,177.647496865592,700.110197367456,548.668717106517,624.96824888042
"GENE0039",31.7905703051212,17.1821938736718,67.7463018230314,73.6976708207075,76.398668365934,42.8026307575244,39.8975523190916,51.3885766562221,37.2486686976242,63.7246674110599,89.6517511611956,46.3230234722925
"GENE0040",540.439695187061,863.40524215201,677.463018230314,2062.3461108698,1891.82202541144,1877.66257568385,770.820710804849,627.368873344711,895.878236881321,1440.69416998248,1656.76436145889,1163.5715387447
"GENE0041",26.4921419209344,63.359339909165,40.1129418689002,59.4336055005706,207.231387942596,173.633313450335,32.7159929016551,33.1884557571434,46.7996093893227,181.701416536941,101.605317982688,37.6865275706786
"GENE0042",564.282622915902,635.741173325858,779.973869673059,3051.3213063993,2452.39725454648,2589.15536242685,722.943648021939,811.511273029507,382.037627667941,1837.6816250703,1893.44498452445,2773.1003204091
"GENE0043",66.2303548023359,170.748051619614,66.8549031148337,221.093012462123,348.568924419574,349.689417320907,144.429139395111,100.635962618435,88.8237484327962,251.454093027426,383.709494969917,217.482669522458
"GENE0044",27.8167490169811,5.36943558552245,8.02258837378004,15.4527374301484,41.0642842466895,15.3443393281691,11.1713146493456,9.63535812304164,4.77547034584926,54.2520817148213,29.8839170537319,25.9094877048415
"GENE0045",37.0889986893081,37.5860490986572,16.0451767475601,156.904718521506,101.228235584863,94.4888263892519,14.363118834873,34.259051104148,36.2935746284544,30.1400453971229,34.665343782329,95.7865909088081
"GENE0046",10.5968567683737,16.1083067565674,5.34839224918669,7.13203266006847,29.6044839917994,33.1114690765755,18.3528740667821,21.4119069400925,7.64075255335881,21.5286038550878,64.5492608360608,40.041935543846
"GENE0047",259.622990825157,264.176230807705,342.297103947948,689.429823806619,737.247149731263,579.854507243443,184.326691714203,275.143004180189,176.692402796423,553.715691152859,792.521480264969,494.635674365157
"GENE0048",709.989403481041,521.909138912782,454.613341180869,1520.3116287046,1172.71955941709,826.171533300895,797.951046381831,648.780780284804,433.612707403113,806.030928334488,912.057148479896,679.142632263271
"GENE0049",33.115177401168,48.3249202697021,66.8549031148337,101.03712935097,112.688035839753,129.215489079319,67.0278878960738,50.3179813092174,18.1467873142272,114.532172509067,205.601349329675,52.6041114007389
"GENE0050",162.926672813746,47.2510331525976,44.5699354098891,310.243420712979,878.584686208241,333.537481185992,61.442230571401,124.189060252537,106.970535747023,442.628095260605,149.419585268659,429.469387107525
"GENE0051",1645.16201329002,623.928415037709,569.603774538383,2539.00362698438,2619.51934159696,2086.830148631,738.902668949576,738.710789433192,1025.77103028842,2641.12912094217,1717.72755224851,2027.22112890609
"GENE0052",471.560126192632,486.470864048334,377.061653567662,1261.18110872211,915.829037036634,1157.28622406665,513.880473869899,413.249803943786,205.345224871518,862.86644251192,876.196448015418,1039.52005215788
"GENE0053",147.031387661186,113.832034413076,117.664629482107,142.640653201369,281.720089599382,113.87114975115,95.7541255658197,70.6592929023054,87.8686543636264,250.592948873222,173.326718911645,274.012460878476
"GENE0054",560.308801627762,740.982110802099,840.588981830509,1130.42717662085,2218.42633267581,1246.92946961543,929.612969034833,630.580659385725,668.565848418896,1451.88904398712,1531.25190983322,1666.84370901147
"GENE0055",5.29842838418687,2.14777423420898,9.8053857901756,42.7921959604108,20.0546504460577,37.9570499170499,8.77746151020014,8.56476277603701,3.82037627667941,16.3617389298667,9.56285345719419,35.3311195975112
"GENE0056",202.664885695148,180.413035673554,221.958278341248,443.374697034257,812.690834742623,997.382056330992,106.127489168784,170.224660173736,150.904862928837,470.184708195118,851.093957690283,476.577546570873
"GENE0057",67.5549618983826,110.610373061763,90.031269527976,155.716046411495,352.388857837871,248.739816477689,78.9971535918013,104.918344006453,51.575079735172,349.624526606626,209.187419376123,149.175838300603
"GENE0058",10.5968567683737,2.14777423420898,7.13118966558226,27.3394585302625,20.0546504460577,14.5367425214234,9.57541255658198,9.63535812304164,11.4611288300382,38.7514869391581,20.3210635965377,3.14054396422322
"GENE0059",699.392546712667,404.855443148393,526.816636544889,1289.70923936238,953.073387865026,1773.48258761365,473.184970504426,334.025748265443,433.612707403113,1545.75375679531,1054.30459365566,1399.11233606144
"GENE0060",14.5706780565139,30.0688392789257,12.479581914769,97.4711130209358,20.0546504460577,33.9190658833212,11.1713146493456,8.56476277603701,1.9101881383397,20.6674597008843,7.17214009289565,3.14054396422322
"GENE0061",79.4764257628031,52.62046873812,64.1807069902403,303.11138805291,126.057802803791,190.592846391995,69.4217410352193,73.8710789433192,61.1260204268705,235.092354097559,289.276317080124,245.747565200467
"GENE0062",45.0366412655884,30.0688392789257,34.7645496197135,79.6410313707646,131.787702931236,103.372391263455,48.6750138292917,57.8121487382498,26.7426339367558,95.5870011165899,130.293878354271,97.3568628909197
"GENE0063",3.97382128814015,10.7388711710449,6.23979095738448,48.7355565104679,41.0642842466895,33.9190658833212,13.5651677884911,18.2001208990787,8.59584662252867,18.0840272382738,9.56285345719419,18.0581277942835
"GENE0064",33.115177401168,28.9949521618212,43.6785367016913,246.055126772362,83.0835518479532,161.519361349149,52.6647690612009,25.694288328111,42.0241390434735,68.891532336281,168.545292183048,126.406894559984
"GENE0065",560.308801627762,459.623686120722,432.328373475924,807.108362697749,1419.10526489722,2491.43614881062,355.886166686297,359.720036593555,437.433083679792,1817.01416536941,2059.5995633432,1425.02182376628
"GENE0066",1095.45006843064,1022.34053548348,600.802729325305,2869.45447356755,2430.43263739127,2226.54439619801,623.19976722421,527.803506073281,655.194531450518,1793.76327320592,956.285345719419,2260.40651824966
"GENE0067",152.329816045373,330.757232068183,155.994773934612,457.638762354394,476.536693932513,768.832160021947,172.357426018476,216.260260094935,177.647496865592,619.162646872326,406.421271930753,514.264074141552
"GENE0068",29.1413561130278,22.5516294591943,32.0903534951202,43.9808680704222,112.688035839753,122.754714625353,19.150825113164,21.4119069400925,46.7996093893227,117.115604971678,31.0792737358811,65.9514232486876
"GENE0069",104.643960587691,63.359339909165,33.8731509115157,193.75355393186,123.192852740069,167.172538996369,23.9385313914549,51.3885766562221,73.5422433260786,167.061965915481,327.527730908901,133.473118479487
"GENE0070",49.0104625537286,50.4726945039111,62.3979095738448,131.942604211267,76.398668365934,113.87114975115,59.0483774322555,38.5414324921666,32.473198351775,92.1424244997758,132.684591718569,62.0257432934085
"GENE0071",141.732959276999,95.5759534222997,115.881832065712,313.809437043013,348.568924419574,193.015636812233,76.6033004526558,146.671562539634,104.105253539514,277.288417653531,206.796706011824,167.233966094886
"GENE0072",19.8691064407008,17.1821938736718,19.6107715803512,39.2261796303766,31.5144507009478,54.1089860519648,6.38360837105465,26.7648836751157,19.101881383397,68.891532336281,39.446770510926,34.5459836064554
"GENE0073",11.9214638644205,9.66498405394042,8.02258837378004,54.678917060525,38.199334182967,30.6886786563382,12.7672167421093,10.7059534700463,3.82037627667941,43.9183518643791,34.665343782329,44.7527514901808
"GENE0074",354.99470174052,425.259298373378,219.284082216654,823.749772237909,1235.74846081898,1053.10623599645,337.533292619515,538.509459543327,318.046325033561,730.250242764579,564.208353974457,1062.2889958985
"GENE0075",780.193579571517,657.218915667948,1063.43865887995,2776.73804898666,1952.94096010419,1442.3678968479,728.529305346612,965.677002998173,664.745472142217,1267.60419498757,1630.46651445161,1718.66268442116
"GENE0076",34.4397844972147,17.1821938736718,25.8505625377357,16.6414095401598,23.8745838643544,51.6861956317275,28.7262376697459,14.9883348580648,32.473198351775,76.6418297241126,106.386744711285,55.7446553649621
"GENE0077",238.429277288409,646.480044496903,367.256267777486,1853.13981950779,1706.55525462405,1162.93940171387,548.9903199107,404.685041167749,290.348597027635,1234.01957297363,1263.49201303178,917.823973544235
"GENE0078",9.27224967232703,12.8866454052539,4.45699354098891,22.5847700902168,30.5594673463736,45.2254211777616,7.97951046381831,19.2707162460833,13.3713169683779,24.1120363176984,53.7910506967173,69.8771032039666
"GENE0079",38.4136057853548,22.5516294591943,22.2849677049446,117.67853889113,133.697669640384,88.028051935286,21.5446782523094,64.2357208202776,22.9222576600764,148.977938677208,108.777458075584,107.563630774645
"GENE0080",94.047103819317,255.585133870869,143.515192019843,227.03637301218,397.273075502857,321.423529084806,166.771768693803,118.836083517514,148.994674790497,411.626905709279,268.955253483587,381.576091653121
"GENE0081",37.0889986893081,18.2560809907763,17.8279741639556,59.4336055005706,54.434051210728,33.9190658833212,11.1713146493456,19.2707162460833,21.9671635909066,78.3641180325196,38.2514138287768,26.6946236958973
"GENE0082",5.29842838418687,9.66498405394042,18.7193728721534,19.0187537601826,15.2797336731868,9.69116168094891,27.1303355769823,9.63535812304164,9.55094069169852,10.3337298504422,23.9071336429855,7.85135991055804
"GENE0083",157.628244429559,102.019276124927,144.406590728041,411.280550063949,456.482043486456,475.674519173242,131.661922653002,145.600967192629,158.545615482195,465.017843269897,481.728742906157,180.581277942835
"GENE0084",335.12559529982,350.087200176064,203.238905469094,954.503704339164,707.642665739464,803.558822712014,464.407508994226,368.284799369592,230.177670669934,741.445116769224,1060.28137706641,1315.88792100953
"GENE0085",17.2198922486073,31.1427263960302,26.7419612459335,33.2828190803195,19.0996670914835,75.1065030273541,6.38360837105465,13.9177395110601,14.3264110375478,68.0303881820775,82.4796110682999,39.2567995527902
"GENE0086",22.5183206327942,37.5860490986572,32.9817522033179,32.0941469703081,186.221754141964,79.1444870610828,20.7467272059276,57.8121487382498,23.8773517292463,105.920730967032,163.763865454451,76.9433271234688
"GENE0087",9.27224967232703,10.7388711710449,10.6967844983734,21.3960979802054,27.6945172826511,25.8430978158638,11.9692656957275,4.28238138801851,4.77547034584926,32.7234778597335,38.2514138287768,17.2729918032277
"GENE0088",527.193624226594,445.663153598364,355.668084570915,1506.04756338446,815.555784806345,1737.94832811684,266.515649491532,355.437655205536,405.914979397187,1628.42359559884,1661.54578818749,1063.07413188956
"GENE0089",491.429232633332,556.273526660126,250.483037003577,1300.40728835248,1298.77736222088,1162.93940171387,430.893565046189,386.48492026867,379.172345460431,1192.68465357186,1117.65849780957,886.418533902003
"GENE0090",103.319353491644,102.019276124927,92.7054656525693,274.583257412636,396.318092148283,271.35252706657,79.7951046381831,80.294651025347,170.961838381403,178.256839920127,346.65343782329,296.781404619094
"GENE0091",30.4659632090745,8.59109693683592,12.479581914769,16.6414095401598,45.8392010195604,80.7596806745743,5.58565732467282,3.21178604101388,6.68565848418896,18.9451713924773,28.6885603715826,71.4473751860782
"GENE0092",132.460709604672,78.3937595486278,170.257153265776,326.884830253138,148.022419958997,350.497014127652,89.3705171947651,125.259655599541,69.7218670493992,427.127500484942,227.117769608362,269.301644932141
"GENE0093",26.4921419209344,76.2459853144188,47.2441315344825,171.168783841643,232.060955161524,134.061069919793,40.6955033654734,23.5530976341018,88.8237484327962,303.122742279636,72.9167576111057,209.6313096119
"GENE0094",45.0366412655884,19.3299681078808,35.6559483279113,57.0562612805478,48.7041510832829,82.3748742880658,19.150825113164,36.4002417981573,12.4162228992081,53.3909375606178,49.0096239681202,76.9433271234688
"GENE0095",37.0889986893081,44.0293718012841,24.9591638295379,185.43284916178,92.633385393695,58.9545668924392,12.7672167421093,58.8827440852545,9.55094069169852,150.700226985615,126.707808307823,180.581277942835
"GENE0096",17.2198922486073,12.8866454052539,28.524758662329,49.9242286204793,57.2990012744505,100.142004036472,15.1610698812548,18.2001208990787,27.6977280059257,64.5858115652634,94.4331778897927,48.6784314454599
"GENE0097",17.2198922486073,46.1771460354931,45.4613341180869,86.7730640308331,49.6591344378571,71.0685189936254,20.7467272059276,19.2707162460833,9.55094069169852,88.6978478829618,103.996031346987,69.0919672129108
"GENE0098",29.1413561130278,9.66498405394042,12.479581914769,60.622277610582,48.7041510832829,72.6837126071168,13.5651677884911,19.2707162460833,2.86528220750956,53.3909375606178,26.297847007284,58.1000633381295
"GENE0099",770.92132989919,794.676466657323,823.652406374751,1030.57871937989,2222.2462660941,1059.56701045041,1030.15480087894,397.190873738716,338.103300486128,2239.83594508334,1908.98462139239,1159.64585878942
"GENE0100",3.97382128814015,3.22166135131347,11.5881832065712,13.0753932101255,12.4147836094643,25.035501009118,4.78770627829099,2.14119069400925,4.77547034584926,49.9463609438037,15.5396368679406,20.4135357674509
"GENE0101",11.9214638644205,19.3299681078808,6.23979095738448,57.0562612805478,35.3343841192445,75.1065030273541,11.9692656957275,17.129525552074,3.82037627667941,42.1960635559721,70.5260442468072,54.1743833828505
"GENE0102",52.9842838418687,31.1427263960302,20.502170288549,242.489110442328,103.138202294011,129.215489079319,40.6955033654734,56.7415533912452,40.1139509051338,172.228830840703,52.5956940145681,123.266350595761
"GENE0103",13.2460709604672,50.4726945039111,14.2623793311645,23.7734422002282,25.7845505735027,39.5722435305414,19.150825113164,8.56476277603701,21.9671635909066,19.8063155466808,59.7678341074637,40.8270715349018
"GENE0104",400.031343006109,642.184496028485,442.1337592661,1501.29287494441,945.433521028433,1397.95007247688,333.543537387605,254.801692587101,338.103300486128,1122.07083292718,1405.73945820755,1088.19848360334
"GENE0105",268.895240497484,333.978893419497,211.261493842874,1463.25536742405,1404.78051457861,1238.85350154797,197.891859502694,294.413720426272,392.543662428809,914.53509176413,732.753646157505,1341.01227272331
"GENE0106",606.670049989397,346.86553882475,620.413500905656,880.806033518456,1836.43299084614,1603.88725819704,377.430844938606,358.64944124655,347.654241177826,495.15788866702,1238.38952270665,1550.64358233521
"GENE0107",15.8952851525606,15.0344196394629,6.23979095738448,59.4336055005706,38.199334182967,37.1494531103042,20.7467272059276,14.9883348580648,11.4611288300382,42.1960635559721,26.297847007284,47.1081594633483
"GENE0108",42.387427073495,91.2804049538817,126.578616564085,161.659406961552,221.556138261209,226.127105888808,71.017643127983,78.1534603313377,47.7547034584926,128.310478976323,227.117769608362,183.721821907058
"GENE0109",52.9842838418687,78.3937595486278,56.1581186164603,276.960601632659,240.655805352692,204.321992106673,42.2914054582371,80.294651025347,76.4075255335881,342.735373372998,212.773489422571,165.663694112775
"GENE0110",283.465918553998,151.418083511733,444.807955390693,694.184512246665,1074.35627389595,1033.72391263455,257.738187981332,187.35418572581,338.103300486128,712.166215526305,317.964877451707,484.428906481431
"GENE0111",327.177952723539,321.092248014243,518.794048171109,1110.21975075066,1227.15361062781,1275.19535785153,343.916900990569,415.390994637795,434.567801472283,1000.64950718448,970.629625905211,742.738647538791
"GENE0112",6.62303548023359,2.14777423420898,21.3935689967468,64.1882939406162,12.4147836094643,46.0330179845073,5.58565732467282,3.21178604101388,21.0120695217367,31.86233370553,8.36749677504492,20.4135357674509
"GENE0113",3.97382128814015,26.8471779276123,21.3935689967468,8.32070477007988,40.1093008921153,61.3773573126764,7.97951046381831,2.14119069400925,13.3713169683779,20.6674597008843,31.0792737358811,20.4135357674509
"GENE0114",627.863763526144,418.815975670751,362.799274236497,942.61698323905,1119.24049156093,732.490303718389,349.502558315242,428.238138801851,469.906282031567,919.701956689352,656.250818499952,1056.79304396111
"GENE0115",26.4921419209344,56.916017206538,103.402250150943,136.697292651312,82.128568493379,217.243541014605,67.8258389424557,102.777153312444,85.0033721561168,267.815831957292,200.819922601078,71.4473751860782
"GENE0116",108.617781875831,75.1720981973143,84.6828772787893,301.922715942899,313.234540300329,434.48708202921,108.521342307929,110.271320741477,166.186368035554,393.542878471005,320.355590816005,552.735737703286
"GENE0117",639.785227390565,466.067008823349,347.645496197135,1466.82138375408,1128.79032510667,1360.80061936658,353.492313547151,463.567785253003,651.374155173839,1731.76089410326,1479.8515725008,796.913030921641
"GENE0118",88.7486754351301,81.6154208999413,128.361413980481,244.866454662351,229.196005097802,460.330179845073,87.7746151020014,126.330250946546,106.015441677854,125.727046513713,396.858418473559,326.616572279215
"GENE0119",70.2041760904761,48.3249202697021,60.6151121574492,167.602767511609,302.729723400013,310.117173790365,63.0381326641647,26.7648836751157,59.2158322885308,218.730615167692,139.856731811465,242.607021236244
"GENE0120",210.612528271428,222.29463324063,161.343166183799,369.677026213549,422.102642721785,429.641501188735,125.278314281948,61.0239347792637,105.060347608684,343.596517527202,523.566226781382,229.259709388295
"GENE0121",22.5183206327942,53.6943558552245,35.6559483279113,135.508620541301,141.337536476978,76.7216966408456,22.3426292986913,36.4002417981573,22.9222576600764,75.7806855699091,242.657406476303,117.770398658371
"GENE0122",140.408352180952,192.225793961704,162.234564891996,335.205535023218,653.208614528736,386.031273624465,86.9766640556196,113.48310678249,143.264110375478,359.958256457068,620.390118035473,310.128716467043
"GENE0123",327.177952723539,308.205602608989,423.414386393947,725.089987106961,418.282709303489,520.092343544258,280.080817280023,264.437050710143,284.618032612616,361.680544765475,767.418989939834,775.714359163135
"GENE0124",91.3978896272235,156.787519097256,164.90876101659,429.11063171412,212.961288070041,424.795920348261,199.487761595458,83.5064370663609,109.835817954533,600.217475479848,264.17382675499,475.792410579817
"GENE0125",11.9214638644205,25.7732908105078,12.479581914769,7.13203266006847,42.0192676012637,24.2279042023723,9.57541255658198,10.7059534700463,21.0120695217367,37.029198630751,23.9071336429855,7.06622391950224
"GENE0126",84.77485414699,156.787519097256,77.551687613207,496.86494198477,321.829390491497,214.820750594368,87.7746151020014,74.9416742903239,128.93769933793,234.231209943355,311.988094040961,283.434092771145
"GENE0127",315.256488859119,293.171182969526,283.464789206895,940.239639019027,340.92905758298,657.383800691035,188.316446946112,120.977274211523,76.4075255335881,657.05298965728,506.831233231292,591.207401265021
"GENE0128",1132.53906711994,1074.9610042216,1123.16237232921,2399.92899011304,3521.02362831498,2337.99275552893,1188.94705910893,572.768510647475,769.8058197509,2983.86449431517,2487.53725555264,2805.29089604239
"GENE0129",54.3088909379154,41.8815975670751,14.2623793311645,90.3390803608673,73.5337183022115,59.762163699185,18.3528740667821,27.8354790221203,22.9222576600764,44.7794960185827,170.936005547346,120.910942622594
"GENE0130",22.5183206327942,22.5516294591943,18.7193728721534,38.0375075203652,100.273252230288,37.9570499170499,19.9487761595458,19.2707162460833,23.8773517292463,57.6966583316353,45.4235539216724,78.5135991055804
"GENE0131",892.785182735488,1142.61589259918,1713.26831715614,4017.71173183857,3379.686091838,4394.13422550359,756.457591969976,711.945905758077,832.842028316111,2403.453334382,2506.66296246703,2584.66768255571
"GENE0132",120.539245740251,106.314824593345,142.623793311645,408.903205843926,254.980555671305,359.380579001855,136.449628931293,156.306920662675,176.692402796423,275.566129345124,448.258755805978,367.443643814116
"GENE0133",10.5968567683737,5.36943558552245,4.45699354098891,71.3203266006847,41.0642842466895,34.7266626900669,24.7364824378368,14.9883348580648,9.55094069169852,32.7234778597335,35.8607004644782,21.1986717585067
"GENE0134",649.057477062892,761.385966027084,714.901763974621,1330.12409110277,1382.81589742341,1662.84182508948,430.095613999807,611.309943139642,445.073836233151,2196.77873737316,1562.3311835691,1009.68488449776
"GENE0135",124.513067028392,89.1326307196727,127.470015272283,306.677404382944,213.916271424615,302.848802529654,82.1889577773286,107.059534700463,108.880723885363,138.644208826766,274.932036894333,263.020557003694
"GENE0136",60.931926418149,106.314824593345,246.917442170786,219.904340352111,445.022243231565,263.276558999112,123.682412189184,155.236325315671,79.2728077410977,290.205579966584,381.318781605618,405.130171384795
"GENE0137",165.57588700584,254.511246753764,164.90876101659,383.941091533686,584.449812999395,679.18891447317,146.822992534257,82.4358417193562,214.896165563217,411.626905709279,384.904851652066,299.136812592261
"GENE0138",611.968478373584,339.348329005019,270.093808583928,1282.57720670231,845.160268798145,1128.2127390238,274.49515995535,240.883953076041,310.405572480202,733.694819381393,1420.08373839334,573.149273470737
"GENE0139",524.5444100345,540.165219903559,452.830543764473,1231.46430597182,603.549480090879,1231.58513028726,391.793963773479,414.32039929079,520.526267697569,539.076240531399,1071.03958720575,1359.0704005176
"GENE0140",173.52352958212,161.083067565674,157.777571351007,461.204778684428,641.748814273845,471.636535139514,146.822992534257,147.742157886638,53.4852678735117,479.657293891357,451.844825852426,533.892473917947
"GENE0141",129.811495412578,206.186326484062,101.619452734547,458.827434464405,478.446660641662,323.846319505043,83.7848598700923,68.5181022082961,84.048278086947,698.387909059049,175.717432275943,394.138267510014
"GENE0142",263.596812113297,225.516294591943,292.378776288873,662.090365276356,548.160445525576,579.046910436698,209.861125198422,201.27192523687,232.087858808274,311.734183821672,776.981843397028,378.435547688898
"GENE0143",227.832420520036,162.156954682778,213.935689967468,814.240395357817,738.202133085837,892.394471454046,185.124642760585,200.201329889865,299.899537719333,741.445116769224,713.627939243117,635.960152755202
"GENE0144",406.654378486342,382.303813689199,454.613341180869,1224.33227331175,825.105618352087,1148.40265919245,105.329538122402,295.484315773277,481.367410861605,1039.40099412364,510.41730327774,777.284631145246
"GENE0145",156.303637333513,250.215698285346,274.550802124917,770.259527287395,551.025395589299,358.57298219511,98.9459297513471,149.883348580648,183.378061280612,328.095922751538,259.392400026393,657.158824513708
"GENE0146",109.942388971878,123.497018467016,60.6151121574492,269.828568972591,279.810122890233,159.904167735657,107.723391261547,104.918344006453,85.0033721561168,264.371255340478,262.97847007284,176.655597987556
"GENE0147",30.4659632090745,18.2560809907763,29.4161573705268,67.7543102706505,90.7234186845466,54.9165828587105,19.150825113164,13.9177395110601,25.787539867586,73.1972531072986,35.8607004644782,25.1243517137857
"GENE0148",254.32456244097,669.031673956098,557.124192623614,1284.95455092234,1322.65194608523,1832.43715450609,447.650537020207,361.861227287564,337.148206416958,1023.03925519377,1600.58259739788,1046.58627607739
"GENE0149",107.293174779784,37.5860490986572,73.9860927804159,236.545749892271,171.897003823351,333.537481185992,60.6442795250192,44.9650045741943,40.1139509051338,99.031577733404,164.9592221366,240.251613263076
"GENE0150",34.4397844972147,54.768242972329,41.004340577098,74.886342930719,136.562619704107,75.9140998340998,20.7467272059276,37.4708371451619,41.0690449743036,37.8903427849546,57.3771207431652,26.6946236958973
"GENE0151",35.7643915932614,32.2166135131347,34.7645496197135,14.2640653201369,6.68488348201922,4.03798403372871,11.9692656957275,3.21178604101388,21.0120695217367,12.9171623130527,7.17214009289565,7.06622391950224
"GENE0152",55.6334980339622,66.5810012604784,114.990433357514,24.9621143102397,29.6044839917994,16.1519361349149,23.1405803450731,62.0945301262683,34.3833864901147,9.47258569623864,20.3210635965377,15.7027198211161
"GENE0153",103.319353491644,88.0587436025682,205.913101593688,41.6035238503994,47.7491677287087,57.3393732789477,194.700055317167,79.2240556783424,151.859956998006,30.1400453971229,35.8607004644782,34.5459836064554
"GENE0154",732.507724113835,555.199639543022,771.059882591082,177.1121443917,224.421088324931,151.020602861454,435.68127132448,660.557329101855,741.152997675805,123.143614051102,190.061712461735,179.011005960723
"GENE0155",250.35074115283,314.648925311616,220.175480924852,208.017619251997,82.128568493379,37.9570499170499,205.871369966512,202.342520583874,221.581824047406,93.0035686539794,113.558884804181,84.0095510429711
"GENE0156",34.4397844972147,21.4777423420898,50.8097263672736,19.0187537601826,9.54983354574175,12.1139521011861,36.7057481335642,23.5530976341018,30.5630102134353,27.5566129345124,5.97678341074637,3.92567995527902
"GENE0157",7.94764257628031,5.36943558552245,8.91398708197782,5.94336055005706,3.8199334182967,7.26837126071168,18.3528740667821,23.5530976341018,9.55094069169852,4.30572077101756,3.58607004644782,9.42163189266965
"GENE0158",39.7382128814015,27.9210650447168,29.4161573705268,9.5093768800913,19.0996670914835,8.07596806745743,40.6955033654734,22.4825022870972,24.8324457984161,7.75029738783161,9.56285345719419,12.5621758568929
"GENE0159",160.277458621653,251.289585402451,216.609886092061,86.7730640308331,139.42756976783,69.4533253801339,249.758677517513,217.330855441939,287.483314820125,81.8086946493337,81.2842543861506,48.6784314454599
"GENE0160",377.513022373315,262.028456573496,407.369209646386,109.35783412105,166.167103695906,82.3748742880658,394.187816912625,251.589906546087,286.528220750956,94.7258569623864,78.8935410218521,115.414990685203
"GENE0161",94.047103819317,102.019276124927,83.7914785705915,30.9054748602967,18.1446837369093,41.1874371440329,55.8565732467282,53.5297673502313,57.3056441501911,13.7783064672562,25.1024903251348,47.1081594633483
"GENE0162",43.7120341695417,97.7237276565086,152.429179101821,34.471491190331,17.1897003823351,40.3798403372871,72.6135452207466,50.3179813092174,64.9463967035499,14.6394506214597,17.9303502322391,27.4797596869532
"GENE0163",561.633408723809,853.74025809807,866.439544368244,249.621143102397,332.334207391813,250.35501009118,850.615815443032,1484.91574629542,1316.11962731606,312.595327975875,227.117769608362,151.53124627377
"GENE0164",80.8010328588498,105.24093747624,93.5968643607671,4.75468844004565,32.4694340555219,21.8051137821351,55.0586222003464,102.777153312444,68.7667729802293,18.0840272382738,16.7349935500898,28.264895678009
"GENE0165",22.5183206327942,5.36943558552245,18.7193728721534,1.18867211001141,0.954983354574175,8.07596806745743,5.58565732467282,1.07059534700463,10.5060347608684,0,1.19535668214927,1.57027198211161
"GENE0166",294.062775322371,209.407987835376,196.107715803512,90.3390803608673,81.1735851388049,159.904167735657,295.241887161278,441.085282965906,324.73198351775,117.976749125881,71.7214009289565,44.7527514901808
"GENE0167",31.7905703051212,22.5516294591943,16.0451767475601,2.37734422002282,4.77491677287087,5.6531776472202,7.97951046381831,7.49416742903239,13.3713169683779,7.75029738783161,8.36749677504492,10.2067678837255
"GENE0168",185.444993446541,135.309776755166,194.324918387117,38.0375075203652,56.3440179198763,75.1065030273541,207.467272059276,66.3769115142868,64.9463967035499,45.6406401727862,82.4796110682999,37.6865275706786
"GENE0170",304.659632090745,762.459853144188,603.476925449899,217.526996132088,191.951654269409,374.724918330025,544.202613632409,644.498398896785,642.77830855131,267.815831957292,129.098521672122,330.542252234494
"GENE0171",11.9214638644205,10.7388711710449,16.0451767475601,1.18867211001141,1.90996670914835,14.5367425214234,12.7672167421093,3.21178604101388,6.68565848418896,1.72228830840703,2.39071336429855,2.35540797316741
"GENE0172",133.785316700719,135.309776755166,297.727168538059,90.3390803608673,74.4887016567856,43.6102275642701,126.076265328329,259.08407397512,148.039580721327,37.029198630751,58.5724774253144,96.5717268998639
"GENE0173",59.6073193221023,64.4332270262694,43.6785367016913,41.6035238503994,39.1543175375412,18.5747265551521,100.541831844111,71.72988824931,44.889421250983,32.7234778597335,22.7117769608362,18.8432637853393
"GENE0174",34.4397844972147,15.0344196394629,14.2623793311645,17.8300816501712,12.4147836094643,0,26.3323845306004,21.4119069400925,38.2037627667941,5.16686492522108,8.36749677504492,4.71081594633483
"GENE0175",18.5444993446541,11.8127582881494,22.2849677049446,11.8867211001141,8.59485019116757,4.84558084047446,22.3426292986913,18.2001208990787,15.2815051067176,5.16686492522108,7.17214009289565,10.9919038747813
"GENE0176",1160.35581613693,1044.89216494267,1704.35433007416,247.243798882374,276.945172826511,219.666331434842,1117.92941598095,1234.39643509633,1233.02644329828,344.457661681405,268.955253483587,237.111069298853
"GENE0177",17.2198922486073,36.5121619815527,41.8957392852958,4.75468844004565,0,4.84558084047446,32.7159929016551,18.2001208990787,19.101881383397,3.44457661681405,8.36749677504492,6.28108792844643
"GENE0178",964.313965922011,768.903175846815,536.622022335065,178.300816501712,239.700821998118,171.210523030097,762.043249294649,388.626110962679,799.413735895166,225.61976840132,239.071336429855,230.829981370406
"GENE0179",866.293040814554,808.636999179681,880.701923699409,326.884830253138,312.279556945755,340.805852446703,903.280584504233,548.144817666369,734.467339191616,201.507732083622,341.872011094692,358.022011921447
"GENE0180",336.450202395866,239.476827114301,263.854017626544,105.791817791016,84.0385352025274,130.83068269281,457.225949576789,253.731097240096,250.234646122501,80.0864063409267,90.8471078433448,96.5717268998639
"GENE0181",135.109923796765,124.570905584121,108.750642400129,55.8675891705364,43.929234310412,41.9950339507786,71.017643127983,108.130130047467,121.296946784571,63.7246674110599,39.446770510926,31.4054396422322
"GENE0182",172.198922486073,298.540618555048,205.02170288549,45.1695401804337,63.9838847564697,88.028051935286,248.960726471131,94.2123905364071,110.790912023703,39.6126310933616,103.996031346987,113.844718703092
"GENE0183",10.5968567683737,3.22166135131347,6.23979095738448,4.75468844004565,0,1.61519361349149,10.3733636029638,8.56476277603701,9.55094069169852,8.61144154203513,5.97678341074637,1.57027198211161
"GENE0184",141.732959276999,156.787519097256,138.166799770656,48.7355565104679,38.199334182967,30.6886786563382,142.833237302348,143.45977649862,128.93769933793,18.0840272382738,49.0096239681202,73.8027831592456
"GENE0185",985.507679458758,658.292802785053,891.398708197782,399.393828963834,248.295672189285,200.284008072944,620.805914085065,1073.80713304564,1189.09211611647,421.960635559721,276.127393576482,292.070588672759
"GENE0186",299.361203706558,280.284537564272,232.655062839621,124.810571551198,119.372919321772,92.8736327757604,252.152530656659,266.578241404152,205.345224871518,116.254460817474,99.2146046183898,63.5960152755202
"GENE0187",619.916120949864,553.051865308813,647.15546215159,375.620386763606,344.748991001277,254.392994124909,646.340347569283,772.96984053734,265.516151229219,232.508921634948,243.852763158452,312.48412444021
"GENE0188",177.49735087026,302.836167023466,106.076446275536,143.829325311381,135.607636349533,75.9140998340998,293.645985068514,189.495376419819,273.156903782578,149.839082831411,123.121738261375,64.381151266576
"GENE0189",238.429277288409,191.151906844599,246.026043462588,87.9617361408445,195.771587687706,152.635796474945,277.686964140877,238.742762382032,295.124067373484,130.893911438934,96.8238912540912,81.6541430698037
"GENE0190",419.90044944681,283.506198915586,506.31446625634,97.4711130209358,113.643019194327,155.866183701928,540.2128584005,428.238138801851,264.561057160049,124.865902359509,82.4796110682999,98.9271348730313
"GENE0191",234.455456000269,341.496103239228,317.33794011841,96.2824409109244,74.4887016567856,100.142004036472,209.06317415204,357.578845899545,232.087858808274,105.059586812829,88.4563944790463,76.9433271234688
"GENE0192",390.759093333782,690.509416298187,412.717601895573,211.583635582031,148.022419958997,249.547413284434,600.857137925519,598.462798975586,640.86812041297,185.145993153755,160.177795408003,134.258254470543
"GENE0193",215.910956655615,253.43735963666,307.532554328235,33.2828190803195,63.0289014018955,73.4913094138626,201.083663688221,135.965609069588,168.096556173894,52.5297934064143,57.3771207431652,76.9433271234688
"GENE0194",98.0209251074571,66.5810012604784,107.859243691932,16.6414095401598,21.0096338006318,12.1139521011861,71.8155941743648,62.0945301262683,88.8237484327962,22.3897480092913,20.3210635965377,29.8351676601206
"GENE0195",385.460664949595,592.785688641679,685.485606604095,89.1504082508559,169.032053759629,94.4888263892519,318.382467506351,448.579450394939,400.184414982168,168.784254223888,131.48923503642,84.0095510429711
"GENE0196",348.371666260287,173.969712970927,164.017362308392,36.8488354103538,95.4983354574175,56.531776472202,144.429139395111,156.306920662675,182.422967211442,56.8355141774318,65.7446175182101,68.306831221855
"GENE0197",11.9214638644205,9.66498405394042,26.7419612459335,2.37734422002282,0,4.03798403372871,15.9590209276366,5.35297673502313,10.5060347608684,1.72228830840703,4.7814267285971,3.92567995527902
"GENE0198",141.732959276999,304.983941257675,311.098149161026,74.886342930719,89.7684353299724,78.336890254337,226.61809717244,131.683227681569,175.737308727253,74.0583972615021,90.8471078433448,72.232511177134
"GENE0199",250.35074115283,398.412120445766,208.587297718281,84.3957198108102,96.4533188119917,67.0305349598966,248.960726471131,218.401450788944,125.117323061251,87.8367037287583,60.963190789613,84.7946870340269
"GENE0200",62.2565335141958,112.758147295972,142.623793311645,46.3582122904451,30.5594673463736,40.3798403372871,118.894705910893,94.2123905364071,101.239971332004,34.4457661681405,43.0328405573739,36.116255588567
"GENE0201",124.513067028392,170.748051619614,101.619452734547,38.0375075203652,35.3343841192445,16.1519361349149,117.298803818129,146.671562539634,124.162228992081,50.8075050980072,31.0792737358811,29.0500316690648
"GENE0202",761.649080226863,461.771460354931,672.114625981128,288.847322732773,212.961288070041,301.233608916162,558.565732467282,415.390994637795,599.799075438667,174.812263303313,242.657406476303,164.878558121719
"GENE0203",10.5968567683737,22.5516294591943,48.1355302426802,16.6414095401598,4.77491677287087,20.9975169753893,28.7262376697459,49.2473859622128,31.5181042826051,9.47258569623864,9.56285345719419,8.63649590161385
"GENE0204",561.633408723809,906.36072683619,575.843565495767,387.50710786372,314.189523654904,234.203073956265,1078.82981470824,1343.59716049081,724.916398499917,360.819400611272,359.802361326932,273.22732488742
"GENE0205",920.601931752469,840.853612692816,492.943485633374,300.734043832887,147.067436604423,262.468962192366,713.368235465357,1519.17479739957,820.425805416903,310.011895513265,359.802361326932,284.219228762201
"GENE0206",810.659542780592,1079.25655269001,1209.62804702439,282.903962182716,464.121910323049,428.026307575244,789.971535918013,1169.09011892905,1853.83758825868,225.61976840132,353.825577916185,266.946236958973
"GENE0207",10.5968567683737,12.8866454052539,6.23979095738448,3.56601633003424,4.77491677287087,0,10.3733636029638,12.8471441640555,16.2365991758875,0,11.9535668214927,1.57027198211161
"GENE0208",25.1675348248876,65.5071141433739,28.524758662329,23.7734422002282,24.8295672189285,12.9215489079319,54.2606711539645,31.0472650631342,30.5630102134353,13.7783064672562,9.56285345719419,17.2729918032277
"GENE0209",25.1675348248876,15.0344196394629,24.9591638295379,4.75468844004565,9.54983354574175,6.46077445396594,5.58565732467282,48.1767906152082,29.6079161442654,3.44457661681405,15.5396368679406,5.49595193739063
"GENE0210",433.146520407277,796.824240891532,490.26928950878,255.564503652454,177.626903950797,292.350044041959,643.148543383756,589.898036199549,734.467339191616,155.005947756632,329.9184442732,233.97052533463
"GENE0211",17.2198922486073,4.29554846841796,14.2623793311645,7.13203266006847,0.954983354574175,2.42279042023723,7.97951046381831,10.7059534700463,17.1916932450573,5.16686492522108,1.19535668214927,0.785135991055804
"GENE0212",766.94750861105,931.060130529593,374.387457443069,297.168027502853,244.475738770989,311.732367403857,1141.06999632602,1135.90166317191,549.179089772665,527.881366526753,215.164202786869,376.08013971573
"GENE0213",340.424023684007,260.954569456391,246.917442170786,99.8484572409586,106.958135712308,109.833165717421,314.392712274442,144.530371845625,273.156903782578,134.338488055748,64.5492608360608,85.5798230250827
"GENE0214",615.942299661724,469.288670174662,847.720171496091,273.394585302625,166.167103695906,132.445876306302,555.373928281755,423.955757413832,437.433083679792,201.507732083622,172.131362229495,157.027198211161
"GENE0215",707.340189288947,911.730162421713,836.13198828952,291.224666952796,178.581887305371,352.112207741144,689.429704073902,764.405077761303,522.436455835909,235.092354097559,213.96884610472,241.036749254132
"GENE0216",17.2198922486073,13.9605325223584,17.8279741639556,3.56601633003424,2.86495006372252,12.1139521011861,13.5651677884911,12.8471441640555,22.9222576600764,6.8891532336281,9.56285345719419,3.92567995527902
"GENE0217",19.8691064407008,9.66498405394042,12.479581914769,9.5093768800913,6.68488348201922,1.61519361349149,16.7569719740185,24.6236929811064,11.4611288300382,3.44457661681405,4.7814267285971,6.28108792844643
"GENE0218",84.77485414699,98.7976147736131,132.81840752147,73.6976708207075,20.0546504460577,69.4533253801339,129.268069513857,126.330250946546,46.7996093893227,43.9183518643791,41.8374838752246,72.232511177134
"GENE0219",143.057566373046,106.314824593345,137.275401062458,32.0941469703081,64.9388681110439,36.3418563035584,94.9561745194379,80.294651025347,92.6441247094756,45.6406401727862,46.6189106038217,35.3311195975112
"GENE0220",5.29842838418687,4.29554846841796,27.6333599541312,13.0753932101255,3.8199334182967,4.84558084047446,6.38360837105465,1.07059534700463,4.77547034584926,3.44457661681405,5.97678341074637,7.85135991055804
"GENE0221",547.062730667295,510.096380624633,806.715830918993,174.734800171678,93.5883687482691,478.09730959348,339.92714575866,486.0502875401,580.69719405527,194.618578849994,239.071336429855,265.375964976862
"GENE0222",41.0628199774483,49.3988073868066,31.1989547869224,24.9621143102397,11.4598002548901,24.2279042023723,33.5139439480369,67.4475068612915,35.3384805592845,4.30572077101756,8.36749677504492,1.57027198211161
"GENE0223",33.115177401168,12.8866454052539,11.5881832065712,8.32070477007988,14.3247503186126,8.07596806745743,2.39385313914549,7.49416742903239,4.77547034584926,7.75029738783161,4.7814267285971,2.35540797316741
"GENE0224",51.659676745822,51.5465816210155,32.0903534951202,11.8867211001141,7.6398668365934,13.7291457146776,32.7159929016551,25.694288328111,29.6079161442654,8.61144154203513,7.17214009289565,16.4878558121719
"GENE0225",67.5549618983826,74.0982110802099,184.519532596941,19.0187537601826,39.1543175375412,25.8430978158638,49.4729648756735,131.683227681569,76.4075255335881,9.47258569623864,16.7349935500898,25.9094877048415
"GENE0226",234.455456000269,222.29463324063,139.058198478854,45.1695401804337,103.138202294011,34.7266626900669,96.5520766122016,152.024539274657,156.635427343856,45.6406401727862,52.5956940145681,60.4554713112969
"GENE0227",417.251235254716,258.806795222182,513.445655921923,172.357455951655,143.247503186126,193.015636812233,193.902104270785,322.249199448393,277.932374128427,113.671028354864,80.0888977040014,86.3649590161385
"GENE0228",250.35074115283,141.753099457793,120.338825606701,93.9050966909016,42.0192676012637,34.7266626900669,202.679565780985,78.1534603313377,96.464500986155,41.3349194017686,47.814267285971,46.3230234722925
"GENE0229",378.837629469361,175.043600088032,190.759323554325,154.527374301484,118.417935967198,117.101536978133,248.16277542475,211.977878706916,202.479942664009,55.9743700232283,56.1817640610159,47.8932954544041
"GENE0230",237.104670192363,70.8765497288964,104.293648859141,22.5847700902168,50.6141177924313,50.071002018236,33.5139439480369,102.777153312444,177.647496865592,44.7794960185827,65.7446175182101,69.8771032039666
"GENE0231",15.8952851525606,9.66498405394042,22.2849677049446,7.13203266006847,7.6398668365934,8.07596806745743,40.6955033654734,6.42357208202776,20.0569754525669,7.75029738783161,3.58607004644782,7.85135991055804
"GENE0232",1219.96313545903,723.799916928427,627.544690571239,395.8278126338,216.781221488338,168.78773260986,973.500276585834,979.594742509233,446.028930302321,240.25921902278,194.843139190332,226.904301415127
"GENE0233",17.2198922486073,11.8127582881494,8.02258837378004,8.32070477007988,1.90996670914835,5.6531776472202,15.9590209276366,29.9766697161295,6.68565848418896,4.30572077101756,9.56285345719419,6.28108792844643
"GENE0235",7.94764257628031,10.7388711710449,9.8053857901756,2.37734422002282,3.8199334182967,12.9215489079319,21.5446782523094,10.7059534700463,6.68565848418896,3.44457661681405,3.58607004644782,7.06622391950224
"GENE0236",31.7905703051212,21.4777423420898,5.34839224918669,3.56601633003424,4.77491677287087,3.23038722698297,19.150825113164,9.63535812304164,6.68565848418896,0.861144154203513,2.39071336429855,4.71081594633483
"GENE0237",45.0366412655884,42.9554846841796,52.5925237836692,22.5847700902168,13.3697669640384,21.8051137821351,15.9590209276366,31.0472650631342,22.9222576600764,6.8891532336281,13.148923503642,8.63649590161385
"GENE0238",23.8429277288409,42.9554846841796,38.3301444525046,5.94336055005706,21.0096338006318,21.8051137821351,32.7159929016551,25.694288328111,23.8773517292463,9.47258569623864,16.7349935500898,6.28108792844643
"GENE0239",6.62303548023359,8.59109693683592,16.9365754557579,3.56601633003424,3.8199334182967,0,24.7364824378368,3.21178604101388,14.3264110375478,5.16686492522108,5.97678341074637,11.7770398658371
"GENE0240",229.157027616082,265.250117924809,310.206750452828,116.489866781118,94.5433521028433,93.6812295825062,204.275467873749,344.73170173549,517.66098549006,40.4737752475651,100.409961300539,104.423086810422
"GENE0241",340.424023684007,197.595229547226,259.397024085555,76.0750150407304,61.1189346927472,59.762163699185,315.988614367205,135.965609069588,248.324457984161,128.310478976323,60.963190789613,60.4554713112969
"GENE0242",23.8429277288409,13.9605325223584,24.0677651213401,11.8867211001141,6.68488348201922,12.9215489079319,7.18155941743648,13.9177395110601,21.9671635909066,2.58343246261054,4.7814267285971,3.14054396422322
"GENE0243",35.7643915932614,39.7338233328662,28.524758662329,11.8867211001141,3.8199334182967,9.69116168094891,8.77746151020014,35.3296464511527,19.101881383397,3.44457661681405,8.36749677504492,5.49595193739063
"GENE0244",283.465918553998,213.703536303794,169.365754557579,105.791817791016,93.5883687482691,84.797664708303,282.474670419168,204.483711277884,263.605963090879,77.5029738783161,92.0424645254941,62.8108792844643
"GENE0245",6.62303548023359,10.7388711710449,10.6967844983734,2.37734422002282,3.8199334182967,1.61519361349149,3.19180418552732,6.42357208202776,9.55094069169852,0,0,8.63649590161385
"GENE0246",5.29842838418687,10.7388711710449,12.479581914769,0,0.954983354574175,2.42279042023723,8.77746151020014,11.7765488170509,10.5060347608684,4.30572077101756,3.58607004644782,1.57027198211161
"GENE0247",18.5444993446541,7.51720981973143,13.3709806229667,3.56601633003424,4.77491677287087,7.26837126071168,15.9590209276366,29.9766697161295,18.1467873142272,12.9171623130527,7.17214009289565,1.57027198211161
"GENE0248",21.1937135367475,27.9210650447168,28.524758662329,14.2640653201369,6.68488348201922,8.88356487420317,11.1713146493456,39.6120278391712,25.787539867586,10.3337298504422,7.17214009289565,10.9919038747813
"GENE0249",2.64921419209344,5.36943558552245,32.9817522033179,2.37734422002282,0,9.69116168094891,1.59590209276366,6.42357208202776,15.2815051067176,0.861144154203513,1.19535668214927,5.49595193739063
"GENE0250",34.4397844972147,44.0293718012841,43.6785367016913,11.8867211001141,10.5048169003159,6.46077445396594,21.5446782523094,14.9883348580648,41.0690449743036,7.75029738783161,7.17214009289565,10.2067678837255
"GENE0251",524.5444100345,647.553931614008,669.440429856534,202.07425870194,191.951654269409,204.321992106673,283.27262146555,800.805319559461,595.023605092818,142.949929597783,265.369183437139,265.375964976862
"GENE0252",131.136102508625,229.811843060361,124.79581914769,77.2636871507418,48.7041510832829,91.2584391622689,96.5520766122016,207.695497318898,98.3746891244947,71.4749647988915,65.7446175182101,52.6041114007389
"GENE0254",34.4397844972147,9.66498405394042,21.3935689967468,2.37734422002282,0,1.61519361349149,0.797951046381831,2.14119069400925,12.4162228992081,1.72228830840703,0,2.35540797316741
"GENE0255",25.1675348248876,27.9210650447168,24.9591638295379,5.94336055005706,9.54983354574175,1.61519361349149,15.1610698812548,17.129525552074,18.1467873142272,9.47258569623864,4.7814267285971,2.35540797316741
"GENE0256",5.29842838418687,22.5516294591943,8.91398708197782,10.6980489901027,0.954983354574175,5.6531776472202,3.98975523190916,4.28238138801851,7.64075255335881,9.47258569623864,7.17214009289565,2.35540797316741
"GENE0257",56.9581051300089,37.5860490986572,30.3075560787246,19.0187537601826,25.7845505735027,19.3823233618978,43.8873075510007,42.8238138801851,51.575079735172,12.0560181588492,13.148923503642,24.3392157227299
"GENE0258",96.6963180114104,105.24093747624,196.99911451171,22.5847700902168,22.9196005097802,53.301389245219,92.5623213802924,67.4475068612915,117.476570507892,43.0572077101756,34.665343782329,40.041935543846
"GENE0259",34.4397844972147,4.29554846841796,9.8053857901756,1.18867211001141,1.90996670914835,7.26837126071168,4.78770627829099,13.9177395110601,13.3713169683779,3.44457661681405,0,3.92567995527902
"GENE0260",193.392636022821,220.146859006421,205.913101593688,64.1882939406162,89.7684353299724,50.071002018236,207.467272059276,159.518706703689,112.701100162043,76.6418297241126,44.2281972395231,49.4635674365157
"GENE0261",642.434441582658,644.332270262694,525.925237836692,111.735178341073,140.382553122404,183.324475131284,320.776320645496,376.849562145629,369.621404768733,173.95111914911,173.326718911645,231.615117361462
"GENE0262",413.277413966576,444.589266481259,542.861813292449,236.545749892271,179.536870659945,123.562311432099,419.722250396843,487.120882887105,379.172345460431,117.115604971678,75.3074709754043,90.2906389714175
"GENE0263",193.392636022821,285.653973149794,145.297989436239,114.112522561096,83.0835518479532,124.369908238844,229.011950311586,134.895013722583,201.524848594839,30.1400453971229,68.1353308825086,79.2987350966362
"GENE0265",17.2198922486073,57.9899043236425,41.8957392852958,7.13203266006847,10.5048169003159,17.7671297484063,47.079111736528,39.6120278391712,45.8445153201529,11.1948740046457,2.39071336429855,18.8432637853393
"GENE0266",119.214638644205,64.4332270262694,86.4656746951849,64.1882939406162,60.163951338173,42.8026307575244,106.925440215165,127.400846293551,102.195065401174,25.8343246261054,27.4932036894333,33.7608476153996
"GENE0267",157.628244429559,120.275357115703,307.532554328235,89.1504082508559,53.4790678561538,56.531776472202,223.426292986913,96.3535812304164,279.842562266767,48.2240726353967,58.5724774253144,39.2567995527902
"GENE0268",83.4502470509432,33.2905006302392,40.1129418689002,19.0187537601826,19.0996670914835,9.69116168094891,59.0483774322555,40.6826231861758,48.7097975276624,6.8891532336281,17.9303502322391,10.2067678837255
"GENE0269",37.0889986893081,30.0688392789257,65.0721056984381,8.32070477007988,8.59485019116757,3.23038722698297,23.9385313914549,25.694288328111,29.6079161442654,12.9171623130527,9.56285345719419,7.85135991055804
"GENE0270",25.1675348248876,19.3299681078808,8.91398708197782,7.13203266006847,11.4598002548901,7.26837126071168,16.7569719740185,38.5414324921666,15.2815051067176,8.61144154203513,7.17214009289565,3.92567995527902
"GENE0271",78.1518186667564,55.8421300894335,40.1129418689002,29.7168027502853,8.59485019116757,10.4987584876947,33.5139439480369,43.8944092271897,78.3177136719278,13.7783064672562,7.17214009289565,20.4135357674509
"GENE0272",18.5444993446541,36.5121619815527,38.3301444525046,3.56601633003424,12.4147836094643,17.7671297484063,22.3426292986913,28.9060743691249,28.6528220750956,12.0560181588492,11.9535668214927,7.06622391950224
"GENE0273",26.4921419209344,22.5516294591943,32.9817522033179,8.32070477007988,10.5048169003159,5.6531776472202,31.1200908088914,12.8471441640555,51.575079735172,8.61144154203513,4.7814267285971,25.9094877048415
"GENE0274",14.5706780565139,20.4038552249853,6.23979095738448,1.18867211001141,1.90996670914835,8.07596806745743,36.7057481335642,16.0589302050694,46.7996093893227,6.02800907942459,9.56285345719419,10.2067678837255
"GENE0275",14.5706780565139,15.0344196394629,6.23979095738448,1.18867211001141,2.86495006372252,2.42279042023723,11.9692656957275,28.9060743691249,20.0569754525669,1.72228830840703,7.17214009289565,4.71081594633483
"GENE0276",62.2565335141958,76.2459853144188,90.031269527976,16.6414095401598,27.6945172826511,11.3063552944404,55.8565732467282,76.0122696373285,83.0931840177771,18.9451713924773,33.4699871001797,16.4878558121719
"GENE0277",3.97382128814015,7.51720981973143,8.91398708197782,0,2.86495006372252,5.6531776472202,7.97951046381831,10.7059534700463,1.9101881383397,1.72228830840703,4.7814267285971,3.14054396422322
"GENE0278",590.774764836836,467.140895940453,469.767119220231,310.243420712979,127.012786158365,265.699349419349,398.975523190916,502.10921774517,638.957932274631,147.255650368801,161.373152090152,223.763757450904
"GENE0279",23.8429277288409,94.5020663051952,95.3796617771627,30.9054748602967,13.3697669640384,13.7291457146776,64.6340347569283,33.1884557571434,47.7547034584926,16.3617389298667,19.1257069143884,14.1324478390045
"GENE0280",221.209385039802,296.392844320839,184.519532596941,121.244555221164,46.7941843741346,61.3773573126764,160.388160322748,249.448715852078,164.276179897214,74.0583972615021,74.112114293255,62.0257432934085
"GENE0282",35.7643915932614,44.0293718012841,38.3301444525046,22.5847700902168,9.54983354574175,21.8051137821351,35.1098460408006,34.259051104148,21.9671635909066,27.5566129345124,13.148923503642,11.7770398658371
"GENE0284",454.340233944024,638.962834677172,955.579415188022,293.602011172819,205.321421233448,307.694383370128,507.496865498845,392.908492350698,392.543662428809,167.923110069685,149.419585268659,219.838077495625
"GENE0285",1213.34009997879,1156.57642512154,1871.04588850714,217.526996132088,482.266594059958,359.380579001855,840.242451840068,1013.85379361338,733.512245122446,281.594138424549,337.090584366095,255.169197093136
"GENE0286",63.5811406102425,82.6893080170458,108.750642400129,53.4902449505135,42.0192676012637,66.2229381531509,113.30904858622,118.836083517514,86.9135602944565,18.0840272382738,16.7349935500898,28.264895678009
"GENE0287",31.7905703051212,28.9949521618212,26.7419612459335,10.6980489901027,10.5048169003159,14.5367425214234,46.2811606901462,31.0472650631342,35.3384805592845,12.0560181588492,8.36749677504492,4.71081594633483
"GENE0288",19.8691064407008,26.8471779276123,25.8505625377357,3.56601633003424,5.72990012744505,5.6531776472202,31.1200908088914,20.3413115930879,12.4162228992081,15.5005947756632,10.7582101393435,3.92567995527902
"GENE0289",76.8272115707097,57.9899043236425,41.8957392852958,41.6035238503994,9.54983354574175,25.8430978158638,71.8155941743648,69.5886975553007,106.015441677854,24.1120363176984,8.36749677504492,18.0581277942835
"GENE0290",22.5183206327942,8.59109693683592,14.2623793311645,1.18867211001141,1.90996670914835,1.61519361349149,9.57541255658198,3.21178604101388,20.0569754525669,9.47258569623864,1.19535668214927,5.49595193739063
"GENE0291",0,32.2166135131347,28.524758662329,1.18867211001141,2.86495006372252,10.4987584876947,0.797951046381831,3.21178604101388,16.2365991758875,2.58343246261054,7.17214009289565,3.92567995527902
"GENE0292",18.5444993446541,5.36943558552245,26.7419612459335,5.94336055005706,3.8199334182967,4.03798403372871,17.5549230204003,2.14119069400925,6.68565848418896,1.72228830840703,9.56285345719419,0
"GENE0293",884.837540159208,729.169352513949,1163.27531419811,398.205156853823,84.0385352025274,260.853768578875,531.4353968903,820.076035805544,518.61607955923,178.256839920127,327.527730908901,350.955788001945
"GENE0294",27.8167490169811,9.66498405394042,18.7193728721534,5.94336055005706,2.86495006372252,8.88356487420317,8.77746151020014,19.2707162460833,20.0569754525669,10.3337298504422,3.58607004644782,6.28108792844643
"GENE0295",109.942388971878,79.4676466657323,96.2710604853605,29.7168027502853,33.4244174100961,37.1494531103042,70.2196920816012,80.294651025347,52.5301738043418,18.0840272382738,21.5164202786869,18.0581277942835
"GENE0296",38.4136057853548,20.4038552249853,37.4387457443068,7.13203266006847,16.234717027761,8.88356487420317,7.18155941743648,31.0472650631342,18.1467873142272,3.44457661681405,13.148923503642,5.49595193739063
"GENE0297",451.691019751931,315.72281242872,351.211091029926,148.584013751427,121.28288603092,58.1469700856935,276.889013094495,449.650045741943,264.561057160049,168.784254223888,60.963190789613,147.605566318491
"GENE0298",56.9581051300089,38.6599362157617,35.6559483279113,16.6414095401598,10.5048169003159,4.84558084047446,48.6750138292917,31.0472650631342,30.5630102134353,16.3617389298667,16.7349935500898,26.6946236958973
"GENE0299",235.780063096316,169.67416450251,352.993888446322,83.2070477007988,107.913119066882,84.797664708303,307.211152857005,99.5653672714303,170.961838381403,48.2240726353967,62.1585474717623,61.2406073023527
"GENE0300",250.35074115283,397.338233328661,864.656746951849,335.205535023218,133.697669640384,146.982618827725,430.893565046189,441.085282965906,624.631521237083,121.421325742695,92.0424645254941,163.308286139607
"GENE0301",84.77485414699,158.935293331465,66.8549031148337,112.923850451084,124.147836094643,136.483860340031,149.216845673402,167.012874132722,140.398828167968,166.200821761278,338.285941048245,144.465022354268
"GENE0302",817.282578260825,769.97706296392,714.010365266424,682.29779114655,450.75214335901,351.304610934398,1713.20089658179,1750.42339235256,604.574545784516,1089.34735506744,1882.68677438511,935.882101338519
"GENE0303",27.8167490169811,22.5516294591943,45.4613341180869,27.3394585302625,24.8295672189285,35.5342594968127,90.1684682411469,31.0472650631342,18.1467873142272,60.2800907942459,41.8374838752246,93.4311829356407
"GENE0304",37.0889986893081,28.9949521618212,48.1355302426802,35.6601633003424,33.4244174100961,25.8430978158638,72.6135452207466,79.2240556783424,102.195065401174,83.5309829577407,77.6981843397028,93.4311829356407
"GENE0305",7.94764257628031,17.1821938736718,19.6107715803512,21.3960979802054,11.4598002548901,23.4203073956265,22.3426292986913,44.9650045741943,25.787539867586,24.9731804719019,29.8839170537319,59.6703353202411
"GENE0306",675.549618983826,1067.44379440186,532.165028794076,802.353674257703,1331.2467962764,1210.58761331187,1308.6397160662,2776.053734783,1066.84007526272,3465.24407651493,968.238912540912,1733.58026825122
"GENE0307",201.340278599101,187.930245493286,238.003455088808,251.998487322419,381.99334182967,302.848802529654,372.643138660315,389.696706309684,596.933793231157,364.263977228086,301.229883901617,574.719545452849
"GENE0308",225.183206327942,340.422216122124,434.11117089232,256.753175762465,203.411454524299,220.473928241588,355.088215639915,392.908492350698,734.467339191616,536.492808068788,516.394086688486,593.562809238188
"GENE0309",41.0628199774483,17.1821938736718,21.3935689967468,11.8867211001141,15.2797336731868,25.035501009118,22.3426292986913,47.1061952682036,47.7547034584926,23.2508921634948,33.4699871001797,76.9433271234688
"GENE0310",75.5026044746629,118.127582881494,139.949597187052,92.7164245808901,70.6687682384889,87.2204551285402,117.298803818129,150.953943927652,81.1829958794374,141.227641289376,158.982438725853,155.456926229049
"GENE0311",313.931881763072,592.785688641679,877.136328866618,449.318057584314,558.665262425892,914.199585236181,2989.12461974634,1446.37431380325,2143.23109121715,1861.79366138799,676.571882096489,987.701076748202
"GENE0312",207.963314079335,287.801747384003,222.849677049446,281.715290072705,126.057802803791,180.901684711046,634.371081873556,344.73170173549,499.514198175832,467.601275732507,235.485266383407,263.80569299475
"GENE0313",210.612528271428,324.313909365556,248.700239587181,319.75279759307,278.855139535659,209.167572947147,432.489467138953,489.262073581114,719.185834084898,607.96777286768,522.370870099233,1074.06603576434
"GENE0314",11.9214638644205,15.0344196394629,32.9817522033179,22.5847700902168,21.964617155206,8.07596806745743,29.5241887161278,50.3179813092174,23.8773517292463,11.1948740046457,46.6189106038217,35.3311195975112
"GENE0315",26.4921419209344,16.1083067565674,8.02258837378004,26.1507864202511,15.2797336731868,22.6127105888808,53.4627201075827,20.3413115930879,46.7996093893227,62.0023791026529,23.9071336429855,22.7689437406183
"GENE0316",6.62303548023359,6.44332270262694,10.6967844983734,32.0941469703081,5.72990012744505,0.807596806745743,50.2709159220554,16.0589302050694,47.7547034584926,40.4737752475651,20.3210635965377,36.9013915796228
"GENE0317",23.8429277288409,15.0344196394629,11.5881832065712,13.0753932101255,13.3697669640384,15.3443393281691,22.3426292986913,33.1884557571434,33.4282924209448,26.6954687803089,47.814267285971,28.264895678009
"GENE0318",15.8952851525606,6.44332270262694,1.78279741639556,14.2640653201369,2.86495006372252,17.7671297484063,20.7467272059276,12.8471441640555,10.5060347608684,11.1948740046457,15.5396368679406,40.041935543846
"GENE0319",133.785316700719,74.0982110802099,80.2258837378004,82.0183755907874,180.491854014519,91.2584391622689,371.845187613933,311.543245978346,511.930421075041,316.039904592689,212.773489422571,232.400253352518
"GENE0320",13.2460709604672,15.0344196394629,30.3075560787246,10.6980489901027,22.9196005097802,48.4558084047446,104.53158707602,76.0122696373285,64.9463967035499,46.5017843269897,71.7214009289565,100.497406855143
"GENE0321",154.979030237466,100.945389007822,119.447426898503,84.3957198108102,133.697669640384,137.291457146776,311.998859135296,295.484315773277,211.075789286537,409.043473246668,426.742335527291,332.897660207661
"GENE0322",254.32456244097,129.940341169643,102.510851442745,234.168405672248,162.34717027761,108.21797210393,438.873075510007,633.792445426739,297.034255511824,260.926678723664,616.804047989026,373.724731742563
"GENE0323",42.387427073495,61.211565674956,144.406590728041,53.4902449505135,76.398668365934,84.797664708303,134.853726838529,162.730492744703,161.410897689705,112.80988420066,137.466018447167,142.894750372156
"GENE0324",35.7643915932614,45.1032589183886,6.23979095738448,58.2449333905592,23.8745838643544,23.4203073956265,54.2606711539645,89.9300091483886,63.9913026343801,75.7806855699091,90.8471078433448,15.7027198211161
"GENE0325",1006.70139299551,584.194591704843,1149.90433357514,713.203266006847,785.951300814546,583.084894470426,1132.29253481582,2036.2723500028,1048.6932879485,2008.18816760259,1912.57069143884,1872.54933866809
"GENE0326",711.314010577088,402.707668914184,779.973869673059,678.731774816516,975.038005020233,931.966714984587,1504.13772242975,2751.43004180189,1099.3132736145,2472.34486671828,2466.02083527395,1488.6178390418
"GENE0327",6.62303548023359,10.7388711710449,8.02258837378004,15.4527374301484,1.90996670914835,16.1519361349149,24.7364824378368,6.42357208202776,20.0569754525669,24.9731804719019,35.8607004644782,40.041935543846
"GENE0328",63.5811406102425,61.211565674956,57.0495173246581,62.9996218306048,104.093185648585,43.6102275642701,185.124642760585,238.742762382032,84.048278086947,178.256839920127,163.763865454451,170.37451005911
"GENE0329",5.29842838418687,15.0344196394629,13.3709806229667,17.8300816501712,19.0996670914835,22.6127105888808,42.2914054582371,37.4708371451619,20.0569754525669,37.8903427849546,14.3442801857913,63.5960152755202
"GENE0330",68.8795689944293,45.1032589183886,61.506510865647,62.9996218306048,122.237869385494,47.6482115979988,254.546383795804,216.260260094935,93.5992187786455,113.671028354864,106.386744711285,101.282542846199
"GENE0331",72.8533902825695,104.167050359136,142.623793311645,103.414473570993,108.868102421456,56.531776472202,264.919747398768,316.896222713369,228.267482531595,356.513679840254,265.369183437139,325.046300297103
"GENE0332",34.4397844972147,5.36943558552245,42.7871379934935,13.0753932101255,12.4147836094643,6.46077445396594,43.8873075510007,25.694288328111,29.6079161442654,31.86233370553,23.9071336429855,71.4473751860782
"GENE0333",51.659676745822,68.7287754946874,75.7688901968115,47.5468844004565,80.2186017842307,78.336890254337,150.812747766166,132.753823028574,241.638799499972,86.9755595745548,102.800674664838,97.3568628909197
"GENE0334",157.628244429559,99.8715018907176,164.017362308392,145.017997421392,231.10597180695,124.369908238844,343.118949944187,447.508855047934,145.174298513817,445.211527723216,337.090584366095,255.954333084192
"GENE0335",239.753884384456,316.796699545825,227.306670590434,266.262552642556,374.353474993077,448.216227743887,586.494019090646,590.968631546554,501.424386314172,545.965393765027,895.322154929806,574.719545452849
"GENE0336",7.94764257628031,16.1083067565674,21.3935689967468,14.2640653201369,8.59485019116757,7.26837126071168,14.363118834873,32.1178604101388,23.8773517292463,28.4177570887159,20.3210635965377,31.4054396422322
"GENE0337",270.219847593531,222.29463324063,272.768004708521,356.601633003424,241.610788707266,264.891752612604,593.675578508082,479.626715458073,571.146253363571,343.596517527202,430.328405573739,481.288362517208
"GENE0338",35.7643915932614,46.1771460354931,18.7193728721534,49.9242286204793,31.5144507009478,21.8051137821351,43.0893565046189,48.1767906152082,37.2486686976242,66.3080998736705,64.5492608360608,46.3230234722925
"GENE0339",234.455456000269,257.732908105078,242.460448629797,356.601633003424,255.935539025879,474.866922366497,646.340347569283,845.770324133655,781.266948580939,546.826537919231,615.608691306876,818.896838671204
"GENE0340",25.1675348248876,47.2510331525976,58.8323147410536,34.471491190331,38.199334182967,27.4582914293553,97.3500276585834,182.001208990787,107.925629816193,84.3921271119442,138.661375129316,79.2987350966362
"GENE0341",37.0889986893081,35.4382748644482,39.2215431607024,36.8488354103538,38.199334182967,74.2989062206083,77.4012514990376,137.036204416592,115.566382369552,110.22645173805,76.5028276575536,87.9352309982501
"GENE0342",471.560126192632,825.819193053353,574.95216678757,628.807546196037,527.150811724945,835.862694981844,1248.79338758757,2619.74681412032,1097.40308547616,1575.89380219243,1328.04127386784,1661.34775707408
"GENE0343",580.177908068463,786.085369720487,1016.19452734547,962.824409109244,926.33385393695,1368.87658743403,1182.56345073787,1123.05451900785,1844.28664756698,2214.86276461143,2885.59103070835,1342.58254470543
"GENE0344",25.1675348248876,69.8026626117919,40.1129418689002,48.7355565104679,21.964617155206,45.2254211777616,31.1200908088914,62.0945301262683,62.0811144960404,86.1144154203513,66.9399742003594,40.041935543846
"GENE0345",22.5183206327942,26.8471779276123,28.524758662329,23.7734422002282,16.234717027761,30.6886786563382,50.2709159220554,46.0355999211989,41.0690449743036,58.5578024858389,39.446770510926,50.2487034275715
"GENE0346",0,7.51720981973143,13.3709806229667,16.6414095401598,17.1897003823351,2.42279042023723,8.77746151020014,25.694288328111,33.4282924209448,22.3897480092913,8.36749677504492,40.041935543846
"GENE0347",1.32460709604672,37.5860490986572,15.1537780393623,28.5281306402739,10.5048169003159,18.5747265551521,41.4934544118552,10.7059534700463,20.0569754525669,27.5566129345124,35.8607004644782,50.2487034275715
"GENE0348",31.7905703051212,54.768242972329,11.5881832065712,21.3960979802054,24.8295672189285,31.496275463084,18.3528740667821,64.2357208202776,23.8773517292463,68.0303881820775,74.112114293255,34.5459836064554
"GENE0349",15.8952851525606,12.8866454052539,12.479581914769,11.8867211001141,13.3697669640384,21.8051137821351,11.9692656957275,22.4825022870972,16.2365991758875,18.0840272382738,53.7910506967173,30.6203036511764
"GENE0350",84.77485414699,89.1326307196727,60.6151121574492,72.5089987106961,76.398668365934,51.6861956317275,111.713146493456,128.471441640555,127.02751119959,163.617389298667,143.442801857913,139.754206407933
"GENE0351",205.314099887241,187.930245493286,141.732394603447,174.734800171678,273.125239408214,218.051137821351,507.496865498845,275.143004180189,771.71600788924,559.743700232283,594.092271028189,577.860089417072
"GENE0352",516.59676745822,381.229926572094,587.431748702338,446.940713364291,425.922576140082,712.300383549745,1255.17699595862,622.015896609688,1602.64784806701,1180.62863541302,542.691933695771,802.408982859032
"GENE0353",143.057566373046,74.0982110802099,69.529099239427,64.1882939406162,112.688035839753,77.5292934475913,165.973817647421,146.671562539634,159.500709551365,308.289607204858,120.731024897077,285.004364753257
"GENE0354",109.942388971878,77.3198724315233,53.4839224918669,79.6410313707646,55.3890345653021,143.752231600742,236.991460775404,145.600967192629,117.476570507892,122.282469896899,181.69421568669,184.506957898114
"GENE0355",623.889942238004,698.026626117919,821.869608958355,969.956441769312,432.607459622101,596.006443378358,1543.23732370246,1087.7248725567,1567.30936750773,1263.29847421655,1133.19813467751,1850.56553091853
"GENE0356",33.115177401168,49.3988073868066,38.3301444525046,41.6035238503994,28.6495006372252,26.6506946226095,82.9869088237105,85.6476277603701,113.656194231212,138.644208826766,82.4796110682999,91.0757749624733
"GENE0357",27.8167490169811,25.7732908105078,29.4161573705268,46.3582122904451,42.0192676012637,43.6102275642701,84.5828109164741,66.3769115142868,77.362619602758,40.4737752475651,145.833515222211,116.985262667315
"GENE0358",254.32456244097,205.112439366958,143.515192019843,188.998865491815,99.3182688757142,233.39547714952,241.779167053695,356.508250552541,235.908235084953,214.424894396675,297.643813855169,219.052941504569
"GENE0359",64.9057477062892,22.5516294591943,71.3118966558226,48.7355565104679,73.5337183022115,16.9595329416606,48.6750138292917,120.977274211523,132.758075614609,62.8635232568564,83.6749677504492,142.894750372156
"GENE0360",340.424023684007,361.899958464213,265.636815042939,361.356321443469,424.012609430934,285.889269587993,909.664192875288,1001.00664944933,335.238018278618,894.72877621745,617.999404671175,500.916762293603
"GENE0361",527.193624226594,608.893995398246,410.04340577098,687.052479586596,786.90628416912,560.472183881545,692.62150825943,1352.16192326684,923.575964887247,1111.73710307673,1104.50957430593,1535.72599850515
"GENE0362",14.5706780565139,10.7388711710449,18.7193728721534,13.0753932101255,5.72990012744505,10.4987584876947,35.1098460408006,22.4825022870972,23.8773517292463,16.3617389298667,35.8607004644782,14.1324478390045
"GENE0363",1212.01549288275,873.070226205951,440.350961849704,719.146626556904,904.369236781744,625.887525227951,1774.64312715319,1484.91574629542,2943.59992118148,643.274683190024,1463.11657895071,1784.61410766984
"GENE0364",418.575842350763,405.929330265497,426.08858251854,317.375453373047,464.121910323049,373.917321523279,937.592479498652,619.874705915679,391.588568359639,595.050610554627,836.749677504492,842.450918402878
"GENE0365",43.7120341695417,46.1771460354931,59.7237134492514,49.9242286204793,39.1543175375412,52.4937924384733,148.418894627021,160.589302050694,149.949768859667,150.700226985615,124.317094943525,90.2906389714175
"GENE0366",344.397844972147,497.209735219379,328.034724616784,581.26066179558,278.855139535659,499.902423375615,1660.53612752059,1183.00785844011,774.58129009675,1141.01600431965,1270.66415312468,908.402341651566
"GENE0367",27.8167490169811,36.5121619815527,61.506510865647,45.1695401804337,22.9196005097802,19.3823233618978,60.6442795250192,53.5297673502313,80.2279018102676,163.617389298667,56.1817640610159,65.1662872576318
"GENE0368",107.293174779784,97.7237276565086,109.642041108327,103.414473570993,158.527236859313,79.1444870610828,274.49515995535,244.095739117055,176.692402796423,177.395695765924,131.48923503642,343.104428091386
"GENE0369",43.7120341695417,25.7732908105078,54.3753212000647,15.4527374301484,24.8295672189285,37.1494531103042,73.4114962671285,128.471441640555,63.0362085652102,21.5286038550878,50.2049806502695,62.0257432934085
"GENE0370",41.0628199774483,39.7338233328662,68.6377005312292,70.1316544906733,62.0739180473214,91.2584391622689,202.679565780985,63.165125473273,95.5094069169852,99.031577733404,150.614941950809,96.5717268998639
"GENE0371",15.8952851525606,31.1427263960302,6.23979095738448,14.2640653201369,15.2797336731868,24.2279042023723,11.9692656957275,26.7648836751157,12.4162228992081,28.4177570887159,16.7349935500898,18.8432637853393
"GENE0372",385.460664949595,286.727860266899,167.582957141183,259.130519982488,208.18637129717,151.8281996682,258.536139027713,247.307525158069,340.968582693637,493.435600358613,418.374838752246,431.824795080692
"GENE0373",1290.1673115495,1163.01974782416,815.629818000971,1063.86153846021,1061.94149028648,1137.09630389801,2309.27032822902,2098.36688012907,2721.06300306491,2073.63512332206,1653.17829141245,3840.88526824499
"GENE0374",2.64921419209344,3.22166135131347,17.8279741639556,3.56601633003424,7.6398668365934,6.46077445396594,25.5344334842186,4.28238138801851,35.3384805592845,7.75029738783161,25.1024903251348,14.1324478390045
"GENE0375",10.5968567683737,15.0344196394629,8.91398708197782,22.5847700902168,19.0996670914835,16.9595329416606,3.98975523190916,13.9177395110601,8.59584662252867,21.5286038550878,5.97678341074637,56.5297913560179
"GENE0376",13.2460709604672,18.2560809907763,6.23979095738448,3.56601633003424,32.4694340555219,14.5367425214234,22.3426292986913,26.7648836751157,29.6079161442654,12.9171623130527,46.6189106038217,34.5459836064554
"GENE0377",421.225056542856,265.250117924809,476.006910177616,254.375831542442,368.623574865631,231.780283536028,912.058046014433,948.547477446099,924.531058956416,652.747268886263,769.809703304133,789.846807002139
"GENE0378",56.9581051300089,91.2804049538817,87.3570734033827,92.7164245808901,106.003152357733,94.4888263892519,68.6237899888375,169.154064826731,186.243343488121,206.674597008843,162.568508772301,200.20967771923
"GENE0379",629.188370622191,950.390098637474,843.263177955102,876.051345078411,1006.55245572118,1171.82296658807,2096.21739884507,1223.69048162629,1651.35764559467,2964.91932292269,989.755332819599,2138.71043963601
"GENE0380",9.27224967232703,30.0688392789257,28.524758662329,43.9808680704222,9.54983354574175,51.6861956317275,90.9664192875288,24.6236929811064,44.889421250983,103.337298504422,45.4235539216724,36.116255588567
"GENE0381",829.204042125246,463.91923458914,513.445655921923,687.052479586596,632.198980728104,910.161601202452,1697.24187565416,2310.34475883598,952.228786962342,1788.5964082807,1863.56106747072,2164.61992734085
"GENE0382",18.5444993446541,37.5860490986572,46.3527328262847,22.5847700902168,35.3343841192445,41.1874371440329,82.9869088237105,54.600362697236,36.2935746284544,52.5297934064143,98.0192479362405,80.083871087692
"GENE0383",590.774764836836,514.391929093051,811.172824459982,641.882939406162,527.150811724945,801.943629098522,1567.17585509392,1510.61003462353,1378.2007418121,2319.92235142426,1302.93878354271,1821.51549924947
"GENE0384",822.581006645012,715.208819991591,796.01904642062,639.50559518614,646.523731046716,759.140998340998,1413.9692541886,1161.59595150002,1145.15778893465,1932.40748203268,1170.25419182414,768.648135243632
"GENE0385",303.335024994698,149.270309277524,285.24758662329,216.338324022077,203.411454524299,329.499497152263,679.85429151732,645.56899424379,340.968582693637,781.057747862586,973.020339269509,543.314105810617
"GENE0386",75.5026044746629,82.6893080170458,102.510851442745,80.829703480776,75.4436850113598,56.531776472202,137.247579977675,153.095134621662,192.92900197231,153.283659448225,149.419585268659,171.944782041221
"GENE0387",10.5968567683737,10.7388711710449,19.6107715803512,17.8300816501712,5.72990012744505,22.6127105888808,17.5549230204003,46.0355999211989,19.101881383397,17.2228830840703,53.7910506967173,42.3973435170134
"GENE0388",60.931926418149,80.5415337828368,68.6377005312292,61.8109497205934,85.9485019116757,58.1469700856935,290.454180882987,145.600967192629,168.096556173894,171.367686686499,151.810298632958,142.894750372156
"GENE0389",59.6073193221023,10.7388711710449,30.3075560787246,51.1129007304907,24.8295672189285,43.6102275642701,118.894705910893,92.0711998423979,94.5543128478153,46.5017843269897,60.963190789613,59.6703353202411
"GENE0390",26.4921419209344,10.7388711710449,8.91398708197782,1.18867211001141,9.54983354574175,8.07596806745743,7.97951046381831,39.6120278391712,12.4162228992081,8.61144154203513,19.1257069143884,7.85135991055804
"GENE0391",29.1413561130278,55.8421300894335,30.3075560787246,91.5277524708787,70.6687682384889,60.5697605059307,195.498006363549,112.412511435486,120.341852715401,160.172812681853,78.8935410218521,105.208222801478
"GENE0392",135.109923796765,126.71867981833,83.7914785705915,149.772685861438,140.382553122404,97.7192136162349,188.316446946112,292.272529732263,320.91160724107,375.458851232731,210.382776058272,266.946236958973
"GENE0393",547.062730667295,412.372652968124,605.259722866294,652.580988396265,523.330878306648,579.046910436698,1022.17529041513,843.629133439646,965.60010393072,1487.19595430947,1342.38555405363,1840.35876303481
"GENE0394",70.2041760904761,139.605325223584,47.2441315344825,41.6035238503994,46.7941843741346,63.8001477329137,110.117244400693,141.318585804611,93.5992187786455,126.588190667916,119.535668214927,256.739469075248
"GENE0395",609.31926418149,765.681514495502,797.801843837015,1113.78576708069,1001.77753894831,1472.24897869749,1314.22537339088,3075.82043194429,1999.96698084167,2248.44738662537,2344.09445369473,1562.42062220105
"GENE0396",23.8429277288409,20.4038552249853,33.8731509115157,21.3960979802054,5.72990012744505,15.3443393281691,14.363118834873,21.4119069400925,29.6079161442654,28.4177570887159,29.8839170537319,44.7527514901808
"GENE0397",647.732869966845,439.219830895737,412.717601895573,513.50635152493,628.379047309807,329.499497152263,995.842905884525,895.017710095868,800.368829964336,903.340217759485,977.801765998106,507.19785022205
"GENE0398",22.5183206327942,19.3299681078808,16.9365754557579,29.7168027502853,6.68488348201922,32.3038722698297,38.3016502263279,12.8471441640555,19.101881383397,46.5017843269897,28.6885603715826,84.7946870340269
"GENE0399",111.266996067924,52.62046873812,85.5742759869871,39.2261796303766,60.163951338173,58.1469700856935,126.076265328329,123.118464905532,77.362619602758,142.08878544358,129.098521672122,65.9514232486876
"GENE0400",268.895240497484,439.219830895737,257.614226669159,254.375831542442,212.961288070041,404.606000179617,584.1001659515,423.955757413832,440.298365887302,874.061316516565,546.278003742218,668.15072838849
"GENE0401",7.94764257628031,4.29554846841796,8.02258837378004,4.75468844004565,5.72990012744505,12.9215489079319,11.9692656957275,20.3413115930879,30.5630102134353,9.47258569623864,20.3210635965377,31.4054396422322
"GENE0402",96.6963180114104,94.5020663051952,132.81840752147,139.074636871335,118.417935967198,102.564794456709,239.385313914549,137.036204416592,157.590521413026,185.145993153755,276.127393576482,190.002909835505
"GENE0403",635.811406102425,957.907308457206,852.17716503708,1180.35140524133,570.125062680782,856.860211957233,920.835507524633,1924.93043391432,1074.48082781608,1443.27760244509,2258.02877257998,1827.01145118686
"GENE0404",99.3455322035039,117.053695764389,135.492603646063,65.3769660506277,64.9388681110439,145.367425214234,211.457027291185,144.530371845625,380.127439529601,88.6978478829618,164.9592221366,327.40170827027
"GENE0405",6.62303548023359,11.8127582881494,4.45699354098891,0,8.59485019116757,34.7266626900669,24.7364824378368,33.1884557571434,20.0569754525669,14.6394506214597,9.56285345719419,13.3473118479487
"GENE0406",793.439650531984,761.385966027084,817.412615417366,996.107228189563,856.620069053035,1214.6255973456,1998.06942014011,3257.82164093508,1737.31611181996,2186.44500752272,1650.78757804815,1897.67369038188
"GENE0407",47.6858554576819,88.0587436025682,70.4204979476248,86.7730640308331,64.9388681110439,121.947117818607,115.702901725366,88.859413801384,221.581824047406,84.3921271119442,181.69421568669,155.456926229049
"GENE0408",246.37691986469,173.969712970927,215.718487383863,198.508242371906,229.196005097802,268.929736646332,474.78087259719,537.438864196322,633.227367859612,395.265166779412,374.146641512723,907.61720566051
"GENE0409",231.806241808176,197.595229547226,213.935689967468,203.262930811951,272.17025605364,141.329441180505,378.228795984988,592.039226893559,411.645543812206,297.955877354415,557.036213881562,314.839532413378
"GENE0410",95.3717109153637,92.3542920709862,82.008681154196,72.5089987106961,126.057802803791,128.407892272573,201.881614734603,222.683832176962,325.687077586919,171.367686686499,227.117769608362,251.243517137857
"GENE0411",11.9214638644205,21.4777423420898,36.5473470361091,15.4527374301484,11.4598002548901,13.7291457146776,51.0688669684372,37.4708371451619,21.0120695217367,30.1400453971229,23.9071336429855,26.6946236958973
"GENE0412",78.1518186667564,80.5415337828368,147.080786852634,79.6410313707646,110.778069130604,77.5292934475913,211.457027291185,145.600967192629,169.051650243064,248.870660564815,108.777458075584,194.71372578184
"GENE0413",521.895195842407,631.44562485744,709.553371725435,525.393072625044,586.359779708543,607.312798672799,1845.66077028118,2310.34475883598,1776.47496865592,741.445116769224,1689.03899187692,1425.02182376628
"GENE0414",15.8952851525606,25.7732908105078,16.9365754557579,11.8867211001141,19.0996670914835,24.2279042023723,31.1200908088914,66.3769115142868,54.4403619426815,45.6406401727862,139.856731811465,32.190575633288
"GENE0415",13.2460709604672,6.44332270262694,8.91398708197782,11.8867211001141,4.77491677287087,22.6127105888808,23.9385313914549,27.8354790221203,46.7996093893227,41.3349194017686,35.8607004644782,38.4716635617344
"GENE0416",31.7905703051212,39.7338233328662,63.2893082820425,28.5281306402739,31.5144507009478,50.071002018236,167.569719740185,35.3296464511527,71.6320551877389,99.8927218876075,64.5492608360608,99.7122708640871
"GENE0417",668.926583503593,832.26251575598,781.756667089455,885.560721958502,754.436850113598,378.762902363753,1468.22992534257,1386.42097437099,1959.85302993654,1058.34616551612,814.037900543656,1838.00335506164
"GENE0418",566.931837107995,1055.63103611371,741.643725220555,721.523970776927,778.311433977952,527.36071480497,1927.8497280585,1996.66032216363,1864.34362301955,1203.87952757651,1802.59787668111,1259.35812965351
"GENE0419",50.3350696497753,49.3988073868066,57.0495173246581,55.8675891705364,18.1446837369093,53.301389245219,134.853726838529,118.836083517514,82.1380899486072,141.227641289376,142.247445175764,141.324478390045
"GENE0420",37.0889986893081,11.8127582881494,15.1537780393623,4.75468844004565,19.0996670914835,9.69116168094891,10.3733636029638,31.0472650631342,21.9671635909066,18.9451713924773,32.2746304180304,49.4635674365157
"GENE0421",1103.39771100692,1028.7838581861,1504.68101943786,763.127494627327,1367.53616375022,874.627341705639,1409.9794989567,1901.37733628022,2621.73321987124,941.230560544439,1166.66812177769,2455.1202440315
"GENE0422",319.230310147259,294.24507008663,218.392683508457,234.168405672248,426.877559494656,369.071740682804,473.982921550808,461.426594558994,379.172345460431,406.460040784058,363.388431373379,616.331752978806
"GENE0423",260.947597921204,297.466731437944,444.807955390693,474.280171894553,367.668591511057,359.380579001855,1738.73533006601,862.899849685729,789.862795203467,1804.95814721056,796.107550311417,486.784314454599
"GENE0424",157.628244429559,160.009180448569,197.890513219908,134.31994843129,148.977403313571,121.947117818607,513.880473869899,388.626110962679,228.267482531595,452.961825111048,355.020934598334,394.138267510014
"GENE0425",26.4921419209344,23.6255165762988,24.9591638295379,35.6601633003424,28.6495006372252,10.4987584876947,46.2811606901462,18.2001208990787,43.9343271818132,47.3629284811932,59.7678341074637,33.7608476153996
"GENE0426",650.382084158939,627.150076389023,866.439544368244,795.221641597635,617.874230409491,847.169050276284,2139.30675534969,1293.27917918159,1340.95207311447,2075.35741163047,1322.0644904571,1838.78849105269
"GENE0427",519.245981650314,600.30289846141,480.463903718605,228.225045122191,383.903308538818,488.596068081174,1060.47694064145,1346.80894653182,1149.9332592805,1096.23650830107,840.33574755094,1229.52296199339
"GENE0428",21.1937135367475,9.66498405394042,25.8505625377357,8.32070477007988,8.59485019116757,15.3443393281691,20.7467272059276,36.4002417981573,52.5301738043418,11.1948740046457,34.665343782329,18.0581277942835
"GENE0429",1058.36106974133,646.480044496903,944.882630689649,523.015728405021,658.938514656181,894.817261874283,2019.61409839241,1352.16192326684,1380.11092995044,2721.2155272831,1006.49032636969,1208.32429023488
"GENE0430",235.780063096316,258.806795222182,163.125963600194,285.281306402739,219.64617155206,301.233608916162,788.375633825249,512.815171215216,262.650869021709,807.753216642895,644.297251678459,348.600380028777
"GENE0431",7.94764257628031,4.29554846841796,9.8053857901756,7.13203266006847,7.6398668365934,4.84558084047446,6.38360837105465,9.63535812304164,32.473198351775,39.6126310933616,8.36749677504492,32.9757116243438
"GENE0432",6.62303548023359,16.1083067565674,14.2623793311645,16.6414095401598,26.7395339280769,19.3823233618978,30.3221397625096,29.9766697161295,19.101881383397,30.1400453971229,27.4932036894333,12.5621758568929
"GENE0433",456.989448136118,389.82102350893,426.08858251854,418.412582724017,425.922576140082,398.952822532397,1329.38644327213,942.123905364071,643.73340262048,1435.52730505726,676.571882096489,792.202214975307
"GENE0434",577.528693876369,532.648010083827,418.06599414476,707.25990545679,600.684530027156,427.218710768498,1336.56800268957,1284.71441640555,1326.62566207692,838.754406194221,1341.19019737149,1233.44864194867
"GENE0435",21.1937135367475,4.29554846841796,23.1763664131423,17.8300816501712,10.5048169003159,8.07596806745743,30.3221397625096,77.0828649843331,23.8773517292463,49.0852167896002,13.148923503642,28.264895678009
"GENE0436",2.64921419209344,7.51720981973143,0.891398708197782,14.2640653201369,8.59485019116757,8.07596806745743,8.77746151020014,9.63535812304164,30.5630102134353,10.3337298504422,19.1257069143884,5.49595193739063
"GENE0437",344.397844972147,349.013313058959,293.27017499707,236.545749892271,366.713608156483,517.669553124021,348.70460726886,1083.44249116868,908.294459780529,780.196603708382,922.81535861924,433.395067062804
"GENE0438",487.455411345192,756.016530441561,451.939145056276,528.959088955078,879.539669562815,439.332662869684,803.536703706504,974.24176577421,739.242809537465,1363.19119610416,1111.68171439883,1283.69734537624
"GENE0439",121.863852836298,92.3542920709862,100.728054026349,95.093768800913,102.183218939437,54.1089860519648,292.05008297575,132.753823028574,164.276179897214,62.0023791026529,309.597380676662,155.456926229049
"GENE0440",21.1937135367475,13.9605325223584,18.7193728721534,8.32070477007988,11.4598002548901,15.3443393281691,41.4934544118552,31.0472650631342,17.1916932450573,51.6686492522108,22.7117769608362,76.9433271234688
"GENE0441",7.94764257628031,15.0344196394629,26.7419612459335,10.6980489901027,9.54983354574175,13.7291457146776,27.9282866233641,6.42357208202776,39.1588568359639,12.0560181588492,22.7117769608362,7.85135991055804
"GENE0442",691.444904136387,1085.69987539264,752.340509718928,625.241529866003,834.655451897829,667.074962371983,1954.98006363549,1355.37370930786,2453.63666369735,2321.64463973267,1710.55541215561,2109.66040796695
"GENE0443",831.853256317339,623.928415037709,1288.0711333458,1142.31389772097,897.684353299724,562.087377495037,1657.34432333506,2343.53321459313,2450.77138148984,1110.01481476833,1770.32324626308,2203.09159090259
"GENE0444",131.136102508625,146.048647926211,157.777571351007,93.9050966909016,81.1735851388049,200.284008072944,203.477516827367,290.131339038254,284.618032612616,268.676976111496,412.3980553415,332.112524216605
"GENE0445",23.8429277288409,25.7732908105078,40.1129418689002,41.6035238503994,6.68488348201922,19.3823233618978,28.7262376697459,46.0355999211989,35.3384805592845,23.2508921634948,40.6421271930753,57.3149273470737
"GENE0446",17.2198922486073,51.5465816210155,23.1763664131423,47.5468844004565,41.0642842466895,33.9190658833212,96.5520766122016,73.8710789433192,103.150159470344,37.029198630751,45.4235539216724,44.7527514901808
"GENE0447",70.2041760904761,76.2459853144188,217.501284800259,120.055883111153,238.745838643544,133.253473113048,146.025041487875,567.415533912452,255.96521053752,395.265166779412,233.094553019108,238.681341280965
"GENE0448",140.408352180952,104.167050359136,94.4882630689649,183.055504941757,147.067436604423,135.676263533285,214.648831476713,268.719432098161,386.81309801379,323.790201980521,190.061712461735,233.97052533463
"GENE0449",37.0889986893081,16.1083067565674,14.2623793311645,4.75468844004565,19.0996670914835,20.9975169753893,63.0381326641647,37.4708371451619,67.8116789110595,73.1972531072986,82.4796110682999,63.5960152755202
"GENE0450",356.319308836567,391.968797743139,353.88528715452,387.50710786372,396.318092148283,267.314543032841,608.836648389337,645.56899424379,1146.11288300382,1132.40456277762,510.41730327774,588.066857300797
"GENE0451",10.5968567683737,10.7388711710449,27.6333599541312,13.0753932101255,18.1446837369093,2.42279042023723,5.58565732467282,33.1884557571434,22.9222576600764,71.4749647988915,31.0792737358811,25.9094877048415
"GENE0452",495.403053921473,463.91923458914,369.039065193882,265.073880532545,252.115605607582,329.499497152263,1292.68069513857,1150.88999802997,412.600637881376,936.924839773422,742.316499614699,449.882922874976
"GENE0453",79.4764257628031,94.5020663051952,70.4204979476248,128.376587881232,28.6495006372252,96.1040200027434,119.692656957275,179.860018296777,191.01881383397,212.702606088268,309.597380676662,245.747565200467
"GENE0454",378.837629469361,772.124837198129,574.95216678757,429.11063171412,530.015761788667,379.570499170499,785.981780686104,1730.08208075948,1355.27848415202,954.147722857492,1699.79720201627,618.687160951974
"GENE0455",180.146565062354,419.889862787856,365.473470361091,265.073880532545,161.392186923036,179.286491097555,477.972676782717,537.438864196322,231.132764739104,305.706174742247,421.960908798694,514.264074141552
"GENE0456",732.507724113835,449.958702066782,915.466473319122,444.563369144268,942.568570964711,1100.75444759445,1463.44221906428,1642.2932623051,1084.03176850778,1577.61609050084,1129.61206463106,1347.29336065176
"GENE0457",67.5549618983826,78.3937595486278,74.8774914886137,99.8484572409586,118.417935967198,93.6812295825062,168.367670786566,147.742157886638,153.770145136346,80.9475504951302,115.94959816848,133.473118479487
"GENE0458",401.355950102156,370.491055401049,324.469129783993,280.526617962693,249.25065554386,136.483860340031,745.28627732063,698.028166247017,621.766239029574,862.86644251192,566.599067338756,544.884377792728
"GENE0459",286.115132746091,361.899958464213,603.476925449899,841.57985388808,569.170079326208,385.223676817719,943.178136823325,1202.2785746862,749.748844298334,1221.10241066058,1428.45123516838,1262.49867361773
"GENE0460",52.9842838418687,23.6255165762988,82.008681154196,53.4902449505135,67.8038181747664,37.1494531103042,210.659076244803,56.7415533912452,96.464500986155,107.643019275439,93.2378212076434,98.9271348730313
"GENE0461",50.3350696497753,38.6599362157617,30.3075560787246,11.8867211001141,23.8745838643544,50.8785988249818,44.6852585973825,55.6709580442406,102.195065401174,40.4737752475651,20.3210635965377,74.5879191503014
"GENE0462",17.2198922486073,8.59109693683592,17.8279741639556,15.4527374301484,17.1897003823351,31.496275463084,21.5446782523094,36.4002417981573,42.0241390434735,22.3897480092913,56.1817640610159,40.041935543846
"GENE0463",1013.32442847574,728.095465396845,951.122421647034,765.504838847349,1157.4398257439,1147.5950623857,1757.88615517917,2524.46382823691,1391.57205878047,1969.43668066343,3495.22293860448,1628.37204544974
"GENE0464",704.690975096854,461.771460354931,494.726283049769,495.676269874759,441.202309813269,496.672036148632,512.284571777136,954.971049528127,1099.3132736145,886.117334675414,1228.82666924945,1596.96660580751
"GENE0465",19.8691064407008,22.5516294591943,8.91398708197782,3.56601633003424,4.77491677287087,8.88356487420317,30.3221397625096,35.3296464511527,41.0690449743036,35.306910322344,39.446770510926,36.116255588567
"GENE0466",43.7120341695417,89.1326307196727,78.4430863214048,57.0562612805478,80.2186017842307,81.56727748132,229.809901357967,263.366455363138,138.488640029628,146.394506214597,179.303502322391,211.201581594011
"GENE0467",161.6020657177,257.732908105078,171.148551973974,156.904718521506,167.122087050481,231.780283536028,471.589068411662,349.014083123508,379.172345460431,387.514869391581,261.783113390691,276.367868851643
"GENE0468",3.97382128814015,4.29554846841796,6.23979095738448,11.8867211001141,7.6398668365934,10.4987584876947,11.1713146493456,8.56476277603701,24.8324457984161,24.1120363176984,14.3442801857913,16.4878558121719
"GENE0469",1001.40296461132,961.128969808519,496.509080466165,832.070477007988,877.629702853667,934.389505404824,1247.1974854948,2751.43004180189,2929.27351014394,3959.54082102775,2541.32830624936,1900.8142343461
"GENE0470",222.533992135849,117.053695764389,284.356187915093,225.847700902168,186.221754141964,343.228642866941,233.799656589877,357.578845899545,430.747425195603,348.763382452423,362.19307469123,259.094877048415
"GENE0471",6.62303548023359,8.59109693683592,16.9365754557579,8.32070477007988,16.234717027761,6.46077445396594,19.150825113164,17.129525552074,19.101881383397,22.3897480092913,11.9535668214927,17.2729918032277
"GENE0472",508.64912488194,506.87471927332,397.563823856211,461.204778684428,700.00279890287,655.768607077543,662.29936849692,998.865458755317,1224.43059667575,909.368226838909,1928.11032830678,1140.80259500408
"GENE0473",37.0889986893081,99.8715018907176,41.8957392852958,27.3394585302625,41.0642842466895,96.9116168094891,62.2401816177828,154.165729968666,188.153531626461,132.616199747341,95.6285345719419,165.663694112775
"GENE0474",3.97382128814015,16.1083067565674,7.13118966558226,7.13203266006847,15.2797336731868,12.1139521011861,26.3323845306004,7.49416742903239,14.3264110375478,24.1120363176984,77.6981843397028,31.4054396422322
"GENE0475",10.5968567683737,39.7338233328662,19.6107715803512,33.2828190803195,8.59485019116757,7.26837126071168,23.9385313914549,51.3885766562221,43.9343271818132,48.2240726353967,102.800674664838,38.4716635617344
"GENE0476",67.5549618983826,55.8421300894335,62.3979095738448,79.6410313707646,71.6237515930631,66.2229381531509,63.8360837105465,125.259655599541,127.98260526876,186.868281462162,105.191388029136,215.12726154929
"GENE0477",35.7643915932614,62.2854527920605,44.5699354098891,40.414851740388,69.7137848839148,46.0330179845073,62.2401816177828,192.707162460833,91.6890306403058,68.891532336281,175.717432275943,119.340670640482
"GENE0478",400.031343006109,330.757232068183,301.29276337085,376.809058873618,327.559290618942,431.256694802227,932.006822173979,1013.85379361338,999.028396351665,497.74132112963,1203.72417892432,885.633397910947
"GENE0479",96.6963180114104,121.349244232807,64.1807069902403,121.244555221164,87.8584686208241,169.595329416606,146.025041487875,184.142399684796,104.105253539514,180.840272382738,205.601349329675,266.946236958973
"GENE0480",2.64921419209344,8.59109693683592,1.78279741639556,23.7734422002282,8.59485019116757,8.88356487420317,39.8975523190916,27.8354790221203,17.1916932450573,1.72228830840703,34.665343782329,28.264895678009
"GENE0481",30.4659632090745,24.6994036934033,19.6107715803512,10.6980489901027,20.0546504460577,6.46077445396594,51.0688669684372,19.2707162460833,11.4611288300382,44.7794960185827,17.9303502322391,33.7608476153996
"GENE0482",35.7643915932614,49.3988073868066,81.1172824459982,16.6414095401598,58.2539846290247,13.7291457146776,31.1200908088914,77.0828649843331,151.859956998006,21.5286038550878,66.9399742003594,43.967615499125
"GENE0483",18.5444993446541,13.9605325223584,10.6967844983734,9.5093768800913,22.9196005097802,19.3823233618978,26.3323845306004,58.8827440852545,63.9913026343801,30.1400453971229,17.9303502322391,36.116255588567
"GENE0484",259.622990825157,256.659020987973,239.786252505203,206.828947141986,334.244174100961,153.443393281691,372.643138660315,293.343125079268,400.184414982168,296.233589046008,372.951284830574,422.403163188023
"GENE0485",7.94764257628031,11.8127582881494,8.91398708197782,28.5281306402739,17.1897003823351,3.23038722698297,33.5139439480369,9.63535812304164,29.6079161442654,32.7234778597335,10.7582101393435,44.7527514901808
"GENE0486",127.162281220485,51.5465816210155,152.429179101821,153.338702191472,198.636537751428,226.934702695554,213.850880430331,237.672167035027,261.695774952539,378.903427849546,527.15229682783,485.999178463543
"GENE0487",898.083611119675,1232.82241043596,1027.78271055204,948.560343789107,894.819403236002,1025.64794456709,2579.77573295246,1558.78682523874,875.821261428754,2051.24537531277,2021.34814951442,5024.08520676609
"GENE0488",120.539245740251,196.521342430122,66.8549031148337,111.735178341073,84.0385352025274,176.056103870572,291.252131929368,310.472650631342,205.345224871518,279.871850116142,448.258755805978,242.607021236244
"GENE0489",5.29842838418687,3.22166135131347,16.9365754557579,11.8867211001141,0,8.07596806745743,7.97951046381831,25.694288328111,17.1916932450573,6.02800907942459,20.3210635965377,11.7770398658371
"GENE0490",101.994746395597,100.945389007822,88.2484721115804,99.8484572409586,141.337536476978,67.0305349598966,161.18611136913,223.754427523967,261.695774952539,117.976749125881,252.220259933497,258.30974105736
"GENE0491",27.8167490169811,56.916017206538,29.4161573705268,47.5468844004565,77.3536517205082,55.7241796654562,51.0688669684372,157.37751600968,89.7788425019661,108.504163429643,101.605317982688,65.9514232486876
"GENE0492",144.382173469092,122.423131349912,73.9860927804159,49.9242286204793,94.5433521028433,54.9165828587105,318.382467506351,142.389181151615,191.97390790314,189.451713924773,274.932036894333,165.663694112775
"GENE0493",14.5706780565139,13.9605325223584,11.5881832065712,34.471491190331,3.8199334182967,4.03798403372871,23.9385313914549,44.9650045741943,21.9671635909066,24.9731804719019,35.8607004644782,20.4135357674509
"GENE0494",3.97382128814015,17.1821938736718,24.0677651213401,14.2640653201369,9.54983354574175,20.9975169753893,23.1405803450731,28.9060743691249,30.5630102134353,21.5286038550878,16.7349935500898,32.9757116243438
"GENE0495",30.4659632090745,45.1032589183886,15.1537780393623,30.9054748602967,19.0996670914835,19.3823233618978,22.3426292986913,68.5181022082961,10.5060347608684,10.3337298504422,54.9864073788666,52.6041114007389
"GENE0496",311.282667570979,478.953654228603,325.36052849219,457.638762354394,287.449989726827,485.365680854191,844.232207071977,557.78017578941,472.771564239077,812.058937413912,290.471673762274,710.548071905503
"GENE0497",113.916210260018,86.9848564854637,50.8097263672736,159.282062741529,139.42756976783,96.9116168094891,311.200908088914,210.907283359911,193.88409604148,229.925489172338,247.4388332049,163.308286139607
"GENE0498",226.507813423989,202.964665132749,278.116396957708,204.451602921963,258.800489089601,293.96523765545,819.495724634141,384.343729574661,585.472664401119,455.545257573658,420.765552116545,553.520873694342
"GENE0499",18.5444993446541,13.9605325223584,16.9365754557579,48.7355565104679,14.3247503186126,52.4937924384733,67.0278878960738,48.1767906152082,65.9014907727198,46.5017843269897,29.8839170537319,43.1824795080692
"GENE0500",324.528738531446,284.58008603269,402.0208173972,158.093390631518,201.501487815151,250.35501009118,463.609557947844,799.734724212456,903.51898943468,539.937384685602,780.567913443476,599.058761175579
"GENE0501",678.19883317592,1011.60166431243,862.873949535453,550.355186935284,1046.6617566133,925.505940530621,3210.15705959411,805.087700947479,1889.17606881797,1399.35925058071,2548.50044634225,1925.93858605989
"GENE0502",70.2041760904761,46.1771460354931,50.8097263672736,14.2640653201369,53.4790678561538,36.3418563035584,51.866818014819,118.836083517514,38.2037627667941,80.0864063409267,198.42920923678,55.7446553649621
"GENE0503",638.460620294518,291.023408735317,780.865268381257,740.54272453711,684.723065229683,1088.64049549326,1450.67500232217,1860.69471309404,2536.72984771513,948.980857932271,2082.31134030404,2401.73099663971
"GENE0504",270.219847593531,185.782471259077,138.166799770656,276.960601632659,157.572253504739,104.179988070201,228.213999265204,350.084678470513,361.025558146204,285.899859195566,488.900882999053,322.690892323936
"GENE0505",62.2565335141958,44.0293718012841,43.6785367016913,23.7734422002282,29.6044839917994,71.0685189936254,107.723391261547,143.45977649862,80.2279018102676,89.5589920371653,131.48923503642,94.2163189266965
"GENE0506",3.97382128814015,1.07388711710449,8.02258837378004,1.18867211001141,25.7845505735027,4.84558084047446,7.97951046381831,23.5530976341018,35.3384805592845,14.6394506214597,3.58607004644782,25.1243517137857
"GENE0507",418.575842350763,435.998169544423,672.114625981128,543.223154275215,459.346993550178,471.636535139514,623.19976722421,706.592929023054,585.472664401119,595.050610554627,1094.94672084874,698.771032039666
"GENE0508",60.931926418149,18.2560809907763,39.2215431607024,27.3394585302625,26.7395339280769,33.9190658833212,130.066020560238,99.5653672714303,74.4973373952484,82.6698388035372,155.396368679406,127.977166542096
"GENE0509",390.759093333782,236.255165762988,402.0208173972,215.149651912066,254.025572316731,264.891752612604,909.664192875288,914.288426341951,489.963257484134,794.836054329842,1044.74174019847,478.932954544041
"GENE0510",333.800988203773,240.550714231406,294.161573705268,357.790305113435,350.478891128722,501.517616989106,631.97722873441,446.438259700929,536.762866873457,343.596517527202,713.627939243117,732.531879655065
"GENE0511",128.486888316532,146.048647926211,105.185047567338,148.584013751427,73.5337183022115,148.597812441217,236.991460775404,193.777757807837,184.333155349781,210.980317779861,227.117769608362,125.621758568929
"GENE0512",76.8272115707097,125.644792701225,82.008681154196,55.8675891705364,107.913119066882,80.7596806745743,120.490608003657,148.812753233643,155.680333274686,240.25921902278,296.44845717302,228.474573397239
"GENE0513",169.54970829398,265.250117924809,341.405705239751,242.489110442328,266.440355926195,465.175760685548,809.122361031177,674.475068612915,461.310435409038,729.389098610375,757.85613648264,548.024921756951
"GENE0514",378.837629469361,286.727860266899,595.454337076119,249.621143102397,526.19582837037,557.241796654562,578.514508626828,1127.33690039587,1063.01969898605,681.165025974978,1061.47673374856,1142.3728669862
"GENE0515",535.141266802874,205.112439366958,331.600319449575,334.016862913207,372.443508283928,205.129588913419,608.038697342955,1071.66594235163,439.343271818132,813.781225722319,909.666435115598,639.88583271048
"GENE0516",18.5444993446541,8.59109693683592,6.23979095738448,5.94336055005706,3.8199334182967,11.3063552944404,27.1303355769823,11.7765488170509,38.2037627667941,19.8063155466808,25.1024903251348,40.8270715349018
"GENE0517",11.9214638644205,33.2905006302392,12.479581914769,55.8675891705364,8.59485019116757,28.265888236101,34.3118949944187,50.3179813092174,35.3384805592845,57.6966583316353,46.6189106038217,41.6122075259576
"GENE0518",67.5549618983826,67.6548883775829,77.551687613207,62.9996218306048,99.3182688757142,69.4533253801339,216.244733569476,172.365850867745,123.207134922911,157.589380219243,191.257069143884,133.473118479487
"GENE0519",390.759093333782,365.121619815527,301.29276337085,549.166514825272,363.848658092761,334.345077992738,893.705171947651,756.910910332271,1060.15441677854,757.806855699091,684.939378871534,1073.28089977328
"GENE0520",104.643960587691,151.418083511733,76.6602889050093,105.791817791016,108.868102421456,88.028051935286,123.682412189184,171.29525552074,106.970535747023,105.059586812829,139.856731811465,58.1000633381295
"GENE0521",230.481634712129,309.279489726093,328.034724616784,433.865320154165,237.79085528897,223.704315468571,504.305061313317,316.896222713369,489.008163414964,694.943332442235,451.844825852426,630.464200817811
"GENE0522",51.659676745822,69.8026626117919,102.510851442745,64.1882939406162,66.8488348201922,57.3393732789477,269.707453677059,94.2123905364071,207.255413009858,157.589380219243,217.554916151168,146.820430327435
"GENE0523",366.916165604941,707.691610171859,772.842680007477,822.561100127897,1077.22122395967,1133.05831986428,1623.03242834064,1748.28220165856,1550.11767426267,1945.32464434573,1993.85494582499,834.59955849232
"GENE0524",2.64921419209344,22.5516294591943,13.3709806229667,19.0187537601826,1.90996670914835,14.5367425214234,59.8463284786373,23.5530976341018,3.82037627667941,30.1400453971229,21.5164202786869,10.9919038747813
"GENE0525",60.931926418149,20.4038552249853,25.8505625377357,23.7734422002282,32.4694340555219,20.9975169753893,71.017643127983,56.7415533912452,50.6199856660021,73.1972531072986,51.4003373324188,47.8932954544041
"GENE0526",125.837674124438,123.497018467016,165.800159724788,48.7355565104679,140.382553122404,182.516878324538,276.091062048114,230.177999605995,171.916932450573,256.620957952647,158.982438725853,191.573181817616
"GENE0527",1.32460709604672,13.9605325223584,14.2623793311645,8.32070477007988,19.0996670914835,8.07596806745743,23.1405803450731,11.7765488170509,19.101881383397,20.6674597008843,21.5164202786869,12.5621758568929
"GENE0528",713.963224769181,428.480959724692,689.051201436886,448.129385474302,427.83254284923,467.598551105785,1047.70972389934,939.982714670062,749.748844298334,907.645938530502,965.848199176614,759.226503350963
"GENE0529",46.3612483616351,88.0587436025682,73.9860927804159,41.6035238503994,42.0192676012637,32.3038722698297,64.6340347569283,102.777153312444,91.6890306403058,137.783064672562,103.996031346987,54.1743833828505
"GENE0530",219.884777943755,285.653973149794,210.370095134677,148.584013751427,340.92905758298,315.770351437585,564.151389791955,482.838501499087,508.110044798361,363.402833073882,823.60075400085,486.784314454599
"GENE0531",476.858554576819,255.585133870869,422.522987685749,267.451224752568,291.269923145123,610.543185899782,916.047801246342,711.945905758077,514.79570328255,746.611981694445,1043.54638351632,1615.80986959285
"GENE0532",394.732914621922,455.328137652304,337.840110406959,259.130519982488,320.874407136923,429.641501188735,811.516214170322,938.912119323057,887.282390258792,980.843191637801,944.331778897927,705.837255959168
"GENE0533",78.1518186667564,82.6893080170458,32.9817522033179,59.4336055005706,117.462952612624,95.2964231959976,208.265223105658,218.401450788944,147.084486652157,135.199632209951,249.829546569198,81.6541430698037
"GENE0534",2.64921419209344,18.2560809907763,12.479581914769,22.5847700902168,29.6044839917994,13.7291457146776,39.8975523190916,44.9650045741943,25.787539867586,66.3080998736705,31.0792737358811,21.9838077495625
"GENE0535",108.617781875831,68.7287754946874,130.144211396876,102.225801460981,65.8938514656181,69.4533253801339,86.1787130092378,101.70655796544,154.725239205516,185.145993153755,49.0096239681202,160.95287816644
"GENE0536",358.968523028661,401.633781797079,540.187617167856,408.903205843926,353.343841192445,312.539964210602,567.343193977482,569.556724606461,531.987396527607,720.77765706834,885.759301472612,581.000633381295
"GENE0537",17.2198922486073,7.51720981973143,8.02258837378004,13.0753932101255,8.59485019116757,10.4987584876947,28.7262376697459,44.9650045741943,6.68565848418896,19.8063155466808,37.0560571466275,23.5540797316741
"GENE0538",59.6073193221023,69.8026626117919,61.506510865647,110.546506231061,61.1189346927472,66.2229381531509,134.853726838529,147.742157886638,108.880723885363,129.171623130527,126.707808307823,91.0757749624733
"GENE0539",133.785316700719,151.418083511733,143.515192019843,172.357455951655,117.462952612624,220.473928241588,250.556628563895,369.355394716596,352.429711523675,444.350383569012,540.301220331472,375.295003724674
"GENE0540",471.560126192632,380.15603945499,298.618567246257,237.734422002282,249.25065554386,390.87685446494,495.527599803117,1005.28903083734,772.67110195841,608.828917021883,607.241194531831,522.900570043166
"GENE0541",19.8691064407008,31.1427263960302,29.4161573705268,34.471491190331,35.3343841192445,29.0734850428467,47.8770627829099,93.1417951894025,30.5630102134353,88.6978478829618,107.582101393435,82.4392790608594
"GENE0542",21.1937135367475,24.6994036934033,8.02258837378004,32.0941469703081,7.6398668365934,36.3418563035584,39.0996012727097,62.0945301262683,41.0690449743036,35.306910322344,35.8607004644782,78.5135991055804
"GENE0543",80.8010328588498,103.093163242031,101.619452734547,41.6035238503994,73.5337183022115,17.7671297484063,208.265223105658,234.460380994013,336.193112347788,241.981507331187,96.8238912540912,146.03529433638
"GENE0544",80.8010328588498,40.8077104499706,84.6828772787893,39.2261796303766,81.1735851388049,37.1494531103042,75.805349406274,154.165729968666,91.6890306403058,80.9475504951302,114.75424148633,119.340670640482
"GENE0545",5.29842838418687,9.66498405394042,34.7645496197135,2.37734422002282,8.59485019116757,2.42279042023723,19.9487761595458,17.129525552074,32.473198351775,12.9171623130527,45.4235539216724,55.7446553649621
"GENE0546",328.502559819586,444.589266481259,393.99822902342,338.771551353252,214.871254779189,495.05684253514,651.128053847574,1023.48915173642,1779.34025086343,857.699577586699,1056.69530701996,657.158824513708
"GENE0547",117.890031548158,125.644792701225,88.2484721115804,106.980489901027,172.851987177926,152.635796474945,305.615250764241,161.659897397699,191.01881383397,337.568508447777,106.386744711285,105.993358792534
"GENE0548",11.9214638644205,30.0688392789257,40.1129418689002,51.1129007304907,23.8745838643544,16.9595329416606,53.4627201075827,82.4358417193562,82.1380899486072,66.3080998736705,40.6421271930753,44.7527514901808
"GENE0549",258.29838372911,533.721897200932,499.183276590758,269.828568972591,241.610788707266,382.800886397482,605.64484420381,391.837897003693,1081.16648630027,630.357520876971,1161.88669504909,897.410437776784
"GENE0550",3.97382128814015,23.6255165762988,6.23979095738448,16.6414095401598,13.3697669640384,8.07596806745743,29.5241887161278,27.8354790221203,44.889421250983,39.6126310933616,15.5396368679406,35.3311195975112
"GENE0551",585.476336452649,1335.91557367799,763.928692925499,555.109875375329,890.044486463131,692.918060187847,1207.29993317571,1891.74197815718,1488.9916538358,1350.27403379111,1361.51126096802,1505.89083084503
"GENE0552",38.4136057853548,36.5121619815527,41.8957392852958,54.678917060525,24.8295672189285,16.1519361349149,59.8463284786373,31.0472650631342,83.0931840177771,24.1120363176984,64.5492608360608,51.8189754096831
"GENE0553",638.460620294518,921.395146475653,580.300559036756,569.373940695466,515.691011470054,583.892491277172,1491.37050568764,893.947114748863,2785.05430569929,1066.09646290395,505.635876549143,1451.71644746218
"GENE0554",5.29842838418687,13.9605325223584,12.479581914769,17.8300816501712,10.5048169003159,4.03798403372871,18.3528740667821,13.9177395110601,9.55094069169852,12.9171623130527,17.9303502322391,17.2729918032277
"GENE0555",144.382173469092,79.4676466657323,125.687217855887,311.43209282299,153.752320086442,91.2584391622689,209.861125198422,244.095739117055,226.357294393255,328.957066905742,202.015279283227,238.681341280965
"GENE0556",120.539245740251,175.043600088032,206.804500301885,114.112522561096,140.382553122404,215.628347401113,416.530446211316,269.790027445166,164.276179897214,289.34443581238,191.257069143884,378.435547688898
"GENE0557",498.052268113566,400.559894679975,553.558597790823,523.015728405021,224.421088324931,457.09979261809,977.490031817743,1034.19510520647,609.350016130365,1517.33599970659,1097.33743421303,698.771032039666
"GENE0558",308.633453378885,817.228096116517,446.590752807089,489.732909324702,717.192499285205,591.160862537884,567.343193977482,1494.55110441846,1426.91053933976,1203.01838342231,1053.10923697351,542.528969819561
"GENE0559",10.5968567683737,27.9210650447168,14.2623793311645,2.37734422002282,20.0546504460577,9.69116168094891,19.9487761595458,29.9766697161295,39.1588568359639,51.6686492522108,17.9303502322391,46.3230234722925
"GENE0560",537.790480994968,711.987158640277,902.986891404353,728.656003436996,582.539846290247,1030.49352540757,2360.33919519746,2524.46382823691,772.67110195841,1455.33362060394,1100.92350425948,1517.66787071087
"GENE0561",185.444993446541,140.679212340688,159.560368767403,142.640653201369,155.66228679559,172.825716643589,339.92714575866,323.319794795397,598.843981369497,167.061965915481,222.336342879765,339.178748136107
"GENE0562",23.8429277288409,109.536485944658,70.4204979476248,62.9996218306048,42.9742509558379,50.071002018236,141.237335209584,126.330250946546,110.790912023703,82.6698388035372,106.386744711285,107.563630774645
"GENE0563",651.706691254985,856.961919449383,767.49428775829,879.617361408445,948.298471092156,1145.97986877221,1868.80135062625,2059.8254476369,2084.97035299779,2261.36454893842,3118.68558372746,1673.90993293097
"GENE0564",21.1937135367475,7.51720981973143,13.3709806229667,19.0187537601826,6.68488348201922,29.0734850428467,35.1098460408006,28.9060743691249,8.59584662252867,24.1120363176984,4.7814267285971,25.1243517137857
"GENE0565",9.27224967232703,10.7388711710449,14.2623793311645,1.18867211001141,7.6398668365934,6.46077445396594,32.7159929016551,50.3179813092174,31.5181042826051,51.6686492522108,22.7117769608362,20.4135357674509
"GENE0566",101.994746395597,77.3198724315233,117.664629482107,84.3957198108102,238.745838643544,88.8356487420317,190.710300085258,89.9300091483886,253.099928330011,148.116794523004,248.634189887049,253.598925111025
"GENE0567",148.355994757232,177.191374322241,176.496944223161,231.791061452225,193.861620978557,223.704315468571,696.611263491339,374.708371451619,479.457222723266,430.572077101756,252.220259933497,468.726186660315
"GENE0568",19.8691064407008,16.1083067565674,26.7419612459335,4.75468844004565,6.68488348201922,20.1899201686436,27.9282866233641,9.63535812304164,32.473198351775,18.9451713924773,74.112114293255,14.1324478390045
"GENE0569",11.9214638644205,32.2166135131347,8.91398708197782,16.6414095401598,21.0096338006318,32.3038722698297,78.1992025454195,43.8944092271897,69.7218670493992,64.5858115652634,25.1024903251348,35.3311195975112
"GENE0570",344.397844972147,368.34328116684,238.003455088808,339.960223463264,387.723241957115,180.901684711046,401.369376330061,861.829254338724,992.342737867476,475.351573120339,724.38614938246,644.596648656815
"GENE0571",18.5444993446541,8.59109693683592,3.56559483279113,7.13203266006847,21.0096338006318,1.61519361349149,23.1405803450731,19.2707162460833,14.3264110375478,26.6954687803089,8.36749677504492,18.0581277942835
"GENE0572",13.2460709604672,30.0688392789257,41.8957392852958,34.471491190331,34.3794007646703,30.6886786563382,31.9180418552733,58.8827440852545,67.8116789110595,31.0011895513265,84.8703244325985,22.7689437406183
"GENE0573",516.59676745822,448.884814949677,406.477810938189,607.411448215832,959.758271347046,795.482854644557,1995.67556700096,1252.59655599541,1268.36492385756,839.615550348425,1240.78023607095,1715.52214045693
"GENE0574",49.0104625537286,57.9899043236425,45.4613341180869,64.1882939406162,31.5144507009478,58.9545668924392,70.2196920816012,79.2240556783424,106.015441677854,80.9475504951302,58.5724774253144,114.629854694147
"GENE0575",751.052223458489,684.06609359556,1092.85481625048,408.903205843926,827.97056841581,911.776794815944,1433.91803034815,966.747598345178,1454.60826734568,1114.32053553935,1796.62109327036,1577.33820603111
"GENE0576",147.031387661186,184.708584141972,270.093808583928,78.4523592607532,72.5787349476373,140.521844373759,260.132041120477,335.096343612448,245.459175776652,186.007137307959,433.914475620187,332.112524216605
"GENE0577",25.1675348248876,34.3643877473437,16.9365754557579,23.7734422002282,17.1897003823351,16.1519361349149,25.5344334842186,41.7532185331804,71.6320551877389,35.306910322344,58.5724774253144,59.6703353202411
"GENE0578",137.759137988859,118.127582881494,103.402250150943,82.0183755907874,79.2636184296565,111.448359330912,256.94023693495,187.35418572581,171.916932450573,328.095922751538,277.322750258632,277.938140833755
"GENE0579",145.706780565139,258.806795222182,152.429179101821,209.206291362009,190.041687560261,180.094087904301,336.735341573133,283.707766956226,167.141462104724,408.182329092465,335.895227683946,256.739469075248
"GENE0580",912.654289176189,604.598446929828,726.489947181193,501.619630424816,627.424063955233,385.223676817719,932.006822173979,895.017710095868,1085.94195664612,930.035686539794,1602.97331076218,822.037382635427
"GENE0581",6.62303548023359,11.8127582881494,12.479581914769,4.75468844004565,6.68488348201922,2.42279042023723,11.1713146493456,6.42357208202776,6.68565848418896,15.5005947756632,4.7814267285971,12.5621758568929
"GENE0582",72.8533902825695,51.5465816210155,65.9635044066359,72.5089987106961,90.7234186845466,108.21797210393,149.216845673402,56.7415533912452,117.476570507892,67.169244027874,109.972814757733,168.019102085942
"GENE0583",33.115177401168,45.1032589183886,26.7419612459335,24.9621143102397,30.5594673463736,25.035501009118,25.5344334842186,26.7648836751157,87.8686543636264,55.9743700232283,37.0560571466275,52.6041114007389
"GENE0584",294.062775322371,373.712716752363,240.677651213401,519.449712074987,406.822909048598,284.274075974501,623.19976722421,327.602176183416,388.72328615213,761.251432315905,414.788768705798,676.002088299048
"GENE0585",0,5.36943558552245,4.45699354098891,13.0753932101255,11.4598002548901,11.3063552944404,19.150825113164,17.129525552074,31.5181042826051,28.4177570887159,32.2746304180304,29.8351676601206
"GENE0586",223.858599231895,329.683344951079,255.831429252763,467.148139234485,369.578558220206,642.039461362865,533.031298983063,614.521729180656,832.842028316111,607.96777286768,730.362932793207,814.186022724869
"GENE0587",21.1937135367475,39.7338233328662,28.524758662329,24.9621143102397,15.2797336731868,33.1114690765755,63.0381326641647,50.3179813092174,44.889421250983,53.3909375606178,81.2842543861506,83.2244150519153
"GENE0588",400.031343006109,702.322174586337,517.902649462911,549.166514825272,500.411277796868,610.543185899782,710.17643127983,669.122091877892,764.075255335881,819.809234801744,871.415021286821,1323.73928092009
"GENE0589",51.659676745822,40.8077104499706,26.7419612459335,15.4527374301484,37.2443508283928,33.1114690765755,60.6442795250192,86.7182231073748,38.2037627667941,72.3361089530951,88.4563944790463,40.8270715349018
"GENE0590",11.9214638644205,36.5121619815527,39.2215431607024,58.2449333905592,22.9196005097802,54.1089860519648,37.5036991799461,49.2473859622128,96.464500986155,67.169244027874,86.0656811147477,48.6784314454599
"GENE0591",26.4921419209344,52.62046873812,19.6107715803512,39.2261796303766,29.6044839917994,20.9975169753893,41.4934544118552,40.6826231861758,27.6977280059257,32.7234778597335,25.1024903251348,42.3973435170134
"GENE0592",907.355860792002,794.676466657323,734.512535554973,823.749772237909,536.700645270686,663.036978338255,1832.09560249268,1977.38960591755,1128.92118975876,1774.81810181344,1819.3328702312,1216.17565014544
"GENE0593",22.5183206327942,13.9605325223584,18.7193728721534,21.3960979802054,24.8295672189285,18.5747265551521,39.8975523190916,73.8710789433192,93.5992187786455,77.5029738783161,71.7214009289565,60.4554713112969
"GENE0594",10.5968567683737,25.7732908105078,23.1763664131423,3.56601633003424,26.7395339280769,29.8810818495925,46.2811606901462,53.5297673502313,30.5630102134353,20.6674597008843,112.363528122032,23.5540797316741
"GENE0595",11.9214638644205,4.29554846841796,20.502170288549,14.2640653201369,24.8295672189285,41.1874371440329,49.4729648756735,44.9650045741943,42.9792331126433,22.3897480092913,33.4699871001797,25.1243517137857
"GENE0596",396.057521717969,570.234059182485,569.603774538383,301.922715942899,412.552809176044,564.510167915274,719.751843836412,1102.71320741477,872.955979221245,992.038065642447,626.36690144622,493.065402383045
"GENE0597",288.764346938185,190.078019727495,223.741075757643,224.659028792157,252.115605607582,273.775317486807,285.666474604696,473.203143376045,384.90290987545,488.268735433392,502.049806502695,388.642315572623
"GENE0598",7.94764257628031,24.6994036934033,34.7645496197135,8.32070477007988,23.8745838643544,22.6127105888808,55.0586222003464,35.3296464511527,48.7097975276624,15.5005947756632,34.665343782329,62.0257432934085
"GENE0599",205.314099887241,298.540618555048,235.329258964215,203.262930811951,361.938691383612,256.815784545146,417.328397257698,463.567785253003,261.695774952539,564.910565157504,484.119456270456,501.701898284659
"GENE0600",10.5968567683737,42.9554846841796,18.7193728721534,24.9621143102397,18.1446837369093,16.9595329416606,50.2709159220554,31.0472650631342,72.5871492569087,55.1132258690248,90.8471078433448,40.041935543846
"GENE0601",842.450113085713,568.086284948276,1065.22145629635,426.733287494097,700.957782257444,505.555601022835,1818.53043470419,1376.78561624795,1694.33687870732,1813.5695887526,1623.29437435871,1960.48456966634
"GENE0602",1229.23538513135,751.720981973143,1327.2926765065,993.72988396954,984.587838565974,873.819744898894,2334.80476171324,2477.35763296871,1991.37113421914,1575.03265803822,1710.55541215561,1644.85990126191
"GENE0603",27.8167490169811,13.9605325223584,19.6107715803512,33.2828190803195,12.4147836094643,23.4203073956265,11.1713146493456,14.9883348580648,30.5630102134353,41.3349194017686,57.3771207431652,48.6784314454599
"GENE0604",250.35074115283,173.969712970927,226.415271882237,330.450846583173,162.34717027761,263.276558999112,206.669321012894,707.663524370058,728.736774776597,683.748458437589,297.643813855169,232.400253352518
"GENE0605",47.6858554576819,190.078019727495,82.9000798623938,137.885964761324,127.012786158365,107.410375297184,189.912349038876,276.213599527194,141.353922237138,144.67221790619,136.270661765017,248.88810916469
"GENE0606",38.4136057853548,41.8815975670751,28.524758662329,32.0941469703081,27.6945172826511,29.8810818495925,71.017643127983,85.6476277603701,65.9014907727198,135.199632209951,88.4563944790463,46.3230234722925
"GENE0607",50.3350696497753,62.2854527920605,30.3075560787246,54.678917060525,33.4244174100961,36.3418563035584,62.2401816177828,94.2123905364071,53.4852678735117,26.6954687803089,66.9399742003594,53.3892473917947
"GENE0608",9.27224967232703,41.8815975670751,30.3075560787246,13.0753932101255,7.6398668365934,25.035501009118,33.5139439480369,49.2473859622128,21.9671635909066,31.0011895513265,14.3442801857913,50.2487034275715
"GENE0609",58.2827122260556,79.4676466657323,76.6602889050093,122.433227331175,61.1189346927472,63.8001477329137,162.782013461894,137.036204416592,91.6890306403058,142.08878544358,141.052088493614,109.133902756757
"GENE0610",721.910867345461,633.593399091649,401.129418689002,393.450468413777,555.80031236217,645.269848589848,1836.88330877098,1296.4909652226,1771.69949831008,1587.08867619707,873.80573465112,1259.35812965351
"GENE0611",152.329816045373,160.009180448569,95.3796617771627,99.8484572409586,138.472586413255,133.253473113048,369.451334474788,114.553702129495,172.872026519743,185.145993153755,185.280285733138,449.882922874976
"GENE0612",99.3455322035039,82.6893080170458,100.728054026349,272.205913192613,142.292519831552,115.486343364641,206.669321012894,396.120278391712,377.262157322091,431.43322125596,328.72308759105,248.102973173634
"GENE0613",13.2460709604672,12.8866454052539,29.4161573705268,2.37734422002282,1.90996670914835,12.1139521011861,28.7262376697459,36.4002417981573,31.5181042826051,39.6126310933616,26.297847007284,28.264895678009
"GENE0614",66.2303548023359,52.62046873812,61.506510865647,70.1316544906733,58.2539846290247,40.3798403372871,94.9561745194379,163.801088091708,71.6320551877389,105.059586812829,234.289909701258,92.6460469445849
"GENE0615",9.27224967232703,4.29554846841796,23.1763664131423,10.6980489901027,9.54983354574175,13.7291457146776,29.5241887161278,53.5297673502313,47.7547034584926,8.61144154203513,32.2746304180304,22.7689437406183
"GENE0616",31.7905703051212,67.6548883775829,37.4387457443068,13.0753932101255,29.6044839917994,64.6077445396594,85.3807619628559,70.6592929023054,148.039580721327,139.505352980969,102.800674664838,50.2487034275715
"GENE0617",11.9214638644205,21.4777423420898,19.6107715803512,16.6414095401598,13.3697669640384,50.071002018236,55.8565732467282,9.63535812304164,85.9584662252867,61.1412349484494,47.814267285971,32.190575633288
"GENE0618",241.078491480503,144.974760809106,178.279741639556,152.150030081461,99.3182688757142,144.559828407488,342.320998897806,391.837897003693,214.896165563217,371.153130461714,423.156265480843,192.358317808672
"GENE0619",1198.76942192228,703.396061703441,848.611570204289,462.393450794439,849.935185571016,541.089860519648,1417.16105837413,2398.13357729036,2071.59903602941,2330.2560812747,1493.00049600444,1457.99753539063
"GENE0620",225.183206327942,400.559894679975,436.785367016913,383.941091533686,318.0094570732,207.552379333656,662.29936849692,529.94469676729,576.87681777859,840.476694502628,389.686278380663,415.33693926852
"GENE0621",49.0104625537286,64.4332270262694,21.3935689967468,28.5281306402739,38.199334182967,78.336890254337,51.866818014819,71.72988824931,41.0690449743036,60.2800907942459,37.0560571466275,96.5717268998639
"GENE0622",45.0366412655884,34.3643877473437,14.2623793311645,17.8300816501712,7.6398668365934,40.3798403372871,52.6647690612009,52.4591720032267,56.3505500810213,84.3921271119442,28.6885603715826,64.381151266576
"GENE0623",137.759137988859,115.979808647285,100.728054026349,87.9617361408445,106.958135712308,63.8001477329137,154.004551951693,256.94288328111,167.141462104724,107.643019275439,225.922412926213,268.516508941085
"GENE0624",87.4240683390834,88.0587436025682,133.709806229667,137.885964761324,156.617270150165,50.071002018236,213.850880430331,147.742157886638,139.443734098798,298.817021508619,252.220259933497,246.532701191523
"GENE0625",51.659676745822,30.0688392789257,12.479581914769,30.9054748602967,42.0192676012637,31.496275463084,57.4524753394918,62.0945301262683,66.8565848418896,31.86233370553,114.75424148633,86.3649590161385
"GENE0626",17.2198922486073,52.62046873812,19.6107715803512,38.0375075203652,16.234717027761,46.8406147912531,23.1405803450731,41.7532185331804,89.7788425019661,124.004758205306,72.9167576111057,153.886654246938
"GENE0627",419.90044944681,358.6782971129,459.961733430056,419.601254834028,156.617270150165,285.889269587993,884.129759391069,628.439468691716,771.71600788924,643.274683190024,626.36690144622,947.659141204356
"GENE0628",75.5026044746629,80.5415337828368,98.9452566099538,32.0941469703081,40.1093008921153,54.1089860519648,244.970971239222,173.43644621475,72.5871492569087,175.673407457517,54.9864073788666,138.183934425822
"GENE0629",10.5968567683737,12.8866454052539,12.479581914769,21.3960979802054,14.3247503186126,17.7671297484063,33.5139439480369,37.4708371451619,17.1916932450573,45.6406401727862,33.4699871001797,23.5540797316741
"GENE0630",211.937135367475,509.022493507529,243.351847337995,347.092256123332,413.507792530618,484.558084047446,1472.21968057448,960.32402626315,1128.92118975876,1242.63101451567,1579.06617711919,1128.24041914719
"GENE0631",503.350696497753,480.027541345707,507.205864964538,653.769660506277,467.941843741346,452.254211777616,708.580529187066,891.805924054854,1223.47550260658,742.306260923428,1157.1052683205,584.926313336574
"GENE0632",75.5026044746629,46.1771460354931,92.7054656525693,45.1695401804337,48.7041510832829,52.4937924384733,98.9459297513471,147.742157886638,110.790912023703,104.198442658625,101.605317982688,179.011005960723
"GENE0633",21.1937135367475,21.4777423420898,16.9365754557579,40.414851740388,16.234717027761,15.3443393281691,54.2606711539645,100.635962618435,47.7547034584926,32.7234778597335,68.1353308825086,80.083871087692
"GENE0634",264.921419209344,296.392844320839,441.242360557902,266.262552642556,447.887193295288,639.616670942628,982.277738096034,699.098761594021,428.837237057263,762.973720624312,376.537354877021,547.239785765896
"GENE0635",140.408352180952,98.7976147736131,219.284082216654,137.885964761324,203.411454524299,123.562311432099,341.523047851424,425.026352760837,436.477989610622,477.073861428746,371.755928148424,390.212587554735
"GENE0636",193.392636022821,269.545666393227,266.528213751137,237.734422002282,152.797336731868,140.521844373759,552.980075142609,473.203143376045,407.825167535527,631.218665031175,487.705526316904,536.247881891114
"GENE0637",76.8272115707097,42.9554846841796,60.6151121574492,42.7921959604108,41.0642842466895,49.2634052114903,19.9487761595458,115.6242974765,94.5543128478153,105.920730967032,77.6981843397028,85.5798230250827
"GENE0638",463.612483616351,574.529607650902,689.051201436886,338.771551353252,514.73602811548,804.36641951876,856.201472767705,406.826231861758,508.110044798361,865.44987497453,1026.81138996623,951.584821159635
"GENE0639",7.94764257628031,8.59109693683592,11.5881832065712,15.4527374301484,5.72990012744505,13.7291457146776,15.1610698812548,13.9177395110601,8.59584662252867,36.1680544765475,15.5396368679406,19.6283997763951
"GENE0640",50.3350696497753,50.4726945039111,64.1807069902403,87.9617361408445,90.7234186845466,21.8051137821351,47.079111736528,107.059534700463,78.3177136719278,98.1704335792004,133.879948400719,159.382606184328
"GENE0641",23.8429277288409,49.3988073868066,23.1763664131423,32.0941469703081,69.7137848839148,26.6506946226095,76.6033004526558,114.553702129495,57.3056441501911,70.613820644688,45.4235539216724,83.2244150519153
"GENE0642",10.5968567683737,1.07388711710449,10.6967844983734,8.32070477007988,17.1897003823351,5.6531776472202,3.19180418552732,50.3179813092174,32.473198351775,4.30572077101756,11.9535668214927,27.4797596869532
"GENE0643",127.162281220485,100.945389007822,94.4882630689649,130.753932101255,82.128568493379,62.9925509261679,318.382467506351,164.871683438712,269.336527505898,137.783064672562,153.005655315107,228.474573397239
"GENE0644",19.8691064407008,47.2510331525976,99.8366553181516,43.9808680704222,48.7041510832829,83.9900679015572,257.738187981332,147.742157886638,64.9463967035499,166.200821761278,102.800674664838,165.663694112775
"GENE0645",25.1675348248876,26.8471779276123,39.2215431607024,59.4336055005706,14.3247503186126,66.2229381531509,131.661922653002,55.6709580442406,92.6441247094756,44.7794960185827,22.7117769608362,90.2906389714175
"GENE0646",1004.05217880341,777.494272783651,1349.57764421144,449.318057584314,541.475562043557,396.53003211216,1755.49230204003,1385.35037902399,557.774936395193,1625.84016313623,1920.93818821388,1149.4390909057
"GENE0647",64.9057477062892,83.7631951341503,51.7011250754714,101.03712935097,44.8842176649862,70.2609221868796,162.782013461894,271.931218139175,264.561057160049,249.731804719019,119.535668214927,209.6313096119
"GENE0648",135.109923796765,96.6498405394042,128.361413980481,178.300816501712,191.951654269409,188.977652778504,279.282866233641,206.624901971893,585.472664401119,367.7085538449,170.936005547346,330.542252234494
"GENE0649",133.785316700719,59.063791440747,103.402250150943,179.489488611723,70.6687682384889,124.369908238844,262.525894259622,123.118464905532,162.365991758875,283.316426732956,187.670999097436,285.789500744313
"GENE0650",366.916165604941,279.210650447168,412.717601895573,131.942604211267,283.63005630853,356.957788581618,438.873075510007,312.613841325351,404.959885328017,589.022601475203,565.403710656607,304.632764529652
"GENE0651",42.387427073495,42.9554846841796,46.3527328262847,9.5093768800913,21.964617155206,20.1899201686436,27.1303355769823,63.165125473273,70.676961118569,72.3361089530951,162.568508772301,75.3730551413572
"GENE0652",1227.91077803531,983.680599267713,744.317921345148,489.732909324702,362.893674738186,504.748004216089,1113.14170970265,1661.56397855118,1763.10365168755,1611.20071251477,1579.06617711919,1611.88418963757
"GENE0653",354.99470174052,223.368520357734,285.24758662329,360.167649333458,183.356804078242,226.934702695554,738.902668949576,680.898640694943,614.125486476215,433.155509564367,528.347653509979,606.124985095081
"GENE0654",39.7382128814015,52.62046873812,30.3075560787246,32.0941469703081,43.929234310412,36.3418563035584,127.672167421093,73.8710789433192,76.4075255335881,84.3921271119442,75.3074709754043,32.9757116243438
"GENE0655",17.2198922486073,21.4777423420898,12.479581914769,5.94336055005706,12.4147836094643,11.3063552944404,17.5549230204003,7.49416742903239,7.64075255335881,19.8063155466808,16.7349935500898,11.7770398658371
"GENE0656",41.0628199774483,117.053695764389,57.9409160328558,117.67853889113,117.462952612624,41.1874371440329,120.490608003657,187.35418572581,140.398828167968,179.979128228534,223.531699561914,116.985262667315
"GENE0657",358.968523028661,441.367605129946,820.978210250157,892.69275461857,1223.33367720952,752.680223887032,2814.37334058872,1200.13738399219,1776.47496865592,1170.29490556257,1746.41611262009,2405.65667659498
"GENE0658",139.083745084905,59.063791440747,139.949597187052,74.886342930719,66.8488348201922,100.142004036472,126.874216374711,244.095739117055,204.390130802348,322.929057826317,176.912788958093,189.217773844449
"GENE0659",75.5026044746629,73.0243239631054,76.6602889050093,68.9429823806619,86.9034852662499,65.4153413464052,176.347181250385,217.330855441939,91.6890306403058,233.370065789152,227.117769608362,148.390702309547
"GENE0660",27.8167490169811,10.7388711710449,26.7419612459335,10.6980489901027,22.9196005097802,21.8051137821351,33.5139439480369,14.9883348580648,37.2486686976242,56.8355141774318,58.5724774253144,40.8270715349018
"GENE0661",75.5026044746629,234.107391528779,161.343166183799,127.187915771221,120.327902676346,206.74478252691,211.457027291185,287.990148344245,322.82179537941,266.093543648885,170.936005547346,330.542252234494
"GENE0662",151.005208949326,84.8370822512548,188.97652613793,83.2070477007988,129.877736222088,193.015636812233,522.6579353801,351.155273817518,193.88409604148,243.703795639594,443.477329077381,300.707084574373
"GENE0663",22.5183206327942,16.1083067565674,24.0677651213401,13.0753932101255,19.0996670914835,18.5747265551521,51.866818014819,57.8121487382498,8.59584662252867,21.5286038550878,28.6885603715826,68.306831221855
"GENE0664",33.115177401168,33.2905006302392,33.8731509115157,14.2640653201369,35.3343841192445,32.3038722698297,88.5725661483833,79.2240556783424,47.7547034584926,71.4749647988915,56.1817640610159,87.1500950071943
"GENE0665",598.722407413117,851.592483863861,916.35787202732,930.730262138936,1540.38815092814,826.171533300895,3122.38244449211,1277.22024897652,1002.84877262834,2490.42889395656,3747.44319853797,1876.47501862337
"GENE0666",51.659676745822,56.916017206538,53.4839224918669,61.8109497205934,56.3440179198763,118.716730591624,179.538985435912,141.318585804611,64.9463967035499,280.732994270345,112.363528122032,149.175838300603
"GENE0667",27.8167490169811,51.5465816210155,52.5925237836692,39.2261796303766,26.7395339280769,35.5342594968127,115.702901725366,62.0945301262683,36.2935746284544,74.9195414157056,47.814267285971,57.3149273470737
"GENE0668",234.455456000269,205.112439366958,222.849677049446,161.659406961552,260.71045579875,190.592846391995,245.768922285604,322.249199448393,286.528220750956,636.385529956396,300.034527219468,332.112524216605
"GENE0669",880.863718871068,1571.09685232387,1275.59155143103,887.938066178525,1080.08617402339,1037.76189666828,1149.84745783622,1657.28159716316,1672.36971511641,1713.67686686499,2346.48516705903,1573.41252607583
"GENE0670",6.62303548023359,31.1427263960302,24.9591638295379,33.2828190803195,35.3343841192445,25.035501009118,53.4627201075827,22.4825022870972,32.473198351775,61.1412349484494,32.2746304180304,43.967615499125
"GENE0671",513.947553266127,815.080321882308,397.563823856211,702.505217016744,532.88071185239,717.953561196965,1058.08308750231,1597.3282577309,1398.25771726466,1824.76446275724,1623.29437435871,977.494308864476
"GENE0672",177.49735087026,141.753099457793,139.058198478854,204.451602921963,82.128568493379,243.086638830469,394.985767959006,542.791840931346,202.479942664009,389.237157699988,514.003373324188,246.532701191523
"GENE0673",95.3717109153637,197.595229547226,80.2258837378004,139.074636871335,83.0835518479532,201.899201686436,548.9903199107,477.485524764063,338.103300486128,315.178760438486,273.736680212184,387.857179581567
"GENE0674",149.680601853279,143.900873692002,219.284082216654,139.074636871335,107.913119066882,79.9520838678285,260.132041120477,226.966213564981,240.683705430803,392.681734316802,515.198730006337,421.618027196967
"GENE0675",15.8952851525606,30.0688392789257,9.8053857901756,11.8867211001141,9.54983354574175,12.9215489079319,33.5139439480369,11.7765488170509,9.55094069169852,6.02800907942459,22.7117769608362,17.2729918032277
"GENE0676",33.115177401168,26.8471779276123,24.0677651213401,55.8675891705364,16.234717027761,17.7671297484063,15.1610698812548,67.4475068612915,37.2486686976242,28.4177570887159,49.0096239681202,47.1081594633483
"GENE0677",10.5968567683737,24.6994036934033,51.7011250754714,47.5468844004565,20.0546504460577,25.8430978158638,50.2709159220554,86.7182231073748,51.575079735172,29.2789012429194,72.9167576111057,63.5960152755202
"GENE0678",17.2198922486073,13.9605325223584,41.8957392852958,22.5847700902168,39.1543175375412,12.9215489079319,64.6340347569283,62.0945301262683,87.8686543636264,63.7246674110599,34.665343782329,22.7689437406183
"GENE0679",260.947597921204,178.265261439345,172.93134939037,230.602389342214,243.520755416415,196.246024039215,665.491172682447,444.29706900692,533.897584665947,657.914133811484,842.726460915238,349.385516019833
"GENE0680",259.622990825157,614.263430983769,476.898308885813,605.034103995809,350.478891128722,608.120395479544,1121.12122016647,872.535207808771,1020.99555994257,504.630474363258,1081.79779734509,920.964517508458
"GENE0681",328.502559819586,230.885730177465,310.206750452828,288.847322732773,133.697669640384,223.704315468571,417.328397257698,746.204956862225,700.083952701501,715.610792143119,425.546978845142,403.559899402683
"GENE0682",256.973776633063,239.476827114301,226.415271882237,145.017997421392,243.520755416415,180.901684711046,358.280019825442,331.884557571434,469.906282031567,297.094733200212,493.68230972765,526.826249998445
"GENE0683",45.0366412655884,30.0688392789257,46.3527328262847,21.3960979802054,33.4244174100961,28.265888236101,107.723391261547,114.553702129495,71.6320551877389,80.0864063409267,125.512451625674,87.1500950071943
"GENE0684",14.5706780565139,13.9605325223584,24.0677651213401,38.0375075203652,13.3697669640384,28.265888236101,40.6955033654734,23.5530976341018,44.889421250983,52.5297934064143,27.4932036894333,50.2487034275715
"GENE0685",68.8795689944293,103.093163242031,87.3570734033827,129.565259991244,86.9034852662499,93.6812295825062,159.590209276366,269.790027445166,113.656194231212,161.033956836057,119.535668214927,168.019102085942
"GENE0686",1079.55478327808,370.491055401049,352.993888446322,512.317679414919,556.755295716744,599.236830605341,1008.61012262663,1039.54808194149,1209.14909156903,1574.17151388402,1017.24853650903,1192.62157041377
"GENE0687",5.29842838418687,9.66498405394042,15.1537780393623,7.13203266006847,13.3697669640384,8.88356487420317,25.5344334842186,21.4119069400925,43.9343271818132,26.6954687803089,43.0328405573739,17.2729918032277
"GENE0688",72.8533902825695,47.2510331525976,63.2893082820425,55.8675891705364,38.199334182967,43.6102275642701,93.3602724266743,122.047869558527,55.3954560118514,87.8367037287583,143.442801857913,67.5216952307992
"GENE0689",153.654423141419,146.048647926211,65.9635044066359,85.5843919208217,223.466104970357,146.175022020979,219.436537755004,324.390390142402,225.402200324085,629.496376722768,302.425240583766,326.616572279215
"GENE0690",339.09941658796,222.29463324063,286.138985331488,273.394585302625,466.031877032197,181.709281517792,737.306766856812,1006.35962618435,669.520942488066,1272.77105991279,431.523762255888,789.061671011083
"GENE0691",283.465918553998,170.748051619614,256.722827960961,212.772307692043,241.610788707266,277.00570471379,575.3227044413,398.261469085721,326.642171656089,497.74132112963,607.241194531831,473.43700260665
"GENE0692",34.4397844972147,90.2065178367772,112.316237232921,48.7355565104679,81.1735851388049,95.2964231959976,109.319293354311,264.437050710143,239.728611361633,173.089974994906,186.475642415287,214.342125558235
"GENE0693",18.5444993446541,10.7388711710449,21.3935689967468,26.1507864202511,10.5048169003159,20.9975169753893,76.6033004526558,52.4591720032267,86.9135602944565,41.3349194017686,27.4932036894333,44.7527514901808
"GENE0694",58.2827122260556,11.8127582881494,24.9591638295379,29.7168027502853,6.68488348201922,20.9975169753893,98.1479787049652,16.0589302050694,55.3954560118514,62.8635232568564,28.6885603715826,46.3230234722925
"GENE0695",25.1675348248876,19.3299681078808,49.026928950878,24.9621143102397,57.2990012744505,33.1114690765755,94.1582234730561,72.8004835963146,157.590521413026,46.5017843269897,137.466018447167,56.5297913560179
"GENE0696",210.612528271428,133.162002520957,295.052972413466,172.357455951655,257.845505735027,242.279042023723,172.357426018476,281.566576262217,399.229320912998,419.377203097111,347.848794505439,238.681341280965
"GENE0697",328.502559819586,228.737955943256,192.542120970721,328.07350236315,283.63005630853,482.135293627208,468.397264226135,647.710184937799,910.204647918869,635.524385802192,1380.63696788241,962.576725034416
"GENE0698",34.4397844972147,35.4382748644482,36.5473470361091,35.6601633003424,58.2539846290247,44.4178243710158,102.935684983256,67.4475068612915,95.5094069169852,32.7234778597335,64.5492608360608,88.7203669893059
"GENE0699",9.27224967232703,22.5516294591943,4.45699354098891,8.32070477007988,12.4147836094643,22.6127105888808,29.5241887161278,7.49416742903239,9.55094069169852,20.6674597008843,17.9303502322391,8.63649590161385
"GENE0700",158.952851525606,224.442407474839,148.86358426903,210.39496347202,202.456471169725,204.321992106673,331.947635294842,309.402055284337,302.764819926843,448.65610434003,406.421271930753,690.919672129108
"GENE0701",173.52352958212,88.0587436025682,135.492603646063,79.6410313707646,167.122087050481,133.253473113048,117.298803818129,130.612632334564,118.431664577062,48.2240726353967,156.591725361555,171.159646050165
"GENE0702",7.94764257628031,13.9605325223584,5.34839224918669,7.13203266006847,21.964617155206,15.3443393281691,15.1610698812548,26.7648836751157,3.82037627667941,15.5005947756632,29.8839170537319,21.1986717585067
"GENE0703",111.266996067924,114.90592153018,142.623793311645,140.263308981347,212.006304715467,57.3393732789477,116.500852771747,175.577636908759,88.8237484327962,197.202011312604,101.605317982688,157.027198211161
"GENE0704",15.8952851525606,13.9605325223584,18.7193728721534,11.8867211001141,30.5594673463736,10.4987584876947,15.9590209276366,5.35297673502313,16.2365991758875,26.6954687803089,14.3442801857913,18.0581277942835
"GENE0705",41.0628199774483,66.5810012604784,116.773230773909,129.565259991244,80.2186017842307,104.987584876947,86.9766640556196,54.600362697236,80.2279018102676,85.2532712661477,51.4003373324188,77.7284631145246
"GENE0706",153.654423141419,110.610373061763,202.347506760897,120.055883111153,216.781221488338,205.937185720164,167.569719740185,102.777153312444,107.925629816193,229.064345018134,178.108145640242,243.392157227299
"GENE0707",86.0994612430367,45.1032589183886,44.5699354098891,61.8109497205934,67.8038181747664,56.531776472202,42.2914054582371,34.259051104148,22.9222576600764,62.0023791026529,37.0560571466275,62.8108792844643
"GENE0708",891.460575639441,910.656275304608,885.158917240398,613.354808765889,626.469080600659,784.984096156862,739.700619995958,933.559142588034,452.71458878651,317.762192901096,621.585474717623,625.753384871476
"GENE0709",699.392546712667,862.331355034906,789.779255463235,848.711886548148,488.951477541978,901.278036328249,1113.93966074904,1187.29023982813,727.781680707427,691.498755825421,835.554320822343,1068.57008382695
"GENE0710",62.2565335141958,54.768242972329,47.2441315344825,98.6597851309472,54.434051210728,73.4913094138626,52.6647690612009,39.6120278391712,83.0931840177771,41.3349194017686,38.2514138287768,54.1743833828505
"GENE0711",609.31926418149,713.061045757382,647.15546215159,443.374697034257,500.411277796868,587.122878504155,515.476375962663,495.685645663142,719.185834084898,397.848599242023,339.481297730394,497.77621832938
"GENE0712",96.6963180114104,51.5465816210155,69.529099239427,64.1882939406162,39.1543175375412,78.336890254337,90.1684682411469,62.0945301262683,99.3297831936646,54.2520817148213,13.148923503642,64.381151266576
"GENE0713",22.5183206327942,51.5465816210155,35.6559483279113,54.678917060525,14.3247503186126,58.9545668924392,41.4934544118552,51.3885766562221,30.5630102134353,39.6126310933616,43.0328405573739,41.6122075259576
"GENE0714",242.403098576549,399.48600756287,308.423953036433,205.640275031974,166.167103695906,299.618415302671,356.684117732679,225.895618217976,425.971954849754,405.598896629854,257.001686662094,304.632764529652
"GENE0715",100.670139299551,91.2804049538817,227.306670590434,103.414473570993,82.128568493379,175.248507063826,151.610698812548,169.154064826731,115.566382369552,190.312858078976,133.879948400719,98.1419988819755
"GENE0716",631.837584814285,870.922451971742,458.17893601366,594.336055005706,782.131367396249,346.459030093924,640.75469024461,330.81396222443,408.780261604697,582.994592395778,572.575850749502,462.445098731869
"GENE0717",41.0628199774483,79.4676466657323,54.3753212000647,35.6601633003424,31.5144507009478,72.6837126071168,57.4524753394918,82.4358417193562,43.9343271818132,41.3349194017686,40.6421271930753,28.264895678009
"GENE0718",757.675258938723,807.563112062577,673.897423397523,960.447064889221,849.935185571016,635.5786869089,394.187816912625,538.509459543327,765.030349405051,613.995781947104,659.836888546399,775.714359163135
"GENE0719",39.7382128814015,39.7338233328662,33.8731509115157,43.9808680704222,42.0192676012637,35.5342594968127,7.97951046381831,64.2357208202776,39.1588568359639,51.6686492522108,35.8607004644782,36.9013915796228
"GENE0720",774.89515118733,821.523644584935,1078.59243691932,643.071611516174,556.755295716744,617.811557160493,454.832096437644,626.298277997706,479.457222723266,391.820590162598,292.862387126572,977.494308864476
"GENE0721",34.4397844972147,20.4038552249853,20.502170288549,17.8300816501712,11.4598002548901,17.7671297484063,14.363118834873,28.9060743691249,30.5630102134353,15.5005947756632,19.1257069143884,28.264895678009
"GENE0722",119.214638644205,156.787519097256,120.338825606701,166.414095401598,101.228235584863,84.797664708303,92.5623213802924,64.2357208202776,98.3746891244947,158.450524373446,136.270661765017,111.489310729924
"GENE0723",582.827122260556,457.475911886513,349.428293613531,330.450846583173,516.645994824629,499.902423375615,465.205460040608,483.909096846091,502.379480383342,192.896290541587,552.254787152965,334.467932189773
"GENE0724",400.031343006109,592.785688641679,450.15634763988,387.50710786372,419.237692658063,372.302127909787,255.344334842186,351.155273817518,227.312388462425,508.075050980072,704.065085785923,417.692347241688
"GENE0725",56.9581051300089,28.9949521618212,31.1989547869224,41.6035238503994,29.6044839917994,26.6506946226095,39.8975523190916,7.49416742903239,22.9222576600764,26.6954687803089,31.0792737358811,25.1243517137857
"GENE0726",119.214638644205,127.792566935434,149.754982977227,152.150030081461,74.4887016567856,103.372391263455,216.244733569476,126.330250946546,159.500709551365,67.169244027874,120.731024897077,60.4554713112969
"GENE0727",2.64921419209344,13.9605325223584,14.2623793311645,8.32070477007988,3.8199334182967,9.69116168094891,19.150825113164,13.9177395110601,11.4611288300382,6.02800907942459,9.56285345719419,21.9838077495625
"GENE0728",55.6334980339622,37.5860490986572,37.4387457443068,122.433227331175,105.048169003159,129.215489079319,47.079111736528,35.3296464511527,62.0811144960404,63.7246674110599,64.5492608360608,61.2406073023527
"GENE0729",25.1675348248876,46.1771460354931,34.7645496197135,24.9621143102397,33.4244174100961,29.8810818495925,11.1713146493456,46.0355999211989,10.5060347608684,44.7794960185827,22.7117769608362,18.0581277942835
"GENE0730",810.659542780592,1055.63103611371,1051.85047567338,702.505217016744,779.266417332527,1113.67599650238,1366.0921914057,565.274343218443,1570.17464971524,421.099491405518,672.985812050041,788.276535020027
"GENE0731",128.486888316532,136.38366387227,159.560368767403,79.6410313707646,147.067436604423,174.44091025708,78.1992025454195,93.1417951894025,63.0362085652102,109.365307583846,156.591725361555,96.5717268998639
"GENE0732",409.303592678436,514.391929093051,372.604660026673,336.39420713323,254.025572316731,516.861956317275,315.190663320823,337.237534306457,543.448525357646,352.207959069237,580.943347524547,515.834346123663
"GENE0733",637.136013198471,754.942643324457,711.33616914183,1458.500678984,1137.38517529784,856.052615150487,658.309613265011,914.288426341951,753.569220575013,1010.98323703492,882.173231426164,1319.81360096481
"GENE0734",699.392546712667,589.564027290365,911.009479778133,543.223154275215,807.915917969752,1041.79988070201,634.371081873556,1762.19994116962,793.683171480147,1059.20730967032,1031.59281669482,585.71144932763
"GENE0735",115.240817356064,129.940341169643,197.890513219908,122.433227331175,146.112453249849,144.559828407488,173.953328111239,180.930613643782,193.88409604148,153.283659448225,193.647782508182,131.117710506319
"GENE0736",384.136057853548,807.563112062577,698.856587227061,987.786523419483,744.887016567856,339.998255639958,772.416612897613,559.92136648342,492.828539691644,530.464798989364,525.956940145681,382.361227644177
"GENE0737",602.696228701257,735.612675216576,921.706264276507,695.373184356676,835.610435252403,643.654654976357,730.125207439376,444.29706900692,707.72470525486,951.564290394881,521.175513417084,774.929223172079
"GENE0738",712.638617673134,554.125752425917,541.079015876054,563.430580145409,593.044663190563,1187.97490272299,489.941942478444,602.745180363605,1199.59815087733,665.664431199315,677.767238778638,803.979254841144
"GENE0739",70.2041760904761,122.423131349912,95.3796617771627,59.4336055005706,103.138202294011,88.8356487420317,94.9561745194379,94.2123905364071,185.288249418951,108.504163429643,77.6981843397028,65.9514232486876
"GENE0740",13.2460709604672,47.2510331525976,9.8053857901756,48.7355565104679,31.5144507009478,39.5722435305414,15.1610698812548,19.2707162460833,11.4611288300382,20.6674597008843,39.446770510926,18.0581277942835
"GENE0741",15.8952851525606,4.29554846841796,14.2623793311645,19.0187537601826,8.59485019116757,9.69116168094891,11.9692656957275,11.7765488170509,2.86528220750956,18.0840272382738,11.9535668214927,7.06622391950224
"GENE0742",83.4502470509432,70.8765497288964,92.7054656525693,49.9242286204793,55.3890345653021,41.9950339507786,71.017643127983,48.1767906152082,55.3954560118514,95.5870011165899,43.0328405573739,39.2567995527902
"GENE0743",31.7905703051212,24.6994036934033,11.5881832065712,9.5093768800913,27.6945172826511,9.69116168094891,34.3118949944187,7.49416742903239,22.9222576600764,35.306910322344,38.2514138287768,47.1081594633483
"GENE0744",751.052223458489,885.956871611205,1387.90778866395,1079.31427589036,1005.59747236661,840.708275822318,908.866241828906,1239.74941183136,740.197903606635,1054.0404447451,479.338029541859,831.459014528097
"GENE0745",10.5968567683737,24.6994036934033,25.8505625377357,20.207425870194,13.3697669640384,12.1139521011861,16.7569719740185,11.7765488170509,7.64075255335881,11.1948740046457,19.1257069143884,14.9175838300603
"GENE0746",879.539111775021,1087.84764962685,1198.93126252602,1343.1994843129,861.394985825906,848.784243889776,671.07683000712,805.087700947479,957.004257308191,655.330701348873,527.15229682783,524.470842025277
"GENE0747",104.643960587691,110.610373061763,112.316237232921,135.508620541301,145.157469895275,186.554862358267,157.994307183603,162.730492744703,82.1380899486072,166.200821761278,81.2842543861506,106.778494783589
"GENE0748",584.151729356603,536.943558552245,1190.01727544404,540.845810055192,337.109124164684,797.098048258048,495.527599803117,648.780780284804,407.825167535527,374.597707078528,443.477329077381,497.77621832938
"GENE0749",143.057566373046,108.462598827554,33.8731509115157,71.3203266006847,112.688035839753,154.250990088437,91.7643703339106,49.2473859622128,95.5094069169852,169.645398378092,53.7910506967173,92.6460469445849
"GENE0750",14.5706780565139,11.8127582881494,33.8731509115157,5.94336055005706,21.0096338006318,12.1139521011861,23.9385313914549,25.694288328111,24.8324457984161,23.2508921634948,21.5164202786869,15.7027198211161
"GENE0751",7.94764257628031,11.8127582881494,32.9817522033179,36.8488354103538,8.59485019116757,12.9215489079319,19.9487761595458,23.5530976341018,10.5060347608684,17.2228830840703,13.148923503642,21.1986717585067
"GENE0752",226.507813423989,198.669116664331,119.447426898503,191.376209711837,229.196005097802,72.6837126071168,94.9561745194379,246.236929811064,111.746006092873,179.117984074331,78.8935410218521,182.151549924947
"GENE0753",19.8691064407008,30.0688392789257,42.7871379934935,23.7734422002282,12.4147836094643,24.2279042023723,32.7159929016551,42.8238138801851,21.9671635909066,41.3349194017686,31.0792737358811,38.4716635617344
"GENE0754",139.083745084905,97.7237276565086,187.193728721534,121.244555221164,193.861620978557,96.1040200027434,106.925440215165,167.012874132722,54.4403619426815,129.171623130527,136.270661765017,160.95287816644
"GENE0755",237.104670192363,302.836167023466,194.324918387117,156.904718521506,146.112453249849,227.742299502299,214.648831476713,294.413720426272,142.309016306308,235.953498251762,211.578132740422,213.556989567179
"GENE0756",31.7905703051212,46.1771460354931,37.4387457443068,49.9242286204793,23.8745838643544,20.9975169753893,16.7569719740185,40.6826231861758,35.3384805592845,44.7794960185827,52.5956940145681,28.264895678009
"GENE0757",13.2460709604672,22.5516294591943,20.502170288549,26.1507864202511,42.9742509558379,28.265888236101,23.9385313914549,17.129525552074,18.1467873142272,14.6394506214597,19.1257069143884,66.7365592397434
"GENE0758",103.319353491644,78.3937595486278,107.859243691932,117.67853889113,100.273252230288,85.6052615150487,137.247579977675,63.165125473273,128.93769933793,106.781875121236,64.5492608360608,69.8771032039666
"GENE0759",96.6963180114104,50.4726945039111,76.6602889050093,108.169162011038,46.7941843741346,41.9950339507786,56.65452429311,80.294651025347,155.680333274686,97.3092894249969,50.2049806502695,69.8771032039666
"GENE0760",860.994612430367,736.68656233368,735.40393426317,1201.74750322154,736.292166376689,667.882559178729,408.550935747498,583.474464117522,801.323924033506,421.099491405518,302.425240583766,225.334029433016
"GENE0761",27.8167490169811,30.0688392789257,9.8053857901756,27.3394585302625,24.8295672189285,18.5747265551521,19.150825113164,17.129525552074,10.5060347608684,12.0560181588492,15.5396368679406,5.49595193739063
"GENE0762",348.371666260287,634.667286208754,509.880061089131,215.149651912066,503.27622786059,482.135293627208,630.381326641647,563.133152524434,457.490059132359,581.272304087371,582.138704206697,411.411259313241
"GENE0763",38.4136057853548,39.7338233328662,52.5925237836692,57.0562612805478,55.3890345653021,56.531776472202,51.866818014819,42.8238138801851,26.7426339367558,38.7514869391581,40.6421271930753,32.9757116243438
"GENE0764",140.408352180952,98.7976147736131,71.3118966558226,121.244555221164,76.398668365934,144.559828407488,84.5828109164741,160.589302050694,107.925629816193,82.6698388035372,38.2514138287768,61.2406073023527
"GENE0765",405.329771390296,230.885730177465,215.718487383863,188.998865491815,200.546504460577,310.924770597111,116.500852771747,275.143004180189,155.680333274686,200.646587929418,123.121738261375,311.698988449154
"GENE0766",121.863852836298,258.806795222182,303.075560787246,210.39496347202,197.681554396854,179.286491097555,92.5623213802924,326.531580836411,172.872026519743,142.949929597783,131.48923503642,117.770398658371
"GENE0767",34.4397844972147,9.66498405394042,18.7193728721534,22.5847700902168,11.4598002548901,10.4987584876947,3.98975523190916,12.8471441640555,10.5060347608684,6.02800907942459,3.58607004644782,8.63649590161385
"GENE0768",90.0732825311768,86.9848564854637,290.595978872477,212.772307692043,225.376071679505,187.362459165012,192.306202178021,77.0828649843331,243.548987638312,155.005947756632,161.373152090152,162.523150148552
"GENE0769",272.869061785624,347.939425941855,310.206750452828,168.79143962162,275.035206117362,169.595329416606,324.766075877405,188.424781072814,241.638799499972,186.007137307959,192.452425826033,310.913852458099
"GENE0770",43.7120341695417,25.7732908105078,37.4387457443068,19.0187537601826,21.964617155206,17.7671297484063,13.5651677884911,34.259051104148,15.2815051067176,23.2508921634948,23.9071336429855,18.0581277942835
"GENE0771",23.8429277288409,11.8127582881494,6.23979095738448,9.5093768800913,7.6398668365934,11.3063552944404,12.7672167421093,6.42357208202776,12.4162228992081,22.3897480092913,19.1257069143884,7.85135991055804
"GENE0772",263.596812113297,162.156954682778,254.940030544566,425.544615384085,260.71045579875,432.871888415718,239.385313914549,163.801088091708,223.492012185745,263.510111186275,328.72308759105,134.258254470543
"GENE0773",19.8691064407008,37.5860490986572,36.5473470361091,46.3582122904451,15.2797336731868,33.1114690765755,35.9077970871824,34.259051104148,53.4852678735117,70.613820644688,34.665343782329,50.2487034275715
"GENE0774",41.0628199774483,37.5860490986572,31.1989547869224,53.4902449505135,41.0642842466895,46.8406147912531,43.0893565046189,39.6120278391712,27.6977280059257,80.0864063409267,15.5396368679406,53.3892473917947
"GENE0775",194.717243118868,106.314824593345,246.917442170786,139.074636871335,99.3182688757142,121.947117818607,115.702901725366,171.29525552074,164.276179897214,253.176381335833,237.875979747706,47.8932954544041
"GENE0776",17.2198922486073,5.36943558552245,11.5881832065712,7.13203266006847,29.6044839917994,6.46077445396594,3.19180418552732,0,2.86528220750956,18.9451713924773,2.39071336429855,14.1324478390045
"GENE0777",133.785316700719,119.201469998598,117.664629482107,244.866454662351,177.626903950797,96.1040200027434,161.18611136913,119.906678864518,84.048278086947,127.44933482212,126.707808307823,93.4311829356407
"GENE0778",13.2460709604672,9.66498405394042,14.2623793311645,13.0753932101255,4.77491677287087,14.5367425214234,4.78770627829099,6.42357208202776,9.55094069169852,15.5005947756632,28.6885603715826,7.85135991055804
"GENE0779",18.5444993446541,30.0688392789257,16.0451767475601,32.0941469703081,30.5594673463736,6.46077445396594,23.1405803450731,44.9650045741943,21.9671635909066,18.9451713924773,33.4699871001797,11.7770398658371
"GENE0780",10.5968567683737,9.66498405394042,30.3075560787246,17.8300816501712,8.59485019116757,7.26837126071168,3.98975523190916,17.129525552074,1.9101881383397,3.44457661681405,8.36749677504492,10.9919038747813
"GENE0781",31.7905703051212,10.7388711710449,20.502170288549,8.32070477007988,21.964617155206,4.03798403372871,18.3528740667821,21.4119069400925,7.64075255335881,8.61144154203513,50.2049806502695,7.85135991055804
"GENE0782",38.4136057853548,41.8815975670751,67.7463018230314,52.3015728405021,53.4790678561538,60.5697605059307,32.7159929016551,32.1178604101388,57.3056441501911,18.0840272382738,26.297847007284,15.7027198211161
"GENE0783",7.94764257628031,5.36943558552245,18.7193728721534,2.37734422002282,1.90996670914835,12.1139521011861,16.7569719740185,7.49416742903239,8.59584662252867,27.5566129345124,5.97678341074637,17.2729918032277
"GENE0784",39.7382128814015,24.6994036934033,27.6333599541312,43.9808680704222,42.0192676012637,34.7266626900669,23.9385313914549,40.6826231861758,75.4524314644183,27.5566129345124,28.6885603715826,60.4554713112969
"GENE0785",495.403053921473,522.983026029887,497.400479174362,576.505973355535,530.015761788667,348.074223707415,311.998859135296,679.828045347938,362.935746284544,583.855736549982,563.012997292308,463.230234722925
"GENE0786",165.57588700584,148.19642216042,557.124192623614,387.50710786372,305.594673463736,336.767868412975,339.129194712278,290.131339038254,187.198437557291,210.980317779861,186.475642415287,270.086780923197
"GENE0787",1010.67521428365,698.026626117919,928.837453942089,761.938822517315,607.369413509175,793.060064224319,747.680130459776,508.532789827198,577.83191184776,946.39742546966,564.208353974457,631.249336808867
"GENE0788",835.827077605479,626.076189271918,737.186731679566,788.089608937566,810.780868033474,877.857728932622,1363.69833826655,882.170565931812,829.021652039431,455.545257573658,674.181168732191,720.754839789228
"GENE0789",160.277458621653,248.067924051137,297.727168538059,269.828568972591,217.736204842912,230.165089922537,151.610698812548,281.566576262217,275.067091920917,151.561371139818,198.42920923678,142.894750372156
"GENE0790",60.931926418149,60.1376785578515,53.4839224918669,48.7355565104679,42.0192676012637,36.3418563035584,47.8770627829099,50.3179813092174,67.8116789110595,36.1680544765475,90.8471078433448,27.4797596869532
"GENE0791",137.759137988859,100.945389007822,120.338825606701,85.5843919208217,102.183218939437,64.6077445396594,85.3807619628559,186.283590378805,132.758075614609,91.2812803455723,123.121738261375,111.489310729924
"GENE0792",14.5706780565139,4.29554846841796,30.3075560787246,9.5093768800913,16.234717027761,8.07596806745743,8.77746151020014,4.28238138801851,28.6528220750956,19.8063155466808,5.97678341074637,14.1324478390045
"GENE0793",107.293174779784,54.768242972329,171.148551973974,128.376587881232,222.511121615783,95.2964231959976,168.367670786566,131.683227681569,71.6320551877389,62.8635232568564,98.0192479362405,143.679886363212
"GENE0794",135.109923796765,253.43735963666,179.171140347754,140.263308981347,142.292519831552,151.8281996682,102.137733936874,140.247990457606,158.545615482195,110.22645173805,137.466018447167,113.844718703092
"GENE0795",198.691064407008,246.994036934033,250.483037003577,223.470356682145,302.729723400013,179.286491097555,256.142285888568,220.542641482953,296.079161442654,168.784254223888,292.862387126572,255.954333084192
"GENE0796",190.743421830727,240.550714231406,221.06687963305,194.942226041872,169.987037114203,364.22615984233,292.05008297575,150.953943927652,202.479942664009,136.921920518358,143.442801857913,194.71372578184
"GENE0797",25.1675348248876,65.5071141433739,51.7011250754714,21.3960979802054,25.7845505735027,37.1494531103042,27.9282866233641,51.3885766562221,65.9014907727198,18.0840272382738,19.1257069143884,54.1743833828505
"GENE0798",9.27224967232703,3.22166135131347,9.8053857901756,19.0187537601826,10.5048169003159,10.4987584876947,3.19180418552732,3.21178604101388,5.73056441501911,1.72228830840703,10.7582101393435,8.63649590161385
"GENE0799",6.62303548023359,38.6599362157617,17.8279741639556,19.0187537601826,41.0642842466895,13.7291457146776,15.1610698812548,20.3413115930879,12.4162228992081,16.3617389298667,57.3771207431652,21.9838077495625
"GENE0800",11.9214638644205,3.22166135131347,10.6967844983734,17.8300816501712,7.6398668365934,9.69116168094891,31.9180418552733,12.8471441640555,14.3264110375478,12.9171623130527,27.4932036894333,10.2067678837255
"GENE0801",152.329816045373,160.009180448569,139.949597187052,146.206669531404,170.942020468777,112.255956137658,160.388160322748,144.530371845625,111.746006092873,135.199632209951,95.6285345719419,133.473118479487
"GENE0802",88.7486754351301,251.289585402451,205.913101593688,192.564881821849,210.096338006318,271.35252706657,294.443936114896,112.412511435486,260.74068088337,195.479723004197,185.280285733138,230.829981370406
"GENE0803",268.895240497484,608.893995398246,452.830543764473,470.714155564519,255.935539025879,461.137776651819,213.850880430331,469.991357335031,590.248134746968,238.536930714373,474.556602813262,442.031562964418
"GENE0804",965.638573018058,965.424518276937,1103.55160074885,1015.12598194975,1029.47205623096,796.290451451302,1325.39668804022,1457.0802672733,1176.67589321726,1372.6637818004,622.780831399772,1569.48684612055
"GENE0805",394.732914621922,224.442407474839,135.492603646063,142.640653201369,127.012786158365,240.663848410231,153.206600905312,139.177395110601,127.02751119959,124.865902359509,178.108145640242,145.250158345324
"GENE0806",9.27224967232703,18.2560809907763,3.56559483279113,2.37734422002282,5.72990012744505,8.07596806745743,1.59590209276366,5.35297673502313,10.5060347608684,14.6394506214597,5.97678341074637,3.14054396422322
"GENE0807",294.062775322371,495.06196098517,327.143325908586,345.903584013321,347.613941065,240.663848410231,209.06317415204,233.389785647009,234.953141015784,411.626905709279,374.146641512723,317.980076377601
"GENE0808",214.586349559568,79.4676466657323,219.284082216654,135.508620541301,162.34717027761,127.600295465827,99.7438807977289,56.7415533912452,201.524848594839,142.08878544358,111.168171439882,187.647501862337
"GENE0809",34.4397844972147,122.423131349912,73.0946940722181,96.2824409109244,85.9485019116757,102.564794456709,93.3602724266743,80.294651025347,109.835817954533,135.199632209951,59.7678341074637,104.423086810422
"GENE0810",38.4136057853548,19.3299681078808,17.8279741639556,16.6414095401598,17.1897003823351,12.1139521011861,10.3733636029638,8.56476277603701,20.0569754525669,18.9451713924773,22.7117769608362,26.6946236958973
"GENE0811",30.4659632090745,31.1427263960302,43.6785367016913,23.7734422002282,12.4147836094643,4.84558084047446,36.7057481335642,56.7415533912452,21.0120695217367,12.9171623130527,38.2514138287768,16.4878558121719
"GENE0813",196.041850214914,251.289585402451,214.827088675666,76.0750150407304,212.961288070041,181.709281517792,248.16277542475,238.742762382032,211.075789286537,161.89510099026,180.49885900454,163.308286139607
"GENE0814",17.2198922486073,49.3988073868066,52.5925237836692,46.3582122904451,11.4598002548901,72.6837126071168,27.1303355769823,33.1884557571434,58.260738219361,49.0852167896002,28.6885603715826,42.3973435170134
"GENE0815",10.5968567683737,9.66498405394042,20.502170288549,17.8300816501712,7.6398668365934,8.07596806745743,5.58565732467282,11.7765488170509,18.1467873142272,10.3337298504422,4.7814267285971,21.9838077495625
"GENE0816",37.0889986893081,53.6943558552245,57.9409160328558,39.2261796303766,52.5240845015796,61.3773573126764,27.9282866233641,54.600362697236,84.048278086947,49.9463609438037,26.297847007284,67.5216952307992
"GENE0817",166.900494101886,165.378616034092,65.9635044066359,156.904718521506,194.816604333132,198.668814459453,152.40864985893,112.412511435486,173.827120588913,155.867091910836,213.96884610472,153.886654246938
"GENE0818",249.026134056783,213.703536303794,229.980866715028,175.923472281689,252.115605607582,303.656399336399,146.822992534257,216.260260094935,243.548987638312,205.81345285464,131.48923503642,226.119165424072
"GENE0819",11.9214638644205,30.0688392789257,19.6107715803512,47.5468844004565,30.5594673463736,20.9975169753893,12.7672167421093,26.7648836751157,7.64075255335881,13.7783064672562,39.446770510926,15.7027198211161
"GENE0820",17.2198922486073,15.0344196394629,4.45699354098891,15.4527374301484,28.6495006372252,11.3063552944404,7.18155941743648,14.9883348580648,3.82037627667941,12.0560181588492,23.9071336429855,8.63649590161385
"GENE0821",145.706780565139,139.605325223584,147.080786852634,205.640275031974,199.591521106003,140.521844373759,149.216845673402,220.542641482953,166.186368035554,270.399264419903,114.75424148633,179.011005960723
"GENE0822",5.29842838418687,2.14777423420898,17.8279741639556,11.8867211001141,11.4598002548901,1.61519361349149,10.3733636029638,6.42357208202776,1.9101881383397,8.61144154203513,1.19535668214927,3.14054396422322
"GENE0823",569.581051300089,551.977978191708,431.436974767727,537.279793725158,316.099490364052,404.606000179617,276.091062048114,629.51006403872,589.293040677799,441.766951106402,475.751959495411,453.023466839199
"GENE0824",3.97382128814015,12.8866454052539,10.6967844983734,8.32070477007988,8.59485019116757,7.26837126071168,3.98975523190916,2.14119069400925,5.73056441501911,5.16686492522108,5.97678341074637,26.6946236958973
"GENE0825",121.863852836298,108.462598827554,161.343166183799,91.5277524708787,97.4083021665658,159.096570928911,95.7541255658197,101.70655796544,139.443734098798,73.1972531072986,99.2146046183898,76.158191132413
"GENE0826",162.926672813746,274.91510197875,205.02170288549,281.715290072705,85.9485019116757,231.780283536028,248.16277542475,200.201329889865,191.97390790314,312.595327975875,209.187419376123,179.011005960723
"GENE0827",26.4921419209344,36.5121619815527,26.7419612459335,30.9054748602967,48.7041510832829,16.9595329416606,36.7057481335642,17.129525552074,32.473198351775,57.6966583316353,41.8374838752246,48.6784314454599
"GENE0828",51.659676745822,25.7732908105078,10.6967844983734,68.9429823806619,47.7491677287087,33.9190658833212,28.7262376697459,37.4708371451619,21.9671635909066,13.7783064672562,17.9303502322391,39.2567995527902
"GENE0829",23.8429277288409,25.7732908105078,26.7419612459335,3.56601633003424,26.7395339280769,20.1899201686436,10.3733636029638,12.8471441640555,33.4282924209448,14.6394506214597,26.297847007284,8.63649590161385
"GENE0830",17.2198922486073,7.51720981973143,6.23979095738448,4.75468844004565,5.72990012744505,16.9595329416606,15.9590209276366,7.49416742903239,6.68565848418896,9.47258569623864,14.3442801857913,12.5621758568929
"GENE0831",5.29842838418687,25.7732908105078,24.0677651213401,48.7355565104679,11.4598002548901,16.1519361349149,39.8975523190916,29.9766697161295,22.9222576600764,21.5286038550878,13.148923503642,20.4135357674509
"GENE0832",365.591558508894,154.639744863047,246.026043462588,235.35707778226,192.906637623983,101.757197649964,230.607852404349,255.872287934106,165.231273966384,173.089974994906,196.038495872481,205.705629656621
"GENE0833",34.4397844972147,25.7732908105078,19.6107715803512,32.0941469703081,57.2990012744505,29.8810818495925,20.7467272059276,24.6236929811064,5.73056441501911,13.7783064672562,19.1257069143884,18.8432637853393
"GENE0834",207.963314079335,183.634697024868,131.927008813272,243.677782552339,156.617270150165,201.09160487969,259.334090074095,185.2129950318,277.932374128427,187.729425616366,213.96884610472,195.498861772895
"GENE0835",54.3088909379154,22.5516294591943,80.2258837378004,52.3015728405021,62.0739180473214,22.6127105888808,44.6852585973825,44.9650045741943,40.1139509051338,18.0840272382738,41.8374838752246,62.0257432934085
"GENE0836",100.670139299551,190.078019727495,131.927008813272,141.451981091358,123.192852740069,138.099053953522,105.329538122402,149.883348580648,72.5871492569087,178.256839920127,145.833515222211,226.904301415127
"GENE0837",176.172743774214,194.373568195913,238.003455088808,135.508620541301,203.411454524299,234.203073956265,185.124642760585,297.625506467286,276.977280059257,308.289607204858,193.647782508182,195.498861772895
"GENE0838",22.5183206327942,7.51720981973143,19.6107715803512,13.0753932101255,22.9196005097802,13.7291457146776,8.77746151020014,7.49416742903239,20.0569754525669,20.6674597008843,14.3442801857913,13.3473118479487
"GENE0839",34.4397844972147,40.8077104499706,79.3344850296026,32.0941469703081,58.2539846290247,30.6886786563382,35.9077970871824,42.8238138801851,52.5301738043418,43.0572077101756,23.9071336429855,54.1743833828505
"GENE0840",18.5444993446541,28.9949521618212,30.3075560787246,38.0375075203652,10.5048169003159,40.3798403372871,10.3733636029638,25.694288328111,25.787539867586,34.4457661681405,16.7349935500898,26.6946236958973
"GENE0841",331.15177401168,281.358424681377,343.188502656146,398.205156853823,382.948325184244,260.046171772129,341.523047851424,239.813357729036,221.581824047406,352.207959069237,296.44845717302,392.567995527902
"GENE0842",165.57588700584,88.0587436025682,197.890513219908,122.433227331175,101.228235584863,114.678746557895,59.0483774322555,157.37751600968,97.4195950553249,132.616199747341,167.349935500898,180.581277942835
"GENE0843",67.5549618983826,62.2854527920605,43.6785367016913,55.8675891705364,75.4436850113598,44.4178243710158,61.442230571401,42.8238138801851,68.7667729802293,42.1960635559721,26.297847007284,68.306831221855
"GENE0844",7.94764257628031,10.7388711710449,8.02258837378004,23.7734422002282,24.8295672189285,8.88356487420317,8.77746151020014,7.49416742903239,4.77547034584926,2.58343246261054,13.148923503642,16.4878558121719
"GENE0845",117.890031548158,110.610373061763,119.447426898503,223.470356682145,60.163951338173,74.2989062206083,142.833237302348,124.189060252537,128.93769933793,117.976749125881,103.996031346987,135.828526452654
"GENE0846",1013.32442847574,1032.00551953742,970.733193227385,1308.72799312256,956.893321283323,1708.06724626725,528.243592704772,732.287217351165,814.695241001884,879.228181441786,767.418989939834,962.576725034416
"GENE0847",129.811495412578,171.821938736718,251.374435711775,123.621899441187,179.536870659945,193.823233618978,181.932838575058,224.825022870972,176.692402796423,230.786633326541,236.680623065556,154.671790237993
"GENE0848",136.434530892812,106.314824593345,119.447426898503,140.263308981347,158.527236859313,93.6812295825062,122.08651009642,88.859413801384,165.231273966384,173.089974994906,120.731024897077,134.258254470543
"GENE0849",2.64921419209344,16.1083067565674,8.02258837378004,0,5.72990012744505,2.42279042023723,1.59590209276366,18.2001208990787,10.5060347608684,5.16686492522108,11.9535668214927,4.71081594633483
"GENE0850",14.5706780565139,15.0344196394629,16.9365754557579,48.7355565104679,14.3247503186126,16.1519361349149,28.7262376697459,19.2707162460833,19.101881383397,13.7783064672562,29.8839170537319,21.1986717585067
"GENE0851",271.544454689577,297.466731437944,308.423953036433,305.488732272933,396.318092148283,267.314543032841,267.313600537913,315.825627366365,384.90290987545,278.149561807735,322.746304180304,155.456926229049
"GENE0852",9.27224967232703,23.6255165762988,35.6559483279113,27.3394585302625,45.8392010195604,21.8051137821351,19.9487761595458,26.7648836751157,29.6079161442654,15.5005947756632,16.7349935500898,21.9838077495625
"GENE0853",173.52352958212,158.935293331465,318.229338826608,135.508620541301,145.157469895275,164.749748576132,196.29595740993,171.29525552074,136.578451891289,93.8647128081829,112.363528122032,102.067678837255
"GENE0854",46.3612483616351,60.1376785578515,24.0677651213401,40.414851740388,32.4694340555219,49.2634052114903,51.0688669684372,29.9766697161295,25.787539867586,68.891532336281,70.5260442468072,42.3973435170134
"GENE0855",98.0209251074571,82.6893080170458,84.6828772787893,104.603145681004,69.7137848839148,85.6052615150487,60.6442795250192,110.271320741477,88.8237484327962,79.2252621867232,90.8471078433448,60.4554713112969
"GENE0856",17.2198922486073,21.4777423420898,12.479581914769,5.94336055005706,8.59485019116757,31.496275463084,18.3528740667821,13.9177395110601,8.59584662252867,19.8063155466808,10.7582101393435,19.6283997763951
"GENE0857",33.115177401168,25.7732908105078,14.2623793311645,7.13203266006847,27.6945172826511,35.5342594968127,19.9487761595458,21.4119069400925,11.4611288300382,22.3897480092913,19.1257069143884,25.9094877048415
"GENE0858",132.460709604672,127.792566935434,71.3118966558226,175.923472281689,125.102819449217,60.5697605059307,126.076265328329,104.918344006453,63.0362085652102,62.0023791026529,143.442801857913,113.844718703092
"GENE0859",682.17265446406,482.175315579916,294.161573705268,616.920825095923,911.054120263763,1149.21025599919,436.479222370862,447.508855047934,562.550406741043,621.746079334936,812.842543861506,635.175016764146
"GENE0860",128.486888316532,282.432311798481,66.8549031148337,216.338324022077,148.022419958997,109.833165717421,161.18611136913,122.047869558527,90.7339365711359,155.867091910836,155.396368679406,185.29209388917
"GENE0861",231.806241808176,204.038552249853,184.519532596941,196.130898151883,154.707303441016,212.39796017413,111.713146493456,133.824418375578,182.422967211442,241.981507331187,383.709494969917,109.133902756757
"GENE0862",502.026089401706,599.229011344306,876.24493015842,455.261418134371,347.613941065,551.588619007342,553.778026188991,319.037413407379,569.236065225232,406.460040784058,437.500545666634,600.62903315769
"GENE0863",207.963314079335,234.107391528779,325.36052849219,159.282062741529,84.9935185571016,154.250990088437,248.960726471131,161.659897397699,231.132764739104,246.287228102205,187.670999097436,189.217773844449
"GENE0864",18.5444993446541,30.0688392789257,24.0677651213401,24.9621143102397,30.5594673463736,25.8430978158638,10.3733636029638,49.2473859622128,16.2365991758875,21.5286038550878,15.5396368679406,18.8432637853393
"GENE0865",9.27224967232703,2.14777423420898,8.02258837378004,9.5093768800913,12.4147836094643,5.6531776472202,4.78770627829099,18.2001208990787,2.86528220750956,11.1948740046457,5.97678341074637,5.49595193739063
"GENE0866",166.900494101886,187.930245493286,179.171140347754,198.508242371906,254.980555671305,250.35501009118,138.045531024057,105.988939353458,199.614660456499,192.896290541587,119.535668214927,284.219228762201
"GENE0867",18.5444993446541,18.2560809907763,25.8505625377357,19.0187537601826,19.0996670914835,25.8430978158638,10.3733636029638,8.56476277603701,35.3384805592845,19.8063155466808,26.297847007284,17.2729918032277
"GENE0868",266.24602630539,284.58008603269,392.215431607024,284.092634292727,491.8164276057,252.777800511417,241.779167053695,311.543245978346,223.492012185745,133.477343901544,198.42920923678,242.607021236244
"GENE0869",6.62303548023359,19.3299681078808,10.6967844983734,15.4527374301484,10.5048169003159,17.7671297484063,18.3528740667821,13.9177395110601,4.77547034584926,6.02800907942459,11.9535668214927,5.49595193739063
"GENE0870",643.759048678705,517.613590444364,1028.67410926024,1157.76663515112,980.767905147678,1755.71545786524,593.675578508082,952.829858834118,789.862795203467,738.861684306614,927.596785347837,712.90347987867
"GENE0871",132.460709604672,134.235889638061,157.777571351007,129.565259991244,144.2024865407,89.6432455487774,130.86397160662,125.259655599541,125.117323061251,219.591759321896,131.48923503642,78.5135991055804
"GENE0872",50.3350696497753,71.9504368460009,77.551687613207,51.1129007304907,61.1189346927472,81.56727748132,63.8360837105465,41.7532185331804,54.4403619426815,42.1960635559721,32.2746304180304,80.8690070787478
"GENE0873",55.6334980339622,37.5860490986572,22.2849677049446,39.2261796303766,39.1543175375412,51.6861956317275,43.0893565046189,70.6592929023054,49.6648915968323,38.7514869391581,47.814267285971,75.3730551413572
"GENE0874",249.026134056783,161.083067565674,193.433519678919,139.074636871335,299.864773336291,272.160123873315,193.902104270785,144.530371845625,162.365991758875,206.674597008843,207.992062693974,183.721821907058
"GENE0875",121.863852836298,187.930245493286,128.361413980481,79.6410313707646,162.34717027761,146.175022020979,84.5828109164741,149.883348580648,130.84788747627,80.9475504951302,86.0656811147477,130.332574515264
"GENE0876",225.183206327942,386.599362157617,320.903534951202,287.658650622762,373.398491638502,256.815784545146,211.457027291185,226.966213564981,302.764819926843,321.20676951791,347.848794505439,157.812334202217
"GENE0877",29.1413561130278,13.9605325223584,21.3935689967468,38.0375075203652,10.5048169003159,25.8430978158638,21.5446782523094,39.6120278391712,15.2815051067176,41.3349194017686,38.2514138287768,11.7770398658371
"GENE0878",200.015671503054,182.560809907763,242.460448629797,155.716046411495,237.79085528897,141.329441180505,133.257824745766,189.495376419819,144.219204444648,118.837893280085,192.452425826033,122.481214604705
"GENE0879",26.4921419209344,28.9949521618212,16.0451767475601,27.3394585302625,7.6398668365934,18.5747265551521,14.363118834873,8.56476277603701,32.473198351775,18.0840272382738,21.5164202786869,7.85135991055804
"GENE0880",341.748630780053,328.609457833974,458.17893601366,643.071611516174,326.604307264368,527.36071480497,444.45873283468,344.73170173549,292.258785165975,683.748458437589,303.620597265916,605.339849104025
"GENE0881",50.3350696497753,41.8815975670751,9.8053857901756,11.8867211001141,15.2797336731868,31.496275463084,16.7569719740185,18.2001208990787,19.101881383397,26.6954687803089,21.5164202786869,17.2729918032277
"GENE0882",1967.04153762938,1669.89446709748,1172.18930128008,1302.78463257251,661.803464719903,967.5009744814,1196.92656957275,1111.2779701908,620.811144960404,775.890882937365,702.869729103773,537.818153873226
"GENE0883",23.8429277288409,55.8421300894335,21.3935689967468,92.7164245808901,48.7041510832829,33.1114690765755,50.2709159220554,28.9060743691249,62.0811144960404,23.2508921634948,43.0328405573739,25.9094877048415
"GENE0884",438.444948791464,847.296935395443,756.797503259917,1056.72950580015,654.16359788331,391.684451271685,846.626060211123,685.181022082961,616.035674614554,1068.67989536656,540.301220331472,464.01537071398
"GENE0885",25.1675348248876,49.3988073868066,27.6333599541312,123.621899441187,54.434051210728,78.336890254337,48.6750138292917,92.0711998423979,77.362619602758,44.7794960185827,57.3771207431652,75.3730551413572
"GENE0886",344.397844972147,299.614505672153,605.259722866294,443.374697034257,221.556138261209,541.897457326393,308.807054949769,608.098157098628,592.158322885308,389.237157699988,338.285941048245,281.078684797978
"GENE0887",300.685810802605,627.150076389023,472.441315344825,653.769660506277,455.527060131881,613.773573126765,635.96698396632,574.909701341484,756.434502782523,580.411159933167,541.496577013621,968.072676971807
"GENE0888",87.4240683390834,131.014228286748,108.750642400129,142.640653201369,95.4983354574175,109.833165717421,103.733636029638,65.3063161672822,32.473198351775,117.115604971678,40.6421271930753,62.8108792844643
"GENE0889",50.3350696497753,49.3988073868066,113.207635941118,86.7730640308331,57.2990012744505,75.1065030273541,41.4934544118552,97.424176577421,64.9463967035499,46.5017843269897,45.4235539216724,71.4473751860782
"GENE0890",818.607185356872,1049.18771341109,602.585526741701,778.580232057475,784.041334105398,665.459768758492,500.315306081408,324.390390142402,331.417642001939,631.218665031175,607.241194531831,361.947691876726
"GENE0891",99.3455322035039,61.211565674956,64.1807069902403,47.5468844004565,101.228235584863,109.833165717421,75.805349406274,92.0711998423979,51.575079735172,30.1400453971229,54.9864073788666,62.0257432934085
"GENE0892",13.2460709604672,20.4038552249853,55.2667199082625,55.8675891705364,32.4694340555219,46.0330179845073,41.4934544118552,38.5414324921666,13.3713169683779,31.86233370553,31.0792737358811,20.4135357674509
"GENE0893",99.3455322035039,84.8370822512548,104.293648859141,59.4336055005706,119.372919321772,131.638279499556,98.1479787049652,89.9300091483886,63.9913026343801,92.1424244997758,81.2842543861506,106.778494783589
"GENE0894",26.4921419209344,37.5860490986572,47.2441315344825,48.7355565104679,34.3794007646703,41.9950339507786,39.0996012727097,19.2707162460833,25.787539867586,48.2240726353967,31.0792737358811,33.7608476153996
"GENE0895",541.764302283108,1123.2859244913,845.045975371498,1048.40880103007,683.768081875109,899.662842714757,733.317011624903,736.569598739183,542.493431288476,782.780036170993,1023.22531991978,1240.51486586817
"GENE0896",116.565424452111,186.856358376181,296.835769829861,130.753932101255,192.906637623983,134.868666726539,227.416048218822,237.672167035027,191.97390790314,126.588190667916,77.6981843397028,213.556989567179
"GENE0897",111.266996067924,89.1326307196727,107.859243691932,78.4523592607532,120.327902676346,92.0660359690147,120.490608003657,80.294651025347,116.521476438722,132.616199747341,82.4796110682999,95.7865909088081
"GENE0898",407.978985582389,478.953654228603,592.780140951525,424.355943274074,525.240845015796,528.168311611716,504.305061313317,475.344334070054,417.376108227225,404.737752475651,282.104176987229,369.799051787284
"GENE0899",55.6334980339622,66.5810012604784,43.6785367016913,111.735178341073,83.0835518479532,92.8736327757604,61.442230571401,74.9416742903239,133.713169683779,93.8647128081829,89.6517511611956,47.1081594633483
"GENE0900",188.094207638634,266.324005041914,179.171140347754,284.092634292727,230.150988452376,193.823233618978,92.5623213802924,140.247990457606,210.120695217367,148.977938677208,150.614941950809,196.283997763951
"GENE0901",5.29842838418687,8.59109693683592,9.8053857901756,3.56601633003424,32.4694340555219,6.46077445396594,7.18155941743648,6.42357208202776,26.7426339367558,8.61144154203513,20.3210635965377,3.92567995527902
"GENE0902",414.602021062623,240.550714231406,329.817522033179,469.525483454508,258.800489089601,256.815784545146,413.338642025789,274.072408833184,204.390130802348,279.010705961938,186.475642415287,187.647501862337
"GENE0903",30.4659632090745,68.7287754946874,52.5925237836692,52.3015728405021,74.4887016567856,83.9900679015572,89.3705171947651,39.6120278391712,28.6528220750956,35.306910322344,65.7446175182101,65.9514232486876
"GENE0904",27.8167490169811,24.6994036934033,8.02258837378004,21.3960979802054,44.8842176649862,8.88356487420317,15.9590209276366,9.63535812304164,29.6079161442654,16.3617389298667,21.5164202786869,4.71081594633483
"GENE0905",75.5026044746629,84.8370822512548,65.9635044066359,65.3769660506277,89.7684353299724,70.2609221868796,63.8360837105465,91.0006044953933,94.5543128478153,52.5297934064143,52.5956940145681,105.208222801478
"GENE0906",35.7643915932614,83.7631951341503,79.3344850296026,45.1695401804337,31.5144507009478,64.6077445396594,27.9282866233641,47.1061952682036,39.1588568359639,72.3361089530951,17.9303502322391,38.4716635617344
"GENE0907",98.0209251074571,112.758147295972,124.79581914769,150.961357971449,121.28288603092,161.519361349149,129.268069513857,61.0239347792637,105.060347608684,71.4749647988915,103.996031346987,90.2906389714175
"GENE0908",354.99470174052,273.841214861645,353.88528715452,362.544993553481,452.662110068159,408.643984213346,254.546383795804,97.424176577421,256.92030460669,409.904617400872,437.500545666634,252.028653128913
"GENE0909",29.1413561130278,33.2905006302392,19.6107715803512,10.6980489901027,14.3247503186126,13.7291457146776,11.1713146493456,20.3413115930879,12.4162228992081,24.9731804719019,21.5164202786869,6.28108792844643
"GENE0910",29.1413561130278,76.2459853144188,30.3075560787246,26.1507864202511,21.964617155206,30.6886786563382,28.7262376697459,51.3885766562221,28.6528220750956,27.5566129345124,15.5396368679406,35.3311195975112
"GENE0911",182.795779254447,237.329052880092,230.872265423226,395.8278126338,360.028724674464,407.8363874066,213.052929383949,199.130734542861,317.091230964391,183.423704845348,242.657406476303,276.367868851643
"GENE0912",531.167445514734,568.086284948276,605.259722866294,776.202887837452,748.706949986153,759.140998340998,349.502558315242,579.192082729503,541.538337219306,413.349194017686,662.227601910698,482.073498508264
"GENE0913",443.743377175651,324.313909365556,490.26928950878,563.430580145409,676.128215038516,494.249245728395,446.852585973826,306.190269243323,244.504081707482,408.182329092465,254.610973297795,313.269260431266
"GENE0914",419.90044944681,341.496103239228,248.700239587181,399.393828963834,233.970921870673,454.677002197853,249.758677517513,292.272529732263,157.590521413026,241.120363176984,98.0192479362405,343.889564082442
"GENE0915",117.890031548158,160.009180448569,70.4204979476248,84.3957198108102,66.8488348201922,91.2584391622689,75.805349406274,72.8004835963146,60.1709263577007,69.7526764904845,120.731024897077,75.3730551413572
"GENE0916",19.8691064407008,28.9949521618212,53.4839224918669,34.471491190331,26.7395339280769,18.5747265551521,3.98975523190916,24.6236929811064,20.0569754525669,37.8903427849546,16.7349935500898,14.9175838300603
"GENE0917",41.0628199774483,25.7732908105078,45.4613341180869,21.3960979802054,44.8842176649862,35.5342594968127,46.2811606901462,8.56476277603701,29.6079161442654,30.1400453971229,71.7214009289565,41.6122075259576
"GENE0918",5.29842838418687,6.44332270262694,3.56559483279113,8.32070477007988,6.68488348201922,6.46077445396594,10.3733636029638,16.0589302050694,4.77547034584926,2.58343246261054,4.7814267285971,10.9919038747813
"GENE0919",304.659632090745,252.363472519555,292.378776288873,351.846944563378,209.141354651744,264.891752612604,353.492313547151,326.531580836411,295.124067373484,316.039904592689,382.514138287768,364.303099849893
"GENE0920",39.7382128814015,57.9899043236425,41.004340577098,24.9621143102397,31.5144507009478,58.1469700856935,19.9487761595458,28.9060743691249,49.6648915968323,23.2508921634948,26.297847007284,63.5960152755202
"GENE0921",39.7382128814015,63.359339909165,67.7463018230314,33.2828190803195,42.9742509558379,68.6457285733881,83.7848598700923,64.2357208202776,61.1260204268705,56.8355141774318,51.4003373324188,44.7527514901808
"GENE0922",17.2198922486073,25.7732908105078,31.1989547869224,28.5281306402739,23.8745838643544,20.1899201686436,11.9692656957275,13.9177395110601,16.2365991758875,10.3337298504422,4.7814267285971,22.7689437406183
"GENE0923",60.931926418149,115.979808647285,110.533439816525,51.1129007304907,106.003152357733,59.762163699185,49.4729648756735,57.8121487382498,56.3505500810213,82.6698388035372,60.963190789613,36.116255588567
"GENE0924",17.2198922486073,9.66498405394042,13.3709806229667,8.32070477007988,21.0096338006318,12.1139521011861,9.57541255658198,9.63535812304164,8.59584662252867,6.02800907942459,5.97678341074637,10.9919038747813
"GENE0925",512.62294617008,456.402024769409,533.947826210472,779.768904167486,586.359779708543,805.981613132251,518.66818014819,474.27373872305,417.376108227225,967.064885170545,633.539041539115,535.462745900059
"GENE0926",562.958015819855,349.013313058959,559.798388748207,867.730640308331,484.176560769107,874.627341705639,289.656229836605,329.743366877425,567.325877086892,317.762192901096,560.62228392801,552.735737703286
"GENE0927",62.2565335141958,56.916017206538,38.3301444525046,29.7168027502853,29.6044839917994,15.3443393281691,40.6955033654734,24.6236929811064,29.6079161442654,42.1960635559721,58.5724774253144,26.6946236958973
"GENE0928",690.12029704034,702.322174586337,658.743645358161,947.371671679095,552.935362298447,733.297900525134,561.757536652809,444.29706900692,647.55377889716,380.625716157953,627.562258128369,482.85863449932
"GENE0929",439.76955588751,722.726029811322,567.820977121987,549.166514825272,419.237692658063,261.661365385621,283.27262146555,476.414929417059,495.693821899153,623.468367643343,326.332374226752,387.857179581567
"GENE0930",94.047103819317,78.3937595486278,209.478696426479,121.244555221164,135.607636349533,97.7192136162349,102.935684983256,112.412511435486,91.6890306403058,114.532172509067,78.8935410218521,69.8771032039666
"GENE0931",415.92662815867,484.323089814125,915.466473319122,708.448577566802,460.301976904752,465.983357492294,479.568578875481,369.355394716596,152.815051067176,285.038715041363,533.129080238576,427.899115125413
"GENE0932",1421.30341405813,791.45480530601,1473.48206465093,515.883695744953,855.665085698461,1319.61318222254,874.554346834487,469.991357335031,935.037093717285,854.255000969884,589.310844299592,885.633397910947
"GENE0933",193.392636022821,185.782471259077,73.9860927804159,316.186781263036,157.572253504739,193.823233618978,308.807054949769,176.648232255763,226.357294393255,200.646587929418,83.6749677504492,238.681341280965
"GENE0934",466.261697808445,708.765497288964,454.613341180869,397.016484743812,421.147659367211,301.233608916162,521.859984333718,549.215413013373,496.648915968323,325.512490288928,523.566226781382,339.178748136107
"GENE0935",101.994746395597,115.979808647285,61.506510865647,43.9808680704222,55.3890345653021,108.21797210393,68.6237899888375,48.1767906152082,37.2486686976242,34.4457661681405,40.6421271930753,36.116255588567
"GENE0936",165.57588700584,236.255165762988,146.189388144436,142.640653201369,203.411454524299,81.56727748132,110.117244400693,174.507041561754,274.111997851747,166.200821761278,347.848794505439,162.523150148552
"GENE0937",88.7486754351301,27.9210650447168,46.3527328262847,55.8675891705364,75.4436850113598,110.640762524167,48.6750138292917,71.72988824931,57.3056441501911,36.1680544765475,57.3771207431652,58.8851993291853
"GENE0938",487.455411345192,376.934378103676,501.857472715351,278.14927374267,783.086350750823,388.454064044702,531.4353968903,326.531580836411,539.628149080966,804.308640026081,343.067367776842,361.16255588567
"GENE0939",15.8952851525606,13.9605325223584,10.6967844983734,14.2640653201369,29.6044839917994,0.807596806745743,3.19180418552732,10.7059534700463,2.86528220750956,11.1948740046457,1.19535668214927,17.2729918032277
"GENE0940",362.942344316801,298.540618555048,562.472584872801,381.563747313663,461.256960259326,595.198846571612,289.656229836605,314.75503201936,197.704472318159,508.936195134276,267.759896801437,320.335484350768
"GENE0941",152.329816045373,105.24093747624,106.076446275536,112.923850451084,126.057802803791,67.0305349598966,106.925440215165,169.154064826731,88.8237484327962,93.8647128081829,120.731024897077,156.242062220105
"GENE0942",29.1413561130278,9.66498405394042,33.8731509115157,13.0753932101255,7.6398668365934,29.8810818495925,12.7672167421093,24.6236929811064,12.4162228992081,31.86233370553,14.3442801857913,3.14054396422322
"GENE0943",13.2460709604672,17.1821938736718,16.0451767475601,11.8867211001141,12.4147836094643,34.7266626900669,6.38360837105465,10.7059534700463,16.2365991758875,6.8891532336281,21.5164202786869,21.9838077495625
"GENE0944",14.5706780565139,5.36943558552245,20.502170288549,5.94336055005706,9.54983354574175,14.5367425214234,7.97951046381831,39.6120278391712,15.2815051067176,15.5005947756632,13.148923503642,14.1324478390045
"GENE0945",38.4136057853548,9.66498405394042,43.6785367016913,21.3960979802054,42.9742509558379,28.265888236101,25.5344334842186,22.4825022870972,21.9671635909066,18.0840272382738,17.9303502322391,8.63649590161385
"GENE0946",333.800988203773,415.594314319438,724.707149764797,360.167649333458,319.919423782349,411.066774633583,358.280019825442,360.790631940559,485.187787138285,376.319995386935,459.016965945321,232.400253352518
"GENE0947",143.057566373046,91.2804049538817,64.1807069902403,210.39496347202,113.643019194327,92.8736327757604,151.610698812548,100.635962618435,191.97390790314,131.755055593137,86.0656811147477,138.183934425822
"GENE0948",18.5444993446541,24.6994036934033,30.3075560787246,22.5847700902168,45.8392010195604,25.8430978158638,9.57541255658198,24.6236929811064,22.9222576600764,26.6954687803089,37.0560571466275,32.9757116243438
"GENE0949",37.0889986893081,15.0344196394629,16.0451767475601,36.8488354103538,42.9742509558379,9.69116168094891,34.3118949944187,20.3413115930879,32.473198351775,11.1948740046457,22.7117769608362,9.42163189266965
"GENE0950",80.8010328588498,70.8765497288964,88.2484721115804,66.5656381606391,62.0739180473214,91.2584391622689,75.0073983598921,110.271320741477,40.1139509051338,57.6966583316353,34.665343782329,26.6946236958973
"GENE0951",22.5183206327942,15.0344196394629,16.0451767475601,3.56601633003424,8.59485019116757,8.88356487420317,3.19180418552732,22.4825022870972,0.955094069169852,9.47258569623864,3.58607004644782,8.63649590161385
"GENE0952",92.7224967232703,92.3542920709862,165.800159724788,96.2824409109244,135.607636349533,116.293940171387,67.8258389424557,177.718827602768,148.994674790497,105.059586812829,102.800674664838,93.4311829356407
"GENE0953",27.8167490169811,22.5516294591943,26.7419612459335,27.3394585302625,19.0996670914835,20.1899201686436,27.1303355769823,24.6236929811064,6.68565848418896,23.2508921634948,9.56285345719419,21.9838077495625
"GENE0954",63.5811406102425,28.9949521618212,66.8549031148337,40.414851740388,14.3247503186126,35.5342594968127,42.2914054582371,46.0355999211989,44.889421250983,33.584622013937,43.0328405573739,17.2729918032277
"GENE0955",215.910956655615,205.112439366958,157.777571351007,299.545371722876,300.819756690865,232.587880342774,130.066020560238,293.343125079268,261.695774952539,331.540499368352,257.001686662094,398.849083456349
"GENE0956",111.266996067924,149.270309277524,109.642041108327,135.508620541301,116.507969258049,171.210523030097,130.86397160662,192.707162460833,185.288249418951,220.452903476099,138.661375129316,82.4392790608594
"GENE0957",15.8952851525606,1.07388711710449,15.1537780393623,7.13203266006847,10.5048169003159,8.88356487420317,7.18155941743648,2.14119069400925,19.101881383397,8.61144154203513,15.5396368679406,10.9919038747813
"GENE0958",26.4921419209344,95.5759534222997,43.6785367016913,71.3203266006847,53.4790678561538,52.4937924384733,42.2914054582371,69.5886975553007,61.1260204268705,46.5017843269897,31.0792737358811,54.9595193739063
"GENE0959",72.8533902825695,63.359339909165,102.510851442745,67.7543102706505,59.2089679835988,60.5697605059307,163.579964508275,49.2473859622128,84.048278086947,57.6966583316353,54.9864073788666,105.208222801478
"GENE0960",188.094207638634,167.526390268301,163.125963600194,155.716046411495,130.832719576662,119.52432739837,75.805349406274,91.0006044953933,51.575079735172,110.22645173805,105.191388029136,89.5055029803617
"GENE0961",9.27224967232703,5.36943558552245,10.6967844983734,7.13203266006847,15.2797336731868,14.5367425214234,28.7262376697459,7.49416742903239,5.73056441501911,6.8891532336281,15.5396368679406,14.1324478390045
"GENE0962",78.1518186667564,69.8026626117919,92.7054656525693,51.1129007304907,52.5240845015796,89.6432455487774,49.4729648756735,92.0711998423979,85.0033721561168,27.5566129345124,66.9399742003594,29.8351676601206
"GENE0963",402.680557198202,410.224878733915,451.939145056276,238.923094112294,356.208791256167,299.618415302671,311.998859135296,274.072408833184,439.343271818132,267.815831957292,504.440519866994,204.920493665565
"GENE0964",74.1779973786162,123.497018467016,97.1624591935583,78.4523592607532,66.8488348201922,86.4128583217945,104.53158707602,83.5064370663609,53.4852678735117,95.5870011165899,108.777458075584,80.8690070787478
"GENE0965",15.8952851525606,33.2905006302392,20.502170288549,22.5847700902168,28.6495006372252,33.9190658833212,38.3016502263279,22.4825022870972,12.4162228992081,29.2789012429194,45.4235539216724,18.8432637853393
"GENE0966",11.9214638644205,12.8866454052539,8.91398708197782,4.75468844004565,14.3247503186126,12.9215489079319,7.18155941743648,4.28238138801851,4.77547034584926,6.8891532336281,4.7814267285971,13.3473118479487
"GENE0967",304.659632090745,316.796699545825,383.301444525046,373.243042543583,371.488524929354,276.198107907044,233.799656589877,228.036808911985,380.127439529601,269.538120265699,425.546978845142,157.812334202217
"GENE0968",18.5444993446541,19.3299681078808,4.45699354098891,3.56601633003424,5.72990012744505,6.46077445396594,7.18155941743648,7.49416742903239,7.64075255335881,7.75029738783161,11.9535668214927,5.49595193739063
"GENE0969",154.979030237466,143.900873692002,256.722827960961,183.055504941757,177.626903950797,256.0081877384,245.768922285604,271.931218139175,188.153531626461,163.617389298667,212.773489422571,149.175838300603
"GENE0970",124.513067028392,81.6154208999413,101.619452734547,67.7543102706505,60.163951338173,76.7216966408456,63.0381326641647,55.6709580442406,78.3177136719278,97.3092894249969,99.2146046183898,73.8027831592456
"GENE0971",1072.93174779784,968.64617962825,808.498628335389,985.409179199461,1126.88035839753,609.735589093036,1077.23391261547,749.416742903239,803.234112171845,765.557153086923,504.440519866994,709.762935914447
"GENE0972",18.5444993446541,12.8866454052539,32.9817522033179,30.9054748602967,17.1897003823351,16.9595329416606,33.5139439480369,37.4708371451619,39.1588568359639,28.4177570887159,38.2514138287768,19.6283997763951
"GENE0973",715.287831865228,297.466731437944,600.802729325305,484.978220884656,855.665085698461,800.328435485031,591.281725368937,731.21662200416,502.379480383342,492.574456204409,521.175513417084,566.083049551235
"GENE0974",70.2041760904761,45.1032589183886,77.551687613207,64.1882939406162,57.2990012744505,62.9925509261679,43.8873075510007,65.3063161672822,42.0241390434735,61.1412349484494,72.9167576111057,85.5798230250827
"GENE0975",762.97368732291,609.967882515351,371.713261318475,500.430958314804,538.610611979835,302.041205722908,337.533292619515,556.709580442406,766.940537543391,332.401643522556,470.970532766814,616.331752978806
"GENE0976",90.0732825311768,220.146859006421,96.2710604853605,179.489488611723,170.942020468777,52.4937924384733,196.29595740993,147.742157886638,71.6320551877389,117.115604971678,63.3539041539115,84.7946870340269
"GENE0977",789.465829243844,820.449757467831,607.04252028269,652.580988396265,763.031700304766,547.550634973614,550.586222003464,896.088305442872,809.919770656034,549.409970381841,894.126798247657,696.415624066498
"GENE0978",3.97382128814015,9.66498405394042,17.8279741639556,10.6980489901027,21.0096338006318,16.1519361349149,15.9590209276366,8.56476277603701,17.1916932450573,14.6394506214597,28.6885603715826,15.7027198211161
"GENE0979",9.27224967232703,8.59109693683592,5.34839224918669,4.75468844004565,30.5594673463736,12.9215489079319,7.97951046381831,7.49416742903239,16.2365991758875,14.6394506214597,7.17214009289565,4.71081594633483
"GENE0980",31.7905703051212,20.4038552249853,34.7645496197135,42.7921959604108,44.8842176649862,39.5722435305414,43.0893565046189,28.9060743691249,15.2815051067176,26.6954687803089,44.2281972395231,39.2567995527902
"GENE0981",699.392546712667,1253.22626566094,911.900878486331,1172.03070047125,593.044663190563,868.974164058419,1221.66305201058,805.087700947479,1170.94532880224,599.356331325645,763.832919893386,686.208856182773
"GENE0982",157.628244429559,235.181278645883,305.749756911839,171.168783841643,212.961288070041,155.866183701928,225.022195079676,182.001208990787,206.300318940688,241.120363176984,207.992062693974,200.994813710286
"GENE0983",437.120341695417,353.308861527377,204.130304177292,348.280928233344,457.43702684103,377.147708750262,275.293111001732,170.224660173736,358.160275938694,235.953498251762,267.759896801437,121.69607861365
"GENE0984",112.591603163971,120.275357115703,94.4882630689649,105.791817791016,93.5883687482691,104.179988070201,112.511097539838,98.4947719244256,91.6890306403058,157.589380219243,92.0424645254941,155.456926229049
"GENE0985",17.2198922486073,12.8866454052539,22.2849677049446,14.2640653201369,19.0996670914835,2.42279042023723,20.7467272059276,6.42357208202776,12.4162228992081,13.7783064672562,25.1024903251348,17.2729918032277
"GENE0986",42.387427073495,46.1771460354931,73.0946940722181,78.4523592607532,65.8938514656181,81.56727748132,55.0586222003464,68.5181022082961,80.2279018102676,82.6698388035372,53.7910506967173,85.5798230250827
"GENE0987",9.27224967232703,4.29554846841796,3.56559483279113,13.0753932101255,8.59485019116757,12.9215489079319,4.78770627829099,8.56476277603701,4.77547034584926,1.72228830840703,14.3442801857913,11.7770398658371
"GENE0988",70.2041760904761,69.8026626117919,91.8140669443716,115.301194671107,140.382553122404,104.179988070201,111.713146493456,65.3063161672822,96.464500986155,129.171623130527,98.0192479362405,103.637950819366
"GENE0989",1045.11499878086,478.953654228603,1998.51590377943,927.164245808901,758.256783531895,908.546407588961,498.719403988645,938.912119323057,853.854097837847,651.024980577856,585.724774253144,986.915940757146
"GENE0990",443.743377175651,444.589266481259,442.1337592661,305.488732272933,556.755295716744,391.684451271685,339.92714575866,413.249803943786,409.735355673866,260.065534569461,191.257069143884,379.220683679953
"GENE0991",166.900494101886,152.491970628838,189.867924846128,222.281684572134,190.041687560261,250.35501009118,136.449628931293,149.883348580648,156.635427343856,181.701416536941,114.75424148633,149.960974291659
"GENE0992",10.5968567683737,15.0344196394629,22.2849677049446,24.9621143102397,9.54983354574175,24.2279042023723,19.150825113164,42.8238138801851,25.787539867586,28.4177570887159,21.5164202786869,20.4135357674509
"GENE0993",39.7382128814015,22.5516294591943,18.7193728721534,46.3582122904451,30.5594673463736,37.9570499170499,47.8770627829099,13.9177395110601,62.0811144960404,18.9451713924773,19.1257069143884,24.3392157227299
"GENE0994",25.1675348248876,50.4726945039111,24.9591638295379,36.8488354103538,21.0096338006318,29.8810818495925,24.7364824378368,3.21178604101388,9.55094069169852,18.0840272382738,28.6885603715826,12.5621758568929
"GENE0995",443.743377175651,316.796699545825,238.003455088808,293.602011172819,161.392186923036,366.648950262567,253.748432749422,321.178604101388,367.711216630393,289.34443581238,203.210635965377,306.203036511764
"GENE0996",21.1937135367475,22.5516294591943,5.34839224918669,13.0753932101255,16.234717027761,12.9215489079319,12.7672167421093,7.49416742903239,21.0120695217367,7.75029738783161,28.6885603715826,14.1324478390045
"GENE0997",13.2460709604672,24.6994036934033,42.7871379934935,36.8488354103538,16.234717027761,12.9215489079319,10.3733636029638,8.56476277603701,28.6528220750956,29.2789012429194,16.7349935500898,15.7027198211161
"GENE0998",26.4921419209344,25.7732908105078,9.8053857901756,13.0753932101255,5.72990012744505,16.1519361349149,10.3733636029638,17.129525552074,7.64075255335881,7.75029738783161,23.9071336429855,7.06622391950224
"GENE0999",758.99986603477,1254.30015277805,444.807955390693,849.90055865816,420.192676012637,650.923026237069,342.320998897806,704.451738329044,287.483314820125,491.713312050206,596.482984392488,485.214042472487
"GENE1000",86.0994612430367,119.201469998598,57.0495173246581,106.980489901027,99.3182688757142,75.9140998340998,71.8155941743648,67.4475068612915,75.4524314644183,130.03276728473,77.6981843397028,71.4473751860782
"GENE1001",23.8429277288409,16.1083067565674,30.3075560787246,8.32070477007988,32.4694340555219,29.0734850428467,16.7569719740185,21.4119069400925,22.9222576600764,16.3617389298667,27.4932036894333,42.3973435170134
"GENE1002",50.3350696497753,20.4038552249853,78.4430863214048,30.9054748602967,41.0642842466895,47.6482115979988,25.5344334842186,25.694288328111,24.8324457984161,33.584622013937,23.9071336429855,17.2729918032277
"GENE1003",18.5444993446541,27.9210650447168,16.9365754557579,5.94336055005706,25.7845505735027,6.46077445396594,3.98975523190916,7.49416742903239,7.64075255335881,12.9171623130527,15.5396368679406,27.4797596869532
"GENE1004",42.387427073495,55.8421300894335,39.2215431607024,32.0941469703081,51.5691011470054,39.5722435305414,91.7643703339106,25.694288328111,27.6977280059257,53.3909375606178,21.5164202786869,40.041935543846
"GENE1005",259.622990825157,201.890778015644,289.704580164279,430.299303824131,443.112276522417,279.428495134027,398.975523190916,128.471441640555,241.638799499972,203.230020392029,161.373152090152,215.12726154929
"GENE1006",446.392591367744,366.195506932631,303.966959495444,325.696158143127,338.064107519258,600.852024218833,287.262376697459,253.731097240096,298.944443650164,297.094733200212,372.951284830574,274.797596869532
"GENE1007",267.570633401437,304.983941257675,205.02170288549,228.225045122191,245.430722125563,310.924770597111,242.577118100077,250.519311199083,339.058394555297,156.728236065039,223.531699561914,309.343580475987
"GENE1008",1164.32963742507,672.253335307411,1241.71840051951,839.202509668057,1341.75161317672,1126.59754541031,961.531010890107,1268.65548620048,1229.2060670216,1061.79074213293,687.330092235833,687.779128164885
"GENE1009",259.622990825157,719.504368460009,324.469129783993,452.884073914348,503.27622786059,722.79914203744,424.509956675134,498.897431704156,230.177670669934,401.293175858837,521.175513417084,570.008729506514
"GENE1010",382.811450757502,336.126667653706,493.834884341571,319.75279759307,203.411454524299,594.391249764867,408.550935747498,316.896222713369,227.312388462425,393.542878471005,394.46770510926,313.269260431266
"GENE1011",14.5706780565139,8.59109693683592,18.7193728721534,4.75468844004565,1.90996670914835,12.1139521011861,20.7467272059276,11.7765488170509,6.68565848418896,18.0840272382738,4.7814267285971,13.3473118479487
"GENE1012",291.413561130278,263.1023436906,108.750642400129,265.073880532545,222.511121615783,128.407892272573,117.298803818129,235.530976341018,339.058394555297,268.676976111496,239.071336429855,175.085326005444
"GENE1013",23.8429277288409,28.9949521618212,45.4613341180869,29.7168027502853,19.0996670914835,25.8430978158638,38.3016502263279,34.259051104148,20.0569754525669,7.75029738783161,51.4003373324188,25.9094877048415
"GENE1014",50.3350696497753,19.3299681078808,28.524758662329,39.2261796303766,67.8038181747664,57.3393732789477,23.9385313914549,34.259051104148,36.2935746284544,14.6394506214597,47.814267285971,50.2487034275715
"GENE1015",121.863852836298,104.167050359136,216.609886092061,103.414473570993,86.9034852662499,100.949600843218,74.2094473135103,84.5770324133655,106.970535747023,122.282469896899,65.7446175182101,108.348766765701
"GENE1016",22.5183206327942,47.2510331525976,25.8505625377357,27.3394585302625,19.0996670914835,24.2279042023723,27.1303355769823,31.0472650631342,31.5181042826051,18.9451713924773,9.56285345719419,32.9757116243438
"GENE1017",46.3612483616351,42.9554846841796,22.2849677049446,36.8488354103538,34.3794007646703,25.8430978158638,23.1405803450731,27.8354790221203,15.2815051067176,32.7234778597335,22.7117769608362,36.116255588567
"GENE1018",605.34544289335,545.534655489081,619.522102197459,558.675891705364,637.928880855549,478.904906400225,706.984627094302,759.05210102628,288.438408889295,899.034496988467,515.198730006337,592.777673247132
"GENE1019",67.5549618983826,61.211565674956,142.623793311645,116.489866781118,72.5787349476373,98.5268104229806,68.6237899888375,92.0711998423979,83.0931840177771,86.9755595745548,81.2842543861506,124.836622577873
"GENE1020",233.130848904222,151.418083511733,267.419612459335,323.318813923104,302.729723400013,183.324475131284,185.922593806967,238.742762382032,254.055022399181,220.452903476099,243.852763158452,251.243517137857
"GENE1021",1368.31913021626,1049.18771341109,1328.1840752147,650.203644176242,574.899979453653,693.725656994593,696.611263491339,693.745784858998,829.021652039431,1110.01481476833,582.138704206697,561.3722336049
"GENE1022",107.293174779784,256.659020987973,205.913101593688,188.998865491815,208.18637129717,227.742299502299,240.981216007313,161.659897397699,152.815051067176,226.480912555524,179.303502322391,234.755661325685
"GENE1023",1189.49717224995,597.081237110097,1371.86261191639,1368.16159862314,585.404796353969,216.435944207859,756.457591969976,1069.52475165762,859.584662252867,1113.45939138514,1332.82270059644,1045.80114008633
"GENE1024",785.492007955704,657.218915667948,616.847906072865,857.032591318228,399.183042212005,1207.35722608489,697.409214537721,491.403264275124,292.258785165975,734.555963535596,731.558289475356,628.893928835699
"GENE1025",43.7120341695417,34.3643877473437,40.1129418689002,17.8300816501712,24.8295672189285,8.88356487420317,25.5344334842186,13.9177395110601,15.2815051067176,14.6394506214597,20.3210635965377,31.4054396422322
"GENE1026",64.9057477062892,46.1771460354931,106.076446275536,80.829703480776,85.9485019116757,96.1040200027434,95.7541255658197,80.294651025347,87.8686543636264,124.865902359509,131.48923503642,55.7446553649621
"GENE1027",9.27224967232703,2.14777423420898,16.0451767475601,9.5093768800913,10.5048169003159,8.07596806745743,3.19180418552732,5.35297673502313,17.1916932450573,4.30572077101756,16.7349935500898,14.1324478390045
"GENE1028",10.5968567683737,10.7388711710449,22.2849677049446,28.5281306402739,7.6398668365934,27.4582914293553,9.57541255658198,29.9766697161295,20.0569754525669,20.6674597008843,14.3442801857913,16.4878558121719
"GENE1029",37.0889986893081,64.4332270262694,52.5925237836692,43.9808680704222,61.1189346927472,96.9116168094891,27.9282866233641,16.0589302050694,65.9014907727198,61.1412349484494,34.665343782329,55.7446553649621
"GENE1030",388.109879141688,292.097295852421,238.003455088808,557.487219595352,333.289190746387,313.347561017348,330.351733202078,116.694892823504,322.82179537941,475.351573120339,517.589443370636,462.445098731869
"GENE1031",182.795779254447,111.684260178867,240.677651213401,98.6597851309472,304.639690109162,146.982618827725,215.446782523094,101.70655796544,99.3297831936646,189.451713924773,112.363528122032,114.629854694147
"GENE1032",59.6073193221023,42.9554846841796,64.1807069902403,45.1695401804337,53.4790678561538,64.6077445396594,69.4217410352193,38.5414324921666,42.9792331126433,56.8355141774318,28.6885603715826,65.1662872576318
"GENE1033",120.539245740251,80.5415337828368,114.099034649316,168.79143962162,166.167103695906,99.3344072297264,164.377915554657,89.9300091483886,106.970535747023,80.0864063409267,93.2378212076434,91.0757749624733
"GENE1034",33.115177401168,34.3643877473437,32.9817522033179,42.7921959604108,13.3697669640384,29.0734850428467,28.7262376697459,6.42357208202776,21.0120695217367,46.5017843269897,15.5396368679406,34.5459836064554
"GENE1035",6.62303548023359,11.8127582881494,16.9365754557579,10.6980489901027,8.59485019116757,15.3443393281691,16.7569719740185,7.49416742903239,18.1467873142272,5.16686492522108,8.36749677504492,12.5621758568929
"GENE1036",259.622990825157,286.727860266899,265.636815042939,364.922337773504,306.54965681831,199.476411266198,201.881614734603,207.695497318898,340.968582693637,268.676976111496,213.96884610472,317.194940386545
"GENE1037",23.8429277288409,34.3643877473437,82.9000798623938,57.0562612805478,71.6237515930631,33.9190658833212,79.7951046381831,43.8944092271897,44.889421250983,59.4189466400424,54.9864073788666,43.1824795080692
"GENE1038",78.1518186667564,73.0243239631054,69.529099239427,128.376587881232,181.446837369093,139.714247567014,81.3910067309468,95.2829858834118,64.9463967035499,93.0035686539794,100.409961300539,64.381151266576
"GENE1039",17.2198922486073,15.0344196394629,1.78279741639556,17.8300816501712,6.68488348201922,4.84558084047446,6.38360837105465,5.35297673502313,8.59584662252867,22.3897480092913,1.19535668214927,8.63649590161385
"GENE1040",22.5183206327942,23.6255165762988,8.02258837378004,15.4527374301484,9.54983354574175,20.1899201686436,8.77746151020014,27.8354790221203,19.101881383397,19.8063155466808,17.9303502322391,8.63649590161385
"GENE1041",14.5706780565139,85.9109693683592,21.3935689967468,11.8867211001141,22.9196005097802,33.9190658833212,27.1303355769823,62.0945301262683,30.5630102134353,36.1680544765475,27.4932036894333,41.6122075259576
"GENE1042",151.005208949326,207.260213601167,119.447426898503,160.470734851541,106.003152357733,140.521844373759,52.6647690612009,99.5653672714303,99.3297831936646,125.727046513713,142.247445175764,61.2406073023527
"GENE1043",173.52352958212,333.978893419497,228.198069298632,290.035994842785,378.173408411373,334.345077992738,266.515649491532,481.767906152082,434.567801472283,317.762192901096,164.9592221366,273.22732488742
"GENE1044",22.5183206327942,19.3299681078808,20.502170288549,9.5093768800913,21.964617155206,7.26837126071168,36.7057481335642,10.7059534700463,22.9222576600764,14.6394506214597,9.56285345719419,11.7770398658371
"GENE1045",445.067984271697,373.712716752363,384.192843233244,525.393072625044,311.324573591181,354.534998161381,383.016502263279,373.637776104615,323.77688944858,381.486860312156,339.481297730394,550.380329730119
"GENE1046",25.1675348248876,17.1821938736718,17.8279741639556,14.2640653201369,31.5144507009478,6.46077445396594,22.3426292986913,19.2707162460833,24.8324457984161,22.3897480092913,19.1257069143884,21.9838077495625
"GENE1047",121.863852836298,204.038552249853,162.234564891996,89.1504082508559,194.816604333132,119.52432739837,141.237335209584,108.130130047467,75.4524314644183,69.7526764904845,92.0424645254941,160.95287816644
"GENE1048",660.978940927312,568.086284948276,810.281425751784,785.712264717543,567.26011261706,547.550634973614,514.678424916281,692.675189511993,390.633474290469,589.883745629406,1092.55600748444,642.241240683648
"GENE1049",99.3455322035039,76.2459853144188,114.990433357514,71.3203266006847,36.2893674738186,84.797664708303,59.8463284786373,91.0006044953933,77.362619602758,68.0303881820775,32.2746304180304,51.8189754096831
"GENE1050",214.586349559568,189.00413261039,170.257153265776,196.130898151883,136.562619704107,226.934702695554,200.28571264184,140.247990457606,174.782214658083,212.702606088268,178.108145640242,147.605566318491
"GENE1051",30.4659632090745,94.5020663051952,129.252812688678,98.6597851309472,91.6784020391208,104.179988070201,90.1684682411469,55.6709580442406,19.101881383397,98.1704335792004,86.0656811147477,80.8690070787478
"GENE1052",120.539245740251,83.7631951341503,108.750642400129,57.0562612805478,81.1735851388049,82.3748742880658,61.442230571401,88.859413801384,162.365991758875,100.753866041811,82.4796110682999,164.878558121719
"GENE1053",483.481590057052,540.165219903559,494.726283049769,804.731018477726,523.330878306648,373.109724716533,300.029593439569,414.32039929079,294.168973304314,357.374823994458,436.305188984485,218.267805513514
"GENE1054",769.596722803143,589.564027290365,848.611570204289,562.241908035398,499.456294442293,747.027046239812,782.789976500576,853.264491562687,1091.67252106114,806.892072488691,572.575850749502,748.234599476182
"GENE1055",451.691019751931,448.884814949677,378.844450984057,295.979355392842,221.556138261209,287.504463201484,193.902104270785,292.272529732263,140.398828167968,506.352762671665,468.579819402516,412.981531295353
"GENE1056",884.837540159208,971.867840979564,471.549916636627,805.919690587737,1120.19547491551,661.421784724763,973.500276585834,1014.92438896039,437.433083679792,815.503514030726,614.413334624727,1016.75110841727
"GENE1057",505.999910689846,1051.3354876453,815.629818000971,607.411448215832,1381.86091406883,670.305349598966,724.539550114703,668.051496530887,531.032302458438,590.74488978361,661.032245228549,584.926313336574
"GENE1058",18.5444993446541,46.1771460354931,35.6559483279113,47.5468844004565,35.3343841192445,43.6102275642701,30.3221397625096,34.259051104148,32.473198351775,46.5017843269897,28.6885603715826,32.9757116243438
"GENE1059",25.1675348248876,8.59109693683592,4.45699354098891,9.5093768800913,18.1446837369093,18.5747265551521,6.38360837105465,20.3413115930879,35.3384805592845,18.9451713924773,20.3210635965377,13.3473118479487
"GENE1061",217.235563751662,178.265261439345,126.578616564085,149.772685861438,162.34717027761,113.87114975115,127.672167421093,128.471441640555,167.141462104724,170.506542532295,142.247445175764,126.406894559984
"GENE1062",50.3350696497753,66.5810012604784,56.1581186164603,55.8675891705364,17.1897003823351,33.1114690765755,37.5036991799461,53.5297673502313,42.0241390434735,69.7526764904845,44.2281972395231,40.8270715349018
"GENE1063",1047.76421297295,827.966967287562,955.579415188022,721.523970776927,885.26956969026,993.344072297264,738.104717903194,694.816380206003,918.800494541397,615.718070255512,461.40767930962,715.258887851838
"GENE1064",11.9214638644205,35.4382748644482,38.3301444525046,16.6414095401598,13.3697669640384,20.1899201686436,41.4934544118552,28.9060743691249,33.4282924209448,49.0852167896002,40.6421271930753,39.2567995527902
"GENE1065",9.27224967232703,1.07388711710449,9.8053857901756,11.8867211001141,19.0996670914835,15.3443393281691,3.19180418552732,1.07059534700463,7.64075255335881,6.02800907942459,23.9071336429855,7.85135991055804
"GENE1066",21.1937135367475,53.6943558552245,47.2441315344825,62.9996218306048,26.7395339280769,50.071002018236,51.866818014819,34.259051104148,66.8565848418896,43.0572077101756,70.5260442468072,70.6622391950224
"GENE1067",43.7120341695417,13.9605325223584,7.13118966558226,24.9621143102397,20.0546504460577,25.8430978158638,16.7569719740185,26.7648836751157,27.6977280059257,11.1948740046457,37.0560571466275,10.9919038747813
"GENE1068",499.376875209613,660.440577019262,685.485606604095,539.657137945181,394.408125439134,801.943629098522,674.268634192647,766.546268455313,993.297831936646,643.274683190024,453.040182534575,438.105883009139
"GENE1069",1222.61234965112,527.278574498305,861.982550827255,544.411826385227,616.919247054917,1376.14495869475,789.971535918013,737.640194086188,818.515617278563,770.724018012144,340.676654412543,713.688615869726
"GENE1070",26.4921419209344,31.1427263960302,21.3935689967468,33.2828190803195,13.3697669640384,25.035501009118,47.8770627829099,10.7059534700463,32.473198351775,18.0840272382738,20.3210635965377,32.190575633288
"GENE1072",13.2460709604672,12.8866454052539,20.502170288549,29.7168027502853,28.6495006372252,14.5367425214234,27.1303355769823,5.35297673502313,33.4282924209448,10.3337298504422,21.5164202786869,16.4878558121719
"GENE1073",206.638706983288,299.614505672153,306.641155620037,281.715290072705,103.138202294011,256.815784545146,116.500852771747,154.165729968666,107.925629816193,129.171623130527,321.550947498155,84.0095510429711
"GENE1074",30.4659632090745,56.916017206538,60.6151121574492,36.8488354103538,82.128568493379,58.9545668924392,63.0381326641647,69.5886975553007,63.9913026343801,62.8635232568564,86.0656811147477,53.3892473917947
"GENE1075",14.5706780565139,9.66498405394042,6.23979095738448,7.13203266006847,13.3697669640384,11.3063552944404,9.57541255658198,13.9177395110601,30.5630102134353,7.75029738783161,14.3442801857913,0.785135991055804
"GENE1076",66.2303548023359,60.1376785578515,159.560368767403,46.3582122904451,79.2636184296565,92.8736327757604,75.805349406274,56.7415533912452,50.6199856660021,85.2532712661477,38.2514138287768,93.4311829356407
"GENE1077",168.225101197933,105.24093747624,74.8774914886137,169.980111731632,188.131720851112,83.1824710948115,75.0073983598921,72.8004835963146,92.6441247094756,78.3641180325196,95.6285345719419,70.6622391950224
"GENE1078",18.5444993446541,20.4038552249853,28.524758662329,60.622277610582,58.2539846290247,21.8051137821351,11.1713146493456,23.5530976341018,33.4282924209448,31.86233370553,70.5260442468072,26.6946236958973
"GENE1079",161.6020657177,131.014228286748,136.384002354261,165.225423291586,90.7234186845466,113.063552944404,137.247579977675,120.977274211523,115.566382369552,80.9475504951302,100.409961300539,116.985262667315
"GENE1080",41.0628199774483,20.4038552249853,30.3075560787246,27.3394585302625,21.964617155206,34.7266626900669,18.3528740667821,22.4825022870972,33.4282924209448,12.0560181588492,23.9071336429855,37.6865275706786
"GENE1081",544.413516475201,221.220746123525,247.808840878983,351.846944563378,217.736204842912,246.317026057452,284.868523558314,548.144817666369,291.303691096805,319.484481209503,413.593412023649,347.030108046666
"GENE1082",7.94764257628031,28.9949521618212,48.1355302426802,7.13203266006847,42.9742509558379,26.6506946226095,8.77746151020014,22.4825022870972,38.2037627667941,11.1948740046457,51.4003373324188,29.0500316690648
"GENE1083",14.5706780565139,36.5121619815527,15.1537780393623,10.6980489901027,16.234717027761,7.26837126071168,19.150825113164,39.6120278391712,10.5060347608684,13.7783064672562,10.7582101393435,14.1324478390045
"GENE1084",51.659676745822,25.7732908105078,6.23979095738448,22.5847700902168,7.6398668365934,41.9950339507786,23.1405803450731,33.1884557571434,15.2815051067176,33.584622013937,47.814267285971,13.3473118479487
"GENE1085",88.7486754351301,109.536485944658,75.7688901968115,53.4902449505135,62.0739180473214,32.3038722698297,118.096754864511,51.3885766562221,109.835817954533,62.8635232568564,88.4563944790463,33.7608476153996
"GENE1086",311.282667570979,279.210650447168,285.24758662329,146.206669531404,177.626903950797,172.825716643589,209.861125198422,271.931218139175,215.851259632387,203.230020392029,184.084929050988,130.332574515264
"GENE1087",308.633453378885,219.072971889316,334.274515574168,416.035238503994,205.321421233448,187.362459165012,172.357426018476,187.35418572581,191.01881383397,291.927868274991,173.326718911645,244.177293218355
"GENE1088",10.5968567683737,8.59109693683592,25.8505625377357,19.0187537601826,5.72990012744505,22.6127105888808,7.97951046381831,39.6120278391712,11.4611288300382,13.7783064672562,14.3442801857913,12.5621758568929
"GENE1089",627.863763526144,449.958702066782,618.630703489261,361.356321443469,462.211943613901,393.299644885177,655.915760125865,491.403264275124,650.419061104669,701.832485675863,481.728742906157,559.801961622788
"GENE1090",72.8533902825695,106.314824593345,79.3344850296026,92.7164245808901,104.093185648585,65.4153413464052,71.017643127983,109.200725394472,90.7339365711359,85.2532712661477,126.707808307823,99.7122708640871
"GENE1091",42.387427073495,40.8077104499706,40.1129418689002,20.207425870194,76.398668365934,39.5722435305414,65.4319858033102,21.4119069400925,45.8445153201529,39.6126310933616,77.6981843397028,31.4054396422322
"GENE1092",5.29842838418687,15.0344196394629,13.3709806229667,13.0753932101255,14.3247503186126,24.2279042023723,2.39385313914549,11.7765488170509,10.5060347608684,6.02800907942459,31.0792737358811,4.71081594633483
"GENE1093",333.800988203773,316.796699545825,250.483037003577,471.902827674531,299.864773336291,439.332662869684,220.234488801385,256.94288328111,313.270854687711,213.563750242471,276.127393576482,291.285452681703
"GENE1094",3.97382128814015,7.51720981973143,9.8053857901756,4.75468844004565,5.72990012744505,3.23038722698297,3.19180418552732,2.14119069400925,6.68565848418896,9.47258569623864,4.7814267285971,21.1986717585067
"GENE1095",295.387382418418,302.836167023466,227.306670590434,393.450468413777,224.421088324931,411.874371440329,159.590209276366,331.884557571434,357.205181869525,154.144803602429,228.313126290511,227.689437406183
"GENE1096",319.230310147259,294.24507008663,247.808840878983,311.43209282299,248.295672189285,335.152674799483,170.761523925712,243.02514377005,239.728611361633,277.288417653531,322.746304180304,316.409804395489
"GENE1097",160.277458621653,151.418083511733,316.446541410213,173.546128061666,295.08985656342,160.711764542403,223.426292986913,147.742157886638,137.533545960459,187.729425616366,158.982438725853,152.316382264826
"GENE1098",18.5444993446541,11.8127582881494,0.891398708197782,1.18867211001141,7.6398668365934,12.1139521011861,7.18155941743648,9.63535812304164,3.82037627667941,10.3337298504422,9.56285345719419,3.14054396422322
"GENE1099",151.005208949326,107.388711710449,291.487377580675,143.829325311381,119.372919321772,118.716730591624,156.398405090839,147.742157886638,138.488640029628,87.8367037287583,153.005655315107,121.69607861365
"GENE1100",31.7905703051212,16.1083067565674,16.9365754557579,13.0753932101255,20.0546504460577,15.3443393281691,18.3528740667821,35.3296464511527,13.3713169683779,35.306910322344,9.56285345719419,14.9175838300603
"GENE1101",173.52352958212,103.093163242031,165.800159724788,136.697292651312,190.041687560261,161.519361349149,91.7643703339106,128.471441640555,85.9584662252867,100.753866041811,248.634189887049,121.69607861365
"GENE1102",160.277458621653,262.028456573496,226.415271882237,213.960979802054,116.507969258049,177.671297484063,154.004551951693,142.389181151615,163.321085828045,283.316426732956,120.731024897077,209.6313096119
"GENE1103",121.863852836298,79.4676466657323,90.9226682361738,66.5656381606391,83.0835518479532,89.6432455487774,98.1479787049652,83.5064370663609,100.284877262834,49.9463609438037,100.409961300539,117.770398658371
"GENE1104",45.0366412655884,22.5516294591943,9.8053857901756,23.7734422002282,31.5144507009478,58.1469700856935,26.3323845306004,37.4708371451619,51.575079735172,60.2800907942459,33.4699871001797,18.8432637853393
"GENE1105",50.3350696497753,83.7631951341503,77.551687613207,78.4523592607532,116.507969258049,69.4533253801339,77.4012514990376,58.8827440852545,63.0362085652102,109.365307583846,88.4563944790463,90.2906389714175
"GENE1106",564.282622915902,279.210650447168,316.446541410213,400.582501073846,315.144507009478,262.468962192366,429.297662953425,452.861831782957,576.87681777859,390.959446008395,714.823295925266,351.740923993
"GENE1107",1066.30871231761,942.872888817743,1291.63672817859,1409.76512247353,1212.8288603092,1141.13428793173,1152.24131097536,1331.82061167376,538.673055011796,772.446306320551,852.289314372433,1352.0041765981
"GENE1108",230.481634712129,106.314824593345,117.664629482107,251.998487322419,316.099490364052,92.8736327757604,126.076265328329,96.3535812304164,108.880723885363,104.198442658625,154.201011997256,127.977166542096
"GENE1109",50.3350696497753,42.9554846841796,57.9409160328558,59.4336055005706,55.3890345653021,62.9925509261679,55.0586222003464,37.4708371451619,61.1260204268705,40.4737752475651,64.5492608360608,74.5879191503014
"GENE1110",229.157027616082,141.753099457793,144.406590728041,136.697292651312,287.449989726827,152.635796474945,184.326691714203,177.718827602768,160.455803620535,105.059586812829,94.4331778897927,177.440733978612
"GENE1111",732.507724113835,663.662238370575,846.828772787893,833.259149118,522.375894952074,591.160862537884,489.941942478444,372.56718075761,447.93911844066,890.423055446432,571.380494067353,489.139722427766
"GENE1112",39.7382128814015,69.8026626117919,70.4204979476248,59.4336055005706,52.5240845015796,27.4582914293553,86.9766640556196,67.4475068612915,84.048278086947,43.9183518643791,90.8471078433448,78.5135991055804
"GENE1113",1096.77467552668,663.662238370575,1329.07547392289,1356.27487752302,1539.43316757357,1142.74948154523,822.687528819668,898.229496136882,1056.33404050186,396.126310933616,855.87538441888,1376.34339232082
"GENE1114",117.890031548158,266.324005041914,556.232793915416,421.978599054051,342.839024292129,218.858734628096,422.914054582371,646.639589590794,238.773517292463,239.398074868576,380.123424923469,310.913852458099
"GENE1115",105.968567683737,123.497018467016,169.365754557579,256.753175762465,91.6784020391208,116.293940171387,166.771768693803,98.4947719244256,132.758075614609,197.202011312604,151.810298632958,127.19203055104
"GENE1116",14.5706780565139,3.22166135131347,10.6967844983734,4.75468844004565,17.1897003823351,14.5367425214234,4.78770627829099,7.49416742903239,8.59584662252867,2.58343246261054,5.97678341074637,7.85135991055804
"GENE1117",18.5444993446541,9.66498405394042,13.3709806229667,7.13203266006847,15.2797336731868,29.0734850428467,20.7467272059276,8.56476277603701,12.4162228992081,10.3337298504422,20.3210635965377,10.9919038747813
"GENE1118",47.6858554576819,33.2905006302392,20.502170288549,29.7168027502853,56.3440179198763,25.8430978158638,33.5139439480369,47.1061952682036,29.6079161442654,26.6954687803089,10.7582101393435,27.4797596869532
"GENE1119",127.162281220485,90.2065178367772,75.7688901968115,142.640653201369,85.9485019116757,151.8281996682,107.723391261547,93.1417951894025,123.207134922911,91.2812803455723,72.9167576111057,57.3149273470737
"GENE1120",29.1413561130278,15.0344196394629,34.7645496197135,17.8300816501712,35.3343841192445,22.6127105888808,9.57541255658198,11.7765488170509,39.1588568359639,36.1680544765475,29.8839170537319,21.9838077495625
"GENE1121",22.5183206327942,25.7732908105078,16.0451767475601,13.0753932101255,17.1897003823351,21.8051137821351,27.9282866233641,12.8471441640555,21.9671635909066,29.2789012429194,2.39071336429855,25.1243517137857
"GENE1122",21.1937135367475,18.2560809907763,18.7193728721534,3.56601633003424,3.8199334182967,6.46077445396594,6.38360837105465,19.2707162460833,19.101881383397,19.8063155466808,9.56285345719419,10.2067678837255
"GENE1123",189.418814734681,166.452503151196,158.668970059205,221.093012462123,236.835871934395,319.000738664568,198.689810549076,326.531580836411,188.153531626461,204.091164546232,197.23385255463,105.208222801478
"GENE1124",15.8952851525606,23.6255165762988,13.3709806229667,9.5093768800913,15.2797336731868,23.4203073956265,15.9590209276366,17.129525552074,1.9101881383397,7.75029738783161,8.36749677504492,8.63649590161385
"GENE1125",607.994657085444,317.870586662929,372.604660026673,498.053614094782,486.086527478255,469.213744719277,315.190663320823,331.884557571434,204.390130802348,236.814642405966,365.779144737678,372.154459760451
"GENE1126",9.27224967232703,1.07388711710449,1.78279741639556,8.32070477007988,17.1897003823351,7.26837126071168,15.1610698812548,4.28238138801851,4.77547034584926,3.44457661681405,11.9535668214927,15.7027198211161
"GENE1127",925.900360136656,949.31621152037,942.208434565056,1093.5783412105,644.613764337568,885.93369700008,699.803067676866,657.345543060841,567.325877086892,711.305071372101,433.914475620187,894.269893812561
"GENE1128",39.7382128814015,18.2560809907763,19.6107715803512,79.6410313707646,40.1093008921153,15.3443393281691,10.3733636029638,40.6826231861758,70.676961118569,22.3897480092913,10.7582101393435,14.1324478390045
"GENE1129",676.874226079873,814.006434765204,937.751441024067,885.560721958502,364.803641447335,575.008926402969,781.194074407813,827.570203234576,973.240856484079,753.501134928073,479.338029541859,584.926313336574
"GENE1130",913.978896272236,621.7806408035,505.423067548143,822.561100127897,692.362932066277,550.781022200597,604.048942111046,251.589906546087,461.310435409038,291.066724120787,812.842543861506,271.657052905308
"GENE1131",23.8429277288409,18.2560809907763,12.479581914769,29.7168027502853,36.2893674738186,21.8051137821351,27.1303355769823,17.129525552074,14.3264110375478,9.47258569623864,28.6885603715826,21.1986717585067
"GENE1132",3.97382128814015,8.59109693683592,7.13118966558226,5.94336055005706,6.68488348201922,8.07596806745743,7.18155941743648,2.14119069400925,4.77547034584926,8.61144154203513,2.39071336429855,10.9919038747813
"GENE1133",10.5968567683737,8.59109693683592,14.2623793311645,20.207425870194,8.59485019116757,8.88356487420317,8.77746151020014,10.7059534700463,2.86528220750956,6.8891532336281,9.56285345719419,9.42163189266965
"GENE1134",454.340233944024,256.659020987973,428.762778643133,338.771551353252,475.581710577939,524.130327577987,367.855432382024,218.401450788944,188.153531626461,751.778846619667,353.825577916185,267.731372950029
"GENE1135",177.49735087026,228.737955943256,256.722827960961,183.055504941757,289.359956435975,137.291457146776,166.771768693803,218.401450788944,137.533545960459,178.256839920127,190.061712461735,113.844718703092
"GENE1136",14.5706780565139,5.36943558552245,20.502170288549,11.8867211001141,2.86495006372252,16.1519361349149,8.77746151020014,18.2001208990787,8.59584662252867,8.61144154203513,13.148923503642,7.06622391950224
"GENE1137",1.32460709604672,11.8127582881494,4.45699354098891,9.5093768800913,0.954983354574175,13.7291457146776,15.9590209276366,13.9177395110601,9.55094069169852,3.44457661681405,5.97678341074637,18.0581277942835
"GENE1138",377.513022373315,388.747136391826,413.609000603771,496.86494198477,324.69434055522,436.909872449447,525.051788519245,390.767301656689,258.83049274503,394.404022625209,327.527730908901,366.658507823061
"GENE1139",1015.97364266783,545.534655489081,508.988662380934,752.429445637224,666.578381492774,331.9222875725,307.211152857005,542.791840931346,652.329249243009,341.874229218794,431.523762255888,537.03301788217
"GENE1140",586.800943548696,1057.77881034792,455.504739889067,994.918556079552,1016.10228926692,828.594323721132,567.343193977482,532.085887461299,617.945862752894,744.028549231835,574.966564113801,395.708539492125
"GENE1141",214.586349559568,352.234974410273,520.576845587505,314.998109153024,196.72657104228,240.663848410231,172.357426018476,193.777757807837,257.87539867586,233.370065789152,185.280285733138,167.233966094886
"GENE1142",985.507679458758,549.830203957499,630.218886695832,845.145870218114,713.372565866909,757.525804727507,778.002270222285,426.096948107841,490.918351553304,822.392667264354,818.819327272253,574.719545452849
"GENE1143",87.4240683390834,51.5465816210155,48.1355302426802,59.4336055005706,65.8938514656181,37.1494531103042,100.541831844111,66.3769115142868,36.2935746284544,43.0572077101756,77.6981843397028,64.381151266576
"GENE1144",156.303637333513,102.019276124927,142.623793311645,206.828947141986,189.086704205687,197.053620845961,154.802502998075,213.048474053921,69.7218670493992,109.365307583846,113.558884804181,51.8189754096831
"GENE1145",21.1937135367475,9.66498405394042,28.524758662329,29.7168027502853,23.8745838643544,11.3063552944404,26.3323845306004,11.7765488170509,38.2037627667941,21.5286038550878,9.56285345719419,13.3473118479487
"GENE1146",3.97382128814015,21.4777423420898,2.67419612459335,14.2640653201369,7.6398668365934,8.88356487420317,13.5651677884911,19.2707162460833,11.4611288300382,36.1680544765475,23.9071336429855,11.7770398658371
"GENE1148",809.334935684545,892.400194313832,389.541235482431,1136.37053717091,810.780868033474,724.414335650931,1074.84005947633,890.735328707849,791.772983341807,786.224612787807,690.91616228228,551.165465721175
"GENE1149",259.622990825157,235.181278645883,262.962618918346,115.301194671107,306.54965681831,229.357493115791,130.86397160662,164.871683438712,167.141462104724,220.452903476099,135.075305082868,162.523150148552
"GENE1150",492.753839729379,331.831119185288,562.472584872801,397.016484743812,310.369590236607,468.406147912531,252.152530656659,389.696706309684,270.291621575068,664.803287045112,277.322750258632,291.285452681703
"GENE1151",59.6073193221023,153.565857745942,48.1355302426802,103.414473570993,85.9485019116757,72.6837126071168,57.4524753394918,102.777153312444,45.8445153201529,97.3092894249969,90.8471078433448,105.993358792534
"GENE1152",365.591558508894,340.422216122124,433.219772184122,555.109875375329,685.678048584258,502.325213795852,193.104153224403,339.378725000467,505.244762590852,404.737752475651,377.732711559171,687.779128164885
"GENE1153",439.76955588751,969.720066745355,609.716716407283,426.733287494097,885.26956969026,376.340111943516,865.776885324287,570.627319953466,760.254879059202,750.056558311259,555.840857199413,715.258887851838
"GENE1154",5.29842838418687,13.9605325223584,6.23979095738448,15.4527374301484,17.1897003823351,14.5367425214234,5.58565732467282,20.3413115930879,13.3713169683779,12.0560181588492,21.5164202786869,13.3473118479487
"GENE1155",5.29842838418687,26.8471779276123,24.0677651213401,17.8300816501712,39.1543175375412,16.1519361349149,0.797951046381831,13.9177395110601,9.55094069169852,12.0560181588492,11.9535668214927,7.85135991055804
"GENE1156",15.8952851525606,17.1821938736718,6.23979095738448,7.13203266006847,11.4598002548901,5.6531776472202,25.5344334842186,14.9883348580648,7.64075255335881,17.2228830840703,1.19535668214927,25.9094877048415
"GENE1157",74.1779973786162,37.5860490986572,45.4613341180869,87.9617361408445,27.6945172826511,50.8785988249818,40.6955033654734,34.259051104148,17.1916932450573,25.8343246261054,16.7349935500898,43.1824795080692
"GENE1158",17.2198922486073,6.44332270262694,24.9591638295379,55.8675891705364,32.4694340555219,28.265888236101,11.1713146493456,19.2707162460833,38.2037627667941,37.029198630751,31.0792737358811,50.2487034275715
"GENE1159",577.528693876369,643.25838314559,655.17805052537,1050.78614525009,890.999469817705,774.485337669167,592.079676415319,938.912119323057,678.116789110595,721.638801222544,926.401428665687,1367.70689641921
"GENE1160",196.041850214914,173.969712970927,148.86358426903,242.489110442328,190.996670914835,153.443393281691,153.206600905312,96.3535812304164,159.500709551365,181.701416536941,70.5260442468072,143.679886363212
"GENE1161",323.204131435399,274.91510197875,421.631588977551,251.998487322419,341.884040937555,210.782766560639,331.947635294842,244.095739117055,266.471245298389,373.736562924324,322.746304180304,204.135357674509
"GENE1162",846.423934373853,367.269394049736,492.943485633374,784.523592607532,424.012609430934,373.917321523279,588.887872229791,585.615654811531,325.687077586919,331.540499368352,586.920130935294,379.220683679953
"GENE1163",919.277324656422,546.608542606186,957.362212604418,760.750150407304,574.899979453653,657.383800691035,1022.97324146151,715.157691799091,408.780261604697,718.19422460573,877.391804697567,607.695257077193
"GENE1164",30.4659632090745,34.3643877473437,27.6333599541312,38.0375075203652,20.0546504460577,26.6506946226095,14.363118834873,16.0589302050694,23.8773517292463,24.9731804719019,17.9303502322391,46.3230234722925
"GENE1165",494.078446825426,402.707668914184,443.025157974298,442.186024924245,458.392010195604,410.259177826837,360.673872964588,290.131339038254,479.457222723266,806.030928334488,237.875979747706,326.616572279215
"GENE1166",833.177863413386,808.636999179681,911.009479778133,1110.21975075066,679.948148456813,689.687672960864,899.290829272324,584.545059464526,1171.90042287141,710.443927217898,704.065085785923,1072.49576378223
"GENE1167",2.64921419209344,13.9605325223584,17.8279741639556,2.37734422002282,8.59485019116757,8.88356487420317,4.78770627829099,26.7648836751157,11.4611288300382,12.9171623130527,3.58607004644782,11.7770398658371
"GENE1168",29.1413561130278,26.8471779276123,27.6333599541312,19.0187537601826,21.964617155206,6.46077445396594,7.97951046381831,16.0589302050694,10.5060347608684,25.8343246261054,26.297847007284,21.9838077495625
"GENE1169",333.800988203773,732.391013865263,629.327487987634,542.034482165204,417.327725948914,492.634052114903,304.019348671478,392.908492350698,497.604010037493,454.684113419455,418.374838752246,511.123530177329
"GENE1170",384.136057853548,286.727860266899,390.432634190629,135.508620541301,234.925905225247,188.977652778504,186.720544853349,523.521124685262,436.477989610622,338.42965260198,417.179482070097,282.64895678009
"GENE1171",68.8795689944293,61.211565674956,40.1129418689002,57.0562612805478,36.2893674738186,41.1874371440329,44.6852585973825,27.8354790221203,53.4852678735117,31.0011895513265,22.7117769608362,57.3149273470737
"GENE1172",63.5811406102425,84.8370822512548,73.9860927804159,147.395341641415,73.5337183022115,75.9140998340998,55.8565732467282,101.70655796544,66.8565848418896,76.6418297241126,95.6285345719419,97.3568628909197
"GENE1173",149.680601853279,265.250117924809,133.709806229667,297.168027502853,182.401820723667,250.35501009118,110.117244400693,263.366455363138,233.042952877444,232.508921634948,139.856731811465,148.390702309547
"GENE1174",226.507813423989,258.806795222182,381.518647108651,183.055504941757,463.166926968475,402.18320975938,274.49515995535,175.577636908759,253.099928330011,282.455282578752,262.97847007284,211.201581594011
"GENE1175",13.2460709604672,16.1083067565674,14.2623793311645,3.56601633003424,12.4147836094643,2.42279042023723,11.1713146493456,9.63535812304164,18.1467873142272,25.8343246261054,19.1257069143884,15.7027198211161
"GENE1176",7.94764257628031,10.7388711710449,26.7419612459335,5.94336055005706,24.8295672189285,10.4987584876947,8.77746151020014,7.49416742903239,5.73056441501911,15.5005947756632,3.58607004644782,10.9919038747813
"GENE1177",609.31926418149,533.721897200932,801.367438669806,810.674379027783,806.960934615178,905.316020361978,935.996577405888,392.908492350698,578.78700591693,452.100680956844,664.618315274996,724.680519744507
"GENE1178",968.287787210151,779.64204701786,306.641155620037,1139.93655350094,1112.55560807891,940.042683052045,368.653383428406,1082.37189582168,731.602056984106,874.061316516565,1160.69133836695,932.741557374296
"GENE1179",45.0366412655884,26.8471779276123,49.026928950878,38.0375075203652,41.0642842466895,46.0330179845073,23.9385313914549,39.6120278391712,25.787539867586,37.029198630751,32.2746304180304,36.9013915796228
"GENE1180",49.0104625537286,104.167050359136,122.121623023096,120.055883111153,112.688035839753,132.445876306302,74.2094473135103,95.2829858834118,154.725239205516,46.5017843269897,98.0192479362405,118.555534649426
"GENE1181",21.1937135367475,53.6943558552245,41.8957392852958,42.7921959604108,49.6591344378571,39.5722435305414,55.0586222003464,59.9533394322591,21.9671635909066,54.2520817148213,29.8839170537319,60.4554713112969
"GENE1182",9.27224967232703,33.2905006302392,12.479581914769,26.1507864202511,44.8842176649862,60.5697605059307,18.3528740667821,8.56476277603701,25.787539867586,53.3909375606178,13.148923503642,10.2067678837255
"GENE1183",13.2460709604672,10.7388711710449,26.7419612459335,26.1507864202511,16.234717027761,25.035501009118,38.3016502263279,11.7765488170509,25.787539867586,25.8343246261054,27.4932036894333,19.6283997763951
"GENE1184",70.2041760904761,45.1032589183886,41.004340577098,51.1129007304907,40.1093008921153,40.3798403372871,65.4319858033102,33.1884557571434,56.3505500810213,46.5017843269897,23.9071336429855,35.3311195975112
"GENE1185",2.64921419209344,6.44332270262694,14.2623793311645,22.5847700902168,11.4598002548901,5.6531776472202,13.5651677884911,1.07059534700463,15.2815051067176,9.47258569623864,5.97678341074637,5.49595193739063
"GENE1186",607.994657085444,791.45480530601,1457.43688790337,650.203644176242,971.218071601936,1036.95429986153,564.151389791955,531.015292114295,705.81451711652,909.368226838909,499.659093138397,900.550981741008
"GENE1187",2.64921419209344,11.8127582881494,12.479581914769,3.56601633003424,10.5048169003159,12.9215489079319,5.58565732467282,4.28238138801851,2.86528220750956,9.47258569623864,7.17214009289565,3.14054396422322
"GENE1188",227.832420520036,165.378616034092,367.256267777486,272.205913192613,315.144507009478,264.084155805858,358.280019825442,220.542641482953,168.096556173894,248.870660564815,313.18345072311,145.250158345324
"GENE1189",131.136102508625,189.00413261039,72.2032953640204,22.5847700902168,72.5787349476373,120.331924205116,103.733636029638,101.70655796544,98.3746891244947,117.976749125881,120.731024897077,95.0014549177523
"GENE1190",145.706780565139,152.491970628838,101.619452734547,70.1316544906733,68.7588015293406,113.063552944404,78.9971535918013,101.70655796544,141.353922237138,101.615010196014,200.819922601078,120.125806631538
"GENE1191",192.068028926774,128.866454052539,158.668970059205,112.923850451084,184.311787432816,81.56727748132,95.7541255658197,185.2129950318,143.264110375478,179.117984074331,154.201011997256,82.4392790608594
"GENE1192",831.853256317339,953.611759988788,1204.2796547752,878.428689298433,813.645818097197,605.697605059307,928.01706694207,1245.10238856638,911.159741988039,1371.8026376462,780.567913443476,746.66432749407
"GENE1193",170.874315390027,162.156954682778,150.646381685425,129.565259991244,146.112453249849,166.364942189623,86.1787130092378,76.0122696373285,105.060347608684,159.31166852765,45.4235539216724,126.406894559984
"GENE1194",33.115177401168,71.9504368460009,41.8957392852958,30.9054748602967,38.199334182967,96.9116168094891,76.6033004526558,64.2357208202776,26.7426339367558,43.0572077101756,38.2514138287768,28.264895678009
"GENE1195",467.586304904491,613.189543866664,1075.02684208653,595.524727115717,634.108947437252,633.963493295408,380.622649124133,910.006044953933,660.925095865537,937.785983927625,459.016965945321,251.243517137857
"GENE1196",54.3088909379154,66.5810012604784,71.3118966558226,47.5468844004565,146.112453249849,41.9950339507786,39.0996012727097,77.0828649843331,70.676961118569,42.1960635559721,70.5260442468072,32.9757116243438
"GENE1197",11.9214638644205,6.44332270262694,8.91398708197782,17.8300816501712,11.4598002548901,10.4987584876947,11.1713146493456,10.7059534700463,5.73056441501911,5.16686492522108,25.1024903251348,13.3473118479487
"GENE1198",447.717198463791,297.466731437944,170.257153265776,242.489110442328,292.224906499698,261.661365385621,175.549230204003,254.801692587101,319.00141910273,344.457661681405,314.378807405259,290.500316690648
"GENE1199",182.795779254447,213.703536303794,208.587297718281,190.187537601826,320.874407136923,164.749748576132,233.799656589877,73.8710789433192,171.916932450573,80.9475504951302,186.475642415287,186.862365871281
"GENE1200",58.2827122260556,54.768242972329,77.551687613207,80.829703480776,98.36328552114,66.2229381531509,43.8873075510007,81.3652463723516,56.3505500810213,124.004758205306,68.1353308825086,100.497406855143
"GENE1201",25.1675348248876,10.7388711710449,32.0903534951202,19.0187537601826,20.0546504460577,17.7671297484063,22.3426292986913,18.2001208990787,17.1916932450573,49.9463609438037,31.0792737358811,12.5621758568929
"GENE1202",91.3978896272235,62.2854527920605,87.3570734033827,102.225801460981,76.398668365934,72.6837126071168,74.2094473135103,38.5414324921666,75.4524314644183,63.7246674110599,105.191388029136,40.8270715349018
"GENE1203",249.026134056783,251.289585402451,258.505625377357,291.224666952796,228.241021743228,213.205556980876,292.05008297575,512.815171215216,206.300318940688,261.787822877868,311.988094040961,427.899115125413
"GENE1204",211.937135367475,143.900873692002,89.1398708197782,102.225801460981,97.4083021665658,96.9116168094891,118.894705910893,120.977274211523,146.129392582987,102.476154350218,132.684591718569,146.820430327435
"GENE1205",720.586260249415,601.376785578515,785.322261922246,626.430201976014,863.304952535054,652.53821985056,592.079676415319,526.732910726276,649.463967035499,514.964204213701,653.860105135653,345.459836064554
"GENE1206",25.1675348248876,18.2560809907763,14.2623793311645,13.0753932101255,5.72990012744505,14.5367425214234,17.5549230204003,5.35297673502313,8.59584662252867,11.1948740046457,9.56285345719419,16.4878558121719
"GENE1207",139.083745084905,92.3542920709862,112.316237232921,161.659406961552,45.8392010195604,54.9165828587105,46.2811606901462,80.294651025347,116.521476438722,129.171623130527,90.8471078433448,65.9514232486876
"GENE1208",200.015671503054,230.885730177465,136.384002354261,140.263308981347,155.66228679559,214.820750594368,209.861125198422,158.448111356685,145.174298513817,130.893911438934,117.144954850629,134.258254470543
"GENE1209",6.62303548023359,5.36943558552245,8.91398708197782,5.94336055005706,25.7845505735027,12.1139521011861,7.18155941743648,7.49416742903239,10.5060347608684,7.75029738783161,9.56285345719419,6.28108792844643
"GENE1210",140.408352180952,56.916017206538,125.687217855887,193.75355393186,148.977403313571,142.137037987251,120.490608003657,110.271320741477,127.02751119959,233.370065789152,126.707808307823,221.408349477737
"GENE1211",200.015671503054,127.792566935434,136.384002354261,116.489866781118,71.6237515930631,264.891752612604,110.117244400693,176.648232255763,180.512779073102,159.31166852765,131.48923503642,142.109614381101
"GENE1212",74.1779973786162,63.359339909165,65.9635044066359,74.886342930719,59.2089679835988,29.0734850428467,56.65452429311,67.4475068612915,79.2728077410977,35.306910322344,46.6189106038217,58.1000633381295
"GENE1213",131.136102508625,54.768242972329,103.402250150943,83.2070477007988,103.138202294011,146.982618827725,88.5725661483833,84.5770324133655,134.668263752949,131.755055593137,57.3771207431652,72.232511177134
"GENE1214",622.565335141958,536.943558552245,591.888742243327,364.922337773504,502.321244506016,478.09730959348,335.937390526751,322.249199448393,399.229320912998,503.769330209055,456.626252581023,203.350221683453
"GENE1215",37.0889986893081,32.2166135131347,57.0495173246581,40.414851740388,32.4694340555219,41.9950339507786,40.6955033654734,8.56476277603701,21.0120695217367,20.6674597008843,40.6421271930753,10.9919038747813
"GENE1216",319.230310147259,264.176230807705,236.220657672412,525.393072625044,284.585039663104,264.084155805858,259.334090074095,224.825022870972,359.115370007864,290.205579966584,296.44845717302,266.946236958973
"GENE1217",883.512933063161,416.668201436542,586.540349994141,634.750906746094,510.916094697184,590.353265731138,845.030158118359,696.957570900012,830.931840177771,618.301502718122,536.715150285024,630.464200817811
"GENE1218",447.717198463791,589.564027290365,465.310125679242,525.393072625044,208.18637129717,841.515872629064,489.143991432063,613.451133833651,328.552359794429,1153.93316663271,420.765552116545,262.235421012639
"GENE1219",622.565335141958,369.417168283945,519.685446879307,509.940335194896,622.649147182362,392.492048078431,789.971535918013,400.40265977973,444.118742163981,766.418297241126,669.399742003594,389.427451563679
"GENE1220",319.230310147259,274.91510197875,171.148551973974,203.262930811951,272.17025605364,247.124622864197,264.919747398768,127.400846293551,206.300318940688,185.145993153755,310.792737358811,76.158191132413
"GENE1221",60.931926418149,67.6548883775829,79.3344850296026,59.4336055005706,74.4887016567856,67.0305349598966,45.4832096437644,58.8827440852545,59.2158322885308,55.9743700232283,70.5260442468072,89.5055029803617
"GENE1222",1153.73278065669,722.726029811322,534.839224918669,759.561478297292,763.98668365934,894.009665067537,626.391571409737,1041.6892726355,822.335993555242,834.448685423204,608.436551213981,680.712904245382
"GENE1223",410.628199774483,268.471779276123,923.489061692902,657.335676836311,645.568747692142,693.725656994593,539.414907354118,382.202538880652,584.517570331949,625.19065595175,506.831233231292,488.35458643671
"GENE1224",13.2460709604672,30.0688392789257,23.1763664131423,30.9054748602967,8.59485019116757,25.8430978158638,6.38360837105465,6.42357208202776,21.9671635909066,22.3897480092913,11.9535668214927,14.1324478390045
"GENE1225",75.5026044746629,24.6994036934033,71.3118966558226,52.3015728405021,21.964617155206,37.1494531103042,42.2914054582371,54.600362697236,63.0362085652102,32.7234778597335,56.1817640610159,88.7203669893059
"GENE1226",94.047103819317,56.916017206538,47.2441315344825,30.9054748602967,17.1897003823351,79.9520838678285,38.3016502263279,35.3296464511527,51.575079735172,15.5005947756632,33.4699871001797,40.041935543846
"GENE1227",84.77485414699,141.753099457793,89.1398708197782,112.923850451084,144.2024865407,119.52432739837,82.9869088237105,69.5886975553007,102.195065401174,94.7258569623864,80.0888977040014,101.282542846199
"GENE1228",149.680601853279,79.4676466657323,126.578616564085,137.885964761324,127.967769512939,76.7216966408456,124.480363235566,92.0711998423979,97.4195950553249,207.535741163047,90.8471078433448,100.497406855143
"GENE1229",39.7382128814015,36.5121619815527,27.6333599541312,11.8867211001141,21.0096338006318,6.46077445396594,35.1098460408006,16.0589302050694,21.0120695217367,23.2508921634948,23.9071336429855,26.6946236958973
"GENE1230",23.8429277288409,8.59109693683592,16.9365754557579,20.207425870194,29.6044839917994,16.1519361349149,12.7672167421093,9.63535812304164,29.6079161442654,18.0840272382738,22.7117769608362,17.2729918032277
"GENE1231",366.916165604941,296.392844320839,496.509080466165,266.262552642556,483.221577414532,208.359976140402,458.023900623171,274.072408833184,311.360666549372,248.009516410612,370.560571466275,204.920493665565
"GENE1232",17.2198922486073,16.1083067565674,22.2849677049446,64.1882939406162,26.7395339280769,22.6127105888808,41.4934544118552,25.694288328111,18.1467873142272,40.4737752475651,28.6885603715826,7.06622391950224
"GENE1233",935.172609808983,1108.25150485183,438.568164433309,499.242286204793,1363.71623033192,864.93618002469,1011.00397576578,422.885162066827,759.299784990032,568.355141774318,608.436551213981,650.092600594206
"GENE1234",886.162147255254,650.775592965321,468.875720512033,771.448199397406,687.588015293406,402.18320975938,533.031298983063,656.274947713836,639.913026343801,549.409970381841,577.3572774781,637.530424737313
"GENE1235",15.8952851525606,12.8866454052539,18.7193728721534,23.7734422002282,9.54983354574175,7.26837126071168,11.1713146493456,11.7765488170509,16.2365991758875,11.1948740046457,11.9535668214927,10.2067678837255
"GENE1236",107.293174779784,86.9848564854637,114.990433357514,159.282062741529,55.3890345653021,113.063552944404,73.4114962671285,52.4591720032267,57.3056441501911,49.9463609438037,114.75424148633,143.679886363212
"GENE1237",978.884643978525,1059.92658458213,733.621136846775,1139.93655350094,1135.47520858869,936.812295825062,868.170738463432,1437.80955102721,1186.22683390896,737.139395998207,1783.47216976672,967.287540980751
"GENE1238",29.1413561130278,27.9210650447168,23.1763664131423,14.2640653201369,12.4147836094643,11.3063552944404,44.6852585973825,27.8354790221203,13.3713169683779,24.9731804719019,26.297847007284,16.4878558121719
"GENE1239",10.5968567683737,25.7732908105078,0.891398708197782,14.2640653201369,25.7845505735027,10.4987584876947,6.38360837105465,3.21178604101388,37.2486686976242,15.5005947756632,7.17214009289565,7.85135991055804
"GENE1240",235.780063096316,294.24507008663,316.446541410213,320.941469703081,196.72657104228,218.858734628096,188.316446946112,267.648836751157,238.773517292463,307.428463050654,270.150610165736,126.406894559984
"GENE1241",623.889942238004,488.618638282543,365.473470361091,265.073880532545,254.980555671305,397.337628918905,240.981216007313,239.813357729036,185.288249418951,268.676976111496,179.303502322391,216.697533531402
"GENE1242",116.565424452111,180.413035673554,127.470015272283,122.433227331175,121.28288603092,103.372391263455,84.5828109164741,83.5064370663609,160.455803620535,149.839082831411,78.8935410218521,97.3568628909197
"GENE1243",1.32460709604672,4.29554846841796,2.67419612459335,8.32070477007988,6.68488348201922,2.42279042023723,13.5651677884911,17.129525552074,12.4162228992081,4.30572077101756,3.58607004644782,10.9919038747813
"GENE1244",830.528649221292,679.770545127143,601.694128033503,946.182999569084,784.041334105398,1169.40017616784,720.549794882794,927.135570506007,733.512245122446,1091.06964337585,717.214009289565,917.038837553179
"GENE1245",90.0732825311768,50.4726945039111,75.7688901968115,74.886342930719,86.9034852662499,44.4178243710158,45.4832096437644,33.1884557571434,108.880723885363,92.1424244997758,35.8607004644782,86.3649590161385
"GENE1246",82.1256399548965,90.2065178367772,104.293648859141,95.093768800913,79.2636184296565,96.9116168094891,174.751279157621,59.9533394322591,106.015441677854,94.7258569623864,83.6749677504492,69.0919672129108
"GENE1247",688.795689944293,743.129885036307,526.816636544889,570.562612805478,603.549480090879,362.610966228838,441.266928649153,475.344334070054,586.427758470289,646.719259806838,421.960908798694,265.375964976862
"GENE1248",10.5968567683737,26.8471779276123,12.479581914769,46.3582122904451,15.2797336731868,8.88356487420317,15.9590209276366,10.7059534700463,14.3264110375478,12.0560181588492,28.6885603715826,15.7027198211161
"GENE1249",676.874226079873,427.407072607587,441.242360557902,493.298925654736,606.414430154601,542.705054133139,697.409214537721,435.732306230883,746.883562090824,684.609602591793,560.62228392801,571.579001488626
"GENE1250",135.109923796765,158.935293331465,222.849677049446,210.39496347202,163.302153632184,156.673780508674,159.590209276366,145.600967192629,133.713169683779,133.477343901544,111.168171439882,113.844718703092
"GENE1251",92.7224967232703,57.9899043236425,44.5699354098891,36.8488354103538,34.3794007646703,63.8001477329137,55.8565732467282,71.72988824931,88.8237484327962,91.2812803455723,86.0656811147477,25.1243517137857
"GENE1252",295.387382418418,279.210650447168,241.569049921599,306.677404382944,339.974074228406,461.137776651819,354.290264593533,293.343125079268,236.863329154123,315.178760438486,389.686278380663,233.97052533463
"GENE1253",156.303637333513,162.156954682778,270.985207292126,129.565259991244,317.054473718626,266.506946226095,257.738187981332,211.977878706916,146.129392582987,204.952308700436,290.471673762274,417.692347241688
"GENE1254",615.942299661724,460.697573237826,346.754097488937,565.807924365432,450.75214335901,461.137776651819,462.01365585508,359.720036593555,561.595312671873,467.601275732507,451.844825852426,419.2626192238
"GENE1255",139.083745084905,158.935293331465,151.537780393623,128.376587881232,166.167103695906,209.975169753893,171.559474972094,141.318585804611,286.528220750956,256.620957952647,123.121738261375,153.101518255882
"GENE1256",181.4711721584,235.181278645883,265.636815042939,279.337945852682,262.620422507898,215.628347401113,245.768922285604,270.86062279217,226.357294393255,250.592948873222,273.736680212184,197.069133755007
"GENE1257",10.5968567683737,9.66498405394042,8.02258837378004,13.0753932101255,12.4147836094643,11.3063552944404,8.77746151020014,13.9177395110601,18.1467873142272,10.3337298504422,13.148923503642,13.3473118479487
"GENE1258",25.1675348248876,21.4777423420898,16.9365754557579,23.7734422002282,1.90996670914835,9.69116168094891,11.9692656957275,14.9883348580648,6.68565848418896,3.44457661681405,5.97678341074637,5.49595193739063
"GENE1259",111.266996067924,103.093163242031,68.6377005312292,58.2449333905592,75.4436850113598,82.3748742880658,91.7643703339106,81.3652463723516,164.276179897214,79.2252621867232,66.9399742003594,48.6784314454599
"GENE1260",854.371576950133,285.653973149794,434.11117089232,786.900936827555,648.433697755865,556.434199847817,373.441089706697,411.108613249777,680.026977248934,354.791391531847,573.771207431652,367.443643814116
"GENE1261",1129.88985292785,802.193676477054,776.408274840268,1377.67097550323,926.33385393695,418.335145894295,535.425152122209,1072.73653769864,1062.06460491688,1043.70671489466,756.66077980049,439.67615499125
"GENE1262",92.7224967232703,56.916017206538,56.1581186164603,54.678917060525,50.6141177924313,133.253473113048,61.442230571401,57.8121487382498,56.3505500810213,44.7794960185827,56.1817640610159,40.041935543846
"GENE1263",39.7382128814015,31.1427263960302,56.1581186164603,49.9242286204793,44.8842176649862,47.6482115979988,39.0996012727097,35.3296464511527,39.1588568359639,59.4189466400424,26.297847007284,30.6203036511764
"GENE1264",14.5706780565139,17.1821938736718,42.7871379934935,14.2640653201369,27.6945172826511,41.1874371440329,19.9487761595458,31.0472650631342,8.59584662252867,14.6394506214597,32.2746304180304,29.0500316690648
"GENE1265",128.486888316532,151.418083511733,104.293648859141,169.980111731632,70.6687682384889,190.592846391995,146.025041487875,237.672167035027,132.758075614609,189.451713924773,147.028871904361,135.828526452654
"GENE1266",162.926672813746,175.043600088032,126.578616564085,174.734800171678,327.559290618942,282.65888236101,150.812747766166,128.471441640555,118.431664577062,154.144803602429,127.903164989972,99.7122708640871
"GENE1267",162.926672813746,81.6154208999413,100.728054026349,85.5843919208217,84.9935185571016,84.797664708303,24.7364824378368,43.8944092271897,56.3505500810213,52.5297934064143,93.2378212076434,57.3149273470737
"GENE1268",194.717243118868,211.555762069585,228.198069298632,192.564881821849,173.8069705325,262.468962192366,317.584516459969,142.389181151615,151.859956998006,143.811073751987,212.773489422571,148.390702309547
"GENE1269",88.7486754351301,57.9899043236425,117.664629482107,67.7543102706505,66.8488348201922,117.909133784878,90.9664192875288,110.271320741477,58.260738219361,108.504163429643,45.4235539216724,51.0338394186273
"GENE1270",1149.75895936855,1070.66545575318,946.665428106045,633.562234636083,656.073564592458,940.85027985879,949.561745194379,686.251617429966,801.323924033506,869.755595745548,710.041869196669,948.444277195412
"GENE1271",26.4921419209344,20.4038552249853,24.0677651213401,22.5847700902168,13.3697669640384,32.3038722698297,35.1098460408006,9.63535812304164,21.9671635909066,15.5005947756632,7.17214009289565,40.041935543846
"GENE1272",23.8429277288409,60.1376785578515,20.502170288549,24.9621143102397,24.8295672189285,52.4937924384733,19.9487761595458,24.6236929811064,16.2365991758875,31.86233370553,27.4932036894333,25.9094877048415
"GENE1273",9.27224967232703,6.44332270262694,3.56559483279113,15.4527374301484,13.3697669640384,7.26837126071168,10.3733636029638,16.0589302050694,13.3713169683779,0.861144154203513,2.39071336429855,18.8432637853393
"GENE1274",30.4659632090745,53.6943558552245,49.026928950878,47.5468844004565,63.9838847564697,56.531776472202,43.0893565046189,50.3179813092174,58.260738219361,33.584622013937,52.5956940145681,53.3892473917947
"GENE1275",37.0889986893081,35.4382748644482,34.7645496197135,38.0375075203652,16.234717027761,25.035501009118,14.363118834873,19.2707162460833,8.59584662252867,14.6394506214597,31.0792737358811,17.2729918032277
"GENE1276",625.214549334051,548.756316840395,485.812295967791,487.355565104679,718.14748263978,553.203812620834,829.869088237105,605.956966404619,567.325877086892,443.489239414809,665.813671957146,434.965339044916
"GENE1277",504.6753035938,555.199639543022,533.056427502274,475.468844004565,548.160445525576,866.551373638182,437.277173417244,721.581263881118,1008.57933704336,905.923650222095,512.808016642039,438.105883009139
"GENE1278",358.968523028661,210.48187495248,320.012136243004,181.866832831746,269.305305989917,319.000738664568,217.84063566224,410.038017902772,340.968582693637,429.710932947553,126.707808307823,167.233966094886
"GENE1279",15.8952851525606,35.4382748644482,42.7871379934935,49.9242286204793,75.4436850113598,79.9520838678285,66.229936849692,46.0355999211989,51.575079735172,15.5005947756632,44.2281972395231,58.8851993291853
"GENE1280",131.136102508625,125.644792701225,65.0721056984381,130.753932101255,102.183218939437,76.7216966408456,130.066020560238,125.259655599541,164.276179897214,68.891532336281,111.168171439882,88.7203669893059
"GENE1281",165.57588700584,60.1376785578515,161.343166183799,111.735178341073,168.077070405055,93.6812295825062,106.925440215165,76.0122696373285,46.7996093893227,117.115604971678,84.8703244325985,106.778494783589
"GENE1282",43.7120341695417,35.4382748644482,30.3075560787246,38.0375075203652,46.7941843741346,45.2254211777616,32.7159929016551,28.9060743691249,21.0120695217367,34.4457661681405,29.8839170537319,40.8270715349018
"GENE1283",201.340278599101,206.186326484062,213.935689967468,236.545749892271,338.064107519258,226.127105888808,122.08651009642,195.918948501847,149.949768859667,295.372444891805,190.061712461735,110.704174738868
"GENE1284",230.481634712129,264.176230807705,278.116396957708,212.772307692043,160.437203568461,100.142004036472,261.727943213241,134.895013722583,120.341852715401,225.61976840132,212.773489422571,184.506957898114
"GENE1285",21.1937135367475,21.4777423420898,17.8279741639556,38.0375075203652,11.4598002548901,23.4203073956265,10.3733636029638,18.2001208990787,22.9222576600764,12.0560181588492,34.665343782329,34.5459836064554
"GENE1286",540.439695187061,670.105561073202,717.575960099215,577.694645465546,365.758624801909,407.8363874066,420.520201443225,625.227682650702,400.184414982168,658.775277965687,640.711181632011,405.915307375851
"GENE1287",18.5444993446541,26.8471779276123,9.8053857901756,4.75468844004565,10.5048169003159,7.26837126071168,16.7569719740185,9.63535812304164,2.86528220750956,8.61144154203513,22.7117769608362,7.85135991055804
"GENE1288",9.27224967232703,6.44332270262694,13.3709806229667,15.4527374301484,4.77491677287087,3.23038722698297,6.38360837105465,11.7765488170509,16.2365991758875,11.1948740046457,3.58607004644782,3.14054396422322
"GENE1289",75.5026044746629,67.6548883775829,46.3527328262847,41.6035238503994,138.472586413255,52.4937924384733,40.6955033654734,86.7182231073748,42.0241390434735,93.8647128081829,51.4003373324188,54.9595193739063
"GENE1290",584.151729356603,696.952739000814,768.385686466488,1063.86153846021,620.739180473214,849.591840696521,899.290829272324,726.934240616141,842.392969007809,862.005298357716,729.167576111057,1076.42144373751
"GENE1291",700.717153808714,483.249202697021,309.31535174463,420.78992694404,614.054296991194,456.292195811345,295.241887161278,509.603385174202,514.79570328255,384.070292774767,560.62228392801,586.496585318686
"GENE1292",447.717198463791,695.87885188371,1002.8235467225,1125.67248818081,559.620245780466,759.140998340998,699.803067676866,819.005440458539,728.736774776597,558.88255607808,621.585474717623,407.485579357962
"GENE1293",370.889986893081,590.63791440747,454.613341180869,318.564125483058,275.990189471937,458.714986231582,402.965278422825,172.365850867745,512.88551514421,322.929057826317,319.160234133856,533.892473917947
"GENE1294",25.1675348248876,36.5121619815527,40.1129418689002,14.2640653201369,33.4244174100961,16.1519361349149,24.7364824378368,37.4708371451619,19.101881383397,14.6394506214597,22.7117769608362,26.6946236958973
"GENE1295",201.340278599101,360.826071347109,314.663743993817,418.412582724017,313.234540300329,269.737333453078,280.878768326405,353.296464511527,506.199856660021,381.486860312156,173.326718911645,443.601834946529
"GENE1296",11.9214638644205,11.8127582881494,44.5699354098891,26.1507864202511,12.4147836094643,11.3063552944404,19.150825113164,13.9177395110601,8.59584662252867,34.4457661681405,15.5396368679406,65.9514232486876
"GENE1297",42.387427073495,45.1032589183886,24.9591638295379,27.3394585302625,28.6495006372252,24.2279042023723,21.5446782523094,52.4591720032267,37.2486686976242,12.0560181588492,45.4235539216724,35.3311195975112
"GENE1298",86.0994612430367,106.314824593345,93.5968643607671,150.961357971449,107.913119066882,163.942151769386,103.733636029638,59.9533394322591,118.431664577062,41.3349194017686,115.94959816848,84.7946870340269
"GENE1299",64.9057477062892,55.8421300894335,102.510851442745,59.4336055005706,83.0835518479532,48.4558084047446,143.63118834873,47.1061952682036,57.3056441501911,125.727046513713,87.261037796897,70.6622391950224
"GENE1300",1095.45006843064,732.391013865263,908.33528365354,778.580232057475,955.938337928749,753.487820693778,736.50881581043,897.158900789877,595.023605092818,1335.63458316965,886.954658154762,1144.72827495936
"GENE1301",21.1937135367475,3.22166135131347,17.8279741639556,26.1507864202511,16.234717027761,29.0734850428467,10.3733636029638,16.0589302050694,30.5630102134353,31.86233370553,19.1257069143884,18.0581277942835
"GENE1302",1.32460709604672,7.51720981973143,9.8053857901756,2.37734422002282,18.1446837369093,8.07596806745743,11.1713146493456,2.14119069400925,7.64075255335881,7.75029738783161,7.17214009289565,2.35540797316741
"GENE1303",351.02088045238,378.008265220781,258.505625377357,332.828190803195,347.613941065,457.09979261809,279.282866233641,392.908492350698,517.66098549006,241.981507331187,168.545292183048,218.267805513514
"GENE1304",108.617781875831,189.00413261039,180.062539055952,183.055504941757,158.527236859313,150.213006054708,140.439384163202,137.036204416592,178.602590934762,102.476154350218,126.707808307823,81.6541430698037
"GENE1305",245.052312768643,258.806795222182,238.003455088808,287.658650622762,389.633208666263,381.993289590736,197.891859502694,221.613236829958,112.701100162043,334.123931830963,371.755928148424,317.980076377601
"GENE1306",10.5968567683737,8.59109693683592,14.2623793311645,8.32070477007988,11.4598002548901,7.26837126071168,16.7569719740185,4.28238138801851,11.4611288300382,5.16686492522108,3.58607004644782,8.63649590161385
"GENE1307",508.64912488194,328.609457833974,327.143325908586,162.848079071563,466.031877032197,331.114690765755,386.208306448806,529.94469676729,219.671635909066,235.092354097559,298.839170537319,250.458381146802
"GENE1308",125.837674124438,140.679212340688,133.709806229667,156.904718521506,115.552985903475,166.364942189623,96.5520766122016,123.118464905532,108.880723885363,127.44933482212,68.1353308825086,124.051486586817
"GENE1309",45.0366412655884,30.0688392789257,26.7419612459335,9.5093768800913,21.0096338006318,20.1899201686436,11.9692656957275,10.7059534700463,37.2486686976242,24.9731804719019,26.297847007284,14.1324478390045
"GENE1310",66.2303548023359,71.9504368460009,78.4430863214048,28.5281306402739,30.5594673463736,69.4533253801339,88.5725661483833,51.3885766562221,46.7996093893227,55.9743700232283,69.3306875646579,41.6122075259576
"GENE1311",25.1675348248876,8.59109693683592,32.0903534951202,15.4527374301484,20.0546504460577,9.69116168094891,23.1405803450731,8.56476277603701,11.4611288300382,13.7783064672562,14.3442801857913,7.06622391950224
"GENE1312",317.905703051212,550.904091074604,451.047746348078,464.770795014462,323.739357200645,298.003221689179,316.786565413587,241.954548423046,230.177670669934,390.959446008395,176.912788958093,202.565085692398
"GENE1313",202.664885695148,227.664068826152,160.451767475601,164.036751181575,143.247503186126,202.706798493181,185.922593806967,113.48310678249,146.129392582987,255.759813798443,129.098521672122,209.6313096119
"GENE1314",564.282622915902,585.268478821947,569.603774538383,451.695401804337,458.392010195604,314.155157824094,413.338642025789,421.814566719823,240.683705430803,456.406401727862,370.560571466275,449.09778688392
"GENE1315",368.240772700988,568.086284948276,357.450881987311,439.808680704222,461.256960259326,503.940407409343,406.157082608352,360.790631940559,347.654241177826,297.094733200212,548.668717106517,266.161100967918
"GENE1316",25.1675348248876,15.0344196394629,7.13118966558226,9.5093768800913,14.3247503186126,1.61519361349149,11.1713146493456,7.49416742903239,15.2815051067176,12.9171623130527,13.148923503642,10.2067678837255
"GENE1317",7.94764257628031,9.66498405394042,4.45699354098891,15.4527374301484,5.72990012744505,8.88356487420317,7.97951046381831,11.7765488170509,1.9101881383397,6.8891532336281,21.5164202786869,14.1324478390045
"GENE1318",147.031387661186,228.737955943256,87.3570734033827,188.998865491815,199.591521106003,230.972686729282,55.0586222003464,253.731097240096,106.970535747023,171.367686686499,115.94959816848,162.523150148552
"GENE1319",351.02088045238,338.274441887915,205.02170288549,153.338702191472,230.150988452376,339.998255639958,345.512803083333,280.495980915212,222.536918116575,109.365307583846,264.17382675499,343.889564082442
"GENE1320",137.759137988859,67.6548883775829,115.881832065712,105.791817791016,53.4790678561538,72.6837126071168,86.1787130092378,77.0828649843331,101.239971332004,124.004758205306,115.94959816848,99.7122708640871
"GENE1321",442.418770079604,483.249202697021,460.853132138253,474.280171894553,316.099490364052,238.241057989994,268.909502630677,503.179813092174,449.849306579,159.31166852765,370.560571466275,255.169197093136
"GENE1322",1188.17256515391,637.888947560067,777.299673548466,880.806033518456,555.80031236217,818.095565233437,361.47182401097,585.615654811531,438.388177748962,508.936195134276,494.8776664098,487.569450445654
"GENE1323",58.2827122260556,77.3198724315233,58.8323147410536,45.1695401804337,64.9388681110439,43.6102275642701,57.4524753394918,73.8710789433192,113.656194231212,99.031577733404,57.3771207431652,53.3892473917947
"GENE1324",79.4764257628031,105.24093747624,88.2484721115804,66.5656381606391,125.102819449217,115.486343364641,100.541831844111,95.2829858834118,85.0033721561168,140.366497135173,109.972814757733,85.5798230250827
"GENE1325",17.2198922486073,23.6255165762988,8.91398708197782,24.9621143102397,23.8745838643544,24.2279042023723,11.1713146493456,6.42357208202776,13.3713169683779,30.1400453971229,23.9071336429855,23.5540797316741
"GENE1326",56.9581051300089,40.8077104499706,40.1129418689002,117.67853889113,45.8392010195604,58.1469700856935,47.079111736528,33.1884557571434,21.9671635909066,31.86233370553,39.446770510926,60.4554713112969
"GENE1327",10.5968567683737,2.14777423420898,19.6107715803512,11.8867211001141,16.234717027761,15.3443393281691,12.7672167421093,9.63535812304164,14.3264110375478,9.47258569623864,5.97678341074637,6.28108792844643
"GENE1328",1136.51288840808,637.888947560067,513.445655921923,430.299303824131,899.594320008873,644.462251783103,564.949340838337,542.791840931346,1103.13364989118,781.057747862586,433.914475620187,470.296458642427
"GENE1329",352.345487548427,132.088115403852,193.433519678919,181.866832831746,360.028724674464,243.086638830469,244.970971239222,265.507646057147,179.557685003932,157.589380219243,103.996031346987,212.771853576123
"GENE1330",22.5183206327942,16.1083067565674,49.9183276590758,16.6414095401598,26.7395339280769,15.3443393281691,28.7262376697459,14.9883348580648,22.9222576600764,20.6674597008843,13.148923503642,16.4878558121719
"GENE1331",14.5706780565139,19.3299681078808,16.0451767475601,26.1507864202511,26.7395339280769,7.26837126071168,2.39385313914549,11.7765488170509,36.2935746284544,6.02800907942459,8.36749677504492,32.9757116243438
"GENE1332",10.5968567683737,3.22166135131347,9.8053857901756,10.6980489901027,1.90996670914835,11.3063552944404,23.9385313914549,14.9883348580648,39.1588568359639,12.0560181588492,14.3442801857913,7.06622391950224
"GENE1333",96.6963180114104,144.974760809106,176.496944223161,102.225801460981,120.327902676346,147.790215634471,86.9766640556196,101.70655796544,179.557685003932,111.948740046457,99.2146046183898,149.960974291659
"GENE1334",26.4921419209344,31.1427263960302,48.1355302426802,28.5281306402739,14.3247503186126,28.265888236101,50.2709159220554,33.1884557571434,31.5181042826051,31.86233370553,14.3442801857913,29.8351676601206
"GENE1335",345.722452068193,396.264346211557,418.06599414476,313.809437043013,442.157293167843,379.570499170499,276.889013094495,628.439468691716,331.417642001939,581.272304087371,407.616628612903,339.178748136107
"GENE1336",356.319308836567,634.667286208754,443.916556682496,410.091877953937,412.552809176044,437.717469256193,466.801362133371,437.873496924892,697.218670493992,614.856926101308,322.746304180304,501.701898284659
"GENE1337",1276.92124058904,1578.6140621436,1003.7149454307,785.712264717543,702.867748966593,1149.21025599919,891.311318808505,671.263282571901,889.192578397132,634.663241647989,1000.51354295894,454.593738821311
"GENE1338",19.8691064407008,16.1083067565674,22.2849677049446,10.6980489901027,37.2443508283928,12.1139521011861,11.1713146493456,20.3413115930879,21.9671635909066,13.7783064672562,33.4699871001797,18.0581277942835
"GENE1339",35.7643915932614,7.51720981973143,12.479581914769,20.207425870194,28.6495006372252,13.7291457146776,16.7569719740185,35.3296464511527,27.6977280059257,12.0560181588492,20.3210635965377,21.1986717585067
"GENE1340",47.6858554576819,25.7732908105078,27.6333599541312,35.6601633003424,32.4694340555219,40.3798403372871,16.7569719740185,34.259051104148,30.5630102134353,68.891532336281,39.446770510926,52.6041114007389
"GENE1341",393.408307525875,492.914186750961,293.27017499707,629.996218306048,378.173408411373,371.494531103042,240.981216007313,378.990752839638,222.536918116575,418.516058942907,448.258755805978,394.92340350107
"GENE1342",84.77485414699,160.009180448569,172.93134939037,93.9050966909016,87.8584686208241,195.43842723247,130.066020560238,70.6592929023054,127.02751119959,176.53455161172,149.419585268659,194.71372578184
"GENE1343",15.8952851525606,5.36943558552245,3.56559483279113,2.37734422002282,4.77491677287087,8.88356487420317,9.57541255658198,17.129525552074,18.1467873142272,8.61144154203513,3.58607004644782,11.7770398658371
"GENE1344",286.115132746091,243.772375582719,268.311011167532,232.979733562237,305.594673463736,409.451581020092,417.328397257698,266.578241404152,422.151578573074,518.408780830515,398.053775155708,275.582732860587
"GENE1345",13.2460709604672,4.29554846841796,16.0451767475601,22.5847700902168,14.3247503186126,22.6127105888808,14.363118834873,5.35297673502313,8.59584662252867,12.0560181588492,14.3442801857913,13.3473118479487
"GENE1346",255.649169537017,150.344196394629,186.302330013336,295.979355392842,255.935539025879,161.519361349149,233.799656589877,111.341916088481,222.536918116575,272.982696882513,158.982438725853,208.061037629788
"GENE1347",11.9214638644205,13.9605325223584,11.5881832065712,3.56601633003424,38.199334182967,8.88356487420317,5.58565732467282,6.42357208202776,3.82037627667941,21.5286038550878,3.58607004644782,7.85135991055804
"GENE1348",935.172609808983,717.3565942258,1144.55594132595,489.732909324702,589.224729772266,793.867661031065,612.028452574865,1177.65488170509,749.748844298334,507.213906825869,815.233257225805,340.749020118219
"GENE1349",52.9842838418687,49.3988073868066,31.1989547869224,48.7355565104679,33.4244174100961,20.9975169753893,25.5344334842186,50.3179813092174,37.2486686976242,21.5286038550878,35.8607004644782,59.6703353202411
"GENE1350",5.29842838418687,5.36943558552245,17.8279741639556,22.5847700902168,15.2797336731868,4.84558084047446,7.97951046381831,11.7765488170509,7.64075255335881,12.0560181588492,23.9071336429855,3.92567995527902
"GENE1351",70.2041760904761,86.9848564854637,90.031269527976,122.433227331175,128.922752867514,107.410375297184,138.045531024057,97.424176577421,114.611288300382,117.115604971678,121.926381579226,54.9595193739063
"GENE1352",846.423934373853,578.82515611932,691.725397561479,632.373562526071,1110.64564136977,738.951078172355,1071.6482552908,451.791236435952,699.128858632331,800.002919255063,705.260442468072,686.208856182773
"GENE1353",67.5549618983826,99.8715018907176,193.433519678919,178.300816501712,163.302153632184,248.739816477689,128.470118467475,176.648232255763,156.635427343856,104.198442658625,182.889572368839,120.125806631538
"GENE1354",319.230310147259,264.176230807705,291.487377580675,339.960223463264,271.215272699066,571.778539175986,442.862830741916,187.35418572581,255.01011646835,254.037525490036,247.4388332049,253.598925111025
"GENE1355",327.177952723539,371.564942518154,259.397024085555,341.148895573275,276.945172826511,432.871888415718,375.036991799461,146.671562539634,360.070464077034,327.234778597335,319.160234133856,372.154459760451
"GENE1356",1335.20395281509,987.976147736131,540.187617167856,817.806411687851,1045.70677325872,906.123617168723,406.955033654734,1064.1717749226,815.650335071053,775.890882937365,834.358964140193,606.910121086137
"GENE1357",348.371666260287,209.407987835376,239.786252505203,424.355943274074,258.800489089601,155.866183701928,124.480363235566,163.801088091708,139.443734098798,102.476154350218,213.96884610472,160.167742175384
"GENE1358",166.900494101886,96.6498405394042,76.6602889050093,145.017997421392,127.012786158365,113.063552944404,181.932838575058,130.612632334564,98.3746891244947,125.727046513713,98.0192479362405,163.308286139607
"GENE1359",703.366368000807,604.598446929828,975.190186768374,540.845810055192,576.809946162802,313.347561017348,308.807054949769,632.721850079734,244.504081707482,689.776467517014,412.3980553415,442.031562964418
"GENE1360",724.560081537555,573.455720533798,554.449996499021,518.261039964976,354.298824547019,457.09979261809,552.980075142609,493.544454969133,306.585196203522,477.93500558295,445.868042441679,577.074953426016
"GENE1361",291.413561130278,221.220746123525,422.522987685749,309.054748602967,443.112276522417,226.934702695554,241.779167053695,188.424781072814,193.88409604148,161.033956836057,284.494890351527,258.30974105736
"GENE1362",5.29842838418687,3.22166135131347,6.23979095738448,14.2640653201369,21.0096338006318,19.3823233618978,4.78770627829099,2.14119069400925,16.2365991758875,11.1948740046457,3.58607004644782,22.7689437406183
"GENE1363",384.136057853548,343.643877473437,651.612455692579,670.411070046436,424.012609430934,507.170794636326,579.31245967321,502.10921774517,264.561057160049,372.875418770121,547.473360424368,587.281721309742
"GENE1364",52.9842838418687,20.4038552249853,57.0495173246581,71.3203266006847,33.4244174100961,37.9570499170499,42.2914054582371,62.0945301262683,17.1916932450573,35.306910322344,51.4003373324188,33.7608476153996
"GENE1365",169.54970829398,172.895825853823,219.284082216654,142.640653201369,141.337536476978,212.39796017413,150.812747766166,124.189060252537,208.210507079028,80.0864063409267,225.922412926213,180.581277942835
"GENE1366",181.4711721584,140.679212340688,361.9078755283,130.753932101255,175.716937241648,228.549896309045,162.782013461894,224.825022870972,142.309016306308,141.227641289376,170.936005547346,199.424541728174
"GENE1367",17.2198922486073,48.3249202697021,15.1537780393623,10.6980489901027,12.4147836094643,13.7291457146776,31.1200908088914,34.259051104148,25.787539867586,22.3897480092913,32.2746304180304,39.2567995527902
"GENE1368",345.722452068193,207.260213601167,276.333599541312,438.620008594211,346.658957710425,326.26910992528,138.843482070439,337.237534306457,263.605963090879,240.25921902278,326.332374226752,166.448830103831
"GENE1369",94.047103819317,54.768242972329,45.4613341180869,45.1695401804337,43.929234310412,109.025568910675,90.1684682411469,57.8121487382498,63.0362085652102,49.0852167896002,31.0792737358811,46.3230234722925
"GENE1370",136.434530892812,314.648925311616,279.899194374104,93.9050966909016,153.752320086442,208.359976140402,167.569719740185,246.236929811064,196.749378248989,248.870660564815,84.8703244325985,174.300190014389
"GENE1371",18.5444993446541,25.7732908105078,8.91398708197782,21.3960979802054,6.68488348201922,11.3063552944404,14.363118834873,5.35297673502313,16.2365991758875,11.1948740046457,2.39071336429855,14.1324478390045
"GENE1372",62.2565335141958,111.684260178867,152.429179101821,186.621521271792,66.8488348201922,360.995772615347,213.850880430331,160.589302050694,172.872026519743,191.17400223318,105.191388029136,101.282542846199
"GENE1373",462.287876520305,600.30289846141,554.449996499021,273.394585302625,530.970745143241,397.337628918905,414.13659307217,443.226473659915,517.66098549006,371.153130461714,358.607004644782,248.102973173634
"GENE1374",1.32460709604672,8.59109693683592,11.5881832065712,1.18867211001141,18.1446837369093,1.61519361349149,2.39385313914549,3.21178604101388,7.64075255335881,5.16686492522108,14.3442801857913,5.49595193739063
"GENE1375",1111.3453535832,827.966967287562,1264.00336822446,791.6556252676,758.256783531895,762.371385567981,346.310754129715,887.523542666835,518.61607955923,663.942142890908,682.548665507236,748.234599476182
"GENE1376",17.2198922486073,17.1821938736718,24.0677651213401,34.471491190331,21.0096338006318,25.8430978158638,24.7364824378368,37.4708371451619,15.2815051067176,31.0011895513265,52.5956940145681,17.2729918032277
"GENE1377",349.696273356334,311.427263960302,748.774914886137,350.658272453367,180.491854014519,268.929736646332,371.047236567552,376.849562145629,203.435036733178,235.953498251762,131.48923503642,248.88810916469
"GENE1378",99.3455322035039,88.0587436025682,56.1581186164603,96.2824409109244,111.733052485178,122.754714625353,67.8258389424557,98.4947719244256,51.575079735172,80.0864063409267,68.1353308825086,46.3230234722925
"GENE1379",3.97382128814015,17.1821938736718,24.0677651213401,1.18867211001141,12.4147836094643,26.6506946226095,21.5446782523094,10.7059534700463,15.2815051067176,8.61144154203513,11.9535668214927,13.3473118479487
"GENE1380",332.476381107726,481.101428462812,236.220657672412,348.280928233344,210.096338006318,360.188175808601,259.334090074095,275.143004180189,300.854631788503,376.319995386935,147.028871904361,248.88810916469
"GENE1381",410.628199774483,375.860490986572,355.668084570915,152.150030081461,392.498158729986,418.335145894295,309.60500599615,569.556724606461,570.191159294401,114.532172509067,420.765552116545,134.258254470543
"GENE1382",141.732959276999,161.083067565674,240.677651213401,241.300438332317,345.703974355851,189.78524958525,260.929992166859,371.496585410605,212.030883355707,195.479723004197,142.247445175764,303.847628538596
"GENE1383",7.94764257628031,7.51720981973143,5.34839224918669,21.3960979802054,20.0546504460577,23.4203073956265,5.58565732467282,19.2707162460833,11.4611288300382,24.9731804719019,13.148923503642,8.63649590161385
"GENE1384",1374.94216569649,953.611759988788,1607.1918708806,1369.35027073315,1697.96040443288,337.57546521972,951.955598333525,689.46340347098,1148.97816521133,508.075050980072,629.952971492668,781.995447091581
"GENE1385",135.109923796765,121.349244232807,55.2667199082625,146.206669531404,58.2539846290247,65.4153413464052,59.0483774322555,165.942278785717,83.0931840177771,74.0583972615021,102.800674664838,99.7122708640871
"GENE1386",46.3612483616351,55.8421300894335,68.6377005312292,53.4902449505135,66.8488348201922,58.9545668924392,43.8873075510007,52.4591720032267,41.0690449743036,54.2520817148213,21.5164202786869,69.0919672129108
"GENE1387",38.4136057853548,12.8866454052539,32.9817522033179,23.7734422002282,26.7395339280769,46.8406147912531,11.1713146493456,18.2001208990787,41.0690449743036,33.584622013937,54.9864073788666,36.9013915796228
"GENE1388",33.115177401168,10.7388711710449,30.3075560787246,24.9621143102397,8.59485019116757,7.26837126071168,4.78770627829099,2.14119069400925,3.82037627667941,5.16686492522108,26.297847007284,24.3392157227299
"GENE1389",108.617781875831,62.2854527920605,153.320577810019,90.3390803608673,48.7041510832829,145.367425214234,102.935684983256,58.8827440852545,99.3297831936646,82.6698388035372,81.2842543861506,78.5135991055804
"GENE1390",42.387427073495,24.6994036934033,46.3527328262847,33.2828190803195,26.7395339280769,25.8430978158638,43.0893565046189,25.694288328111,29.6079161442654,23.2508921634948,25.1024903251348,21.1986717585067
"GENE1391",480.832375864959,698.026626117919,505.423067548143,937.862294799004,753.481866759024,879.472922546114,509.092767591608,857.546872950706,500.469292245002,874.061316516565,736.339716203953,618.687160951974
"GENE1392",92.7224967232703,53.6943558552245,90.031269527976,55.8675891705364,58.2539846290247,61.3773573126764,36.7057481335642,31.0472650631342,69.7218670493992,21.5286038550878,47.814267285971,74.5879191503014
"GENE1393",63.5811406102425,71.9504368460009,63.2893082820425,35.6601633003424,59.2089679835988,74.2989062206083,43.0893565046189,32.1178604101388,70.676961118569,68.891532336281,95.6285345719419,40.8270715349018
"GENE1394",96.6963180114104,66.5810012604784,98.9452566099538,41.6035238503994,28.6495006372252,109.025568910675,48.6750138292917,94.2123905364071,109.835817954533,59.4189466400424,98.0192479362405,135.828526452654
"GENE1395",358.968523028661,391.968797743139,481.355302426802,272.205913192613,363.848658092761,290.734850428467,241.779167053695,262.295860016133,244.504081707482,336.707364293573,268.955253483587,264.590828985806
"GENE1396",921.926538848516,1650.5644989896,833.457792164926,1300.40728835248,1174.62952612624,1001.42004036472,984.67159123518,662.698519795864,962.73482172321,1292.57737545947,504.440519866994,846.376598358157
"GENE1397",181.4711721584,248.067924051137,249.591638295379,175.923472281689,401.093008921153,220.473928241588,169.96357287933,186.283590378805,233.042952877444,186.007137307959,216.359559469019,260.665149030527
"GENE1398",10.5968567683737,10.7388711710449,0.891398708197782,8.32070477007988,7.6398668365934,8.07596806745743,7.18155941743648,4.28238138801851,6.68565848418896,0.861144154203513,5.97678341074637,8.63649590161385
"GENE1399",75.5026044746629,139.605325223584,124.79581914769,65.3769660506277,78.3086350750823,104.987584876947,117.298803818129,165.942278785717,85.9584662252867,94.7258569623864,76.5028276575536,134.258254470543
"GENE1400",75.5026044746629,80.5415337828368,89.1398708197782,78.4523592607532,29.6044839917994,47.6482115979988,47.8770627829099,59.9533394322591,66.8565848418896,62.8635232568564,35.8607004644782,47.8932954544041
"GENE1401",19.8691064407008,86.9848564854637,57.9409160328558,51.1129007304907,57.2990012744505,19.3823233618978,55.8565732467282,74.9416742903239,58.260738219361,84.3921271119442,34.665343782329,30.6203036511764
"GENE1402",500.701482305659,503.653057922006,630.218886695832,550.355186935284,830.835518479532,725.221932457677,285.666474604696,209.836688012907,569.236065225232,478.796149737153,454.235539216724,1059.93358792534
"GENE1403",35.7643915932614,30.0688392789257,60.6151121574492,60.622277610582,73.5337183022115,62.9925509261679,41.4934544118552,55.6709580442406,16.2365991758875,25.8343246261054,41.8374838752246,49.4635674365157
"GENE1404",1017.29824976388,1363.8366387227,1192.69147156863,890.315410398548,432.607459622101,643.654654976357,738.104717903194,1589.83409030187,1025.77103028842,759.529144007498,1072.2349438879,752.945415422516
"GENE1405",927.224967232703,994.419470438758,656.069449233568,832.070477007988,1473.53931610795,1060.37460725716,959.935108797343,900.370686830891,825.201275762752,1079.8747693712,880.977874744015,726.250791726619
"GENE1406",11.9214638644205,12.8866454052539,24.0677651213401,23.7734422002282,5.72990012744505,9.69116168094891,8.77746151020014,18.2001208990787,8.59584662252867,11.1948740046457,14.3442801857913,7.85135991055804
"GENE1407",170.874315390027,266.324005041914,143.515192019843,155.716046411495,168.077070405055,190.592846391995,93.3602724266743,155.236325315671,172.872026519743,203.230020392029,164.9592221366,111.489310729924
"GENE1408",149.680601853279,266.324005041914,229.08946800683,342.337567683287,355.253807901593,344.843836480432,270.505404723441,392.908492350698,281.752750405106,237.67578656017,221.140986197616,261.450285021583
"GENE1409",11.9214638644205,4.29554846841796,4.45699354098891,4.75468844004565,12.4147836094643,16.1519361349149,13.5651677884911,14.9883348580648,13.3713169683779,6.02800907942459,10.7582101393435,7.06622391950224
"GENE1410",226.507813423989,476.805879994394,382.410045816849,381.563747313663,402.047992275728,323.846319505043,464.407508994226,256.94288328111,165.231273966384,256.620957952647,291.667030444423,367.443643814116
"GENE1411",720.586260249415,379.082152337885,730.055542013984,375.620386763606,516.645994824629,451.44661497087,493.931697710354,220.542641482953,146.129392582987,528.742510680957,387.295565016365,748.234599476182
"GENE1412",27.8167490169811,48.3249202697021,49.026928950878,42.7921959604108,43.929234310412,37.1494531103042,58.2504263858737,34.259051104148,43.9343271818132,28.4177570887159,51.4003373324188,51.0338394186273
"GENE1413",645.083655774752,655.071141433739,470.658517928429,929.541590028924,398.228058857431,828.594323721132,826.677284051577,731.21662200416,496.648915968323,378.903427849546,579.747990842398,845.591462367101
"GENE1414",7.94764257628031,15.0344196394629,36.5473470361091,19.0187537601826,24.8295672189285,9.69116168094891,7.18155941743648,23.5530976341018,18.1467873142272,23.2508921634948,23.9071336429855,14.1324478390045
"GENE1415",482.156982961005,490.766412516752,276.333599541312,106.980489901027,269.305305989917,295.580431268942,298.433691346805,384.343729574661,259.7855868142,211.841461934064,350.239507869737,374.509867733619
"GENE1416",192.068028926774,323.240022248452,105.185047567338,109.35783412105,233.970921870673,254.392994124909,191.50825113164,160.589302050694,165.231273966384,189.451713924773,284.494890351527,157.812334202217
"GENE1417",170.874315390027,151.418083511733,180.062539055952,203.262930811951,224.421088324931,305.271592949891,225.820146126058,191.636567113828,113.656194231212,162.756245144464,242.657406476303,188.432637853393
"GENE1418",531.167445514734,397.338233328661,728.272744597588,520.638384184998,688.54299864798,528.975908418461,762.043249294649,482.838501499087,593.113416954478,371.153130461714,865.438237876075,603.769577121913
"GENE1419",78.1518186667564,93.4281791880907,76.6602889050093,61.8109497205934,52.5240845015796,97.7192136162349,55.8565732467282,66.3769115142868,58.260738219361,62.0023791026529,90.8471078433448,60.4554713112969
"GENE1420",316.581095955166,263.1023436906,393.106830315222,426.733287494097,365.758624801909,291.542447235213,347.108705176097,322.249199448393,238.773517292463,334.985075985166,271.345966847885,332.112524216605
"GENE1421",33.115177401168,44.0293718012841,18.7193728721534,45.1695401804337,19.0996670914835,11.3063552944404,20.7467272059276,10.7059534700463,31.5181042826051,25.8343246261054,26.297847007284,29.8351676601206
"GENE1422",9.27224967232703,9.66498405394042,3.56559483279113,8.32070477007988,19.0996670914835,15.3443393281691,11.1713146493456,5.35297673502313,15.2815051067176,11.1948740046457,5.97678341074637,8.63649590161385
"GENE1423",321.879524339353,208.334100718271,175.605545514963,192.564881821849,397.273075502857,366.648950262567,229.809901357967,234.460380994013,236.863329154123,310.011895513265,279.71346362293,210.416445602956
"GENE1424",7.94764257628031,6.44332270262694,9.8053857901756,27.3394585302625,23.8745838643544,5.6531776472202,13.5651677884911,10.7059534700463,8.59584662252867,14.6394506214597,22.7117769608362,10.9919038747813
"GENE1425",438.444948791464,237.329052880092,192.542120970721,411.280550063949,216.781221488338,378.762902363753,338.331243665896,206.624901971893,307.540290272692,443.489239414809,337.090584366095,346.24497205561
"GENE1426",229.157027616082,590.63791440747,550.884401666229,495.676269874759,285.540023017678,398.952822532397,313.59476122806,418.602780678809,513.84060921338,260.065534569461,551.059430470815,325.046300297103
"GENE1427",225.183206327942,170.748051619614,208.587297718281,249.621143102397,139.42756976783,191.400443198741,166.771768693803,162.730492744703,260.74068088337,201.507732083622,184.084929050988,193.928589790784
"GENE1428",33.115177401168,37.5860490986572,60.6151121574492,30.9054748602967,62.0739180473214,46.0330179845073,79.7951046381831,47.1061952682036,74.4973373952484,41.3349194017686,32.2746304180304,25.1243517137857
"GENE1429",6.62303548023359,9.66498405394042,16.9365754557579,13.0753932101255,34.3794007646703,4.84558084047446,7.97951046381831,14.9883348580648,22.9222576600764,15.5005947756632,19.1257069143884,21.1986717585067
"GENE1430",781.518186667564,1049.18771341109,517.011250754714,788.089608937566,729.60728289467,759.140998340998,453.23619434488,844.69972878665,524.346643974249,486.546447124985,596.482984392488,767.862999252577
"GENE1431",22.5183206327942,39.7338233328662,50.8097263672736,24.9621143102397,39.1543175375412,33.1114690765755,16.7569719740185,40.6826231861758,11.4611288300382,25.8343246261054,23.9071336429855,39.2567995527902
"GENE1432",14.5706780565139,44.0293718012841,28.524758662329,17.8300816501712,42.9742509558379,7.26837126071168,16.7569719740185,25.694288328111,38.2037627667941,31.0011895513265,5.97678341074637,17.2729918032277
"GENE1433",120.539245740251,138.531438106479,151.537780393623,80.829703480776,75.4436850113598,109.833165717421,90.9664192875288,112.412511435486,89.7788425019661,90.4201361913688,154.201011997256,150.746110282714
"GENE1434",41.0628199774483,67.6548883775829,81.1172824459982,32.0941469703081,55.3890345653021,98.5268104229806,71.017643127983,55.6709580442406,37.2486686976242,68.0303881820775,39.446770510926,56.5297913560179
"GENE1435",152.329816045373,166.452503151196,221.06687963305,236.545749892271,166.167103695906,205.129588913419,242.577118100077,209.836688012907,200.569754525669,251.454093027426,199.624565918929,123.266350595761
"GENE1436",259.622990825157,279.210650447168,183.628133888743,272.205913192613,160.437203568461,307.694383370128,143.63118834873,236.601571688022,242.593893569142,129.171623130527,143.442801857913,189.217773844449
"GENE1437",125.837674124438,199.743003781435,108.750642400129,248.432470992385,106.958135712308,135.676263533285,169.96357287933,57.8121487382498,149.949768859667,124.865902359509,130.293878354271,78.5135991055804
"GENE1438",21.1937135367475,9.66498405394042,9.8053857901756,15.4527374301484,3.8199334182967,8.07596806745743,4.78770627829099,3.21178604101388,11.4611288300382,6.02800907942459,2.39071336429855,10.2067678837255
"GENE1439",507.324517785893,387.673249274721,325.36052849219,593.147382895695,616.919247054917,472.44413194626,493.133746663972,291.201934385258,742.108091744975,471.045852349321,456.626252581023,274.797596869532
"GENE1440",47.6858554576819,36.5121619815527,20.502170288549,39.2261796303766,20.0546504460577,19.3823233618978,31.1200908088914,52.4591720032267,33.4282924209448,55.9743700232283,21.5164202786869,27.4797596869532
"GENE1441",227.832420520036,582.046817470634,616.847906072865,469.525483454508,514.73602811548,761.563788761235,443.660781788298,598.462798975586,364.845934422883,326.373634443131,399.249131837858,702.696711994945
"GENE1442",3.97382128814015,7.51720981973143,9.8053857901756,3.56601633003424,4.77491677287087,15.3443393281691,11.1713146493456,1.07059534700463,3.82037627667941,4.30572077101756,8.36749677504492,7.85135991055804
"GENE1443",29.1413561130278,5.36943558552245,9.8053857901756,2.37734422002282,13.3697669640384,2.42279042023723,8.77746151020014,12.8471441640555,4.77547034584926,6.8891532336281,11.9535668214927,10.2067678837255
"GENE1444",101.994746395597,177.191374322241,130.144211396876,178.300816501712,88.8134519753983,88.028051935286,110.915195447075,167.012874132722,79.2728077410977,90.4201361913688,212.773489422571,103.637950819366
"GENE1445",11.9214638644205,6.44332270262694,12.479581914769,13.0753932101255,40.1093008921153,10.4987584876947,11.9692656957275,12.8471441640555,19.101881383397,14.6394506214597,13.148923503642,14.9175838300603
"GENE1446",446.392591367744,342.569990356332,582.97475516135,385.129763643698,277.900156181085,319.808335471314,281.676719372786,316.896222713369,324.73198351775,198.063155466808,360.997718009081,277.938140833755
"GENE1447",267.570633401437,245.920149816928,232.655062839621,173.546128061666,183.356804078242,344.036239673686,141.237335209584,329.743366877425,256.92030460669,303.122742279636,153.005655315107,295.211132636982
"GENE1448",1006.70139299551,366.195506932631,831.674994748531,1353.897533303,1115.42055814264,1086.21770507302,883.331808344687,555.638985095401,778.401666373429,1072.98561613758,810.451830497208,670.506136361657
"GENE1449",39.7382128814015,32.2166135131347,18.7193728721534,11.8867211001141,19.0996670914835,30.6886786563382,7.97951046381831,18.2001208990787,18.1467873142272,8.61144154203513,11.9535668214927,18.0581277942835
"GENE1450",148.355994757232,359.752184230004,332.491718157773,152.150030081461,233.015938516099,210.782766560639,299.231642393187,143.45977649862,169.051650243064,241.120363176984,136.270661765017,204.920493665565
"GENE1451",380.162236565408,895.621855665145,517.902649462911,392.261796303766,243.520755416415,463.560567072056,176.347181250385,403.614445820744,489.963257484134,530.464798989364,219.945629515466,313.269260431266
"GENE1452",51.659676745822,45.1032589183886,52.5925237836692,27.3394585302625,27.6945172826511,42.8026307575244,47.8770627829099,23.5530976341018,20.0569754525669,24.1120363176984,47.814267285971,15.7027198211161
"GENE1453",13.2460709604672,12.8866454052539,24.9591638295379,23.7734422002282,2.86495006372252,7.26837126071168,8.77746151020014,1.07059534700463,9.55094069169852,6.02800907942459,2.39071336429855,20.4135357674509
"GENE1454",6.62303548023359,19.3299681078808,5.34839224918669,30.9054748602967,3.8199334182967,9.69116168094891,9.57541255658198,0,19.101881383397,9.47258569623864,4.7814267285971,0.785135991055804
"GENE1455",26.4921419209344,34.3643877473437,15.1537780393623,3.56601633003424,9.54983354574175,22.6127105888808,15.9590209276366,10.7059534700463,2.86528220750956,27.5566129345124,9.56285345719419,11.7770398658371
"GENE1456",152.329816045373,199.743003781435,128.361413980481,213.960979802054,91.6784020391208,98.5268104229806,160.388160322748,130.612632334564,160.455803620535,63.7246674110599,88.4563944790463,89.5055029803617
"GENE1457",86.0994612430367,92.3542920709862,48.1355302426802,89.1504082508559,43.929234310412,56.531776472202,89.3705171947651,76.0122696373285,68.7667729802293,86.1144154203513,72.9167576111057,80.8690070787478
"GENE1458",427.84809202309,318.944473780034,594.562938367921,482.600876664633,707.642665739464,694.533253801339,469.195215272517,459.285403864985,685.757541663954,657.914133811484,564.208353974457,364.303099849893
"GENE1459",410.628199774483,208.334100718271,508.097263672736,399.393828963834,445.97722658614,329.499497152263,467.599313179753,309.402055284337,614.125486476215,445.211527723216,310.792737358811,255.169197093136
"GENE1460",292.738168226325,243.772375582719,714.901763974621,253.187159432431,438.337359749546,366.648950262567,375.036991799461,291.201934385258,146.129392582987,357.374823994458,264.17382675499,147.605566318491
"GENE1461",6.62303548023359,17.1821938736718,5.34839224918669,13.0753932101255,10.5048169003159,8.07596806745743,8.77746151020014,10.7059534700463,7.64075255335881,6.8891532336281,13.148923503642,5.49595193739063
"GENE1462",27.8167490169811,21.4777423420898,38.3301444525046,13.0753932101255,32.4694340555219,29.0734850428467,24.7364824378368,14.9883348580648,40.1139509051338,34.4457661681405,28.6885603715826,40.041935543846
"GENE1463",147.031387661186,208.334100718271,267.419612459335,177.1121443917,161.392186923036,129.215489079319,185.922593806967,221.613236829958,150.904862928837,114.532172509067,186.475642415287,80.8690070787478
"GENE1464",117.890031548158,157.86140621436,111.424838524723,198.508242371906,174.761953887074,130.83068269281,160.388160322748,137.036204416592,69.7218670493992,142.08878544358,150.614941950809,168.804238076998
"GENE1465",52.9842838418687,35.4382748644482,26.7419612459335,49.9242286204793,77.3536517205082,59.762163699185,75.0073983598921,27.8354790221203,73.5422433260786,48.2240726353967,41.8374838752246,47.8932954544041
"GENE1466",449.041805559837,401.633781797079,508.097263672736,205.640275031974,706.687682384889,447.408630937141,422.914054582371,512.815171215216,465.130811685718,336.707364293573,474.556602813262,225.334029433016
"GENE1467",659.654333831266,343.643877473437,702.422182059852,639.50559518614,340.92905758298,554.01140942758,668.682976867975,480.697310805077,417.376108227225,419.377203097111,333.504514319648,522.11543405211
"GENE1468",124.513067028392,136.38366387227,123.904420439492,237.734422002282,77.3536517205082,192.208040005487,164.377915554657,158.448111356685,115.566382369552,104.198442658625,126.707808307823,138.183934425822
"GENE1469",72.8533902825695,119.201469998598,43.6785367016913,40.414851740388,62.0739180473214,124.369908238844,46.2811606901462,55.6709580442406,56.3505500810213,84.3921271119442,63.3539041539115,32.190575633288
"GENE1470",59.6073193221023,17.1821938736718,21.3935689967468,43.9808680704222,46.7941843741346,26.6506946226095,11.9692656957275,8.56476277603701,15.2815051067176,62.8635232568564,29.8839170537319,6.28108792844643
"GENE1471",15.8952851525606,36.5121619815527,17.8279741639556,11.8867211001141,6.68488348201922,8.88356487420317,19.150825113164,13.9177395110601,17.1916932450573,11.1948740046457,28.6885603715826,18.0581277942835
"GENE1472",68.8795689944293,282.432311798481,208.587297718281,376.809058873618,196.72657104228,258.430978158638,114.106999632602,133.824418375578,181.467873142272,223.03633593871,211.578132740422,215.912397540346
"GENE1473",496.727661017519,381.229926572094,361.9078755283,374.431714653595,273.125239408214,709.877593129508,302.423446578714,346.872892429499,286.528220750956,235.092354097559,290.471673762274,398.063947465293
"GENE1474",217.235563751662,149.270309277524,190.759323554325,123.621899441187,118.417935967198,180.901684711046,152.40864985893,125.259655599541,129.8927934071,170.506542532295,95.6285345719419,241.036749254132
"GENE1475",37.0889986893081,71.9504368460009,75.7688901968115,42.7921959604108,48.7041510832829,86.4128583217945,64.6340347569283,86.7182231073748,79.2728077410977,55.9743700232283,66.9399742003594,54.1743833828505
"GENE1476",593.42397902893,1517.40249646865,960.036408729011,539.657137945181,910.099136909189,877.050132125877,593.675578508082,699.098761594021,570.191159294401,782.780036170993,1451.16301212922,1162.00126676259
"GENE1477",627.863763526144,410.224878733915,546.42740812524,622.86418564598,892.909436526853,653.345816657306,570.534998163009,456.073617823971,720.140928154068,464.156699115693,683.744022189385,485.999178463543
"GENE1478",99.3455322035039,44.0293718012841,57.9409160328558,57.0562612805478,31.5144507009478,50.071002018236,43.0893565046189,47.1061952682036,51.575079735172,68.891532336281,98.0192479362405,69.0919672129108
"GENE1479",33.115177401168,31.1427263960302,30.3075560787246,48.7355565104679,42.9742509558379,50.071002018236,78.9971535918013,84.5770324133655,28.6528220750956,74.0583972615021,29.8839170537319,75.3730551413572
"GENE1480",181.4711721584,481.101428462812,370.821862610277,729.844675547007,286.495006372252,233.39547714952,417.328397257698,326.531580836411,196.749378248989,265.232399494682,219.945629515466,467.155914678204
"GENE1481",17.2198922486073,35.4382748644482,29.4161573705268,7.13203266006847,5.72990012744505,12.1139521011861,23.9385313914549,0,5.73056441501911,2.58343246261054,8.36749677504492,7.06622391950224
"GENE1482",17.2198922486073,13.9605325223584,43.6785367016913,29.7168027502853,22.9196005097802,24.2279042023723,27.1303355769823,25.694288328111,7.64075255335881,19.8063155466808,8.36749677504492,15.7027198211161
"GENE1483",178.821957966307,134.235889638061,142.623793311645,210.39496347202,195.771587687706,119.52432739837,179.538985435912,92.0711998423979,157.590521413026,100.753866041811,251.024903251348,239.46647727202
"GENE1484",805.361114396405,920.321259358548,940.42563714866,1043.65411259002,699.047815548296,756.718207920761,649.532151754811,578.121487382498,758.344690920862,608.828917021883,380.123424923469,1020.67678837255
"GENE1485",31.7905703051212,12.8866454052539,35.6559483279113,27.3394585302625,11.4598002548901,8.88356487420317,8.77746151020014,19.2707162460833,22.9222576600764,24.1120363176984,15.5396368679406,23.5540797316741
"GENE1486",858.345398238273,383.377700806303,451.939145056276,420.78992694404,613.09931363662,390.069257658194,549.788270957082,671.263282571901,708.67979932403,177.395695765924,707.65115583237,489.924858418822
"GENE1487",394.732914621922,783.937595486278,485.812295967791,790.466953157589,676.128215038516,835.862694981844,552.182124096227,785.816984701396,451.75949471734,693.221044133828,368.169858101976,957.865909088081
"GENE1488",185.444993446541,119.201469998598,164.017362308392,188.998865491815,119.372919321772,154.250990088437,169.96357287933,119.906678864518,121.296946784571,79.2252621867232,247.4388332049,202.565085692398
"GENE1489",9.27224967232703,5.36943558552245,24.0677651213401,13.0753932101255,10.5048169003159,25.035501009118,2.39385313914549,14.9883348580648,10.5060347608684,11.1948740046457,3.58607004644782,3.92567995527902
"GENE1490",42.387427073495,7.51720981973143,19.6107715803512,15.4527374301484,8.59485019116757,8.07596806745743,22.3426292986913,16.0589302050694,10.5060347608684,10.3337298504422,14.3442801857913,5.49595193739063
"GENE1491",194.717243118868,284.58008603269,149.754982977227,159.282062741529,249.25065554386,160.711764542403,126.076265328329,206.624901971893,172.872026519743,185.145993153755,143.442801857913,218.267805513514
"GENE1492",39.7382128814015,121.349244232807,95.3796617771627,85.5843919208217,143.247503186126,94.4888263892519,68.6237899888375,51.3885766562221,77.362619602758,52.5297934064143,118.340311532778,73.0176471681898
"GENE1493",227.832420520036,185.782471259077,194.324918387117,184.244177051769,163.302153632184,197.861217652707,345.512803083333,100.635962618435,189.108625695631,131.755055593137,210.382776058272,169.589374068054
"GENE1494",434.471127503324,777.494272783651,583.866153869547,769.070855177384,960.71325470162,274.582914293553,333.543537387605,306.190269243323,447.93911844066,283.316426732956,464.993749356068,308.558444484931
"GENE1495",18.5444993446541,19.3299681078808,5.34839224918669,5.94336055005706,4.77491677287087,17.7671297484063,7.18155941743648,2.14119069400925,0,10.3337298504422,26.297847007284,3.92567995527902
"GENE1496",539.115088091014,780.715934134965,737.186731679566,727.467331326984,850.89016892559,722.79914203744,397.379621098152,555.638985095401,975.151044622419,787.08575694201,410.007341977201,606.124985095081
"GENE1497",974.910822690385,727.02157827974,1025.99991313565,1243.35102707194,933.973720773543,1174.24575700831,631.179277688028,1005.28903083734,1084.03176850778,553.715691152859,817.623970590104,1024.60246832782
"GENE1498",103.319353491644,104.167050359136,100.728054026349,110.546506231061,128.922752867514,109.025568910675,98.9459297513471,89.9300091483886,63.9913026343801,90.4201361913688,39.446770510926,72.232511177134
"GENE1499",7.94764257628031,23.6255165762988,8.91398708197782,8.32070477007988,6.68488348201922,13.7291457146776,15.1610698812548,18.2001208990787,1.9101881383397,4.30572077101756,4.7814267285971,2.35540797316741
"GENE1500",871.591469198741,717.3565942258,867.330943076442,310.243420712979,682.813098520535,457.09979261809,556.171879328136,307.260864590328,497.604010037493,347.041094144016,487.705526316904,276.367868851643
"GENE1501",245.052312768643,144.974760809106,187.193728721534,246.055126772362,144.2024865407,187.362459165012,126.076265328329,214.119069400925,203.435036733178,137.783064672562,198.42920923678,174.300190014389
"GENE1502",51.659676745822,34.3643877473437,52.5925237836692,47.5468844004565,55.3890345653021,42.8026307575244,29.5241887161278,27.8354790221203,20.0569754525669,38.7514869391581,60.963190789613,46.3230234722925
"GENE1503",15.8952851525606,19.3299681078808,7.13118966558226,15.4527374301484,24.8295672189285,21.8051137821351,18.3528740667821,9.63535812304164,18.1467873142272,16.3617389298667,14.3442801857913,21.1986717585067
"GENE1504",602.696228701257,565.938510714067,472.441315344825,457.638762354394,441.202309813269,558.856990268054,401.369376330061,528.874101420285,389.6783802213,237.67578656017,384.904851652066,690.919672129108
"GENE1505",103.319353491644,110.610373061763,113.207635941118,122.433227331175,140.382553122404,91.2584391622689,153.206600905312,101.70655796544,190.0637197648,113.671028354864,109.972814757733,76.9433271234688
"GENE1506",45.0366412655884,17.1821938736718,24.0677651213401,32.0941469703081,17.1897003823351,49.2634052114903,28.7262376697459,13.9177395110601,34.3833864901147,42.1960635559721,21.5164202786869,14.9175838300603
"GENE1507",35.7643915932614,23.6255165762988,59.7237134492514,41.6035238503994,56.3440179198763,80.7596806745743,92.5623213802924,52.4591720032267,46.7996093893227,38.7514869391581,17.9303502322391,22.7689437406183
"GENE1508",51.659676745822,15.0344196394629,31.1989547869224,36.8488354103538,19.0996670914835,62.9925509261679,32.7159929016551,36.4002417981573,36.2935746284544,23.2508921634948,25.1024903251348,36.9013915796228
"GENE1509",243.727705672596,458.549799003617,264.745416334741,265.073880532545,317.054473718626,375.53251513677,406.955033654734,254.801692587101,261.695774952539,239.398074868576,124.317094943525,226.119165424072
"GENE1510",79.4764257628031,66.5810012604784,112.316237232921,55.8675891705364,84.9935185571016,30.6886786563382,54.2606711539645,101.70655796544,68.7667729802293,62.8635232568564,43.0328405573739,57.3149273470737
"GENE1511",13.2460709604672,10.7388711710449,49.026928950878,40.414851740388,11.4598002548901,21.8051137821351,34.3118949944187,40.6826231861758,19.101881383397,20.6674597008843,31.0792737358811,18.0581277942835
"GENE1512",147.031387661186,137.457550989375,75.7688901968115,127.187915771221,70.6687682384889,83.1824710948115,125.278314281948,65.3063161672822,118.431664577062,50.8075050980072,108.777458075584,120.125806631538
"GENE1513",79.4764257628031,68.7287754946874,134.601204937865,53.4902449505135,118.417935967198,113.063552944404,74.2094473135103,79.2240556783424,92.6441247094756,97.3092894249969,125.512451625674,110.704174738868
"GENE1514",324.528738531446,215.851310538003,296.835769829861,206.828947141986,150.88737002272,251.162606897926,369.451334474788,416.4615899848,409.735355673866,325.512490288928,270.150610165736,223.763757450904
"GENE1515",604.020835797303,612.11565674956,464.418726971045,556.298547485341,676.128215038516,521.70753715775,371.845187613933,145.600967192629,305.630102134353,324.651346134724,542.691933695771,741.953511547735
"GENE1516",635.811406102425,556.273526660126,844.1545766633,362.544993553481,554.845329007596,375.53251513677,489.941942478444,468.920761988026,489.008163414964,599.356331325645,564.208353974457,296.781404619094
"GENE1517",76.8272115707097,133.162002520957,138.166799770656,98.6597851309472,139.42756976783,120.331924205116,87.7746151020014,97.424176577421,55.3954560118514,117.976749125881,56.1817640610159,87.1500950071943
"GENE1518",1377.59137988859,1422.90043016345,1716.83391198893,1006.80527717967,799.321067778584,1199.28125801743,1447.48319813664,1057.74820284057,554.909654187684,899.034496988467,1111.68171439883,1026.17274030994
"GENE1519",82.1256399548965,15.0344196394629,24.0677651213401,13.0753932101255,48.7041510832829,36.3418563035584,9.57541255658198,36.4002417981573,30.5630102134353,38.7514869391581,34.665343782329,47.1081594633483
"GENE1520",115.240817356064,82.6893080170458,106.076446275536,95.093768800913,114.598002548901,100.142004036472,110.117244400693,111.341916088481,84.048278086947,62.0023791026529,81.2842543861506,65.1662872576318
"GENE1521",27.8167490169811,42.9554846841796,9.8053857901756,36.8488354103538,33.4244174100961,9.69116168094891,19.150825113164,13.9177395110601,29.6079161442654,23.2508921634948,20.3210635965377,29.8351676601206
"GENE1522",3.97382128814015,16.1083067565674,8.91398708197782,10.6980489901027,6.68488348201922,8.07596806745743,3.98975523190916,17.129525552074,5.73056441501911,6.8891532336281,15.5396368679406,10.2067678837255
"GENE1523",809.334935684545,386.599362157617,944.882630689649,555.109875375329,669.443331556497,352.112207741144,578.514508626828,432.520520189869,796.548453687656,471.045852349321,506.831233231292,752.945415422516
"GENE1524",64.9057477062892,39.7338233328662,123.013021731294,49.9242286204793,71.6237515930631,59.762163699185,32.7159929016551,38.5414324921666,59.2158322885308,31.0011895513265,77.6981843397028,53.3892473917947
"GENE1525",7.94764257628031,30.0688392789257,11.5881832065712,14.2640653201369,0,8.88356487420317,3.98975523190916,6.42357208202776,6.68565848418896,3.44457661681405,9.56285345719419,13.3473118479487
"GENE1526",19.8691064407008,5.36943558552245,29.4161573705268,49.9242286204793,9.54983354574175,34.7266626900669,27.1303355769823,27.8354790221203,43.9343271818132,23.2508921634948,50.2049806502695,23.5540797316741
"GENE1527",7.94764257628031,15.0344196394629,29.4161573705268,10.6980489901027,29.6044839917994,12.9215489079319,10.3733636029638,10.7059534700463,8.59584662252867,5.16686492522108,26.297847007284,23.5540797316741
"GENE1528",202.664885695148,199.743003781435,346.754097488937,165.225423291586,181.446837369093,289.119656814976,256.142285888568,355.437655205536,179.557685003932,148.116794523004,289.276317080124,111.489310729924
"GENE1529",17.2198922486073,17.1821938736718,24.9591638295379,7.13203266006847,25.7845505735027,7.26837126071168,10.3733636029638,12.8471441640555,21.0120695217367,18.9451713924773,31.0792737358811,12.5621758568929
"GENE1530",62.2565335141958,175.043600088032,47.2441315344825,60.622277610582,76.398668365934,76.7216966408456,91.7643703339106,103.847748659449,83.0931840177771,54.2520817148213,59.7678341074637,58.1000633381295
"GENE1531",95.3717109153637,127.792566935434,163.125963600194,133.131276321278,209.141354651744,190.592846391995,111.713146493456,127.400846293551,127.98260526876,161.033956836057,115.94959816848,84.7946870340269
"GENE1532",21.1937135367475,11.8127582881494,14.2623793311645,8.32070477007988,10.5048169003159,3.23038722698297,5.58565732467282,4.28238138801851,1.9101881383397,3.44457661681405,11.9535668214927,3.14054396422322
"GENE1533",67.5549618983826,27.9210650447168,79.3344850296026,40.414851740388,60.163951338173,75.9140998340998,59.0483774322555,58.8827440852545,31.5181042826051,49.0852167896002,56.1817640610159,33.7608476153996
"GENE1534",31.7905703051212,28.9949521618212,27.6333599541312,38.0375075203652,54.434051210728,51.6861956317275,63.8360837105465,50.3179813092174,21.9671635909066,22.3897480092913,44.2281972395231,43.1824795080692
"GENE1535",192.068028926774,151.418083511733,182.736735180545,184.244177051769,224.421088324931,154.250990088437,160.388160322748,344.73170173549,192.92900197231,109.365307583846,192.452425826033,254.384061102081
"GENE1536",7.94764257628031,6.44332270262694,15.1537780393623,11.8867211001141,7.6398668365934,17.7671297484063,11.9692656957275,14.9883348580648,7.64075255335881,11.1948740046457,8.36749677504492,19.6283997763951
"GENE1537",186.769600542587,107.388711710449,136.384002354261,90.3390803608673,171.897003823351,242.279042023723,92.5623213802924,226.966213564981,196.749378248989,134.338488055748,129.098521672122,92.6460469445849
"GENE1538",25.1675348248876,4.29554846841796,7.13118966558226,20.207425870194,16.234717027761,12.1139521011861,9.57541255658198,4.28238138801851,22.9222576600764,5.16686492522108,7.17214009289565,17.2729918032277
"GENE1539",703.366368000807,1072.81322998739,837.914785705915,1376.48230339322,1457.30459908019,760.75619195449,972.702325539452,1321.11465820371,1169.99023473307,818.086946493337,645.492608360608,1072.49576378223
"GENE1540",196.041850214914,220.146859006421,114.990433357514,174.734800171678,169.987037114203,137.291457146776,235.39555868264,73.8710789433192,191.01881383397,190.312858078976,173.326718911645,108.348766765701
"GENE1541",10.5968567683737,11.8127582881494,5.34839224918669,20.207425870194,15.2797336731868,0,11.1713146493456,3.21178604101388,7.64075255335881,10.3337298504422,29.8839170537319,7.06622391950224
"GENE1542",5.29842838418687,12.8866454052539,19.6107715803512,11.8867211001141,9.54983354574175,19.3823233618978,13.5651677884911,29.9766697161295,16.2365991758875,3.44457661681405,7.17214009289565,6.28108792844643
"GENE1543",241.078491480503,490.766412516752,356.559483279113,420.78992694404,467.941843741346,539.474666906156,208.265223105658,604.886371057614,290.348597027635,354.791391531847,368.169858101976,539.388425855338
"GENE1544",14.5706780565139,62.2854527920605,28.524758662329,19.0187537601826,34.3794007646703,25.8430978158638,53.4627201075827,9.63535812304164,34.3833864901147,39.6126310933616,7.17214009289565,22.7689437406183
"GENE1545",29.1413561130278,18.2560809907763,14.2623793311645,20.207425870194,19.0996670914835,23.4203073956265,17.5549230204003,49.2473859622128,44.889421250983,17.2228830840703,54.9864073788666,21.9838077495625
"GENE1546",274.193668881671,193.299681078808,212.152892551072,133.131276321278,212.961288070041,211.590363367385,245.768922285604,245.166334464059,293.213879235144,333.262787676759,154.201011997256,244.962429209411
"GENE1547",884.837540159208,996.567244672967,1149.01293486694,1025.82403093985,1337.93167975842,584.700088083918,816.303920448613,716.228287146095,705.81451711652,1082.45820183382,1006.49032636969,594.347945229244
"GENE1548",30.4659632090745,36.5121619815527,40.1129418689002,62.9996218306048,49.6591344378571,49.2634052114903,52.6647690612009,44.9650045741943,25.787539867586,28.4177570887159,60.963190789613,47.1081594633483
"GENE1549",70.2041760904761,39.7338233328662,82.9000798623938,76.0750150407304,119.372919321772,75.1065030273541,98.1479787049652,116.694892823504,86.9135602944565,70.613820644688,69.3306875646579,91.8609109535291
"GENE1551",10.5968567683737,9.66498405394042,31.1989547869224,30.9054748602967,15.2797336731868,16.9595329416606,12.7672167421093,4.28238138801851,10.5060347608684,11.1948740046457,22.7117769608362,13.3473118479487
"GENE1552",185.444993446541,131.014228286748,190.759323554325,127.187915771221,303.684706754588,170.402926223352,212.254978337567,162.730492744703,113.656194231212,325.512490288928,139.856731811465,107.563630774645
"GENE1553",984.183072362712,504.726945039111,918.140669443716,572.939957025501,949.25345444673,1680.60895483789,902.482633457851,931.417951894025,499.514198175832,967.064885170545,753.074709754043,679.142632263271
"GENE1554",1.32460709604672,12.8866454052539,0,2.37734422002282,7.6398668365934,4.84558084047446,5.58565732467282,10.7059534700463,18.1467873142272,4.30572077101756,1.19535668214927,13.3473118479487
"GENE1555",121.863852836298,157.86140621436,220.175480924852,111.735178341073,175.716937241648,107.410375297184,163.579964508275,134.895013722583,83.0931840177771,186.868281462162,138.661375129316,267.731372950029
"GENE1556",230.481634712129,180.413035673554,185.410931305139,137.885964761324,127.967769512939,233.39547714952,97.3500276585834,148.812753233643,84.048278086947,62.8635232568564,271.345966847885,170.37451005911
"GENE1557",29.1413561130278,18.2560809907763,17.8279741639556,15.4527374301484,36.2893674738186,12.1139521011861,25.5344334842186,24.6236929811064,14.3264110375478,18.0840272382738,9.56285345719419,24.3392157227299
"GENE1558",1283.54427606927,1470.15146331605,839.697583122311,1090.01232488046,726.742332830947,843.938663049301,939.986332637797,811.511273029507,1072.57063967774,1052.31815643669,1014.85782314473,754.515687404628
"GENE1559",1113.99456777529,644.332270262694,1256.87217855887,1409.76512247353,1251.02819449217,679.996511279915,977.490031817743,1155.17237941799,1157.57401183386,955.870011165899,499.659093138397,605.339849104025
"GENE1560",42.387427073495,53.6943558552245,56.1581186164603,65.3769660506277,27.6945172826511,20.9975169753893,17.5549230204003,20.3413115930879,18.1467873142272,13.7783064672562,27.4932036894333,33.7608476153996
"GENE1561",372.214593989128,414.520427202333,546.42740812524,777.391559947464,528.105795079519,513.631569090292,801.142850567359,898.229496136882,582.60738219361,870.616739899751,490.096239681202,555.87628166751
"GENE1562",878.214504678974,561.642962245649,439.459563141507,814.240395357817,986.497805275123,633.155896488662,844.232207071977,1048.11284471753,691.488106078973,798.280630946656,904.885008387001,763.152183306242
"GENE1563",274.193668881671,533.721897200932,425.197183810342,294.79068328283,313.234540300329,433.679485222464,257.738187981332,352.225869164522,394.453850567149,212.702606088268,498.463736456247,401.989627420572
"GENE1564",79.4764257628031,113.832034413076,124.79581914769,131.942604211267,65.8938514656181,79.1444870610828,114.904950678984,123.118464905532,31.5181042826051,61.1412349484494,162.568508772301,69.0919672129108
"GENE1565",92.7224967232703,110.610373061763,89.1398708197782,67.7543102706505,132.74268628581,74.2989062206083,89.3705171947651,78.1534603313377,170.006744312234,134.338488055748,260.587756708542,249.673245155746
"GENE1566",6.62303548023359,13.9605325223584,5.34839224918669,5.94336055005706,9.54983354574175,6.46077445396594,4.78770627829099,3.21178604101388,8.59584662252867,2.58343246261054,4.7814267285971,9.42163189266965
"GENE1567",52.9842838418687,37.5860490986572,23.1763664131423,51.1129007304907,32.4694340555219,40.3798403372871,75.0073983598921,32.1178604101388,56.3505500810213,37.8903427849546,57.3771207431652,18.0581277942835
"GENE1568",27.8167490169811,11.8127582881494,2.67419612459335,20.207425870194,23.8745838643544,25.035501009118,24.7364824378368,8.56476277603701,22.9222576600764,23.2508921634948,17.9303502322391,6.28108792844643
"GENE1569",414.602021062623,366.195506932631,458.17893601366,565.807924365432,493.726394314848,402.990806566126,294.443936114896,495.685645663142,263.605963090879,347.902238298219,419.570195434395,397.278811474237
"GENE1570",6.62303548023359,20.4038552249853,14.2623793311645,20.207425870194,23.8745838643544,13.7291457146776,11.9692656957275,22.4825022870972,1.9101881383397,6.8891532336281,11.9535668214927,14.1324478390045
"GENE1571",504.6753035938,325.387796482661,565.146780997394,507.562990974873,440.247326458695,411.066774633583,361.47182401097,480.697310805077,425.971954849754,613.134637792901,631.148328174817,416.907211250632
"GENE1572",11.9214638644205,28.9949521618212,24.0677651213401,46.3582122904451,25.7845505735027,16.1519361349149,40.6955033654734,9.63535812304164,20.0569754525669,31.86233370553,35.8607004644782,20.4135357674509
"GENE1573",23.8429277288409,9.66498405394042,3.56559483279113,7.13203266006847,20.0546504460577,11.3063552944404,12.7672167421093,2.14119069400925,6.68565848418896,31.86233370553,14.3442801857913,6.28108792844643
"GENE1574",268.895240497484,500.431396570693,566.92957841379,262.696536312522,470.806793805068,297.195624882433,312.796810181678,315.825627366365,270.291621575068,390.098301854191,249.829546569198,442.031562964418
"GENE1575",66.2303548023359,56.916017206538,82.008681154196,58.2449333905592,97.4083021665658,66.2229381531509,54.2606711539645,53.5297673502313,50.6199856660021,29.2789012429194,44.2281972395231,27.4797596869532
"GENE1576",68.8795689944293,52.62046873812,57.0495173246581,66.5656381606391,35.3343841192445,21.8051137821351,47.079111736528,36.4002417981573,47.7547034584926,12.9171623130527,58.5724774253144,30.6203036511764
"GENE1577",91.3978896272235,46.1771460354931,76.6602889050093,30.9054748602967,69.7137848839148,79.9520838678285,75.805349406274,27.8354790221203,84.048278086947,30.1400453971229,81.2842543861506,50.2487034275715
"GENE1578",112.591603163971,286.727860266899,208.587297718281,298.356699612864,318.964440427774,216.435944207859,118.096754864511,171.29525552074,148.994674790497,157.589380219243,138.661375129316,196.283997763951
"GENE1579",21.1937135367475,15.0344196394629,14.2623793311645,29.7168027502853,22.9196005097802,40.3798403372871,22.3426292986913,9.63535812304164,17.1916932450573,7.75029738783161,28.6885603715826,20.4135357674509
"GENE1580",49.0104625537286,45.1032589183886,32.9817522033179,33.2828190803195,69.7137848839148,54.9165828587105,33.5139439480369,36.4002417981573,57.3056441501911,50.8075050980072,50.2049806502695,31.4054396422322
"GENE1581",34.4397844972147,57.9899043236425,49.9183276590758,120.055883111153,61.1189346927472,68.6457285733881,88.5725661483833,48.1767906152082,37.2486686976242,51.6686492522108,56.1817640610159,101.282542846199
"GENE1582",10.5968567683737,9.66498405394042,7.13118966558226,9.5093768800913,9.54983354574175,12.1139521011861,3.98975523190916,14.9883348580648,13.3713169683779,15.5005947756632,4.7814267285971,9.42163189266965
"GENE1583",56.9581051300089,36.5121619815527,72.2032953640204,47.5468844004565,46.7941843741346,46.0330179845073,37.5036991799461,46.0355999211989,34.3833864901147,43.0572077101756,49.0096239681202,45.5378874812367
"GENE1584",356.319308836567,236.255165762988,287.030384039686,235.35707778226,248.295672189285,252.777800511417,229.809901357967,372.56718075761,158.545615482195,204.091164546232,123.121738261375,189.217773844449
"GENE1585",10.5968567683737,11.8127582881494,13.3709806229667,15.4527374301484,8.59485019116757,28.265888236101,11.9692656957275,25.694288328111,2.86528220750956,12.0560181588492,1.19535668214927,3.14054396422322
"GENE1586",141.732959276999,176.117487205136,254.048631836368,153.338702191472,122.237869385494,214.820750594368,222.628341940531,188.424781072814,158.545615482195,90.4201361913688,259.392400026393,85.5798230250827
"GENE1587",405.329771390296,424.185411256274,303.075560787246,259.130519982488,479.401643996236,499.094826568869,245.768922285604,329.743366877425,561.595312671873,297.094733200212,441.086615713082,449.882922874976
"GENE1588",782.84279376361,1126.50758584261,862.873949535453,1003.23926084963,745.84199992243,1165.36219213411,755.659640923594,1009.57141222536,788.907701134298,640.691250727413,970.629625905211,1108.6120193708
"GENE1589",222.533992135849,395.190459094453,188.085127429732,342.337567683287,254.980555671305,290.734850428467,239.385313914549,225.895618217976,357.205181869525,227.342056709727,439.891259030933,478.932954544041
"GENE1590",174.848136678167,121.349244232807,120.338825606701,173.546128061666,152.797336731868,95.2964231959976,97.3500276585834,96.3535812304164,132.758075614609,107.643019275439,71.7214009289565,113.844718703092
"GENE1591",17.2198922486073,16.1083067565674,12.479581914769,20.207425870194,31.5144507009478,10.4987584876947,23.9385313914549,20.3413115930879,8.59584662252867,7.75029738783161,10.7582101393435,8.63649590161385
"GENE1592",94.047103819317,63.359339909165,38.3301444525046,78.4523592607532,69.7137848839148,43.6102275642701,46.2811606901462,33.1884557571434,71.6320551877389,31.0011895513265,32.2746304180304,56.5297913560179
"GENE1593",740.455366690116,727.02157827974,579.409160328558,694.184512246665,653.208614528736,346.459030093924,514.678424916281,484.979692193096,974.195950553249,514.103060059497,696.892945693027,470.296458642427
"GENE1594",11.9214638644205,5.36943558552245,17.8279741639556,7.13203266006847,13.3697669640384,21.8051137821351,11.9692656957275,6.42357208202776,9.55094069169852,7.75029738783161,11.9535668214927,36.116255588567
"GENE1595",335.12559529982,376.934378103676,353.88528715452,238.923094112294,429.742509558379,163.942151769386,137.247579977675,180.930613643782,228.267482531595,250.592948873222,236.680623065556,183.721821907058
"GENE1596",116.565424452111,100.945389007822,109.642041108327,114.112522561096,106.003152357733,135.676263533285,148.418894627021,99.5653672714303,81.1829958794374,69.7526764904845,70.5260442468072,122.481214604705
"GENE1597",18.5444993446541,17.1821938736718,19.6107715803512,15.4527374301484,8.59485019116757,22.6127105888808,11.1713146493456,19.2707162460833,9.55094069169852,12.0560181588492,19.1257069143884,12.5621758568929
"GENE1598",23.8429277288409,48.3249202697021,32.9817522033179,22.5847700902168,33.4244174100961,38.7646467237957,27.1303355769823,26.7648836751157,13.3713169683779,25.8343246261054,40.6421271930753,54.1743833828505
"GENE1599",14.5706780565139,38.6599362157617,14.2623793311645,28.5281306402739,29.6044839917994,10.4987584876947,27.9282866233641,14.9883348580648,23.8773517292463,43.0572077101756,4.7814267285971,15.7027198211161
"GENE1600",124.513067028392,32.2166135131347,52.5925237836692,64.1882939406162,69.7137848839148,27.4582914293553,55.0586222003464,54.600362697236,49.6648915968323,47.3629284811932,43.0328405573739,82.4392790608594
"GENE1601",35.7643915932614,16.1083067565674,7.13118966558226,19.0187537601826,31.5144507009478,9.69116168094891,29.5241887161278,11.7765488170509,16.2365991758875,20.6674597008843,13.148923503642,21.1986717585067
"GENE1602",80.8010328588498,73.0243239631054,71.3118966558226,101.03712935097,45.8392010195604,75.9140998340998,74.2094473135103,110.271320741477,103.150159470344,62.0023791026529,95.6285345719419,64.381151266576
"GENE1603",437.120341695417,371.564942518154,402.912216105398,291.224666952796,482.266594059958,285.081672781247,399.773474237297,407.896827208763,332.372736071108,372.014274615917,442.281972395231,195.498861772895
"GENE1604",125.837674124438,168.600277385405,139.949597187052,122.433227331175,209.141354651744,62.1849541194222,123.682412189184,130.612632334564,155.680333274686,123.143614051102,56.1817640610159,138.183934425822
"GENE1605",708.664796384994,486.470864048334,798.693242545213,312.620764933001,678.993165102238,423.988323541515,373.441089706697,496.756241010147,413.555731950546,320.345625363707,418.374838752246,509.553258195217
"GENE1606",17.2198922486073,19.3299681078808,8.91398708197782,19.0187537601826,44.8842176649862,11.3063552944404,9.57541255658198,5.35297673502313,12.4162228992081,17.2228830840703,19.1257069143884,17.2729918032277
"GENE1607",75.5026044746629,40.8077104499706,34.7645496197135,58.2449333905592,56.3440179198763,50.8785988249818,52.6647690612009,77.0828649843331,36.2935746284544,44.7794960185827,19.1257069143884,59.6703353202411
"GENE1608",46.3612483616351,44.0293718012841,34.7645496197135,52.3015728405021,39.1543175375412,46.8406147912531,46.2811606901462,26.7648836751157,45.8445153201529,44.7794960185827,66.9399742003594,34.5459836064554
"GENE1609",13.2460709604672,23.6255165762988,22.2849677049446,15.4527374301484,10.5048169003159,8.88356487420317,4.78770627829099,14.9883348580648,4.77547034584926,18.9451713924773,4.7814267285971,14.1324478390045
"GENE1610",158.952851525606,128.866454052539,296.835769829861,149.772685861438,232.060955161524,112.255956137658,134.055775792148,157.37751600968,106.970535747023,89.5589920371653,170.936005547346,157.027198211161
"GENE1611",55.6334980339622,25.7732908105078,49.9183276590758,66.5656381606391,42.9742509558379,55.7241796654562,63.0381326641647,65.3063161672822,42.9792331126433,61.1412349484494,52.5956940145681,32.190575633288
"GENE1612",49.0104625537286,35.4382748644482,38.3301444525046,29.7168027502853,34.3794007646703,54.1089860519648,29.5241887161278,53.5297673502313,40.1139509051338,32.7234778597335,16.7349935500898,20.4135357674509
"GENE1613",124.513067028392,153.565857745942,246.917442170786,159.282062741529,297.954806627143,188.170055971758,85.3807619628559,122.047869558527,145.174298513817,123.143614051102,173.326718911645,127.977166542096
"GENE1614",103.319353491644,107.388711710449,47.2441315344825,162.848079071563,124.147836094643,69.4533253801339,90.1684682411469,83.5064370663609,90.7339365711359,99.8927218876075,65.7446175182101,42.3973435170134
"GENE1615",84.77485414699,95.5759534222997,254.940030544566,152.150030081461,102.183218939437,201.09160487969,183.528740667821,223.754427523967,211.075789286537,130.03276728473,166.154578818749,120.125806631538
"GENE1616",2.64921419209344,2.14777423420898,16.9365754557579,7.13203266006847,5.72990012744505,19.3823233618978,7.97951046381831,12.8471441640555,11.4611288300382,15.5005947756632,17.9303502322391,3.14054396422322
"GENE1617",46.3612483616351,22.5516294591943,29.4161573705268,30.9054748602967,6.68488348201922,58.9545668924392,24.7364824378368,36.4002417981573,44.889421250983,6.02800907942459,16.7349935500898,25.1243517137857
"GENE1618",10.5968567683737,8.59109693683592,0.891398708197782,13.0753932101255,15.2797336731868,8.88356487420317,13.5651677884911,2.14119069400925,5.73056441501911,12.0560181588492,14.3442801857913,3.92567995527902
"GENE1619",18.5444993446541,36.5121619815527,47.2441315344825,27.3394585302625,26.7395339280769,21.8051137821351,15.9590209276366,32.1178604101388,25.787539867586,16.3617389298667,15.5396368679406,30.6203036511764
"GENE1620",2.64921419209344,22.5516294591943,17.8279741639556,13.0753932101255,31.5144507009478,25.035501009118,2.39385313914549,20.3413115930879,14.3264110375478,4.30572077101756,14.3442801857913,9.42163189266965
"GENE1621",64.9057477062892,39.7338233328662,67.7463018230314,42.7921959604108,79.2636184296565,46.8406147912531,91.7643703339106,47.1061952682036,60.1709263577007,37.8903427849546,87.261037796897,69.0919672129108
"GENE1622",868.942255006647,927.83846917828,1372.75401062458,1211.25688010163,1050.48169003159,1290.5396971797,657.511662218629,893.947114748863,915.935212333888,798.280630946656,774.59113003273,947.659141204356
"GENE1623",84.77485414699,109.536485944658,96.2710604853605,64.1882939406162,87.8584686208241,75.1065030273541,94.1582234730561,54.600362697236,61.1260204268705,96.4481452707934,51.4003373324188,47.1081594633483
"GENE1624",9.27224967232703,10.7388711710449,6.23979095738448,4.75468844004565,3.8199334182967,8.88356487420317,9.57541255658198,5.35297673502313,4.77547034584926,1.72228830840703,13.148923503642,8.63649590161385
"GENE1625",84.77485414699,53.6943558552245,103.402250150943,108.169162011038,69.7137848839148,60.5697605059307,55.0586222003464,71.72988824931,42.0241390434735,49.0852167896002,49.0096239681202,47.1081594633483
"GENE1626",19.8691064407008,10.7388711710449,34.7645496197135,11.8867211001141,40.1093008921153,14.5367425214234,35.9077970871824,47.1061952682036,27.6977280059257,21.5286038550878,41.8374838752246,34.5459836064554
"GENE1627",313.931881763072,271.693440627436,221.958278341248,155.716046411495,226.331055034079,335.152674799483,272.101306816204,149.883348580648,327.597265725259,155.005947756632,213.96884610472,323.476028314991
"GENE1628",3.97382128814015,17.1821938736718,8.91398708197782,17.8300816501712,5.72990012744505,17.7671297484063,7.97951046381831,4.28238138801851,8.59584662252867,12.0560181588492,7.17214009289565,4.71081594633483
"GENE1629",892.785182735488,925.690694944071,870.896537909233,1025.82403093985,666.578381492774,704.224415482288,804.334654752886,746.204956862225,859.584662252867,961.898020245324,493.68230972765,862.079318179273
"GENE1630",668.926583503593,900.991291250668,792.453451587828,698.93920068671,1127.8353417521,923.083150110384,1057.28513645593,1180.8666677461,571.146253363571,480.51843804556,690.91616228228,1073.28089977328
"GENE1631",451.691019751931,294.24507008663,465.310125679242,612.166136655877,233.970921870673,657.383800691035,710.17643127983,721.581263881118,661.880189934707,555.437979461266,626.36690144622,718.399431816061
"GENE1632",100.670139299551,124.570905584121,62.3979095738448,106.980489901027,139.42756976783,134.868666726539,108.521342307929,161.659897397699,59.2158322885308,91.2812803455723,143.442801857913,77.7284631145246
"GENE1633",471.560126192632,240.550714231406,441.242360557902,511.129007304907,430.697492912953,305.271592949891,227.416048218822,299.766697161295,562.550406741043,375.458851232731,435.109832302336,409.055851340074
"GENE1634",176.172743774214,179.33914855645,133.709806229667,187.810193381803,193.861620978557,182.516878324538,121.288559050038,172.365850867745,227.312388462425,199.785443775215,219.945629515466,113.844718703092
"GENE1635",268.895240497484,307.131715491884,263.854017626544,442.186024924245,274.080222762788,441.755453289921,341.523047851424,436.802901577888,196.749378248989,302.261598125433,204.405992647526,415.33693926852
"GENE1636",14.5706780565139,34.3643877473437,16.9365754557579,11.8867211001141,18.1446837369093,4.84558084047446,22.3426292986913,13.9177395110601,8.59584662252867,10.3337298504422,23.9071336429855,9.42163189266965
"GENE1637",144.382173469092,106.314824593345,179.171140347754,171.168783841643,125.102819449217,206.74478252691,112.511097539838,202.342520583874,152.815051067176,171.367686686499,161.373152090152,139.754206407933
"GENE1638",157.628244429559,123.497018467016,110.533439816525,92.7164245808901,96.4533188119917,180.901684711046,177.145132296767,70.6592929023054,151.859956998006,67.169244027874,112.363528122032,76.158191132413
"GENE1639",221.209385039802,160.009180448569,237.11205638061,200.885586591929,128.922752867514,415.104758667312,90.1684682411469,217.330855441939,371.531592907072,183.423704845348,245.048119840601,152.316382264826
"GENE1640",123.188459932345,106.314824593345,176.496944223161,93.9050966909016,76.398668365934,195.43842723247,144.429139395111,122.047869558527,95.5094069169852,99.8927218876075,142.247445175764,122.481214604705
"GENE1641",115.240817356064,86.9848564854637,121.230224314898,130.753932101255,84.0385352025274,103.372391263455,110.915195447075,63.165125473273,104.105253539514,138.644208826766,57.3771207431652,54.9595193739063
"GENE1642",345.722452068193,781.789821252069,386.867039357837,536.091121615147,579.674896226524,517.669553124021,322.37222273826,337.237534306457,191.01881383397,368.569697999103,410.007341977201,324.261164306047
"GENE1643",14.5706780565139,13.9605325223584,30.3075560787246,27.3394585302625,13.3697669640384,27.4582914293553,21.5446782523094,4.28238138801851,25.787539867586,29.2789012429194,4.7814267285971,21.1986717585067
"GENE1644",353.670094644474,602.450672695619,480.463903718605,480.22353244461,615.009280345769,379.570499170499,920.037556478251,476.414929417059,380.127439529601,421.099491405518,223.531699561914,500.131626302547
"GENE1645",11.9214638644205,31.1427263960302,8.02258837378004,21.3960979802054,35.3343841192445,22.6127105888808,10.3733636029638,4.28238138801851,30.5630102134353,12.9171623130527,28.6885603715826,9.42163189266965
"GENE1646",31.7905703051212,33.2905006302392,24.9591638295379,48.7355565104679,57.2990012744505,11.3063552944404,34.3118949944187,27.8354790221203,39.1588568359639,26.6954687803089,35.8607004644782,21.1986717585067
"GENE1647",488.780018441239,542.312994137768,458.17893601366,597.90207133574,507.096161278887,422.373129928023,336.735341573133,322.249199448393,390.633474290469,521.853357447329,438.695902348784,482.85863449932
"GENE1648",11.9214638644205,38.6599362157617,24.0677651213401,10.6980489901027,6.68488348201922,12.1139521011861,36.7057481335642,18.2001208990787,15.2815051067176,15.5005947756632,16.7349935500898,12.5621758568929
"GENE1649",15.8952851525606,33.2905006302392,9.8053857901756,23.7734422002282,19.0996670914835,24.2279042023723,14.363118834873,18.2001208990787,10.5060347608684,6.02800907942459,16.7349935500898,7.06622391950224
"GENE1650",70.2041760904761,47.2510331525976,18.7193728721534,27.3394585302625,51.5691011470054,57.3393732789477,33.5139439480369,46.0355999211989,39.1588568359639,46.5017843269897,25.1024903251348,32.9757116243438
"GENE1651",1425.27723534627,743.129885036307,587.431748702338,1103.08771809059,926.33385393695,1094.29367314048,532.233347936681,1081.30130047467,801.323924033506,647.580403961041,1531.25190983322,691.704808120164
"GENE1652",668.926583503593,579.899043236425,402.912216105398,544.411826385227,737.247149731263,686.457285733881,217.042684615858,686.251617429966,604.574545784516,394.404022625209,885.759301472612,847.161734349213
"GENE1653",18.5444993446541,27.9210650447168,19.6107715803512,39.2261796303766,26.7395339280769,17.7671297484063,21.5446782523094,57.8121487382498,27.6977280059257,31.0011895513265,40.6421271930753,20.4135357674509
"GENE1654",83.4502470509432,94.5020663051952,92.7054656525693,59.4336055005706,44.8842176649862,37.9570499170499,66.229936849692,69.5886975553007,45.8445153201529,47.3629284811932,65.7446175182101,108.348766765701
"GENE1655",22.5183206327942,12.8866454052539,17.8279741639556,29.7168027502853,31.5144507009478,43.6102275642701,17.5549230204003,9.63535812304164,24.8324457984161,20.6674597008843,20.3210635965377,7.06622391950224
"GENE1656",541.764302283108,301.762279906362,342.297103947948,301.922715942899,321.829390491497,386.031273624465,256.142285888568,262.295860016133,313.270854687711,515.825348367904,290.471673762274,184.506957898114
"GENE1657",613.293085469631,483.249202697021,266.528213751137,348.280928233344,509.961111342609,598.429233798595,365.461579242879,501.038622398165,432.657613333943,302.261598125433,451.844825852426,438.891019000195
"GENE1658",51.659676745822,21.4777423420898,29.4161573705268,62.9996218306048,58.2539846290247,37.1494531103042,19.150825113164,56.7415533912452,55.3954560118514,43.0572077101756,40.6421271930753,40.8270715349018
"GENE1659",170.874315390027,179.33914855645,221.958278341248,178.300816501712,109.82308577603,83.9900679015572,81.3910067309468,79.2240556783424,78.3177136719278,112.80988420066,71.7214009289565,121.69607861365
"GENE1660",64.9057477062892,44.0293718012841,46.3527328262847,23.7734422002282,61.1189346927472,9.69116168094891,19.9487761595458,35.3296464511527,26.7426339367558,25.8343246261054,27.4932036894333,35.3311195975112
"GENE1661",3.97382128814015,22.5516294591943,19.6107715803512,8.32070477007988,1.90996670914835,17.7671297484063,9.57541255658198,21.4119069400925,10.5060347608684,3.44457661681405,2.39071336429855,20.4135357674509
"GENE1662",17.2198922486073,39.7338233328662,32.9817522033179,14.2640653201369,51.5691011470054,14.5367425214234,6.38360837105465,9.63535812304164,16.2365991758875,15.5005947756632,16.7349935500898,25.9094877048415
"GENE1663",10.5968567683737,4.29554846841796,3.56559483279113,7.13203266006847,30.5594673463736,12.9215489079319,6.38360837105465,6.42357208202776,5.73056441501911,12.0560181588492,5.97678341074637,5.49595193739063
"GENE1664",1035.84274910853,1070.66545575318,632.001684112228,824.93844434792,753.481866759024,457.09979261809,549.788270957082,754.769719638262,555.864748256854,1137.57142770284,553.450143835114,746.66432749407
"GENE1665",556.334980339622,570.234059182485,778.191072256664,436.242664374188,656.073564592458,495.864439341886,609.634599435719,552.427199054387,595.978699161987,734.555963535596,523.566226781382,775.714359163135
"GENE1666",174.848136678167,139.605325223584,99.8366553181516,160.470734851541,138.472586413255,116.293940171387,110.117244400693,91.0006044953933,207.255413009858,180.840272382738,81.2842543861506,140.539342398989
"GENE1667",973.586215594338,538.01744566935,1439.60891373942,859.409935538251,563.440179198763,352.91980454789,668.682976867975,967.818193692182,728.736774776597,466.740131578304,804.475047086462,431.824795080692
"GENE1668",215.910956655615,282.432311798481,432.328373475924,227.03637301218,294.134873208846,385.223676817719,426.90380981428,210.907283359911,434.567801472283,197.202011312604,242.657406476303,184.506957898114
"GENE1669",252.999955344923,133.162002520957,158.668970059205,137.885964761324,155.66228679559,134.868666726539,204.275467873749,155.236325315671,141.353922237138,108.504163429643,149.419585268659,175.085326005444
"GENE1670",84.77485414699,91.2804049538817,77.551687613207,59.4336055005706,113.643019194327,67.0305349598966,63.8360837105465,51.3885766562221,63.0362085652102,72.3361089530951,58.5724774253144,25.1243517137857
"GENE1671",1001.40296461132,943.946775934847,918.140669443716,670.411070046436,1632.06655296726,1040.18468708852,580.908361765973,725.863645269137,1081.16648630027,504.630474363258,776.981843397028,795.34275893953
"GENE1672",47.6858554576819,30.0688392789257,18.7193728721534,41.6035238503994,35.3343841192445,32.3038722698297,29.5241887161278,32.1178604101388,32.473198351775,10.3337298504422,25.1024903251348,32.190575633288
"GENE1673",229.157027616082,189.00413261039,166.691558432985,166.414095401598,190.996670914835,112.255956137658,112.511097539838,101.70655796544,114.611288300382,125.727046513713,89.6517511611956,98.9271348730313
"GENE1674",29.1413561130278,17.1821938736718,4.45699354098891,7.13203266006847,6.68488348201922,27.4582914293553,8.77746151020014,13.9177395110601,15.2815051067176,18.0840272382738,3.58607004644782,7.06622391950224
"GENE1675",602.696228701257,1043.81827782556,1181.99468707026,451.695401804337,1107.78069130604,700.994028255305,1144.26180051155,791.169961436419,865.315226667886,880.08932559599,718.409365971714,1247.58108978767
"GENE1676",374.863808181221,879.513548908578,358.342280695508,437.4313364842,556.755295716744,511.208778670055,415.732495164934,546.00362697236,680.982071318104,370.29198630751,555.840857199413,566.083049551235
"GENE1677",25.1675348248876,35.4382748644482,27.6333599541312,22.5847700902168,7.6398668365934,9.69116168094891,22.3426292986913,21.4119069400925,28.6528220750956,10.3337298504422,17.9303502322391,13.3473118479487
"GENE1678",51.659676745822,45.1032589183886,47.2441315344825,46.3582122904451,45.8392010195604,44.4178243710158,44.6852585973825,61.0239347792637,21.9671635909066,36.1680544765475,62.1585474717623,54.9595193739063
"GENE1679",7.94764257628031,5.36943558552245,9.8053857901756,5.94336055005706,6.68488348201922,8.07596806745743,10.3733636029638,9.63535812304164,9.55094069169852,2.58343246261054,4.7814267285971,4.71081594633483
"GENE1680",418.575842350763,722.726029811322,289.704580164279,602.656759775786,701.912765612018,371.494531103042,467.599313179753,271.931218139175,375.351969183752,563.188276849097,479.338029541859,294.425996645927
"GENE1681",5.29842838418687,8.59109693683592,8.91398708197782,1.18867211001141,12.4147836094643,16.1519361349149,13.5651677884911,4.28238138801851,12.4162228992081,2.58343246261054,7.17214009289565,2.35540797316741
"GENE1682",773.570544091283,1473.37312466736,1336.20666358848,1132.80452084088,1107.78069130604,1131.44312625079,1253.58109386586,915.359021688956,809.919770656034,524.436789909939,779.372556761327,1059.93358792534
"GENE1683",35.7643915932614,71.9504368460009,43.6785367016913,19.0187537601826,37.2443508283928,41.9950339507786,18.3528740667821,26.7648836751157,38.2037627667941,37.029198630751,57.3771207431652,24.3392157227299
"GENE1684",374.863808181221,473.58421864308,599.01993190891,588.392694455649,356.208791256167,627.502718841442,219.436537755004,473.203143376045,255.01011646835,449.517248494234,202.015279283227,180.581277942835
"GENE1685",47.6858554576819,82.6893080170458,65.0721056984381,52.3015728405021,110.778069130604,39.5722435305414,51.866818014819,37.4708371451619,44.889421250983,70.613820644688,35.8607004644782,95.0014549177523
"GENE1686",201.340278599101,165.378616034092,197.890513219908,52.3015728405021,148.977403313571,136.483860340031,100.541831844111,126.330250946546,96.464500986155,99.8927218876075,123.121738261375,86.3649590161385
"GENE1687",29.1413561130278,16.1083067565674,10.6967844983734,8.32070477007988,14.3247503186126,24.2279042023723,31.9180418552733,23.5530976341018,18.1467873142272,18.0840272382738,9.56285345719419,22.7689437406183
"GENE1688",141.732959276999,122.423131349912,79.3344850296026,76.0750150407304,89.7684353299724,120.331924205116,51.0688669684372,108.130130047467,113.656194231212,80.9475504951302,103.996031346987,57.3149273470737
"GENE1689",382.811450757502,423.111524139169,335.165914282366,421.978599054051,436.427393040398,446.601034130396,199.487761595458,401.473255126735,404.004791258847,361.680544765475,519.980156734934,406.700443366907
"GENE1690",125.837674124438,97.7237276565086,87.3570734033827,118.867211001141,86.9034852662499,70.2609221868796,62.2401816177828,86.7182231073748,77.362619602758,112.80988420066,50.2049806502695,98.9271348730313
"GENE1691",495.403053921473,571.307946299589,667.657632440139,518.261039964976,709.552632448612,630.733106068425,497.123501895881,639.145422161762,647.55377889716,890.423055446432,640.711181632011,528.396521980556
"GENE1692",389.434486237735,526.2046873812,426.08858251854,420.78992694404,349.523907774148,548.358231780359,410.944788886643,317.966818060374,199.614660456499,233.370065789152,270.150610165736,298.351676601206
"GENE1693",38.4136057853548,71.9504368460009,32.9817522033179,55.8675891705364,44.8842176649862,49.2634052114903,33.5139439480369,26.7648836751157,73.5422433260786,25.8343246261054,99.2146046183898,53.3892473917947
"GENE1694",60.931926418149,84.8370822512548,56.1581186164603,87.9617361408445,63.0289014018955,49.2634052114903,77.4012514990376,47.1061952682036,50.6199856660021,54.2520817148213,72.9167576111057,57.3149273470737
"GENE1695",258.29838372911,312.501151077407,524.142440420296,524.204400515033,267.395339280769,404.606000179617,435.68127132448,498.897431704156,594.068511023648,136.060776364155,206.796706011824,257.524605066304
"GENE1696",27.8167490169811,53.6943558552245,54.3753212000647,64.1882939406162,82.128568493379,32.3038722698297,53.4627201075827,27.8354790221203,30.5630102134353,54.2520817148213,31.0792737358811,38.4716635617344
"GENE1697",6.62303548023359,8.59109693683592,22.2849677049446,14.2640653201369,5.72990012744505,26.6506946226095,11.9692656957275,18.2001208990787,17.1916932450573,12.0560181588492,25.1024903251348,18.0581277942835
"GENE1698",213.261742463522,246.994036934033,317.33794011841,293.602011172819,263.575405862472,232.587880342774,217.042684615858,392.908492350698,267.426339367559,148.116794523004,363.388431373379,263.020557003694
"GENE1699",419.90044944681,467.140895940453,623.979095738448,419.601254834028,386.768258602541,335.960271606229,641.552641290992,694.816380206003,605.529639853686,551.132258690248,751.879353071894,245.747565200467
"GENE1700",260.947597921204,517.613590444364,281.681991790499,374.431714653595,305.594673463736,386.031273624465,168.367670786566,297.625506467286,252.144834260841,232.508921634948,285.690247033677,171.944782041221
"GENE1701",5.29842838418687,9.66498405394042,14.2623793311645,0,0,8.07596806745743,3.19180418552732,8.56476277603701,6.68565848418896,20.6674597008843,5.97678341074637,10.2067678837255
"GENE1702",91.3978896272235,136.38366387227,108.750642400129,65.3769660506277,118.417935967198,128.407892272573,146.025041487875,74.9416742903239,127.98260526876,117.115604971678,102.800674664838,95.7865909088081
"GENE1703",11.9214638644205,8.59109693683592,11.5881832065712,4.75468844004565,8.59485019116757,9.69116168094891,4.78770627829099,5.35297673502313,11.4611288300382,12.9171623130527,2.39071336429855,6.28108792844643
"GENE1704",35.7643915932614,16.1083067565674,5.34839224918669,26.1507864202511,16.234717027761,15.3443393281691,27.1303355769823,8.56476277603701,10.5060347608684,24.1120363176984,13.148923503642,20.4135357674509
"GENE1705",34.4397844972147,26.8471779276123,57.9409160328558,78.4523592607532,68.7588015293406,33.9190658833212,25.5344334842186,18.2001208990787,48.7097975276624,43.0572077101756,31.0792737358811,32.9757116243438
"GENE1706",10.5968567683737,7.51720981973143,11.5881832065712,7.13203266006847,20.0546504460577,7.26837126071168,3.98975523190916,11.7765488170509,10.5060347608684,9.47258569623864,14.3442801857913,35.3311195975112
"GENE1707",33.115177401168,41.8815975670751,29.4161573705268,22.5847700902168,42.0192676012637,22.6127105888808,45.4832096437644,27.8354790221203,43.9343271818132,22.3897480092913,63.3539041539115,20.4135357674509
"GENE1708",10.5968567683737,23.6255165762988,9.8053857901756,16.6414095401598,14.3247503186126,35.5342594968127,21.5446782523094,13.9177395110601,20.0569754525669,6.02800907942459,54.9864073788666,12.5621758568929
"GENE1709",214.586349559568,125.644792701225,189.867924846128,172.357455951655,141.337536476978,146.982618827725,61.442230571401,196.989543848851,85.9584662252867,176.53455161172,191.257069143884,124.836622577873
"GENE1710",1014.64903557179,1346.65444484903,1025.99991313565,1878.10193381803,1390.45576426,1137.09630389801,1040.52816448191,1251.52596064841,1162.34948217971,1140.15486016545,678.962595460788,799.268438894809
"GENE1711",0,15.0344196394629,9.8053857901756,8.32070477007988,7.6398668365934,18.5747265551521,14.363118834873,16.0589302050694,9.55094069169852,6.8891532336281,16.7349935500898,17.2729918032277
"GENE1712",374.863808181221,294.24507008663,301.29276337085,499.242286204793,334.244174100961,338.383062026466,494.729648756735,287.990148344245,207.255413009858,237.67578656017,357.411647962633,169.589374068054
"GENE1713",956.36632334573,1252.15237854384,696.182391102468,765.504838847349,1053.34664009531,610.543185899782,822.687528819668,558.850771136415,531.987396527607,731.972531072986,653.860105135653,885.633397910947
"GENE1714",14.5706780565139,13.9605325223584,5.34839224918669,5.94336055005706,26.7395339280769,4.84558084047446,7.18155941743648,8.56476277603701,15.2815051067176,11.1948740046457,7.17214009289565,11.7770398658371
"GENE1715",152.329816045373,161.083067565674,101.619452734547,143.829325311381,93.5883687482691,196.246024039215,240.183264960931,98.4947719244256,127.02751119959,111.948740046457,217.554916151168,226.904301415127
"GENE1716",364.266951412848,93.4281791880907,224.632474465841,130.753932101255,250.205638898434,292.350044041959,200.28571264184,161.659897397699,260.74068088337,198.924299621011,335.895227683946,292.070588672759
"GENE1717",6.62303548023359,10.7388711710449,3.56559483279113,14.2640653201369,19.0996670914835,2.42279042023723,12.7672167421093,5.35297673502313,12.4162228992081,3.44457661681405,16.7349935500898,7.85135991055804
"GENE1718",13.2460709604672,9.66498405394042,4.45699354098891,8.32070477007988,9.54983354574175,4.84558084047446,8.77746151020014,12.8471441640555,13.3713169683779,5.16686492522108,8.36749677504492,17.2729918032277
"GENE1719",17.2198922486073,5.36943558552245,16.9365754557579,19.0187537601826,25.7845505735027,11.3063552944404,11.9692656957275,6.42357208202776,5.73056441501911,8.61144154203513,4.7814267285971,10.2067678837255
"GENE1720",17.2198922486073,20.4038552249853,7.13118966558226,5.94336055005706,8.59485019116757,4.03798403372871,8.77746151020014,3.21178604101388,10.5060347608684,4.30572077101756,10.7582101393435,12.5621758568929
"GENE1721",933.848002712936,792.528692423114,1455.65409048698,687.052479586596,611.189346927472,814.057581199709,474.78087259719,614.521729180656,674.296412833915,1371.8026376462,701.674372421624,1100.76065946024
"GENE1722",42.387427073495,19.3299681078808,52.5925237836692,35.6601633003424,23.8745838643544,33.9190658833212,40.6955033654734,72.8004835963146,37.2486686976242,61.1412349484494,45.4235539216724,38.4716635617344
"GENE1723",354.99470174052,409.150991616811,213.04429125927,487.355565104679,212.961288070041,410.259177826837,450.044390159353,200.201329889865,430.747425195603,508.075050980072,113.558884804181,144.465022354268
"GENE1724",17.2198922486073,23.6255165762988,29.4161573705268,30.9054748602967,40.1093008921153,33.9190658833212,15.9590209276366,18.2001208990787,38.2037627667941,40.4737752475651,14.3442801857913,17.2729918032277
"GENE1725",630.512977718238,506.87471927332,448.373550223484,576.505973355535,519.510944888351,636.386283715645,554.575977235373,659.48673375485,458.445153201529,587.300313166796,639.515824949862,405.915307375851
"GENE1726",184.120386350494,102.019276124927,249.591638295379,191.376209711837,118.417935967198,91.2584391622689,123.682412189184,107.059534700463,82.1380899486072,63.7246674110599,145.833515222211,159.382606184328
"GENE1727",87.4240683390834,28.9949521618212,57.9409160328558,68.9429823806619,51.5691011470054,73.4913094138626,51.866818014819,31.0472650631342,71.6320551877389,45.6406401727862,45.4235539216724,74.5879191503014
"GENE1728",407.978985582389,1134.02479566234,643.589867318799,714.391938116859,374.353474993077,708.262399516016,696.611263491339,678.757450000933,481.367410861605,420.238347251314,502.049806502695,438.105883009139
"GENE1729",68.8795689944293,55.8421300894335,33.8731509115157,49.9242286204793,84.9935185571016,107.410375297184,23.1405803450731,20.3413115930879,48.7097975276624,17.2228830840703,46.6189106038217,100.497406855143
"GENE1730",22.5183206327942,45.1032589183886,23.1763664131423,43.9808680704222,16.234717027761,6.46077445396594,59.8463284786373,47.1061952682036,31.5181042826051,27.5566129345124,29.8839170537319,37.6865275706786
"GENE1731",202.664885695148,707.691610171859,360.125078111904,552.732531155307,538.610611979835,336.767868412975,409.348886793879,327.602176183416,299.899537719333,461.573266653083,291.667030444423,442.031562964418
"GENE1732",55.6334980339622,44.0293718012841,56.1581186164603,57.0562612805478,59.2089679835988,55.7241796654562,59.8463284786373,27.8354790221203,61.1260204268705,78.3641180325196,66.9399742003594,48.6784314454599
"GENE1733",60.931926418149,85.9109693683592,19.6107715803512,4.75468844004565,43.929234310412,44.4178243710158,27.9282866233641,19.2707162460833,49.6648915968323,57.6966583316353,23.9071336429855,21.1986717585067
"GENE1734",22.5183206327942,49.3988073868066,16.0451767475601,26.1507864202511,37.2443508283928,22.6127105888808,14.363118834873,38.5414324921666,15.2815051067176,25.8343246261054,46.6189106038217,8.63649590161385
"GENE1735",1078.23017618203,873.070226205951,625.761893154843,570.562612805478,420.192676012637,838.285485402081,442.862830741916,534.227078155309,641.82321448214,813.781225722319,720.800079336012,421.618027196967
"GENE1736",182.795779254447,162.156954682778,223.741075757643,90.3390803608673,147.067436604423,209.167572947147,225.022195079676,43.8944092271897,128.93769933793,110.22645173805,182.889572368839,82.4392790608594
"GENE1737",104.643960587691,89.1326307196727,131.927008813272,92.7164245808901,108.868102421456,109.025568910675,88.5725661483833,83.5064370663609,63.0362085652102,100.753866041811,135.075305082868,94.2163189266965
"GENE1738",109.942388971878,155.713631980151,182.736735180545,142.640653201369,118.417935967198,92.8736327757604,248.16277542475,146.671562539634,131.80298154544,131.755055593137,154.201011997256,104.423086810422
"GENE1739",471.560126192632,822.59753170204,808.498628335389,385.129763643698,315.144507009478,692.110463381102,753.265787784449,571.69791530047,412.600637881376,583.855736549982,322.746304180304,701.126440012833
"GENE1740",19.8691064407008,4.29554846841796,2.67419612459335,24.9621143102397,17.1897003823351,11.3063552944404,12.7672167421093,7.49416742903239,1.9101881383397,6.8891532336281,11.9535668214927,11.7770398658371
"GENE1741",1193.47099353809,1173.75861899521,1342.44645454586,1375.2936312832,950.208437801304,1331.72713432373,1037.33636029638,1477.42157886638,750.703938367503,725.944521993561,959.871415765867,973.568628909197
"GENE1742",219.884777943755,302.836167023466,259.397024085555,250.809815212408,85.9485019116757,280.236091940773,218.638586708622,182.001208990787,232.087858808274,147.255650368801,280.908820305079,278.72327682481
"GENE1743",18.5444993446541,7.51720981973143,15.1537780393623,16.6414095401598,5.72990012744505,4.03798403372871,15.1610698812548,7.49416742903239,3.82037627667941,14.6394506214597,4.7814267285971,6.28108792844643
"GENE1744",207.963314079335,343.643877473437,215.718487383863,118.867211001141,200.546504460577,230.972686729282,209.06317415204,185.2129950318,127.02751119959,306.56731889645,94.4331778897927,76.158191132413
"GENE1745",229.157027616082,135.309776755166,101.619452734547,159.282062741529,156.617270150165,131.638279499556,110.915195447075,239.813357729036,293.213879235144,182.562560691145,311.988094040961,149.175838300603
"GENE1746",209.287921175381,201.890778015644,147.972185560832,171.168783841643,183.356804078242,103.372391263455,138.045531024057,217.330855441939,280.797656335936,175.673407457517,147.028871904361,259.880013039471
"GENE1747",35.7643915932614,24.6994036934033,24.9591638295379,11.8867211001141,16.234717027761,20.1899201686436,29.5241887161278,16.0589302050694,26.7426339367558,12.9171623130527,19.1257069143884,26.6946236958973
"GENE1748",22.5183206327942,25.7732908105078,20.502170288549,24.9621143102397,61.1189346927472,55.7241796654562,41.4934544118552,37.4708371451619,12.4162228992081,24.9731804719019,26.297847007284,29.8351676601206
"GENE1749",22.5183206327942,18.2560809907763,22.2849677049446,45.1695401804337,34.3794007646703,41.1874371440329,20.7467272059276,19.2707162460833,23.8773517292463,52.5297934064143,32.2746304180304,21.9838077495625
"GENE1750",51.659676745822,59.063791440747,91.8140669443716,77.2636871507418,63.0289014018955,33.1114690765755,33.5139439480369,19.2707162460833,25.787539867586,36.1680544765475,63.3539041539115,32.9757116243438
"GENE1751",45.0366412655884,28.9949521618212,12.479581914769,10.6980489901027,14.3247503186126,11.3063552944404,5.58565732467282,40.6826231861758,4.77547034584926,24.1120363176984,23.9071336429855,14.1324478390045
"GENE1752",867.6176479106,902.065178367772,995.692357056923,911.711508378753,1101.09580782402,1241.27629196821,856.999423814087,391.837897003693,739.242809537465,452.961825111048,1169.05883514199,1436.79886363212
"GENE1753",86.0994612430367,100.945389007822,75.7688901968115,53.4902449505135,98.36328552114,96.9116168094891,102.137733936874,94.2123905364071,52.5301738043418,49.9463609438037,119.535668214927,111.489310729924
"GENE1754",45.0366412655884,24.6994036934033,30.3075560787246,24.9621143102397,57.2990012744505,25.035501009118,23.1405803450731,32.1178604101388,25.787539867586,15.5005947756632,23.9071336429855,15.7027198211161
"GENE1755",372.214593989128,229.811843060361,120.338825606701,249.621143102397,229.196005097802,221.281525048334,116.500852771747,220.542641482953,284.618032612616,230.786633326541,304.815953948065,141.324478390045
"GENE1756",108.617781875831,121.349244232807,83.7914785705915,159.282062741529,62.0739180473214,91.2584391622689,73.4114962671285,144.530371845625,66.8565848418896,84.3921271119442,62.1585474717623,60.4554713112969
"GENE1757",132.460709604672,269.545666393227,113.207635941118,167.602767511609,147.067436604423,268.929736646332,214.648831476713,146.671562539634,150.904862928837,102.476154350218,147.028871904361,108.348766765701
"GENE1758",398.706735910062,239.476827114301,348.536894905333,232.979733562237,184.311787432816,222.089121855079,154.004551951693,371.496585410605,272.201809713408,386.653725237377,180.49885900454,339.963884127163
"GENE1759",241.078491480503,234.107391528779,382.410045816849,235.35707778226,167.122087050481,254.392994124909,123.682412189184,345.802297082494,153.770145136346,123.143614051102,164.9592221366,212.771853576123
"GENE1760",10.5968567683737,16.1083067565674,50.8097263672736,32.0941469703081,19.0996670914835,56.531776472202,25.5344334842186,17.129525552074,22.9222576600764,25.8343246261054,15.5396368679406,26.6946236958973
"GENE1761",43.7120341695417,32.2166135131347,30.3075560787246,70.1316544906733,79.2636184296565,25.035501009118,64.6340347569283,39.6120278391712,37.2486686976242,41.3349194017686,51.4003373324188,36.116255588567
"GENE1762",34.4397844972147,44.0293718012841,38.3301444525046,30.9054748602967,16.234717027761,29.8810818495925,17.5549230204003,13.9177395110601,24.8324457984161,8.61144154203513,7.17214009289565,6.28108792844643
"GENE1763",189.418814734681,316.796699545825,157.777571351007,246.055126772362,316.099490364052,321.423529084806,284.868523558314,278.354790221203,123.207134922911,185.145993153755,288.080960397975,295.996268628038
"GENE1764",7.94764257628031,12.8866454052539,7.13118966558226,33.2828190803195,2.86495006372252,4.84558084047446,30.3221397625096,13.9177395110601,12.4162228992081,15.5005947756632,11.9535668214927,9.42163189266965
"GENE1765",30.4659632090745,10.7388711710449,11.5881832065712,15.4527374301484,19.0996670914835,3.23038722698297,10.3733636029638,6.42357208202776,19.101881383397,4.30572077101756,3.58607004644782,16.4878558121719
"GENE1766",38.4136057853548,60.1376785578515,46.3527328262847,55.8675891705364,94.5433521028433,41.9950339507786,49.4729648756735,47.1061952682036,32.473198351775,31.86233370553,49.0096239681202,36.116255588567
"GENE1767",286.115132746091,113.832034413076,216.609886092061,287.658650622762,156.617270150165,239.856251603486,239.385313914549,205.554306624888,180.512779073102,179.979128228534,154.201011997256,86.3649590161385
"GENE1768",63.5811406102425,64.4332270262694,46.3527328262847,84.3957198108102,42.9742509558379,34.7266626900669,39.0996012727097,47.1061952682036,39.1588568359639,24.9731804719019,64.5492608360608,27.4797596869532
"GENE1769",447.717198463791,590.63791440747,451.939145056276,256.753175762465,463.166926968475,244.70183244396,371.047236567552,118.836083517514,314.225948756881,380.625716157953,306.011310630214,197.854269746063
"GENE1770",10.5968567683737,28.9949521618212,8.91398708197782,15.4527374301484,29.6044839917994,6.46077445396594,29.5241887161278,13.9177395110601,7.64075255335881,34.4457661681405,39.446770510926,33.7608476153996
"GENE1771",29.1413561130278,0,11.5881832065712,8.32070477007988,4.77491677287087,4.84558084047446,7.97951046381831,10.7059534700463,12.4162228992081,6.8891532336281,8.36749677504492,3.14054396422322
"GENE1772",41.0628199774483,73.0243239631054,50.8097263672736,48.7355565104679,70.6687682384889,24.2279042023723,31.1200908088914,88.859413801384,42.0241390434735,22.3897480092913,54.9864073788666,48.6784314454599
"GENE1773",429.172699119137,807.563112062577,562.472584872801,778.580232057475,1405.73549793319,1115.29119011587,788.375633825249,344.73170173549,524.346643974249,603.662052096662,482.924099588307,293.640860654871
"GENE1774",43.7120341695417,18.2560809907763,16.0451767475601,7.13203266006847,24.8295672189285,12.1139521011861,47.8770627829099,20.3413115930879,32.473198351775,38.7514869391581,34.665343782329,26.6946236958973
"GENE1775",39.7382128814015,17.1821938736718,33.8731509115157,21.3960979802054,48.7041510832829,32.3038722698297,28.7262376697459,85.6476277603701,32.473198351775,39.6126310933616,53.7910506967173,38.4716635617344
"GENE1776",1047.76421297295,673.327222424516,599.01993190891,942.61698323905,823.195651642939,1079.75693061906,590.483774322555,563.133152524434,691.488106078973,596.772898863034,439.891259030933,786.706263037916
"GENE1777",43.7120341695417,38.6599362157617,30.3075560787246,49.9242286204793,30.5594673463736,45.2254211777616,25.5344334842186,27.8354790221203,51.575079735172,41.3349194017686,34.665343782329,30.6203036511764
"GENE1778",156.303637333513,219.072971889316,239.786252505203,101.03712935097,164.257136986758,136.483860340031,107.723391261547,144.530371845625,151.859956998006,149.839082831411,213.96884610472,72.232511177134
"GENE1779",60.931926418149,57.9899043236425,28.524758662329,72.5089987106961,31.5144507009478,48.4558084047446,38.3016502263279,32.1178604101388,85.0033721561168,85.2532712661477,53.7910506967173,53.3892473917947
"GENE1780",6.62303548023359,12.8866454052539,17.8279741639556,5.94336055005706,20.0546504460577,25.035501009118,15.1610698812548,17.129525552074,6.68565848418896,16.3617389298667,3.58607004644782,10.2067678837255
"GENE1781",3.97382128814015,22.5516294591943,14.2623793311645,13.0753932101255,4.77491677287087,24.2279042023723,14.363118834873,17.129525552074,13.3713169683779,10.3337298504422,17.9303502322391,11.7770398658371
"GENE1782",19.8691064407008,19.3299681078808,6.23979095738448,3.56601633003424,7.6398668365934,13.7291457146776,8.77746151020014,3.21178604101388,8.59584662252867,3.44457661681405,7.17214009289565,10.2067678837255
"GENE1783",6.62303548023359,5.36943558552245,6.23979095738448,7.13203266006847,9.54983354574175,3.23038722698297,11.9692656957275,12.8471441640555,11.4611288300382,18.0840272382738,11.9535668214927,14.1324478390045
"GENE1784",103.319353491644,105.24093747624,151.537780393623,95.093768800913,136.562619704107,92.8736327757604,72.6135452207466,91.0006044953933,101.239971332004,51.6686492522108,86.0656811147477,94.2163189266965
"GENE1785",76.8272115707097,86.9848564854637,142.623793311645,134.31994843129,166.167103695906,134.868666726539,157.994307183603,120.977274211523,153.770145136346,135.199632209951,202.015279283227,128.762302533152
"GENE1786",56.9581051300089,27.9210650447168,28.524758662329,33.2828190803195,42.9742509558379,61.3773573126764,17.5549230204003,33.1884557571434,30.5630102134353,20.6674597008843,35.8607004644782,31.4054396422322
"GENE1787",99.3455322035039,126.71867981833,108.750642400129,57.0562612805478,96.4533188119917,76.7216966408456,84.5828109164741,122.047869558527,99.3297831936646,108.504163429643,99.2146046183898,121.69607861365
"GENE1788",512.62294617008,612.11565674956,443.025157974298,568.185268585455,720.057449348928,873.819744898894,532.233347936681,176.648232255763,411.645543812206,453.822969265251,375.341998194872,312.48412444021
"GENE1789",41.0628199774483,41.8815975670751,31.1989547869224,38.0375075203652,23.8745838643544,23.4203073956265,31.9180418552733,44.9650045741943,32.473198351775,28.4177570887159,17.9303502322391,34.5459836064554
"GENE1790",385.460664949595,504.726945039111,472.441315344825,257.941847872476,469.851810450494,161.519361349149,414.13659307217,349.014083123508,340.968582693637,373.736562924324,316.769520769558,478.932954544041
"GENE1791",419.90044944681,383.377700806303,676.571619522117,217.526996132088,418.282709303489,587.122878504155,398.177572144534,481.767906152082,296.079161442654,164.478533452871,478.14267285971,423.188299179079
"GENE1792",1129.88985292785,688.361642063978,1039.37089375861,722.712642886939,500.411277796868,617.003960353747,651.128053847574,1040.6186772885,669.520942488066,930.035686539794,568.989780703055,932.741557374296
"GENE1793",735.156938305929,1426.12209151476,773.734078715675,1395.5010571534,1109.69065801519,459.522583038328,358.280019825442,694.816380206003,1345.72754346032,1036.81756166103,949.113205626524,1092.12416355862
"GENE1794",116.565424452111,146.048647926211,156.88617264281,110.546506231061,38.199334182967,105.795181683692,133.257824745766,123.118464905532,87.8686543636264,89.5589920371653,69.3306875646579,122.481214604705
"GENE1795",55.6334980339622,103.093163242031,123.013021731294,73.6976708207075,116.507969258049,74.2989062206083,54.2606711539645,88.859413801384,66.8565848418896,148.116794523004,63.3539041539115,36.116255588567
"GENE1796",11.9214638644205,10.7388711710449,34.7645496197135,4.75468844004565,6.68488348201922,8.88356487420317,12.7672167421093,12.8471441640555,12.4162228992081,5.16686492522108,11.9535668214927,4.71081594633483
"GENE1797",18.5444993446541,36.5121619815527,26.7419612459335,34.471491190331,37.2443508283928,21.8051137821351,17.5549230204003,20.3413115930879,31.5181042826051,30.1400453971229,22.7117769608362,12.5621758568929
"GENE1798",63.5811406102425,38.6599362157617,20.502170288549,32.0941469703081,24.8295672189285,46.8406147912531,33.5139439480369,33.1884557571434,46.7996093893227,42.1960635559721,59.7678341074637,28.264895678009
"GENE1799",386.785272045642,509.022493507529,1258.65497597527,1408.57645036352,505.186194569739,342.421046060195,1117.92941598095,569.556724606461,766.940537543391,419.377203097111,320.355590816005,628.893928835699
"GENE1800",84.77485414699,196.521342430122,87.3570734033827,103.414473570993,116.507969258049,134.061069919793,83.7848598700923,78.1534603313377,107.925629816193,65.446955719467,129.098521672122,74.5879191503014
"GENE1801",552.361159051482,573.455720533798,438.568164433309,430.299303824131,527.150811724945,663.036978338255,755.659640923594,592.039226893559,529.122114320098,514.964204213701,272.541323530035,551.95060171223
"GENE1802",5.29842838418687,10.7388711710449,14.2623793311645,9.5093768800913,21.964617155206,7.26837126071168,14.363118834873,28.9060743691249,22.9222576600764,15.5005947756632,8.36749677504492,38.4716635617344
"GENE1803",66.2303548023359,42.9554846841796,29.4161573705268,29.7168027502853,48.7041510832829,24.2279042023723,39.0996012727097,35.3296464511527,71.6320551877389,26.6954687803089,19.1257069143884,33.7608476153996
"GENE1804",19.8691064407008,5.36943558552245,9.8053857901756,1.18867211001141,6.68488348201922,9.69116168094891,0.797951046381831,3.21178604101388,4.77547034584926,3.44457661681405,11.9535668214927,1.57027198211161
"GENE1805",19.8691064407008,13.9605325223584,46.3527328262847,17.8300816501712,15.2797336731868,18.5747265551521,15.1610698812548,35.3296464511527,31.5181042826051,6.8891532336281,17.9303502322391,18.0581277942835
"GENE1806",90.0732825311768,134.235889638061,132.81840752147,58.2449333905592,97.4083021665658,168.78773260986,137.247579977675,64.2357208202776,110.790912023703,100.753866041811,123.121738261375,99.7122708640871
"GENE1807",274.193668881671,335.052780536601,319.120737534806,314.998109153024,451.707126713585,161.519361349149,356.684117732679,443.226473659915,422.151578573074,456.406401727862,300.034527219468,252.028653128913
"GENE1808",475.533947480772,461.771460354931,673.006024689326,284.092634292727,302.729723400013,530.591102031953,246.566873331986,547.074222319364,522.436455835909,211.841461934064,378.92806824132,346.24497205561
"GENE1809",252.999955344923,312.501151077407,254.048631836368,294.79068328283,217.736204842912,394.914838498668,446.054634927444,268.719432098161,347.654241177826,289.34443581238,219.945629515466,161.738014157496
"GENE1810",393.408307525875,412.372652968124,282.573390498697,303.11138805291,226.331055034079,287.504463201484,430.893565046189,196.989543848851,479.457222723266,312.595327975875,356.216291280484,120.125806631538
"GENE1811",13.2460709604672,17.1821938736718,2.67419612459335,29.7168027502853,29.6044839917994,19.3823233618978,12.7672167421093,37.4708371451619,38.2037627667941,11.1948740046457,10.7582101393435,33.7608476153996
"GENE1812",602.696228701257,483.249202697021,418.957392852958,430.299303824131,554.845329007596,661.421784724763,666.289123728829,402.54385047374,399.229320912998,550.271114536045,667.009028639295,289.715180699592
"GENE1813",156.303637333513,126.71867981833,93.5968643607671,161.659406961552,133.697669640384,149.405409247962,94.1582234730561,103.847748659449,134.668263752949,67.169244027874,105.191388029136,87.1500950071943
"GENE1814",331.15177401168,345.791651707646,500.966074007154,607.411448215832,442.157293167843,358.57298219511,431.691516092571,290.131339038254,443.163648094811,317.762192901096,530.738366874278,523.685706034222
"GENE1815",266.24602630539,138.531438106479,188.085127429732,159.282062741529,305.594673463736,281.043688747518,311.200908088914,110.271320741477,221.581824047406,302.261598125433,289.276317080124,174.300190014389
"GENE1816",19.8691064407008,28.9949521618212,30.3075560787246,19.0187537601826,34.3794007646703,15.3443393281691,27.1303355769823,38.5414324921666,22.9222576600764,24.1120363176984,27.4932036894333,12.5621758568929
"GENE1818",42.387427073495,34.3643877473437,59.7237134492514,33.2828190803195,36.2893674738186,50.8785988249818,55.0586222003464,42.8238138801851,37.2486686976242,32.7234778597335,28.6885603715826,23.5540797316741
"GENE1819",18.5444993446541,9.66498405394042,18.7193728721534,23.7734422002282,21.0096338006318,16.1519361349149,7.18155941743648,24.6236929811064,9.55094069169852,12.0560181588492,13.148923503642,1.57027198211161
"GENE1820",406.654378486342,558.421300894335,377.061653567662,518.261039964976,251.160622253008,320.61593227806,488.346040385681,456.073617823971,638.957932274631,448.65610434003,326.332374226752,522.900570043166
"GENE1821",214.586349559568,264.176230807705,320.903534951202,228.225045122191,284.585039663104,172.825716643589,190.710300085258,190.565971766824,276.977280059257,209.258029471454,241.462049794153,278.72327682481
"GENE1822",254.32456244097,210.48187495248,303.075560787246,373.243042543583,133.697669640384,264.891752612604,474.78087259719,203.413115930879,268.381433436728,174.812263303313,282.104176987229,255.954333084192
"GENE1823",291.413561130278,251.289585402451,297.727168538059,293.602011172819,254.980555671305,408.643984213346,288.060327743841,146.671562539634,219.671635909066,246.287228102205,266.564540119288,248.102973173634
"GENE1824",205.314099887241,123.497018467016,154.211976518216,262.696536312522,168.077070405055,209.975169753893,113.30904858622,129.54203698756,112.701100162043,148.116794523004,196.038495872481,107.563630774645
"GENE1825",29.1413561130278,42.9554846841796,37.4387457443068,47.5468844004565,40.1093008921153,27.4582914293553,37.5036991799461,26.7648836751157,19.101881383397,33.584622013937,28.6885603715826,51.8189754096831
"GENE1826",1070.28253360575,757.090417558666,621.304899613854,1118.54045552074,793.591167651139,595.198846571612,534.627201075827,769.758054496327,1013.35480738921,955.008867011695,754.270066436192,987.701076748202
"GENE1827",298.036596610512,277.062876212959,229.08946800683,420.78992694404,473.671743868791,324.653916311789,223.426292986913,312.613841325351,170.961838381403,363.402833073882,370.560571466275,504.842442248882
"GENE1828",5.29842838418687,8.59109693683592,15.1537780393623,11.8867211001141,8.59485019116757,8.88356487420317,2.39385313914549,13.9177395110601,18.1467873142272,7.75029738783161,14.3442801857913,2.35540797316741
"GENE1829",343.0732378761,313.575038194511,467.984321803836,223.470356682145,263.575405862472,289.927253621722,144.429139395111,145.600967192629,291.303691096805,294.511300737601,325.137017544603,274.012460878476
"GENE1830",135.109923796765,100.945389007822,89.1398708197782,123.621899441187,140.382553122404,71.8761158003711,160.388160322748,111.341916088481,47.7547034584926,108.504163429643,98.0192479362405,60.4554713112969
"GENE1831",70.2041760904761,100.945389007822,135.492603646063,72.5089987106961,113.643019194327,130.83068269281,230.607852404349,118.836083517514,114.611288300382,172.228830840703,126.707808307823,73.0176471681898
"GENE1832",21.1937135367475,22.5516294591943,21.3935689967468,38.0375075203652,23.8745838643544,29.0734850428467,27.1303355769823,12.8471441640555,14.3264110375478,15.5005947756632,21.5164202786869,25.9094877048415
"GENE1833",104.643960587691,185.782471259077,248.700239587181,205.640275031974,107.913119066882,156.673780508674,119.692656957275,59.9533394322591,216.806353701556,120.560181588492,266.564540119288,98.9271348730313
"GENE1834",59.6073193221023,192.225793961704,102.510851442745,73.6976708207075,66.8488348201922,79.9520838678285,59.8463284786373,66.3769115142868,74.4973373952484,88.6978478829618,105.191388029136,48.6784314454599
"GENE1835",29.1413561130278,20.4038552249853,53.4839224918669,34.471491190331,25.7845505735027,29.8810818495925,19.150825113164,33.1884557571434,13.3713169683779,21.5286038550878,7.17214009289565,11.7770398658371
"GENE1836",177.49735087026,260.954569456391,185.410931305139,161.659406961552,186.221754141964,236.625864376503,151.610698812548,157.37751600968,160.455803620535,165.339677607074,197.23385255463,154.671790237993
"GENE1837",385.460664949595,403.781556031288,861.982550827255,386.318435753709,517.600978179203,367.456547069313,287.262376697459,222.683832176962,378.217251391261,363.402833073882,302.425240583766,347.815244037721
"GENE1838",64.9057477062892,46.1771460354931,56.1581186164603,26.1507864202511,64.9388681110439,50.071002018236,54.2606711539645,43.8944092271897,42.0241390434735,30.1400453971229,43.0328405573739,47.8932954544041
"GENE1839",981.533858170618,1491.62920565814,917.249270735518,1009.18262139969,783.086350750823,1334.95752155071,1149.84745783622,897.158900789877,1143.24760079631,930.896830693997,1275.44557985328,975.138900891309
"GENE1840",294.062775322371,318.944473780034,232.655062839621,287.658650622762,277.900156181085,436.102275642701,298.433691346805,415.390994637795,332.372736071108,370.29198630751,247.4388332049,222.978621459848
"GENE1841",353.670094644474,301.762279906362,285.24758662329,322.130141813093,547.205462171002,377.955305557008,327.159929016551,362.931822634568,319.9565131719,232.508921634948,229.508482972661,253.598925111025
"GENE1842",45.0366412655884,32.2166135131347,32.9817522033179,22.5847700902168,26.7395339280769,37.1494531103042,38.3016502263279,7.49416742903239,32.473198351775,18.9451713924773,19.1257069143884,14.9175838300603
"GENE1843",29.1413561130278,15.0344196394629,32.9817522033179,13.0753932101255,59.2089679835988,25.8430978158638,21.5446782523094,16.0589302050694,21.9671635909066,16.3617389298667,15.5396368679406,10.2067678837255
"GENE1844",1302.08877541392,975.089502330877,847.720171496091,1090.01232488046,994.137672111716,895.624858681029,644.74444547652,815.793654417525,669.520942488066,879.228181441786,890.540728201209,1086.62821162123
"GENE1845",284.790525650044,206.186326484062,317.33794011841,127.187915771221,169.987037114203,250.35501009118,252.95048170304,137.036204416592,174.782214658083,114.532172509067,136.270661765017,119.340670640482
"GENE1846",78.1518186667564,46.1771460354931,38.3301444525046,62.9996218306048,49.6591344378571,74.2989062206083,39.0996012727097,18.2001208990787,26.7426339367558,54.2520817148213,41.8374838752246,29.0500316690648
"GENE1847",18.5444993446541,8.59109693683592,15.1537780393623,11.8867211001141,16.234717027761,20.9975169753893,11.9692656957275,24.6236929811064,8.59584662252867,10.3337298504422,19.1257069143884,13.3473118479487
"GENE1848",317.905703051212,546.608542606186,437.676765725111,360.167649333458,469.851810450494,372.302127909787,467.599313179753,332.955152918439,260.74068088337,228.203200863931,399.249131837858,190.002909835505
"GENE1849",9.27224967232703,3.22166135131347,31.1989547869224,9.5093768800913,23.8745838643544,12.9215489079319,9.57541255658198,16.0589302050694,8.59584662252867,21.5286038550878,14.3442801857913,2.35540797316741
"GENE1850",344.397844972147,150.344196394629,230.872265423226,354.224288783401,434.51742633125,331.9222875725,217.042684615858,321.178604101388,335.238018278618,195.479723004197,288.080960397975,323.476028314991
"GENE1851",381.486843661455,383.377700806303,164.90876101659,284.092634292727,288.404973081401,487.788471274429,224.224244033295,305.119673896319,229.222576600764,240.25921902278,304.815953948065,199.424541728174
"GENE1852",43.7120341695417,39.7338233328662,44.5699354098891,58.2449333905592,48.7041510832829,70.2609221868796,51.866818014819,43.8944092271897,39.1588568359639,60.2800907942459,99.2146046183898,33.7608476153996
"GENE1853",756.350651842676,604.598446929828,920.814865568309,727.467331326984,691.407948711703,822.941146073912,237.789411821786,660.557329101855,339.058394555297,520.131069138922,626.36690144622,511.908666168384
"GENE1854",955.041716249684,1518.47638358575,615.956507364667,866.541968198319,959.758271347046,922.275553303638,1034.14455611085,857.546872950706,1326.62566207692,1173.73948217939,967.043555858763,1030.88355625627
"GENE1855",5.29842838418687,10.7388711710449,3.56559483279113,21.3960979802054,3.8199334182967,14.5367425214234,8.77746151020014,12.8471441640555,20.0569754525669,5.16686492522108,19.1257069143884,10.9919038747813
"GENE1856",38.4136057853548,30.0688392789257,21.3935689967468,36.8488354103538,45.8392010195604,67.8381317666424,31.9180418552733,66.3769115142868,39.1588568359639,26.6954687803089,50.2049806502695,57.3149273470737
"GENE1857",17.2198922486073,23.6255165762988,33.8731509115157,16.6414095401598,32.4694340555219,28.265888236101,15.1610698812548,6.42357208202776,16.2365991758875,20.6674597008843,15.5396368679406,11.7770398658371
"GENE1858",260.947597921204,315.72281242872,295.052972413466,309.054748602967,347.613941065,226.127105888808,217.042684615858,244.095739117055,193.88409604148,198.924299621011,231.899196336959,149.175838300603
"GENE1859",41.0628199774483,28.9949521618212,21.3935689967468,27.3394585302625,21.964617155206,39.5722435305414,18.3528740667821,59.9533394322591,40.1139509051338,46.5017843269897,43.0328405573739,41.6122075259576
"GENE1860",158.952851525606,224.442407474839,128.361413980481,256.753175762465,190.041687560261,193.015636812233,217.042684615858,169.154064826731,257.87539867586,136.060776364155,142.247445175764,182.936685916002
"GENE1861",7.94764257628031,18.2560809907763,28.524758662329,35.6601633003424,20.0546504460577,25.8430978158638,21.5446782523094,36.4002417981573,16.2365991758875,14.6394506214597,27.4932036894333,29.0500316690648
"GENE1862",201.340278599101,332.905006302392,196.107715803512,281.715290072705,149.932386668145,310.924770597111,312.796810181678,159.518706703689,202.479942664009,248.870660564815,236.680623065556,189.217773844449
"GENE1863",495.403053921473,260.954569456391,377.061653567662,324.507486033115,281.720089599382,212.39796017413,284.070572511932,237.672167035027,308.495384341862,251.454093027426,374.146641512723,229.259709388295
"GENE1864",64.9057477062892,38.6599362157617,49.9183276590758,39.2261796303766,32.4694340555219,29.8810818495925,43.8873075510007,34.259051104148,24.8324457984161,54.2520817148213,27.4932036894333,39.2567995527902
"GENE1865",1.32460709604672,18.2560809907763,11.5881832065712,9.5093768800913,17.1897003823351,16.9595329416606,14.363118834873,16.0589302050694,28.6528220750956,13.7783064672562,5.97678341074637,7.06622391950224
"GENE1866",625.214549334051,361.899958464213,1085.7236265849,646.637627846208,937.79365419184,860.898195990962,817.899822541377,434.661710883878,754.524314644183,866.311019128734,404.030558566455,452.238330848143
"GENE1867",1144.46053098436,549.830203957499,519.685446879307,681.109119036539,827.97056841581,828.594323721132,683.844046749229,647.710184937799,761.209973128372,587.300313166796,496.073023091949,1070.14035580906
"GENE1868",30.4659632090745,9.66498405394042,8.91398708197782,15.4527374301484,43.929234310412,10.4987584876947,29.5241887161278,32.1178604101388,28.6528220750956,22.3897480092913,21.5164202786869,34.5459836064554
"GENE1869",802.711900204311,253.43735963666,482.246701135,594.336055005706,721.967416058076,558.856990268054,296.837789254041,376.849562145629,661.880189934707,415.071482326093,506.831233231292,275.582732860587
"GENE1870",135.109923796765,51.5465816210155,168.474355849381,124.810571551198,81.1735851388049,130.023085886065,145.227090441493,140.247990457606,141.353922237138,143.811073751987,120.731024897077,179.011005960723
"GENE1871",30.4659632090745,65.5071141433739,59.7237134492514,43.9808680704222,76.398668365934,146.175022020979,97.3500276585834,52.4591720032267,40.1139509051338,49.0852167896002,72.9167576111057,84.7946870340269
"GENE1872",50.3350696497753,39.7338233328662,11.5881832065712,26.1507864202511,10.5048169003159,23.4203073956265,32.7159929016551,29.9766697161295,23.8773517292463,19.8063155466808,54.9864073788666,18.0581277942835
"GENE1873",315.256488859119,229.811843060361,401.129418689002,336.39420713323,619.78419711864,365.033756649076,300.029593439569,279.425385568208,362.935746284544,321.20676951791,413.593412023649,197.069133755007
"GENE1874",10.5968567683737,39.7338233328662,66.8549031148337,13.0753932101255,44.8842176649862,22.6127105888808,34.3118949944187,27.8354790221203,37.2486686976242,35.306910322344,38.2514138287768,43.1824795080692
"GENE1875",29.1413561130278,20.4038552249853,40.1129418689002,32.0941469703081,62.0739180473214,33.9190658833212,38.3016502263279,20.3413115930879,16.2365991758875,13.7783064672562,28.6885603715826,40.041935543846
"GENE1876",304.659632090745,649.701705848217,421.631588977551,531.336433175101,634.108947437252,467.598551105785,560.959585606427,626.298277997706,485.187787138285,707.860494755287,607.241194531831,686.993992173829
"GENE1877",55.6334980339622,54.768242972329,80.2258837378004,38.0375075203652,28.6495006372252,42.8026307575244,31.9180418552733,52.4591720032267,67.8116789110595,54.2520817148213,44.2281972395231,51.8189754096831
"GENE1878",962.989358825964,449.958702066782,676.571619522117,671.599742156448,680.903131811387,486.980874467683,940.784283684179,906.794258912919,280.797656335936,468.462419886711,328.72308759105,791.417078984251
"GENE1879",92.7224967232703,62.2854527920605,88.2484721115804,68.9429823806619,62.0739180473214,226.934702695554,187.51849589973,115.6242974765,122.252040853741,121.421325742695,100.409961300539,96.5717268998639
"GENE1880",275.518275977717,258.806795222182,320.903534951202,273.394585302625,332.334207391813,235.010670763011,181.134887528676,292.272529732263,348.609335246996,306.56731889645,118.340311532778,213.556989567179
"GENE1881",25.1675348248876,19.3299681078808,17.8279741639556,20.207425870194,18.1446837369093,20.9975169753893,12.7672167421093,47.1061952682036,16.2365991758875,6.02800907942459,26.297847007284,15.7027198211161
"GENE1882",31.7905703051212,33.2905006302392,49.026928950878,28.5281306402739,32.4694340555219,23.4203073956265,27.9282866233641,21.4119069400925,48.7097975276624,35.306910322344,26.297847007284,65.1662872576318
"GENE1883",256.973776633063,292.097295852421,287.921782747884,253.187159432431,281.720089599382,191.400443198741,122.884461142802,211.977878706916,202.479942664009,173.089974994906,138.661375129316,186.077229880226
"GENE1884",35.7643915932614,24.6994036934033,61.506510865647,52.3015728405021,29.6044839917994,22.6127105888808,28.7262376697459,20.3413115930879,19.101881383397,18.0840272382738,9.56285345719419,28.264895678009
"GENE1885",64.9057477062892,36.5121619815527,73.0946940722181,55.8675891705364,62.0739180473214,65.4153413464052,88.5725661483833,69.5886975553007,83.0931840177771,49.0852167896002,41.8374838752246,43.1824795080692
"GENE1886",333.800988203773,398.412120445766,447.482151515287,382.752419423675,390.588192020838,292.350044041959,514.678424916281,240.883953076041,445.073836233151,477.93500558295,357.411647962633,591.992537256077
"GENE1887",29.1413561130278,22.5516294591943,32.0903534951202,45.1695401804337,20.0546504460577,30.6886786563382,21.5446782523094,43.8944092271897,43.9343271818132,17.2228830840703,17.9303502322391,23.5540797316741
"GENE1888",120.539245740251,359.752184230004,221.06687963305,292.413339062807,161.392186923036,123.562311432099,65.4319858033102,137.036204416592,188.153531626461,202.368876237825,162.568508772301,137.398798434766
"GENE1889",11.9214638644205,13.9605325223584,5.34839224918669,4.75468844004565,19.0996670914835,4.03798403372871,14.363118834873,4.28238138801851,12.4162228992081,22.3897480092913,10.7582101393435,3.14054396422322
"GENE1890",260.947597921204,231.95961729457,392.215431607024,303.11138805291,402.047992275728,337.57546521972,300.82754448595,269.790027445166,230.177670669934,263.510111186275,240.266693112004,343.889564082442
"GENE1891",230.481634712129,166.452503151196,90.031269527976,341.148895573275,165.212120341332,342.421046060195,133.257824745766,146.671562539634,240.683705430803,232.508921634948,115.94959816848,198.639405737118
"GENE1892",14.5706780565139,23.6255165762988,9.8053857901756,5.94336055005706,18.1446837369093,11.3063552944404,22.3426292986913,22.4825022870972,9.55094069169852,20.6674597008843,1.19535668214927,6.28108792844643
"GENE1893",27.8167490169811,48.3249202697021,17.8279741639556,14.2640653201369,42.0192676012637,13.7291457146776,14.363118834873,7.49416742903239,11.4611288300382,25.8343246261054,19.1257069143884,24.3392157227299
"GENE1894",7.94764257628031,10.7388711710449,16.0451767475601,11.8867211001141,1.90996670914835,4.03798403372871,23.9385313914549,7.49416742903239,4.77547034584926,6.02800907942459,9.56285345719419,6.28108792844643
"GENE1895",41.0628199774483,57.9899043236425,47.2441315344825,43.9808680704222,34.3794007646703,80.7596806745743,31.1200908088914,31.0472650631342,32.473198351775,60.2800907942459,86.0656811147477,26.6946236958973
"GENE1896",389.434486237735,580.972930353529,907.443884945342,1062.6728663502,684.723065229683,668.690155985475,862.58508113876,538.509459543327,474.681752377416,506.352762671665,484.119456270456,350.955788001945
"GENE1897",25.1675348248876,12.8866454052539,17.8279741639556,14.2640653201369,6.68488348201922,16.1519361349149,15.1610698812548,8.56476277603701,6.68565848418896,6.02800907942459,3.58607004644782,7.06622391950224
"GENE1898",912.654289176189,696.952739000814,721.141554932006,822.561100127897,359.07374131989,734.10549733188,1275.12577211817,468.920761988026,1179.54117542477,941.230560544439,1073.43030057005,842.450918402878
"GENE1899",41.0628199774483,42.9554846841796,41.004340577098,64.1882939406162,67.8038181747664,46.8406147912531,35.9077970871824,68.5181022082961,39.1588568359639,33.584622013937,37.0560571466275,25.9094877048415
"GENE1900",304.659632090745,553.051865308813,250.483037003577,408.903205843926,431.652476267527,716.338367583474,356.684117732679,539.580054890332,264.561057160049,392.681734316802,523.566226781382,347.815244037721
"GENE1901",733.832331209882,507.948606390424,509.880061089131,776.202887837452,912.009103618337,885.126100193334,837.848598700923,472.13254802904,601.709263577007,365.125121382289,499.659093138397,442.816698955474
"GENE1902",13.2460709604672,5.36943558552245,3.56559483279113,17.8300816501712,7.6398668365934,4.03798403372871,35.9077970871824,6.42357208202776,3.82037627667941,3.44457661681405,13.148923503642,7.06622391950224
"GENE1903",455.664841040071,806.489224945472,599.911330617107,740.54272453711,592.089679835988,298.003221689179,606.442795250192,662.698519795864,805.144300310185,666.525575353519,968.238912540912,607.695257077193
"GENE1904",650.382084158939,684.06609359556,354.776685862717,729.844675547007,515.691011470054,369.87933748955,442.064879695535,369.355394716596,423.106672642244,416.7937706345,506.831233231292,375.295003724674
"GENE1905",55.6334980339622,55.8421300894335,53.4839224918669,55.8675891705364,35.3343841192445,43.6102275642701,30.3221397625096,41.7532185331804,63.0362085652102,43.9183518643791,39.446770510926,61.2406073023527
"GENE1906",29.1413561130278,13.9605325223584,27.6333599541312,15.4527374301484,13.3697669640384,17.7671297484063,27.9282866233641,23.5530976341018,33.4282924209448,16.3617389298667,11.9535668214927,32.190575633288
"GENE1907",27.8167490169811,15.0344196394629,20.502170288549,16.6414095401598,6.68488348201922,18.5747265551521,3.19180418552732,5.35297673502313,6.68565848418896,18.9451713924773,19.1257069143884,12.5621758568929
"GENE1908",176.172743774214,81.6154208999413,142.623793311645,91.5277524708787,140.382553122404,166.364942189623,102.935684983256,63.165125473273,148.039580721327,162.756245144464,144.638158540062,64.381151266576
"GENE1909",74.1779973786162,81.6154208999413,45.4613341180869,39.2261796303766,87.8584686208241,98.5268104229806,85.3807619628559,48.1767906152082,63.0362085652102,26.6954687803089,86.0656811147477,64.381151266576
"GENE1910",829.204042125246,722.726029811322,831.674994748531,896.258770948605,806.960934615178,850.399437503267,805.93055684565,1098.43082602675,838.57259273113,1227.99156389421,753.074709754043,576.28981743496
"GENE1911",11.9214638644205,25.7732908105078,19.6107715803512,11.8867211001141,31.5144507009478,20.1899201686436,27.1303355769823,32.1178604101388,18.1467873142272,18.0840272382738,9.56285345719419,22.7689437406183
"GENE1912",10.5968567683737,4.29554846841796,16.9365754557579,9.5093768800913,5.72990012744505,16.1519361349149,2.39385313914549,10.7059534700463,4.77547034584926,11.1948740046457,3.58607004644782,18.0581277942835
"GENE1913",88.7486754351301,84.8370822512548,124.79581914769,140.263308981347,116.507969258049,139.714247567014,134.853726838529,78.1534603313377,91.6890306403058,75.7806855699091,156.591725361555,125.621758568929
"GENE1914",18.5444993446541,13.9605325223584,44.5699354098891,27.3394585302625,25.7845505735027,25.8430978158638,14.363118834873,47.1061952682036,17.1916932450573,20.6674597008843,27.4932036894333,40.041935543846
"GENE1915",9.27224967232703,37.5860490986572,11.5881832065712,21.3960979802054,19.0996670914835,12.1139521011861,15.1610698812548,13.9177395110601,12.4162228992081,25.8343246261054,32.2746304180304,6.28108792844643
"GENE1916",23.8429277288409,48.3249202697021,15.1537780393623,32.0941469703081,63.0289014018955,35.5342594968127,20.7467272059276,48.1767906152082,38.2037627667941,24.9731804719019,14.3442801857913,48.6784314454599
"GENE1917",56.9581051300089,82.6893080170458,29.4161573705268,41.6035238503994,52.5240845015796,70.2609221868796,78.9971535918013,44.9650045741943,42.0241390434735,45.6406401727862,70.5260442468072,57.3149273470737
"GENE1918",494.078446825426,693.731077649501,475.115511469418,561.053235925387,517.600978179203,365.841353455821,258.536139027713,605.956966404619,409.735355673866,558.021411923876,490.096239681202,667.365592397434
"GENE1919",26.4921419209344,10.7388711710449,5.34839224918669,4.75468844004565,15.2797336731868,26.6506946226095,3.19180418552732,25.694288328111,2.86528220750956,10.3337298504422,27.4932036894333,15.7027198211161
"GENE1920",1.32460709604672,6.44332270262694,19.6107715803512,10.6980489901027,11.4598002548901,8.07596806745743,8.77746151020014,7.49416742903239,18.1467873142272,3.44457661681405,0,10.9919038747813
"GENE1921",3.97382128814015,7.51720981973143,2.67419612459335,11.8867211001141,10.5048169003159,8.88356487420317,12.7672167421093,6.42357208202776,3.82037627667941,1.72228830840703,7.17214009289565,14.9175838300603
"GENE1922",809.334935684545,1507.7375124147,1059.87306404716,910.522836268742,867.124885953351,609.735589093036,657.511662218629,729.075431310151,648.508872966329,1009.26094872652,995.732116230345,1286.05275334941
"GENE1923",303.335024994698,262.028456573496,316.446541410213,177.1121443917,327.559290618942,203.514395299927,215.446782523094,150.953943927652,113.656194231212,251.454093027426,252.220259933497,231.615117361462
"GENE1924",752.376830554536,622.854527920604,364.582071652893,344.71491190331,563.440179198763,614.58116993351,659.905515357774,406.826231861758,367.711216630393,671.69244027874,233.094553019108,400.41935543846
"GENE1925",49.0104625537286,40.8077104499706,51.7011250754714,26.1507864202511,25.7845505735027,19.3823233618978,39.0996012727097,52.4591720032267,32.473198351775,65.446955719467,27.4932036894333,40.041935543846
"GENE1926",5.29842838418687,9.66498405394042,17.8279741639556,1.18867211001141,10.5048169003159,4.03798403372871,10.3733636029638,10.7059534700463,5.73056441501911,9.47258569623864,10.7582101393435,10.9919038747813
"GENE1927",590.774764836836,1276.85178223724,607.04252028269,615.732152985911,873.80976943537,558.856990268054,616.018207806774,776.181626578354,751.659032436673,759.529144007498,736.339716203953,702.696711994945
"GENE1928",38.4136057853548,63.359339909165,74.8774914886137,98.6597851309472,103.138202294011,104.987584876947,67.0278878960738,36.4002417981573,86.9135602944565,71.4749647988915,53.7910506967173,45.5378874812367
"GENE1929",7.94764257628031,21.4777423420898,17.8279741639556,14.2640653201369,25.7845505735027,52.4937924384733,15.1610698812548,9.63535812304164,22.9222576600764,11.1948740046457,15.5396368679406,12.5621758568929
"GENE1930",136.434530892812,73.0243239631054,142.623793311645,154.527374301484,99.3182688757142,53.301389245219,177.943083343148,76.0122696373285,96.464500986155,108.504163429643,92.0424645254941,67.5216952307992
"GENE1931",160.277458621653,152.491970628838,164.90876101659,93.9050966909016,150.88737002272,133.253473113048,77.4012514990376,204.483711277884,143.264110375478,100.753866041811,100.409961300539,138.969070416877
"GENE1932",42.387427073495,51.5465816210155,36.5473470361091,68.9429823806619,13.3697669640384,60.5697605059307,39.0996012727097,33.1884557571434,17.1916932450573,26.6954687803089,43.0328405573739,43.967615499125
"GENE1933",353.670094644474,302.836167023466,399.346621272606,313.809437043013,412.552809176044,326.26910992528,383.814453309661,183.071804337791,184.333155349781,385.792581083174,442.281972395231,534.677609909003
"GENE1934",315.256488859119,243.772375582719,229.08946800683,389.884452083743,263.575405862472,106.602778490438,164.377915554657,187.35418572581,140.398828167968,136.921920518358,249.829546569198,241.036749254132
"GENE1935",352.345487548427,313.575038194511,323.577731075795,300.734043832887,190.041687560261,188.977652778504,189.912349038876,279.425385568208,360.070464077034,353.06910322344,239.071336429855,176.655597987556
"GENE1936",25.1675348248876,54.768242972329,40.1129418689002,103.414473570993,45.8392010195604,39.5722435305414,94.9561745194379,29.9766697161295,95.5094069169852,46.5017843269897,109.972814757733,59.6703353202411
"GENE1937",6.62303548023359,1.07388711710449,8.02258837378004,13.0753932101255,7.6398668365934,11.3063552944404,6.38360837105465,18.2001208990787,3.82037627667941,0.861144154203513,9.56285345719419,14.9175838300603
"GENE1938",83.4502470509432,81.6154208999413,98.053857901756,62.9996218306048,77.3536517205082,58.9545668924392,52.6647690612009,70.6592929023054,90.7339365711359,60.2800907942459,47.814267285971,51.0338394186273
"GENE1939",19.8691064407008,42.9554846841796,102.510851442745,77.2636871507418,64.9388681110439,52.4937924384733,50.2709159220554,59.9533394322591,83.0931840177771,65.446955719467,22.7117769608362,25.1243517137857
"GENE1940",3.97382128814015,4.29554846841796,13.3709806229667,13.0753932101255,2.86495006372252,11.3063552944404,11.9692656957275,7.49416742903239,11.4611288300382,12.0560181588492,13.148923503642,11.7770398658371
"GENE1941",139.083745084905,146.048647926211,185.410931305139,160.470734851541,86.9034852662499,172.825716643589,114.904950678984,115.6242974765,110.790912023703,146.394506214597,117.144954850629,144.465022354268
"GENE1942",92.7224967232703,230.885730177465,39.2215431607024,158.093390631518,72.5787349476373,88.028051935286,180.336936482294,59.9533394322591,88.8237484327962,83.5309829577407,90.8471078433448,104.423086810422
"GENE1943",22.5183206327942,35.4382748644482,68.6377005312292,65.3769660506277,20.0546504460577,72.6837126071168,47.079111736528,53.5297673502313,51.575079735172,66.3080998736705,35.8607004644782,84.0095510429711
"GENE1944",774.89515118733,1290.8123147596,796.910445128817,757.18413407727,639.838847564697,992.536475490518,892.109269854887,342.59051104148,576.87681777859,498.602465283834,663.422958592847,419.2626192238
"GENE1945",160.277458621653,180.413035673554,219.284082216654,197.319570261894,224.421088324931,125.17750504559,75.805349406274,152.024539274657,137.533545960459,235.092354097559,203.210635965377,138.183934425822
"GENE1946",111.266996067924,151.418083511733,95.3796617771627,128.376587881232,92.633385393695,97.7192136162349,163.579964508275,122.047869558527,50.6199856660021,155.005947756632,81.2842543861506,92.6460469445849
"GENE1947",132.460709604672,92.3542920709862,60.6151121574492,66.5656381606391,48.7041510832829,77.5292934475913,59.0483774322555,55.6709580442406,76.4075255335881,58.5578024858389,86.0656811147477,82.4392790608594
"GENE1948",219.884777943755,235.181278645883,287.921782747884,246.055126772362,341.884040937555,160.711764542403,225.820146126058,259.08407397512,363.890840353714,262.648967032071,236.680623065556,328.186844261326
"GENE1949",9.27224967232703,32.2166135131347,16.9365754557579,24.9621143102397,12.4147836094643,12.9215489079319,43.8873075510007,9.63535812304164,36.2935746284544,26.6954687803089,16.7349935500898,14.9175838300603
"GENE1950",58.2827122260556,33.2905006302392,60.6151121574492,45.1695401804337,35.3343841192445,38.7646467237957,51.0688669684372,48.1767906152082,38.2037627667941,29.2789012429194,17.9303502322391,35.3311195975112
"GENE1951",46.3612483616351,11.8127582881494,29.4161573705268,11.8867211001141,10.5048169003159,10.4987584876947,22.3426292986913,22.4825022870972,8.59584662252867,11.1948740046457,11.9535668214927,6.28108792844643
"GENE1952",10.5968567683737,20.4038552249853,14.2623793311645,27.3394585302625,4.77491677287087,30.6886786563382,23.9385313914549,37.4708371451619,11.4611288300382,22.3897480092913,23.9071336429855,52.6041114007389
"GENE1953",11.9214638644205,21.4777423420898,19.6107715803512,61.8109497205934,32.4694340555219,33.9190658833212,30.3221397625096,43.8944092271897,23.8773517292463,54.2520817148213,40.6421271930753,14.9175838300603
"GENE1954",237.104670192363,248.067924051137,193.433519678919,432.676648044154,242.56577206184,227.742299502299,177.145132296767,135.965609069588,214.896165563217,196.340867158401,188.866355779585,137.398798434766
"GENE1955",344.397844972147,399.48600756287,249.591638295379,190.187537601826,275.035206117362,370.686934296296,242.577118100077,277.284194874198,265.516151229219,224.758624247117,291.667030444423,356.451739939335
"GENE1956",39.7382128814015,28.9949521618212,18.7193728721534,26.1507864202511,24.8295672189285,18.5747265551521,26.3323845306004,49.2473859622128,11.4611288300382,27.5566129345124,29.8839170537319,3.14054396422322
"GENE1957",7.94764257628031,11.8127582881494,4.45699354098891,7.13203266006847,7.6398668365934,25.035501009118,11.1713146493456,13.9177395110601,10.5060347608684,11.1948740046457,10.7582101393435,7.06622391950224
"GENE1958",467.586304904491,625.002302154813,611.499513823679,249.621143102397,237.79085528897,585.507684890663,404.561180515588,729.075431310151,568.280971156062,792.252621867232,510.41730327774,625.753384871476
"GENE1959",615.942299661724,376.934378103676,311.989547869224,446.940713364291,343.794007646703,595.198846571612,485.154236200153,347.943487776504,390.633474290469,216.147182705082,370.560571466275,240.251613263076
"GENE1960",96.6963180114104,65.5071141433739,94.4882630689649,66.5656381606391,120.327902676346,92.0660359690147,95.7541255658197,53.5297673502313,72.5871492569087,75.7806855699091,81.2842543861506,84.0095510429711
"GENE1961",35.7643915932614,36.5121619815527,22.2849677049446,22.5847700902168,11.4598002548901,27.4582914293553,27.1303355769823,19.2707162460833,20.0569754525669,12.9171623130527,17.9303502322391,61.2406073023527
"GENE1962",11.9214638644205,21.4777423420898,8.02258837378004,19.0187537601826,17.1897003823351,14.5367425214234,13.5651677884911,13.9177395110601,20.0569754525669,18.0840272382738,3.58607004644782,23.5540797316741
"GENE1963",42.387427073495,71.9504368460009,29.4161573705268,40.414851740388,44.8842176649862,52.4937924384733,37.5036991799461,57.8121487382498,92.6441247094756,57.6966583316353,26.297847007284,30.6203036511764
"GENE1964",90.0732825311768,180.413035673554,154.211976518216,206.828947141986,106.958135712308,112.255956137658,71.017643127983,118.836083517514,79.2728077410977,100.753866041811,144.638158540062,178.225869969668
"GENE1965",147.031387661186,115.979808647285,43.6785367016913,154.527374301484,108.868102421456,55.7241796654562,201.881614734603,49.2473859622128,81.1829958794374,95.5870011165899,80.0888977040014,114.629854694147
"GENE1966",21.1937135367475,32.2166135131347,18.7193728721534,46.3582122904451,51.5691011470054,17.7671297484063,25.5344334842186,18.2001208990787,68.7667729802293,28.4177570887159,17.9303502322391,55.7446553649621
"GENE1967",418.575842350763,865.553016386219,430.545576059529,654.958332616288,750.616916695301,713.915577163237,458.023900623171,403.614445820744,367.711216630393,354.791391531847,485.314812952605,736.457559610344
"GENE1968",96.6963180114104,186.856358376181,213.935689967468,198.508242371906,180.491854014519,180.901684711046,161.18611136913,139.177395110601,143.264110375478,79.2252621867232,89.6517511611956,171.159646050165
"GENE1969",30.4659632090745,21.4777423420898,18.7193728721534,19.0187537601826,11.4598002548901,9.69116168094891,18.3528740667821,14.9883348580648,13.3713169683779,33.584622013937,9.56285345719419,17.2729918032277
"GENE1970",144.382173469092,114.90592153018,153.320577810019,115.301194671107,191.951654269409,171.210523030097,72.6135452207466,111.341916088481,78.3177136719278,109.365307583846,136.270661765017,118.555534649426
"GENE1971",682.17265446406,1228.52686196754,847.720171496091,1148.25725827102,496.591344378571,534.629086065682,889.715416715742,671.263282571901,827.111463901092,896.451064525857,965.848199176614,1595.39633382539
"GENE1972",536.465873898921,555.199639543022,714.901763974621,552.732531155307,585.404796353969,925.505940530621,240.981216007313,498.897431704156,318.046325033561,687.193035054403,333.504514319648,489.139722427766
"GENE1973",19.8691064407008,38.6599362157617,18.7193728721534,20.207425870194,21.964617155206,38.7646467237957,33.5139439480369,34.259051104148,24.8324457984161,42.1960635559721,31.0792737358811,17.2729918032277
"GENE1974",49.0104625537286,56.916017206538,49.9183276590758,20.207425870194,59.2089679835988,46.8406147912531,21.5446782523094,40.6826231861758,30.5630102134353,46.5017843269897,31.0792737358811,35.3311195975112
"GENE1975",45.0366412655884,68.7287754946874,55.2667199082625,92.7164245808901,11.4598002548901,45.2254211777616,60.6442795250192,42.8238138801851,60.1709263577007,53.3909375606178,59.7678341074637,35.3311195975112
"GENE1976",72.8533902825695,62.2854527920605,72.2032953640204,46.3582122904451,39.1543175375412,27.4582914293553,41.4934544118552,16.0589302050694,38.2037627667941,31.0011895513265,74.112114293255,30.6203036511764
"GENE1977",362.942344316801,404.855443148393,616.847906072865,483.789548774645,391.543175375412,461.945373458565,473.184970504426,359.720036593555,489.008163414964,278.149561807735,258.197043344243,332.112524216605
"GENE1978",14.5706780565139,7.51720981973143,7.13118966558226,14.2640653201369,6.68488348201922,9.69116168094891,11.9692656957275,12.8471441640555,14.3264110375478,11.1948740046457,17.9303502322391,5.49595193739063
"GENE1979",37.0889986893081,23.6255165762988,11.5881832065712,20.207425870194,40.1093008921153,9.69116168094891,26.3323845306004,16.0589302050694,7.64075255335881,24.9731804719019,19.1257069143884,19.6283997763951
"GENE1980",129.811495412578,69.8026626117919,163.125963600194,158.093390631518,137.517603058681,113.87114975115,193.104153224403,199.130734542861,111.746006092873,183.423704845348,167.349935500898,208.061037629788
"GENE1981",153.654423141419,161.083067565674,106.076446275536,145.017997421392,139.42756976783,155.866183701928,147.620943580639,152.024539274657,131.80298154544,136.921920518358,160.177795408003,87.1500950071943
"GENE1982",19.8691064407008,7.51720981973143,6.23979095738448,8.32070477007988,9.54983354574175,2.42279042023723,7.97951046381831,7.49416742903239,6.68565848418896,6.8891532336281,16.7349935500898,2.35540797316741
"GENE1983",13.2460709604672,13.9605325223584,14.2623793311645,14.2640653201369,5.72990012744505,8.88356487420317,7.97951046381831,25.694288328111,8.59584662252867,8.61144154203513,10.7582101393435,14.9175838300603
"GENE1984",71.5287831865228,34.3643877473437,94.4882630689649,101.03712935097,94.5433521028433,31.496275463084,29.5241887161278,25.694288328111,110.790912023703,51.6686492522108,81.2842543861506,40.8270715349018
"GENE1985",188.094207638634,224.442407474839,125.687217855887,178.300816501712,144.2024865407,114.678746557895,175.549230204003,155.236325315671,106.970535747023,256.620957952647,239.071336429855,128.762302533152
"GENE1986",52.9842838418687,22.5516294591943,41.004340577098,43.9808680704222,45.8392010195604,49.2634052114903,57.4524753394918,31.0472650631342,23.8773517292463,44.7794960185827,19.1257069143884,54.1743833828505
"GENE1987",22.5183206327942,15.0344196394629,32.9817522033179,34.471491190331,21.964617155206,41.9950339507786,42.2914054582371,29.9766697161295,34.3833864901147,30.1400453971229,20.3210635965377,37.6865275706786
"GENE1988",30.4659632090745,10.7388711710449,39.2215431607024,24.9621143102397,17.1897003823351,30.6886786563382,29.5241887161278,13.9177395110601,31.5181042826051,37.029198630751,29.8839170537319,16.4878558121719
"GENE1989",71.5287831865228,28.9949521618212,58.8323147410536,48.7355565104679,54.434051210728,37.1494531103042,41.4934544118552,53.5297673502313,29.6079161442654,38.7514869391581,47.814267285971,27.4797596869532
"GENE1990",33.115177401168,54.768242972329,23.1763664131423,84.3957198108102,40.1093008921153,29.8810818495925,65.4319858033102,35.3296464511527,59.2158322885308,32.7234778597335,63.3539041539115,48.6784314454599
"GENE1991",2.64921419209344,16.1083067565674,9.8053857901756,10.6980489901027,3.8199334182967,14.5367425214234,24.7364824378368,13.9177395110601,34.3833864901147,18.0840272382738,4.7814267285971,10.9919038747813
"GENE1992",1266.32438382066,696.952739000814,636.458677653216,811.863051137794,388.678225311689,934.389505404824,521.859984333718,703.38114298204,659.014907727198,663.942142890908,811.647187179357,487.569450445654
"GENE1993",38.4136057853548,41.8815975670751,25.8505625377357,48.7355565104679,32.4694340555219,23.4203073956265,14.363118834873,35.3296464511527,16.2365991758875,12.0560181588492,11.9535668214927,29.0500316690648
"GENE1994",151.005208949326,149.270309277524,88.2484721115804,124.810571551198,144.2024865407,78.336890254337,136.449628931293,33.1884557571434,102.195065401174,155.867091910836,169.740648865197,47.8932954544041
"GENE1995",251.675348248876,219.072971889316,232.655062839621,372.054370433572,269.305305989917,439.332662869684,341.523047851424,277.284194874198,298.944443650164,260.065534569461,148.22422858651,451.453194857088
"GENE1996",557.659587435668,433.850395310214,718.467358807412,303.11138805291,794.546151005713,453.061808584362,592.877627461701,590.968631546554,424.061766711414,782.780036170993,774.59113003273,439.67615499125
"GENE1997",95.3717109153637,73.0243239631054,62.3979095738448,68.9429823806619,97.4083021665658,93.6812295825062,47.079111736528,58.8827440852545,93.5992187786455,76.6418297241126,57.3771207431652,64.381151266576
"GENE1998",732.507724113835,852.666370980966,533.056427502274,1019.88067038979,834.655451897829,635.5786869089,426.90380981428,827.570203234576,787.952607065128,846.504703582053,554.645500517263,511.908666168384
"GENE1999",7.94764257628031,15.0344196394629,17.8279741639556,8.32070477007988,9.54983354574175,12.9215489079319,6.38360837105465,36.4002417981573,9.55094069169852,5.16686492522108,7.17214009289565,3.92567995527902
"GENE2000",135.109923796765,234.107391528779,106.967844983734,101.03712935097,124.147836094643,155.058586895183,86.1787130092378,206.624901971893,65.9014907727198,129.171623130527,119.535668214927,104.423086810422
"GENE2001",22.5183206327942,50.4726945039111,24.9591638295379,33.2828190803195,35.3343841192445,22.6127105888808,39.8975523190916,21.4119069400925,6.68565848418896,24.9731804719019,38.2514138287768,35.3311195975112
"GENE2002",144.382173469092,206.186326484062,282.573390498697,172.357455951655,228.241021743228,276.198107907044,165.175866601039,232.319190300004,228.267482531595,242.842651485391,166.154578818749,208.061037629788
"GENE2003",288.764346938185,671.179448190307,620.413500905656,489.732909324702,700.00279890287,591.968459344629,584.1001659515,329.743366877425,668.565848418896,364.263977228086,425.546978845142,587.281721309742
"GENE2004",438.444948791464,590.63791440747,701.530783351655,505.18564675485,479.401643996236,346.459030093924,647.138298615665,463.567785253003,387.76819208296,228.203200863931,415.984125387947,489.924858418822
"GENE2005",417.251235254716,280.284537564272,466.20152438744,470.714155564519,285.540023017678,240.663848410231,300.82754448595,155.236325315671,333.327830140278,245.426083948001,338.285941048245,241.821885245188
"GENE2006",237.104670192363,242.698488465615,193.433519678919,145.017997421392,145.157469895275,103.372391263455,163.579964508275,154.165729968666,173.827120588913,286.76100334977,74.112114293255,138.969070416877
"GENE2007",62.2565335141958,39.7338233328662,57.0495173246581,65.3769660506277,19.0996670914835,81.56727748132,104.53158707602,29.9766697161295,78.3177136719278,96.4481452707934,60.963190789613,55.7446553649621
"GENE2008",525.869017130547,499.357509453588,540.187617167856,455.261418134371,311.324573591181,461.945373458565,715.762088604503,449.650045741943,318.046325033561,653.608413040466,389.686278380663,369.799051787284
"GENE2009",185.444993446541,205.112439366958,156.88617264281,120.055883111153,183.356804078242,249.547413284434,68.6237899888375,130.612632334564,161.410897689705,130.03276728473,147.028871904361,148.390702309547
"GENE2010",471.560126192632,553.051865308813,381.518647108651,293.602011172819,358.118757965316,332.729884379246,384.612404356043,282.637171609221,208.210507079028,192.896290541587,227.117769608362,277.153004842699
"GENE2011",113.916210260018,171.821938736718,132.81840752147,156.904718521506,170.942020468777,87.2204551285402,107.723391261547,99.5653672714303,182.422967211442,121.421325742695,127.903164989972,148.390702309547
"GENE2012",337.774809491913,430.628733958901,476.898308885813,344.71491190331,510.916094697184,393.299644885177,155.600454044457,232.319190300004,366.756122561223,419.377203097111,357.411647962633,518.974890087887
"GENE2013",492.753839729379,636.815060442963,867.330943076442,461.204778684428,1021.83218939437,462.752970265311,466.801362133371,592.039226893559,684.802447594784,477.93500558295,615.608691306876,482.073498508264
"GENE2014",6.62303548023359,1.07388711710449,10.6967844983734,5.94336055005706,16.234717027761,12.1139521011861,2.39385313914549,11.7765488170509,6.68565848418896,19.8063155466808,3.58607004644782,10.9919038747813
"GENE2015",84.77485414699,68.7287754946874,123.013021731294,123.621899441187,114.598002548901,189.78524958525,132.459873699384,120.977274211523,171.916932450573,58.5578024858389,95.6285345719419,138.183934425822
"GENE2016",55.6334980339622,24.6994036934033,23.1763664131423,10.6980489901027,36.2893674738186,14.5367425214234,23.9385313914549,55.6709580442406,62.0811144960404,51.6686492522108,25.1024903251348,28.264895678009
"GENE2017",46.3612483616351,92.3542920709862,41.004340577098,38.0375075203652,29.6044839917994,36.3418563035584,94.9561745194379,43.8944092271897,27.6977280059257,41.3349194017686,20.3210635965377,30.6203036511764
"GENE2018",788.141222147797,590.63791440747,1074.13544337833,546.78917060525,664.668414783626,894.817261874283,737.306766856812,1201.20797933919,984.701985314117,803.447495871877,732.753646157505,522.11543405211
"GENE2019",63.5811406102425,25.7732908105078,55.2667199082625,60.622277610582,28.6495006372252,47.6482115979988,39.8975523190916,43.8944092271897,29.6079161442654,38.7514869391581,69.3306875646579,17.2729918032277
"GENE2020",11.9214638644205,33.2905006302392,74.8774914886137,30.9054748602967,24.8295672189285,30.6886786563382,38.3016502263279,46.0355999211989,18.1467873142272,37.029198630751,40.6421271930753,51.8189754096831
"GENE2021",70.2041760904761,20.4038552249853,40.1129418689002,67.7543102706505,69.7137848839148,44.4178243710158,59.0483774322555,55.6709580442406,60.1709263577007,53.3909375606178,22.7117769608362,73.0176471681898
"GENE2022",147.031387661186,136.38366387227,184.519532596941,200.885586591929,216.781221488338,180.094087904301,80.593055684565,213.048474053921,95.5094069169852,171.367686686499,174.522075593794,176.655597987556
"GENE2023",46.3612483616351,78.3937595486278,60.6151121574492,59.4336055005706,68.7588015293406,43.6102275642701,37.5036991799461,72.8004835963146,51.575079735172,39.6126310933616,57.3771207431652,54.1743833828505
"GENE2024",197.366457310961,176.117487205136,179.171140347754,108.169162011038,95.4983354574175,138.906650760268,204.275467873749,139.177395110601,127.02751119959,163.617389298667,92.0424645254941,167.233966094886
"GENE2025",413.277413966576,412.372652968124,397.563823856211,362.544993553481,365.758624801909,430.449097995481,299.231642393187,346.872892429499,428.837237057263,348.763382452423,420.765552116545,420.047755214855
"GENE2026",45.0366412655884,75.1720981973143,49.9183276590758,22.5847700902168,52.5240845015796,55.7241796654562,59.8463284786373,61.0239347792637,32.473198351775,26.6954687803089,77.6981843397028,54.9595193739063
"GENE2027",88.7486754351301,141.753099457793,131.927008813272,357.790305113435,124.147836094643,203.514395299927,184.326691714203,221.613236829958,242.593893569142,247.148372256408,314.378807405259,237.896205289909
"GENE2028",42.387427073495,46.1771460354931,56.1581186164603,87.9617361408445,28.6495006372252,100.142004036472,55.8565732467282,27.8354790221203,55.3954560118514,29.2789012429194,63.3539041539115,98.1419988819755
"GENE2029",3.97382128814015,9.66498405394042,5.34839224918669,9.5093768800913,10.5048169003159,19.3823233618978,17.5549230204003,24.6236929811064,21.0120695217367,5.16686492522108,5.97678341074637,23.5540797316741
"GENE2030",127.162281220485,381.229926572094,220.175480924852,565.807924365432,340.92905758298,476.482115979988,296.837789254041,252.660501893092,339.058394555297,149.839082831411,258.197043344243,317.980076377601
"GENE2031",152.329816045373,94.5020663051952,159.560368767403,199.696914481917,151.842353377294,206.74478252691,105.329538122402,117.765488170509,265.516151229219,176.53455161172,325.137017544603,137.398798434766
"GENE2032",31.7905703051212,15.0344196394629,19.6107715803512,19.0187537601826,22.9196005097802,18.5747265551521,31.9180418552733,28.9060743691249,18.1467873142272,31.86233370553,9.56285345719419,16.4878558121719
"GENE2033",716.612438961275,470.362557291767,555.341395207218,624.052857755991,767.806617077637,512.016375476801,573.726802348537,503.179813092174,563.505500810213,567.493997620115,527.15229682783,585.71144932763
"GENE2034",27.8167490169811,28.9949521618212,8.02258837378004,14.2640653201369,13.3697669640384,23.4203073956265,11.9692656957275,31.0472650631342,18.1467873142272,5.16686492522108,23.9071336429855,21.9838077495625
"GENE2035",121.863852836298,314.648925311616,280.790593082301,238.923094112294,242.56577206184,276.198107907044,263.323845306004,169.154064826731,195.79428417982,263.510111186275,320.355590816005,392.567995527902
"GENE2036",39.7382128814015,49.3988073868066,42.7871379934935,32.0941469703081,85.9485019116757,144.559828407488,55.8565732467282,76.0122696373285,66.8565848418896,84.3921271119442,74.112114293255,96.5717268998639
"GENE2037",26.4921419209344,48.3249202697021,61.506510865647,19.0187537601826,17.1897003823351,19.3823233618978,26.3323845306004,51.3885766562221,23.8773517292463,34.4457661681405,31.0792737358811,39.2567995527902
"GENE2038",121.863852836298,97.7237276565086,73.9860927804159,84.3957198108102,66.8488348201922,130.83068269281,63.8360837105465,86.7182231073748,77.362619602758,124.865902359509,95.6285345719419,73.0176471681898
"GENE2039",76.8272115707097,123.497018467016,87.3570734033827,71.3203266006847,80.2186017842307,72.6837126071168,100.541831844111,46.0355999211989,82.1380899486072,55.1132258690248,118.340311532778,80.083871087692
"GENE2040",305.984239186792,362.973845581318,590.99734353513,588.392694455649,890.999469817705,466.790954299039,163.579964508275,464.638380600008,394.453850567149,660.497566274094,476.94731617756,414.551803277465
"GENE2041",41.0628199774483,11.8127582881494,24.9591638295379,22.5847700902168,31.5144507009478,26.6506946226095,12.7672167421093,32.1178604101388,17.1916932450573,34.4457661681405,38.2514138287768,18.8432637853393
"GENE2042",674.22501188778,951.463985754579,733.621136846775,1099.52170176056,677.08319839309,960.232603220688,1043.71996866744,498.897431704156,586.427758470289,937.785983927625,892.931441565508,674.431816316936
"GENE2043",29.1413561130278,23.6255165762988,32.0903534951202,36.8488354103538,17.1897003823351,18.5747265551521,19.9487761595458,26.7648836751157,12.4162228992081,34.4457661681405,34.665343782329,40.041935543846
"GENE2044",18.5444993446541,32.2166135131347,20.502170288549,16.6414095401598,5.72990012744505,4.84558084047446,18.3528740667821,16.0589302050694,27.6977280059257,19.8063155466808,4.7814267285971,11.7770398658371
"GENE2045",39.7382128814015,40.8077104499706,66.8549031148337,28.5281306402739,55.3890345653021,54.1089860519648,36.7057481335642,37.4708371451619,51.575079735172,59.4189466400424,37.0560571466275,79.2987350966362
"GENE2046",54.3088909379154,21.4777423420898,31.1989547869224,74.886342930719,28.6495006372252,58.1469700856935,28.7262376697459,31.0472650631342,49.6648915968323,26.6954687803089,25.1024903251348,31.4054396422322
"GENE2047",332.476381107726,300.688392789257,270.093808583928,336.39420713323,161.392186923036,200.284008072944,179.538985435912,282.637171609221,212.030883355707,259.204390415257,297.643813855169,296.781404619094
"GENE2048",17.2198922486073,17.1821938736718,22.2849677049446,23.7734422002282,11.4598002548901,31.496275463084,10.3733636029638,11.7765488170509,11.4611288300382,39.6126310933616,10.7582101393435,26.6946236958973
"GENE2049",108.617781875831,115.979808647285,78.4430863214048,122.433227331175,154.707303441016,205.129588913419,96.5520766122016,94.2123905364071,148.039580721327,69.7526764904845,101.605317982688,83.2244150519153
"GENE2050",17.2198922486073,23.6255165762988,11.5881832065712,10.6980489901027,5.72990012744505,34.7266626900669,5.58565732467282,9.63535812304164,12.4162228992081,26.6954687803089,10.7582101393435,13.3473118479487
"GENE2051",49.0104625537286,9.66498405394042,22.2849677049446,9.5093768800913,10.5048169003159,21.8051137821351,15.9590209276366,23.5530976341018,9.55094069169852,20.6674597008843,8.36749677504492,23.5540797316741
"GENE2052",7.94764257628031,22.5516294591943,19.6107715803512,8.32070477007988,16.234717027761,6.46077445396594,11.9692656957275,18.2001208990787,18.1467873142272,6.8891532336281,14.3442801857913,18.8432637853393
"GENE2053",86.0994612430367,118.127582881494,82.008681154196,46.3582122904451,85.9485019116757,96.1040200027434,126.076265328329,97.424176577421,65.9014907727198,44.7794960185827,53.7910506967173,57.3149273470737
"GENE2054",18.5444993446541,38.6599362157617,46.3527328262847,20.207425870194,21.0096338006318,39.5722435305414,25.5344334842186,47.1061952682036,34.3833864901147,32.7234778597335,10.7582101393435,6.28108792844643
"GENE2055",252.999955344923,147.122535043315,149.754982977227,166.414095401598,79.2636184296565,199.476411266198,82.1889577773286,104.918344006453,211.075789286537,188.590569770569,115.94959816848,267.731372950029
"GENE2056",26.4921419209344,23.6255165762988,43.6785367016913,33.2828190803195,14.3247503186126,25.035501009118,19.150825113164,36.4002417981573,13.3713169683779,25.8343246261054,17.9303502322391,10.9919038747813
"GENE2057",263.596812113297,298.540618555048,254.940030544566,200.885586591929,233.970921870673,244.70183244396,258.536139027713,146.671562539634,196.749378248989,316.901048746893,304.815953948065,193.928589790784
"GENE2058",111.266996067924,62.2854527920605,82.9000798623938,122.433227331175,95.4983354574175,81.56727748132,29.5241887161278,91.0006044953933,93.5992187786455,55.1132258690248,51.4003373324188,103.637950819366
"GENE2059",482.156982961005,387.673249274721,393.106830315222,615.732152985911,318.0094570732,470.828938332768,474.78087259719,265.507646057147,353.384805592845,216.147182705082,394.46770510926,427.899115125413
"GENE2060",1.32460709604672,18.2560809907763,8.02258837378004,2.37734422002282,31.5144507009478,13.7291457146776,13.5651677884911,13.9177395110601,13.3713169683779,12.9171623130527,5.97678341074637,22.7689437406183
"GENE2061",46.3612483616351,40.8077104499706,18.7193728721534,20.207425870194,35.3343841192445,12.1139521011861,15.9590209276366,10.7059534700463,22.9222576600764,11.1948740046457,16.7349935500898,3.14054396422322
"GENE2062",1165.65424452111,1032.00551953742,1473.48206465093,805.919690587737,1214.73882701835,544.320247746631,635.169032919938,929.276761200016,802.279018102676,684.609602591793,653.860105135653,637.530424737313
"GENE2063",925.900360136656,664.73612548768,795.127647712422,775.014215727441,857.575052407609,884.318503386588,880.14000415916,669.122091877892,932.171811509775,824.976099726965,541.496577013621,795.34275893953
"GENE2064",15.8952851525606,26.8471779276123,58.8323147410536,55.8675891705364,25.7845505735027,41.1874371440329,23.9385313914549,32.1178604101388,52.5301738043418,15.5005947756632,43.0328405573739,58.1000633381295
"GENE2065",120.539245740251,120.275357115703,98.053857901756,127.187915771221,208.18637129717,102.564794456709,93.3602724266743,207.695497318898,176.692402796423,169.645398378092,181.69421568669,107.563630774645
"GENE2066",22.5183206327942,10.7388711710449,7.13118966558226,5.94336055005706,5.72990012744505,6.46077445396594,6.38360837105465,5.35297673502313,6.68565848418896,4.30572077101756,9.56285345719419,14.1324478390045
"GENE2067",46.3612483616351,20.4038552249853,47.2441315344825,30.9054748602967,24.8295672189285,48.4558084047446,36.7057481335642,48.1767906152082,21.0120695217367,28.4177570887159,16.7349935500898,21.9838077495625
"GENE2068",6.62303548023359,11.8127582881494,18.7193728721534,30.9054748602967,18.1446837369093,20.1899201686436,14.363118834873,16.0589302050694,20.0569754525669,16.3617389298667,15.5396368679406,23.5540797316741
"GENE2069",543.088909379154,344.717764590541,823.652406374751,416.035238503994,451.707126713585,395.722435305414,435.68127132448,715.157691799091,674.296412833915,671.69244027874,523.566226781382,417.692347241688
"GENE2070",535.141266802874,152.491970628838,316.446541410213,243.677782552339,341.884040937555,352.91980454789,484.356285153772,319.037413407379,298.944443650164,439.183518643791,467.384462720366,503.272170266771
"GENE2071",381.486843661455,456.402024769409,510.771459797329,702.505217016744,693.317915420851,390.87685446494,465.205460040608,474.27373872305,276.977280059257,475.351573120339,280.908820305079,248.88810916469
"GENE2072",11.9214638644205,52.62046873812,41.004340577098,54.678917060525,14.3247503186126,29.0734850428467,38.3016502263279,19.2707162460833,25.787539867586,49.9463609438037,11.9535668214927,32.9757116243438
"GENE2073",47.6858554576819,57.9899043236425,73.9860927804159,51.1129007304907,105.048169003159,85.6052615150487,54.2606711539645,87.7888184543794,42.0241390434735,46.5017843269897,74.112114293255,61.2406073023527
"GENE2074",41.0628199774483,21.4777423420898,28.524758662329,29.7168027502853,27.6945172826511,48.4558084047446,18.3528740667821,25.694288328111,24.8324457984161,4.30572077101756,16.7349935500898,22.7689437406183
"GENE2075",23.8429277288409,16.1083067565674,16.9365754557579,36.8488354103538,21.0096338006318,35.5342594968127,24.7364824378368,32.1178604101388,23.8773517292463,47.3629284811932,32.2746304180304,49.4635674365157
"GENE2076",562.958015819855,385.525475040512,393.106830315222,273.394585302625,615.009280345769,755.910611114015,435.68127132448,241.954548423046,493.783633760813,390.959446008395,341.872011094692,518.189754096831
"GENE2077",96.6963180114104,45.1032589183886,187.193728721534,135.508620541301,132.74268628581,135.676263533285,128.470118467475,51.3885766562221,93.5992187786455,98.1704335792004,86.0656811147477,142.894750372156
"GENE2078",0,5.36943558552245,4.45699354098891,17.8300816501712,7.6398668365934,2.42279042023723,7.97951046381831,5.35297673502313,4.77547034584926,15.5005947756632,3.58607004644782,3.14054396422322
"GENE2079",21.1937135367475,38.6599362157617,22.2849677049446,46.3582122904451,42.9742509558379,29.0734850428467,19.150825113164,38.5414324921666,16.2365991758875,26.6954687803089,17.9303502322391,22.7689437406183
"GENE2080",9.27224967232703,2.14777423420898,4.45699354098891,4.75468844004565,3.8199334182967,6.46077445396594,0,6.42357208202776,15.2815051067176,11.1948740046457,13.148923503642,3.92567995527902
"GENE2081",951.067894961544,1297.25563746222,1089.28922141769,1733.08393639664,1061.94149028648,1638.61392088711,983.075689142416,882.170565931812,636.092650067121,1333.91229486124,552.254787152965,1276.63112145674
"GENE2082",112.591603163971,54.768242972329,143.515192019843,68.9429823806619,54.434051210728,80.7596806745743,72.6135452207466,66.3769115142868,60.1709263577007,94.7258569623864,66.9399742003594,43.967615499125
"GENE2083",67.5549618983826,141.753099457793,141.732394603447,110.546506231061,158.527236859313,77.5292934475913,139.64143311682,54.600362697236,106.970535747023,59.4189466400424,70.5260442468072,78.5135991055804
"GENE2084",186.769600542587,137.457550989375,220.175480924852,112.923850451084,295.08985656342,158.288974122166,257.738187981332,185.2129950318,216.806353701556,155.867091910836,149.419585268659,157.027198211161
"GENE2085",68.8795689944293,212.629649186689,116.773230773909,131.942604211267,58.2539846290247,105.795181683692,63.0381326641647,102.777153312444,105.060347608684,68.0303881820775,66.9399742003594,72.232511177134
"GENE2086",181.4711721584,156.787519097256,303.966959495444,241.300438332317,166.167103695906,185.747265551521,94.1582234730561,177.718827602768,234.953141015784,97.3092894249969,217.554916151168,137.398798434766
"GENE2087",78.1518186667564,57.9899043236425,119.447426898503,89.1504082508559,94.5433521028433,93.6812295825062,87.7746151020014,110.271320741477,60.1709263577007,101.615010196014,157.787082043704,116.985262667315
"GENE2088",148.355994757232,295.318957203735,227.306670590434,185.43284916178,179.536870659945,150.213006054708,194.700055317167,187.35418572581,213.941071494047,254.89866964424,155.396368679406,220.623213486681
"GENE2089",295.387382418418,157.86140621436,455.504739889067,184.244177051769,138.472586413255,310.924770597111,209.06317415204,194.848353154842,212.030883355707,203.230020392029,245.048119840601,278.72327682481
"GENE2090",6.62303548023359,7.51720981973143,17.8279741639556,7.13203266006847,2.86495006372252,13.7291457146776,6.38360837105465,7.49416742903239,6.68565848418896,2.58343246261054,7.17214009289565,9.42163189266965
"GENE2091",209.287921175381,288.875634501108,430.545576059529,358.978977223446,236.835871934395,373.917321523279,301.625495532332,388.626110962679,276.977280059257,493.435600358613,331.113800955349,148.390702309547
"GENE2092",524.5444100345,516.53970332726,472.441315344825,656.147004726299,628.379047309807,485.365680854191,558.565732467282,335.096343612448,391.588568359639,602.800907942459,1065.062803795,862.864454170329
"GENE2093",607.994657085444,563.790736479858,571.386571954778,545.600498495238,478.446660641662,426.411113961752,737.306766856812,527.803506073281,382.992721737111,396.126310933616,640.711181632011,417.692347241688
"GENE2094",31.7905703051212,22.5516294591943,70.4204979476248,14.2640653201369,30.5594673463736,23.4203073956265,32.7159929016551,57.8121487382498,15.2815051067176,29.2789012429194,37.0560571466275,32.9757116243438
"GENE2095",201.340278599101,76.2459853144188,112.316237232921,108.169162011038,166.167103695906,109.833165717421,134.853726838529,134.895013722583,170.006744312234,210.980317779861,143.442801857913,122.481214604705
"GENE2096",9.27224967232703,22.5516294591943,4.45699354098891,5.94336055005706,7.6398668365934,14.5367425214234,12.7672167421093,13.9177395110601,14.3264110375478,8.61144154203513,8.36749677504492,18.0581277942835
"GENE2097",76.8272115707097,166.452503151196,92.7054656525693,187.810193381803,190.041687560261,131.638279499556,110.117244400693,101.70655796544,31.5181042826051,33.584622013937,107.582101393435,116.200126676259
"GENE2098",25.1675348248876,25.7732908105078,37.4387457443068,32.0941469703081,32.4694340555219,36.3418563035584,10.3733636029638,36.4002417981573,38.2037627667941,35.306910322344,31.0792737358811,26.6946236958973
"GENE2099",51.659676745822,20.4038552249853,22.2849677049446,39.2261796303766,53.4790678561538,49.2634052114903,72.6135452207466,27.8354790221203,34.3833864901147,42.1960635559721,65.7446175182101,45.5378874812367
"GENE2100",140.408352180952,257.732908105078,116.773230773909,174.734800171678,249.25065554386,186.554862358267,138.843482070439,163.801088091708,170.961838381403,175.673407457517,216.359559469019,236.325933307797
"GENE2101",75.5026044746629,172.895825853823,98.053857901756,86.7730640308331,92.633385393695,62.1849541194222,134.853726838529,221.613236829958,138.488640029628,87.8367037287583,100.409961300539,87.1500950071943
"GENE2102",21.1937135367475,41.8815975670751,24.9591638295379,42.7921959604108,29.6044839917994,46.8406147912531,19.150825113164,53.5297673502313,35.3384805592845,24.1120363176984,13.148923503642,29.0500316690648
"GENE2103",11.9214638644205,7.51720981973143,4.45699354098891,5.94336055005706,8.59485019116757,12.1139521011861,6.38360837105465,13.9177395110601,9.55094069169852,15.5005947756632,9.56285345719419,2.35540797316741
"GENE2104",854.371576950133,962.202856925624,704.204979476248,1303.97330468252,1097.27587440573,1414.90960541854,886.523612530215,1353.23251861385,859.584662252867,697.526764904845,1258.71058630319,786.706263037916
"GENE2105",18.5444993446541,21.4777423420898,46.3527328262847,16.6414095401598,31.5144507009478,14.5367425214234,15.1610698812548,27.8354790221203,13.3713169683779,7.75029738783161,19.1257069143884,28.264895678009
"GENE2106",5.29842838418687,4.29554846841796,4.45699354098891,28.5281306402739,42.0192676012637,10.4987584876947,3.98975523190916,10.7059534700463,5.73056441501911,14.6394506214597,11.9535668214927,19.6283997763951
"GENE2107",41.0628199774483,50.4726945039111,17.8279741639556,21.3960979802054,22.9196005097802,41.9950339507786,13.5651677884911,23.5530976341018,47.7547034584926,17.2228830840703,23.9071336429855,32.190575633288
"GENE2108",42.387427073495,70.8765497288964,72.2032953640204,40.414851740388,169.032053759629,79.9520838678285,85.3807619628559,98.4947719244256,97.4195950553249,39.6126310933616,35.8607004644782,83.2244150519153
"GENE2109",198.691064407008,117.053695764389,133.709806229667,99.8484572409586,228.241021743228,135.676263533285,172.357426018476,117.765488170509,120.341852715401,148.116794523004,154.201011997256,117.770398658371
"GENE2110",64.9057477062892,144.974760809106,95.3796617771627,101.03712935097,109.82308577603,70.2609221868796,27.9282866233641,76.0122696373285,60.1709263577007,127.44933482212,102.800674664838,95.0014549177523
"GENE2111",25.1675348248876,23.6255165762988,13.3709806229667,29.7168027502853,26.7395339280769,52.4937924384733,15.1610698812548,24.6236929811064,9.55094069169852,27.5566129345124,33.4699871001797,66.7365592397434
"GENE2112",692.769511232434,328.609457833974,589.214546118734,361.356321443469,350.478891128722,718.761158003711,458.821851669553,572.768510647475,1017.17518366589,796.558342638249,589.310844299592,741.953511547735
"GENE2113",109.942388971878,204.038552249853,387.758438066035,473.091499784542,542.430545398131,431.256694802227,446.852585973826,518.168147950239,417.376108227225,365.125121382289,663.422958592847,271.657052905308
"GENE2114",34.4397844972147,37.5860490986572,56.1581186164603,59.4336055005706,51.5691011470054,25.035501009118,38.3016502263279,62.0945301262683,61.1260204268705,36.1680544765475,46.6189106038217,36.9013915796228
"GENE2115",9.27224967232703,38.6599362157617,23.1763664131423,13.0753932101255,43.929234310412,23.4203073956265,44.6852585973825,10.7059534700463,21.9671635909066,15.5005947756632,9.56285345719419,8.63649590161385
"GENE2116",64.9057477062892,123.497018467016,129.252812688678,43.9808680704222,83.0835518479532,58.1469700856935,73.4114962671285,71.72988824931,66.8565848418896,107.643019275439,75.3074709754043,40.041935543846
"GENE2117",10.5968567683737,9.66498405394042,10.6967844983734,8.32070477007988,20.0546504460577,19.3823233618978,4.78770627829099,13.9177395110601,4.77547034584926,6.02800907942459,4.7814267285971,9.42163189266965
"GENE2118",169.54970829398,136.38366387227,237.11205638061,287.658650622762,283.63005630853,217.243541014605,232.203754497113,193.777757807837,147.084486652157,121.421325742695,114.75424148633,160.95287816644
"GENE2119",707.340189288947,669.031673956098,861.091152119058,613.354808765889,1462.07951585306,864.128583217945,766.033004526558,1294.34977452859,1224.43059667575,513.241915905293,830.772894093746,508.768122204161
"GENE2120",278.167490169811,200.81689089854,104.293648859141,122.433227331175,246.385705480137,139.714247567014,145.227090441493,184.142399684796,106.015441677854,119.699037434288,93.2378212076434,184.506957898114
"GENE2121",883.512933063161,825.819193053353,812.06422316818,747.674757197178,615.964263700343,570.97094236924,699.005116630484,581.333273423512,615.080580545385,867.172163282937,578.552634160249,822.037382635427
"GENE2122",104.643960587691,207.260213601167,149.754982977227,153.338702191472,83.0835518479532,88.028051935286,96.5520766122016,98.4947719244256,127.98260526876,94.7258569623864,77.6981843397028,102.067678837255
"GENE2123",604.020835797303,608.893995398246,678.354416938512,773.825543617429,712.417582512334,1131.44312625079,795.557193242686,586.686250158535,601.709263577007,854.255000969884,606.045837849682,1169.85262667315
"GENE2124",75.5026044746629,26.8471779276123,27.6333599541312,23.7734422002282,41.0642842466895,29.8810818495925,56.65452429311,29.9766697161295,36.2935746284544,36.1680544765475,28.6885603715826,32.190575633288
"GENE2125",64.9057477062892,81.6154208999413,62.3979095738448,46.3582122904451,44.8842176649862,73.4913094138626,52.6647690612009,28.9060743691249,56.3505500810213,35.306910322344,54.9864073788666,42.3973435170134
"GENE2126",51.659676745822,22.5516294591943,52.5925237836692,24.9621143102397,60.163951338173,35.5342594968127,43.8873075510007,40.6826231861758,33.4282924209448,24.9731804719019,39.446770510926,34.5459836064554
"GENE2127",59.6073193221023,35.4382748644482,32.0903534951202,30.9054748602967,59.2089679835988,46.8406147912531,19.150825113164,10.7059534700463,34.3833864901147,27.5566129345124,34.665343782329,11.7770398658371
"GENE2128",41.0628199774483,19.3299681078808,7.13118966558226,33.2828190803195,26.7395339280769,16.1519361349149,17.5549230204003,24.6236929811064,32.473198351775,20.6674597008843,25.1024903251348,18.0581277942835
"GENE2129",904.706646599908,532.648010083827,522.3596430039,853.466574988194,645.568747692142,603.27481463907,417.328397257698,772.96984053734,356.250087800355,595.050610554627,951.503918990822,463.230234722925
"GENE2130",23.8429277288409,16.1083067565674,15.1537780393623,29.7168027502853,45.8392010195604,25.8430978158638,59.8463284786373,17.129525552074,24.8324457984161,23.2508921634948,27.4932036894333,30.6203036511764
"GENE2131",141.732959276999,180.413035673554,158.668970059205,185.43284916178,153.752320086442,123.562311432099,122.884461142802,128.471441640555,149.949768859667,105.059586812829,98.0192479362405,119.340670640482
"GENE2132",137.759137988859,135.309776755166,187.193728721534,222.281684572134,78.3086350750823,139.714247567014,133.257824745766,139.177395110601,173.827120588913,137.783064672562,98.0192479362405,124.836622577873
"GENE2133",217.235563751662,556.273526660126,320.903534951202,331.639518693184,515.691011470054,453.869405391107,516.274327009045,704.451738329044,390.633474290469,540.798528839806,392.076991744962,246.532701191523
"GENE2134",390.759093333782,367.269394049736,343.188502656146,222.281684572134,489.906460896552,342.421046060195,311.998859135296,248.378120505073,267.426339367559,163.617389298667,291.667030444423,242.607021236244
"GENE2135",21.1937135367475,13.9605325223584,24.0677651213401,21.3960979802054,22.9196005097802,33.9190658833212,24.7364824378368,27.8354790221203,21.9671635909066,32.7234778597335,19.1257069143884,72.232511177134
"GENE2136",18.5444993446541,34.3643877473437,26.7419612459335,11.8867211001141,21.0096338006318,31.496275463084,20.7467272059276,28.9060743691249,22.9222576600764,22.3897480092913,34.665343782329,15.7027198211161
"GENE2137",7.94764257628031,13.9605325223584,6.23979095738448,17.8300816501712,15.2797336731868,8.88356487420317,11.1713146493456,20.3413115930879,13.3713169683779,13.7783064672562,10.7582101393435,25.1243517137857
"GENE2138",815.957971164778,646.480044496903,623.08769703025,354.224288783401,826.060601706661,482.135293627208,671.874781053502,554.568389748396,468.951187962397,911.95165930152,410.007341977201,376.08013971573
"GENE2139",42.387427073495,36.5121619815527,78.4430863214048,48.7355565104679,37.2443508283928,36.3418563035584,57.4524753394918,72.8004835963146,101.239971332004,32.7234778597335,32.2746304180304,47.8932954544041
"GENE2140",34.4397844972147,51.5465816210155,27.6333599541312,45.1695401804337,28.6495006372252,22.6127105888808,23.1405803450731,35.3296464511527,24.8324457984161,12.9171623130527,53.7910506967173,27.4797596869532
"GENE2141",676.874226079873,630.371737740336,655.17805052537,1283.76587881232,1061.94149028648,814.057581199709,535.425152122209,774.040435884345,581.65228812444,703.55477398427,895.322154929806,888.77394187517
"GENE2142",173.52352958212,192.225793961704,149.754982977227,148.584013751427,84.0385352025274,138.099053953522,149.216845673402,164.871683438712,106.970535747023,108.504163429643,119.535668214927,116.200126676259
"GENE2143",111.266996067924,136.38366387227,102.510851442745,95.093768800913,76.398668365934,70.2609221868796,106.925440215165,80.294651025347,174.782214658083,92.1424244997758,167.349935500898,126.406894559984
"GENE2144",9.27224967232703,6.44332270262694,41.8957392852958,29.7168027502853,20.0546504460577,6.46077445396594,9.57541255658198,10.7059534700463,22.9222576600764,4.30572077101756,21.5164202786869,3.92567995527902
"GENE2145",5.29842838418687,13.9605325223584,6.23979095738448,3.56601633003424,7.6398668365934,5.6531776472202,19.150825113164,5.35297673502313,10.5060347608684,3.44457661681405,1.19535668214927,9.42163189266965
"GENE2146",18.5444993446541,28.9949521618212,44.5699354098891,15.4527374301484,28.6495006372252,20.9975169753893,17.5549230204003,8.56476277603701,44.889421250983,18.9451713924773,35.8607004644782,14.9175838300603
"GENE2147",26.4921419209344,31.1427263960302,40.1129418689002,34.471491190331,10.5048169003159,29.0734850428467,29.5241887161278,34.259051104148,42.0241390434735,14.6394506214597,15.5396368679406,19.6283997763951
"GENE2148",21.1937135367475,32.2166135131347,25.8505625377357,39.2261796303766,23.8745838643544,41.1874371440329,34.3118949944187,11.7765488170509,30.5630102134353,28.4177570887159,19.1257069143884,21.1986717585067
"GENE2149",649.057477062892,296.392844320839,342.297103947948,476.657516114576,366.713608156483,608.92799228629,425.307907721516,386.48492026867,216.806353701556,428.849788793349,613.217977942578,315.624668404433
"GENE2150",31.7905703051212,54.768242972329,52.5925237836692,54.678917060525,42.9742509558379,94.4888263892519,44.6852585973825,25.694288328111,85.9584662252867,37.8903427849546,46.6189106038217,40.041935543846
"GENE2151",37.0889986893081,34.3643877473437,41.004340577098,62.9996218306048,45.8392010195604,32.3038722698297,38.3016502263279,36.4002417981573,29.6079161442654,27.5566129345124,22.7117769608362,27.4797596869532
"GENE2152",989.481500746899,913.877936655921,608.825317699085,1036.52207992995,890.999469817705,1077.33414019882,812.314165216704,715.157691799091,756.434502782523,513.241915905293,407.616628612903,933.526693365351
"GENE2153",68.8795689944293,54.768242972329,83.7914785705915,60.622277610582,75.4436850113598,44.4178243710158,142.035286255966,65.3063161672822,85.9584662252867,49.0852167896002,57.3771207431652,65.1662872576318
"GENE2154",390.759093333782,557.347413777231,607.04252028269,364.922337773504,610.234363572898,377.955305557008,585.696068044264,683.039831388952,532.942490596777,631.218665031175,456.626252581023,503.272170266771
"GENE2155",410.628199774483,189.00413261039,336.057312990564,279.337945852682,269.305305989917,293.157640848705,298.433691346805,293.343125079268,326.642171656089,260.926678723664,319.160234133856,343.104428091386
"GENE2156",46.3612483616351,78.3937595486278,65.9635044066359,51.1129007304907,36.2893674738186,104.179988070201,42.2914054582371,74.9416742903239,85.0033721561168,74.9195414157056,53.7910506967173,75.3730551413572
"GENE2157",15.8952851525606,22.5516294591943,11.5881832065712,10.6980489901027,11.4598002548901,10.4987584876947,27.1303355769823,11.7765488170509,19.101881383397,11.1948740046457,13.148923503642,7.06622391950224
"GENE2158",14.5706780565139,10.7388711710449,8.91398708197782,29.7168027502853,13.3697669640384,10.4987584876947,5.58565732467282,7.49416742903239,7.64075255335881,9.47258569623864,14.3442801857913,6.28108792844643
"GENE2159",165.57588700584,172.895825853823,117.664629482107,104.603145681004,172.851987177926,145.367425214234,142.035286255966,127.400846293551,168.096556173894,260.065534569461,236.680623065556,131.117710506319
"GENE2160",23.8429277288409,50.4726945039111,34.7645496197135,52.3015728405021,51.5691011470054,33.1114690765755,34.3118949944187,21.4119069400925,42.0241390434735,37.029198630751,16.7349935500898,19.6283997763951
"GENE2161",49.0104625537286,69.8026626117919,90.9226682361738,68.9429823806619,120.327902676346,62.1849541194222,95.7541255658197,59.9533394322591,59.2158322885308,79.2252621867232,28.6885603715826,77.7284631145246
"GENE2162",242.403098576549,347.939425941855,160.451767475601,90.3390803608673,104.093185648585,159.904167735657,148.418894627021,165.942278785717,175.737308727253,235.092354097559,143.442801857913,106.778494783589
"GENE2163",2.64921419209344,4.29554846841796,4.45699354098891,11.8867211001141,4.77491677287087,20.1899201686436,8.77746151020014,3.21178604101388,1.9101881383397,7.75029738783161,5.97678341074637,0.785135991055804
"GENE2164",406.654378486342,304.983941257675,273.659403416719,482.600876664633,452.662110068159,314.155157824094,735.710864764048,603.815775710609,568.280971156062,440.905806952198,337.090584366095,560.587097613844
"GENE2165",11.9214638644205,19.3299681078808,5.34839224918669,7.13203266006847,8.59485019116757,24.2279042023723,24.7364824378368,5.35297673502313,11.4611288300382,6.02800907942459,22.7117769608362,8.63649590161385
"GENE2166",26.4921419209344,17.1821938736718,24.9591638295379,36.8488354103538,23.8745838643544,16.9595329416606,18.3528740667821,59.9533394322591,22.9222576600764,37.029198630751,19.1257069143884,13.3473118479487
"GENE2167",23.8429277288409,9.66498405394042,13.3709806229667,9.5093768800913,21.0096338006318,4.84558084047446,3.98975523190916,3.21178604101388,22.9222576600764,22.3897480092913,31.0792737358811,14.9175838300603
"GENE2168",83.4502470509432,93.4281791880907,117.664629482107,73.6976708207075,80.2186017842307,115.486343364641,71.8155941743648,46.0355999211989,81.1829958794374,64.5858115652634,120.731024897077,77.7284631145246
"GENE2169",2.64921419209344,5.36943558552245,1.78279741639556,14.2640653201369,17.1897003823351,13.7291457146776,7.18155941743648,10.7059534700463,13.3713169683779,7.75029738783161,2.39071336429855,7.06622391950224
"GENE2170",34.4397844972147,23.6255165762988,47.2441315344825,29.7168027502853,40.1093008921153,61.3773573126764,15.9590209276366,62.0945301262683,25.787539867586,13.7783064672562,35.8607004644782,44.7527514901808
"GENE2171",30.4659632090745,34.3643877473437,38.3301444525046,49.9242286204793,84.9935185571016,84.797664708303,71.017643127983,64.2357208202776,85.9584662252867,30.1400453971229,38.2514138287768,43.1824795080692
"GENE2172",68.8795689944293,138.531438106479,102.510851442745,116.489866781118,114.598002548901,73.4913094138626,85.3807619628559,44.9650045741943,58.260738219361,99.8927218876075,106.386744711285,69.0919672129108
"GENE2173",197.366457310961,283.506198915586,198.781911928105,350.658272453367,360.028724674464,381.993289590736,197.891859502694,304.049078549314,233.998046946614,144.67221790619,339.481297730394,284.219228762201
"GENE2174",52.9842838418687,24.6994036934033,29.4161573705268,42.7921959604108,33.4244174100961,43.6102275642701,39.0996012727097,21.4119069400925,29.6079161442654,23.2508921634948,16.7349935500898,44.7527514901808
"GENE2175",52.9842838418687,28.9949521618212,32.9817522033179,29.7168027502853,22.9196005097802,45.2254211777616,21.5446782523094,7.49416742903239,17.1916932450573,18.9451713924773,26.297847007284,25.9094877048415
"GENE2176",11.9214638644205,28.9949521618212,27.6333599541312,24.9621143102397,41.0642842466895,34.7266626900669,17.5549230204003,42.8238138801851,21.0120695217367,33.584622013937,52.5956940145681,20.4135357674509
"GENE2177",17.2198922486073,9.66498405394042,29.4161573705268,9.5093768800913,14.3247503186126,12.1139521011861,15.9590209276366,32.1178604101388,7.64075255335881,31.0011895513265,10.7582101393435,18.8432637853393
"GENE2178",19.8691064407008,8.59109693683592,8.02258837378004,11.8867211001141,9.54983354574175,11.3063552944404,16.7569719740185,3.21178604101388,8.59584662252867,21.5286038550878,33.4699871001797,6.28108792844643
"GENE2179",58.2827122260556,40.8077104499706,62.3979095738448,70.1316544906733,63.9838847564697,50.071002018236,30.3221397625096,50.3179813092174,45.8445153201529,27.5566129345124,26.297847007284,21.9838077495625
"GENE2180",82.1256399548965,102.019276124927,68.6377005312292,62.9996218306048,64.9388681110439,43.6102275642701,75.0073983598921,49.2473859622128,63.0362085652102,66.3080998736705,35.8607004644782,77.7284631145246
"GENE2181",1517.99973206954,1195.2363613373,1108.00859428984,727.467331326984,899.594320008873,786.599289770353,1350.13317047806,1050.25403541154,1050.60347608684,944.675137161253,975.411052633808,912.328021606845
"GENE2182",638.460620294518,496.135848102275,393.99822902342,691.807168026642,625.514097246084,683.226898506898,493.133746663972,672.333877918906,619.856050891234,467.601275732507,609.63190789613,539.388425855338
"GENE2183",27.8167490169811,26.8471779276123,13.3709806229667,41.6035238503994,41.0642842466895,20.9975169753893,35.1098460408006,32.1178604101388,35.3384805592845,19.8063155466808,27.4932036894333,32.9757116243438
"GENE2184",365.591558508894,98.7976147736131,172.93134939037,458.827434464405,193.861620978557,257.623381351892,183.528740667821,167.012874132722,159.500709551365,260.926678723664,169.740648865197,224.54889344196
"GENE2185",76.8272115707097,69.8026626117919,24.9591638295379,40.414851740388,30.5594673463736,16.9595329416606,35.9077970871824,20.3413115930879,26.7426339367558,60.2800907942459,53.7910506967173,18.8432637853393
"GENE2186",55.6334980339622,32.2166135131347,41.8957392852958,83.2070477007988,50.6141177924313,43.6102275642701,118.096754864511,39.6120278391712,50.6199856660021,29.2789012429194,50.2049806502695,43.1824795080692
"GENE2187",54.3088909379154,143.900873692002,58.8323147410536,55.8675891705364,73.5337183022115,65.4153413464052,61.442230571401,73.8710789433192,39.1588568359639,68.0303881820775,60.963190789613,71.4473751860782
"GENE2188",551.036551955435,310.353376843198,338.731509115157,424.355943274074,400.138025566579,257.623381351892,582.504263858737,408.967422555767,189.108625695631,345.318805835609,230.70383965481,354.096331966168
"GENE2189",345.722452068193,573.455720533798,672.114625981128,590.770038675672,1012.28235584863,545.127844553376,631.179277688028,586.686250158535,226.357294393255,630.357520876971,755.465423118341,610.835801041416
"GENE2190",765.622901515003,868.774677737533,852.17716503708,849.90055865816,647.47871440129,830.209517334624,1096.38473772864,464.638380600008,595.978699161987,1004.9552279555,674.181168732191,921.749653499514
"GENE2191",52.9842838418687,28.9949521618212,36.5473470361091,54.678917060525,31.5144507009478,53.301389245219,23.1405803450731,9.63535812304164,42.9792331126433,38.7514869391581,31.0792737358811,51.0338394186273
"GENE2192",867.6176479106,563.790736479858,687.26840402049,564.619252255421,796.456117714862,548.358231780359,642.350592337374,538.509459543327,879.641637705433,541.659672994009,663.422958592847,517.404618105775
"GENE2193",500.701482305659,1020.19276124927,603.476925449899,594.336055005706,1282.54264519312,1071.6809625516,627.189522456119,745.13436151522,742.108091744975,465.8789874241,678.962595460788,611.620937032472
"GENE2194",246.37691986469,185.782471259077,220.175480924852,172.357455951655,213.916271424615,235.818267569757,123.682412189184,174.507041561754,145.174298513817,145.533362060394,344.262724458991,92.6460469445849
"GENE2195",1.32460709604672,17.1821938736718,10.6967844983734,9.5093768800913,13.3697669640384,17.7671297484063,12.7672167421093,13.9177395110601,10.5060347608684,17.2228830840703,14.3442801857913,18.0581277942835
"GENE2196",237.104670192363,238.402939997197,203.238905469094,208.017619251997,158.527236859313,166.364942189623,106.925440215165,157.37751600968,118.431664577062,199.785443775215,170.936005547346,208.846173620844
"GENE2197",7.94764257628031,17.1821938736718,3.56559483279113,26.1507864202511,8.59485019116757,11.3063552944404,21.5446782523094,19.2707162460833,19.101881383397,6.02800907942459,7.17214009289565,6.28108792844643
"GENE2198",15.8952851525606,8.59109693683592,11.5881832065712,9.5093768800913,15.2797336731868,14.5367425214234,19.150825113164,7.49416742903239,2.86528220750956,7.75029738783161,8.36749677504492,11.7770398658371
"GENE2199",1703.44472551608,968.64617962825,1239.93560310311,754.806789857247,976.947971729381,1374.52976508125,935.198626359506,802.94651025347,818.515617278563,1210.76868081014,1117.65849780957,456.164010803422
"GENE2200",230.481634712129,150.344196394629,285.24758662329,234.168405672248,202.456471169725,212.39796017413,265.71769844515,199.130734542861,210.120695217367,186.007137307959,210.382776058272,216.697533531402
"GENE2201",234.455456000269,224.442407474839,300.401364662653,243.677782552339,241.610788707266,265.699349419349,150.812747766166,215.18966474793,222.536918116575,129.171623130527,158.982438725853,175.085326005444
"GENE2202",182.795779254447,225.516294591943,135.492603646063,194.942226041872,237.79085528897,180.901684711046,177.943083343148,208.766092665902,223.492012185745,192.035146387383,160.177795408003,161.738014157496
"GENE2203",45.0366412655884,27.9210650447168,40.1129418689002,39.2261796303766,48.7041510832829,33.1114690765755,30.3221397625096,9.63535812304164,34.3833864901147,46.5017843269897,32.2746304180304,59.6703353202411
"GENE2204",1188.17256515391,1335.91557367799,599.911330617107,484.978220884656,1130.70029181582,589.545668924392,244.17302019284,1140.18404455993,859.584662252867,840.476694502628,583.334060888846,873.85635804511
"GENE2205",573.554872588229,815.080321882308,871.787936617431,615.732152985911,717.192499285205,649.307832623577,808.324409984795,598.462798975586,797.503547756826,613.995781947104,952.699275672972,528.396521980556
"GENE2206",96.6963180114104,63.359339909165,132.81840752147,80.829703480776,50.6141177924313,75.1065030273541,57.4524753394918,44.9650045741943,53.4852678735117,67.169244027874,66.9399742003594,75.3730551413572
"GENE2207",34.4397844972147,36.5121619815527,34.7645496197135,17.8300816501712,52.5240845015796,21.8051137821351,23.1405803450731,24.6236929811064,43.9343271818132,24.9731804719019,31.0792737358811,21.1986717585067
"GENE2208",438.444948791464,429.554846841796,450.15634763988,539.657137945181,745.84199992243,377.955305557008,640.75469024461,451.791236435952,317.091230964391,671.69244027874,549.864073788666,442.031562964418
"GENE2209",6.62303548023359,20.4038552249853,39.2215431607024,17.8300816501712,13.3697669640384,8.07596806745743,6.38360837105465,8.56476277603701,7.64075255335881,6.02800907942459,8.36749677504492,20.4135357674509
"GENE2210",466.261697808445,511.170267741738,517.011250754714,394.639140523789,322.784373846071,457.09979261809,295.241887161278,747.275552209229,363.890840353714,548.548826227638,518.784800052785,465.585642696092
"GENE2211",190.743421830727,95.5759534222997,143.515192019843,141.451981091358,153.752320086442,242.279042023723,141.237335209584,118.836083517514,148.039580721327,133.477343901544,190.061712461735,170.37451005911
"GENE2212",42.387427073495,60.1376785578515,74.8774914886137,43.9808680704222,104.093185648585,103.372391263455,67.0278878960738,133.824418375578,71.6320551877389,83.5309829577407,75.3074709754043,80.8690070787478
"GENE2213",347.04705916424,522.983026029887,411.826203187375,794.032969487623,617.874230409491,797.098048258048,698.207165584102,527.803506073281,513.84060921338,714.749647988915,867.828951240373,434.18020305386
"GENE2214",309.958060474932,215.851310538003,166.691558432985,227.03637301218,253.070588962156,216.435944207859,300.82754448595,86.7182231073748,154.725239205516,161.89510099026,193.647782508182,303.847628538596
"GENE2215",30.4659632090745,39.7338233328662,41.004340577098,58.2449333905592,22.9196005097802,34.7266626900669,22.3426292986913,18.2001208990787,28.6528220750956,18.0840272382738,10.7582101393435,31.4054396422322
"GENE2216",176.172743774214,191.151906844599,215.718487383863,143.829325311381,248.295672189285,115.486343364641,233.799656589877,238.742762382032,297.989349580994,240.25921902278,204.405992647526,244.177293218355
"GENE2217",37.0889986893081,33.2905006302392,8.02258837378004,15.4527374301484,18.1446837369093,29.8810818495925,33.5139439480369,13.9177395110601,21.9671635909066,12.0560181588492,32.2746304180304,17.2729918032277
"GENE2218",853.046969854087,698.026626117919,773.734078715675,320.941469703081,647.47871440129,567.740555142257,596.069431647228,676.616259306924,824.246181693582,336.707364293573,778.177200079178,354.881467957224
"GENE2219",33.115177401168,30.0688392789257,57.9409160328558,60.622277610582,31.5144507009478,50.8785988249818,32.7159929016551,28.9060743691249,27.6977280059257,31.0011895513265,41.8374838752246,41.6122075259576
"GENE2220",302.010417898652,53.6943558552245,89.1398708197782,128.376587881232,107.913119066882,220.473928241588,76.6033004526558,113.48310678249,156.635427343856,115.393316663271,70.5260442468072,181.366413933891
"GENE2221",23.8429277288409,26.8471779276123,30.3075560787246,23.7734422002282,35.3343841192445,46.0330179845073,24.7364824378368,20.3413115930879,27.6977280059257,27.5566129345124,31.0792737358811,14.1324478390045
"GENE2222",176.172743774214,70.8765497288964,45.4613341180869,86.7730640308331,55.3890345653021,112.255956137658,49.4729648756735,79.2240556783424,59.2158322885308,43.0572077101756,50.2049806502695,31.4054396422322
"GENE2223",119.214638644205,153.565857745942,137.275401062458,111.735178341073,132.74268628581,217.243541014605,104.53158707602,157.37751600968,165.231273966384,105.059586812829,70.5260442468072,140.539342398989
"GENE2224",437.120341695417,527.278574498305,568.712375830185,607.411448215832,495.636361023997,453.869405391107,501.911208174172,391.837897003693,267.426339367559,522.714501601532,375.341998194872,567.653321533347
"GENE2225",9.27224967232703,19.3299681078808,8.02258837378004,10.6980489901027,2.86495006372252,13.7291457146776,10.3733636029638,9.63535812304164,4.77547034584926,0.861144154203513,16.7349935500898,1.57027198211161
"GENE2226",594.748586124976,455.328137652304,367.256267777486,299.545371722876,344.748991001277,223.704315468571,493.133746663972,341.519915694476,362.935746284544,124.865902359509,400.444488520007,394.138267510014
"GENE2227",70.2041760904761,65.5071141433739,54.3753212000647,77.2636871507418,62.0739180473214,60.5697605059307,97.3500276585834,27.8354790221203,88.8237484327962,84.3921271119442,52.5956940145681,113.059582712036
"GENE2228",198.691064407008,252.363472519555,180.95393776415,135.508620541301,396.318092148283,167.980135803114,157.196356137221,145.600967192629,199.614660456499,145.533362060394,184.084929050988,144.465022354268
"GENE2229",528.518231322641,439.219830895737,559.798388748207,629.996218306048,635.063930791826,604.890008252561,351.896411454388,637.004231467753,551.089277911005,620.884935180733,300.034527219468,465.585642696092
"GENE2230",974.910822690385,1144.76366683339,1457.43688790337,930.730262138936,572.990012744505,1275.19535785153,871.36254264896,903.582472871905,1003.80386669751,979.120903329394,689.720805600131,637.530424737313
"GENE2231",164.251279909793,129.940341169643,164.90876101659,288.847322732773,144.2024865407,159.096570928911,152.40864985893,178.789422949773,154.725239205516,86.1144154203513,145.833515222211,88.7203669893059
"GENE2232",503.350696497753,1009.45389007822,764.820091633697,757.18413407727,781.176384041675,722.79914203744,540.2128584005,437.873496924892,535.807772804287,1049.73472397408,998.122829594644,386.286907599456
"GENE2233",37.0889986893081,46.1771460354931,53.4839224918669,36.8488354103538,92.633385393695,43.6102275642701,48.6750138292917,55.6709580442406,68.7667729802293,67.169244027874,68.1353308825086,72.232511177134
"GENE2234",51.659676745822,53.6943558552245,23.1763664131423,67.7543102706505,28.6495006372252,87.2204551285402,51.0688669684372,32.1178604101388,23.8773517292463,37.8903427849546,49.0096239681202,29.0500316690648
"GENE2235",55.6334980339622,12.8866454052539,27.6333599541312,43.9808680704222,26.7395339280769,20.1899201686436,57.4524753394918,40.6826231861758,14.3264110375478,21.5286038550878,19.1257069143884,14.9175838300603
"GENE2236",37.0889986893081,51.5465816210155,49.9183276590758,33.2828190803195,52.5240845015796,20.1899201686436,33.5139439480369,22.4825022870972,33.4282924209448,16.3617389298667,27.4932036894333,15.7027198211161
"GENE2237",561.633408723809,778.568159900756,600.802729325305,493.298925654736,587.314763063118,439.332662869684,881.735906251924,340.449320347471,687.667729802293,663.942142890908,600.069054438936,668.15072838849
"GENE2238",1086.17781875831,1117.91648890577,577.626362912163,960.447064889221,417.327725948914,783.36890254337,726.933403253848,295.484315773277,929.306529302266,850.81042435307,883.368588108314,1034.80923621155
"GENE2239",400.031343006109,423.111524139169,363.690672944695,757.18413407727,664.668414783626,742.989062206083,331.14968424846,450.720641088948,222.536918116575,707.860494755287,454.235539216724,513.478938150496
"GENE2240",169.54970829398,214.777423420898,228.198069298632,114.112522561096,145.157469895275,132.445876306302,168.367670786566,81.3652463723516,161.410897689705,162.756245144464,52.5956940145681,157.812334202217
"GENE2241",278.167490169811,194.373568195913,154.211976518216,125.99924366121,206.276404588022,230.972686729282,148.418894627021,207.695497318898,201.524848594839,229.925489172338,190.061712461735,103.637950819366
"GENE2242",117.890031548158,178.265261439345,117.664629482107,197.319570261894,110.778069130604,158.288974122166,98.1479787049652,61.0239347792637,173.827120588913,84.3921271119442,107.582101393435,94.2163189266965
"GENE2243",6.62303548023359,7.51720981973143,4.45699354098891,17.8300816501712,16.234717027761,9.69116168094891,20.7467272059276,12.8471441640555,20.0569754525669,18.0840272382738,28.6885603715826,8.63649590161385
"GENE2244",42.387427073495,10.7388711710449,1.78279741639556,17.8300816501712,5.72990012744505,11.3063552944404,5.58565732467282,13.9177395110601,12.4162228992081,9.47258569623864,4.7814267285971,14.1324478390045
"GENE2245",119.214638644205,113.832034413076,90.9226682361738,58.2449333905592,71.6237515930631,100.142004036472,88.5725661483833,85.6476277603701,70.676961118569,43.0572077101756,57.3771207431652,116.985262667315
"GENE2246",59.6073193221023,54.768242972329,81.1172824459982,79.6410313707646,83.0835518479532,124.369908238844,101.339782890493,143.45977649862,97.4195950553249,68.891532336281,57.3771207431652,60.4554713112969
"GENE2247",154.979030237466,206.186326484062,227.306670590434,175.923472281689,123.192852740069,193.823233618978,97.3500276585834,179.860018296777,160.455803620535,131.755055593137,206.796706011824,105.993358792534
"GENE2248",33.115177401168,35.4382748644482,27.6333599541312,43.9808680704222,64.9388681110439,29.8810818495925,39.8975523190916,40.6826231861758,101.239971332004,54.2520817148213,58.5724774253144,14.9175838300603
"GENE2249",15.8952851525606,8.59109693683592,4.45699354098891,10.6980489901027,17.1897003823351,7.26837126071168,9.57541255658198,14.9883348580648,31.5181042826051,13.7783064672562,27.4932036894333,21.1986717585067
"GENE2250",2.64921419209344,21.4777423420898,8.02258837378004,1.18867211001141,17.1897003823351,8.88356487420317,5.58565732467282,16.0589302050694,6.68565848418896,0,5.97678341074637,19.6283997763951
"GENE2251",43.7120341695417,62.2854527920605,38.3301444525046,39.2261796303766,51.5691011470054,63.8001477329137,57.4524753394918,39.6120278391712,11.4611288300382,80.0864063409267,43.0328405573739,41.6122075259576
"GENE2252",34.4397844972147,54.768242972329,44.5699354098891,42.7921959604108,26.7395339280769,22.6127105888808,35.1098460408006,22.4825022870972,28.6528220750956,34.4457661681405,5.97678341074637,27.4797596869532
"GENE2253",284.790525650044,310.353376843198,295.052972413466,249.621143102397,155.66228679559,291.542447235213,307.211152857005,295.484315773277,411.645543812206,361.680544765475,231.899196336959,234.755661325685
"GENE2254",925.900360136656,666.883899721889,573.169369371174,835.636493338023,507.096161278887,856.052615150487,1196.92656957275,678.757450000933,608.394922061196,632.940953339582,798.498263675715,631.249336808867
"GENE2255",23.8429277288409,24.6994036934033,31.1989547869224,19.0187537601826,37.2443508283928,10.4987584876947,19.150825113164,12.8471441640555,39.1588568359639,21.5286038550878,34.665343782329,29.0500316690648
"GENE2256",18.5444993446541,7.51720981973143,11.5881832065712,7.13203266006847,6.68488348201922,10.4987584876947,7.18155941743648,14.9883348580648,8.59584662252867,4.30572077101756,5.97678341074637,8.63649590161385
"GENE2257",11.9214638644205,22.5516294591943,27.6333599541312,15.4527374301484,21.964617155206,29.0734850428467,23.1405803450731,16.0589302050694,9.55094069169852,11.1948740046457,15.5396368679406,21.1986717585067
"GENE2258",55.6334980339622,26.8471779276123,41.8957392852958,36.8488354103538,47.7491677287087,50.8785988249818,61.442230571401,35.3296464511527,62.0811144960404,79.2252621867232,35.8607004644782,51.0338394186273
"GENE2259",46.3612483616351,38.6599362157617,41.8957392852958,42.7921959604108,33.4244174100961,65.4153413464052,26.3323845306004,61.0239347792637,52.5301738043418,78.3641180325196,40.6421271930753,39.2567995527902
"GENE2260",341.748630780053,732.391013865263,645.372664735194,488.54423721469,300.819756690865,543.512650939885,288.060327743841,376.849562145629,366.756122561223,495.15788866702,326.332374226752,313.269260431266
"GENE2261",406.654378486342,136.38366387227,231.763664131423,286.46997851275,287.449989726827,276.198107907044,138.045531024057,170.224660173736,191.97390790314,154.144803602429,178.108145640242,310.128716467043
"GENE2262",63.5811406102425,40.8077104499706,16.9365754557579,53.4902449505135,58.2539846290247,33.9190658833212,37.5036991799461,54.600362697236,37.2486686976242,32.7234778597335,19.1257069143884,18.0581277942835
"GENE2263",52.9842838418687,54.768242972329,47.2441315344825,80.829703480776,84.9935185571016,119.52432739837,87.7746151020014,83.5064370663609,51.575079735172,47.3629284811932,86.0656811147477,45.5378874812367
"GENE2264",103.319353491644,40.8077104499706,68.6377005312292,47.5468844004565,50.6141177924313,35.5342594968127,43.0893565046189,93.1417951894025,84.048278086947,63.7246674110599,49.0096239681202,28.264895678009
"GENE2265",31.7905703051212,17.1821938736718,38.3301444525046,72.5089987106961,55.3890345653021,49.2634052114903,35.1098460408006,37.4708371451619,22.9222576600764,88.6978478829618,44.2281972395231,26.6946236958973
"GENE2266",739.130759594069,444.589266481259,410.04340577098,461.204778684428,365.758624801909,604.890008252561,384.612404356043,332.955152918439,394.453850567149,497.74132112963,225.922412926213,381.576091653121
"GENE2267",50.3350696497753,146.048647926211,116.773230773909,160.470734851541,157.572253504739,93.6812295825062,153.206600905312,196.989543848851,46.7996093893227,119.699037434288,135.075305082868,115.414990685203
"GENE2268",42.387427073495,24.6994036934033,30.3075560787246,13.0753932101255,42.9742509558379,33.1114690765755,31.1200908088914,27.8354790221203,15.2815051067176,22.3897480092913,16.7349935500898,47.1081594633483
"GENE2269",46.3612483616351,37.5860490986572,56.1581186164603,66.5656381606391,42.0192676012637,16.9595329416606,28.7262376697459,49.2473859622128,35.3384805592845,51.6686492522108,25.1024903251348,46.3230234722925
"GENE2270",1.32460709604672,6.44332270262694,11.5881832065712,5.94336055005706,4.77491677287087,10.4987584876947,4.78770627829099,14.9883348580648,13.3713169683779,12.0560181588492,5.97678341074637,18.8432637853393
"GENE2271",9.27224967232703,25.7732908105078,16.9365754557579,39.2261796303766,25.7845505735027,27.4582914293553,21.5446782523094,14.9883348580648,46.7996093893227,28.4177570887159,40.6421271930753,3.14054396422322
"GENE2272",37.0889986893081,11.8127582881494,43.6785367016913,26.1507864202511,23.8745838643544,14.5367425214234,31.1200908088914,23.5530976341018,18.1467873142272,19.8063155466808,14.3442801857913,26.6946236958973
"GENE2273",242.403098576549,118.127582881494,211.261493842874,190.187537601826,229.196005097802,305.271592949891,264.121796352386,159.518706703689,182.422967211442,109.365307583846,215.164202786869,183.721821907058
"GENE2274",460.963269424258,430.628733958901,403.803614813595,444.563369144268,498.501311087719,416.719952280803,727.73135430023,609.168752445633,541.538337219306,396.987455087819,425.546978845142,377.650411697842
"GENE2275",5.29842838418687,11.8127582881494,18.7193728721534,13.0753932101255,14.3247503186126,2.42279042023723,8.77746151020014,4.28238138801851,4.77547034584926,5.16686492522108,2.39071336429855,2.35540797316741
"GENE2276",83.4502470509432,39.7338233328662,51.7011250754714,35.6601633003424,104.093185648585,69.4533253801339,53.4627201075827,72.8004835963146,42.0241390434735,80.0864063409267,70.5260442468072,43.967615499125
"GENE2277",641.109834486612,641.110608911381,554.449996499021,930.730262138936,504.231211215164,927.121134144113,1024.56914355427,695.886975553007,1046.78309981016,800.864063409267,780.567913443476,624.183112889364
"GENE2278",309.958060474932,140.679212340688,205.02170288549,222.281684572134,248.295672189285,264.084155805858,253.748432749422,285.848957650235,274.111997851747,121.421325742695,438.695902348784,138.969070416877
"GENE2279",108.617781875831,108.462598827554,111.424838524723,53.4902449505135,76.398668365934,130.83068269281,110.117244400693,102.777153312444,92.6441247094756,121.421325742695,90.8471078433448,94.2163189266965
"GENE2280",19.8691064407008,15.0344196394629,16.0451767475601,15.4527374301484,5.72990012744505,23.4203073956265,6.38360837105465,4.28238138801851,17.1916932450573,8.61144154203513,20.3210635965377,25.9094877048415
"GENE2281",166.900494101886,157.86140621436,107.859243691932,174.734800171678,127.012786158365,165.557345382877,246.566873331986,130.612632334564,184.333155349781,169.645398378092,218.750272833317,129.547438524208
"GENE2282",446.392591367744,237.329052880092,377.95305227586,372.054370433572,554.845329007596,269.737333453078,327.957880062933,374.708371451619,367.711216630393,363.402833073882,267.759896801437,295.996268628038
"GENE2283",91.3978896272235,82.6893080170458,35.6559483279113,131.942604211267,284.585039663104,149.405409247962,90.9664192875288,51.3885766562221,82.1380899486072,116.254460817474,93.2378212076434,81.6541430698037
"GENE2284",219.884777943755,509.022493507529,568.712375830185,222.281684572134,407.777892403173,427.218710768498,530.637445843918,330.81396222443,242.593893569142,341.874229218794,343.067367776842,391.782859536846
"GENE2285",176.172743774214,107.388711710449,57.9409160328558,103.414473570993,163.302153632184,147.790215634471,96.5520766122016,83.5064370663609,106.970535747023,105.920730967032,136.270661765017,57.3149273470737
"GENE2286",98.0209251074571,131.014228286748,86.4656746951849,112.923850451084,75.4436850113598,159.096570928911,59.0483774322555,56.7415533912452,48.7097975276624,83.5309829577407,62.1585474717623,52.6041114007389
"GENE2287",22.5183206327942,85.9109693683592,36.5473470361091,71.3203266006847,65.8938514656181,50.8785988249818,31.1200908088914,35.3296464511527,45.8445153201529,93.0035686539794,45.4235539216724,47.1081594633483
"GENE2288",225.183206327942,223.368520357734,230.872265423226,217.526996132088,242.56577206184,227.742299502299,247.364824378368,232.319190300004,157.590521413026,250.592948873222,194.843139190332,206.490765647677
"GENE2289",10.5968567683737,10.7388711710449,11.5881832065712,13.0753932101255,25.7845505735027,6.46077445396594,5.58565732467282,6.42357208202776,4.77547034584926,13.7783064672562,14.3442801857913,6.28108792844643
"GENE2290",125.837674124438,37.5860490986572,41.004340577098,55.8675891705364,46.7941843741346,24.2279042023723,66.229936849692,46.0355999211989,38.2037627667941,24.9731804719019,59.7678341074637,64.381151266576
"GENE2291",19.8691064407008,24.6994036934033,11.5881832065712,29.7168027502853,20.0546504460577,46.8406147912531,20.7467272059276,33.1884557571434,21.9671635909066,21.5286038550878,14.3442801857913,23.5540797316741
"GENE2292",39.7382128814015,56.916017206538,32.9817522033179,41.6035238503994,67.8038181747664,59.762163699185,32.7159929016551,52.4591720032267,57.3056441501911,49.9463609438037,52.5956940145681,45.5378874812367
"GENE2293",1136.51288840808,963.276744042728,1483.28745044111,651.392316286254,1362.76124697735,1061.18220406391,739.700619995958,1474.20979282537,550.134183841835,1163.40575232895,1220.45917247441,928.815877419016
"GENE2294",6.62303548023359,4.29554846841796,20.502170288549,7.13203266006847,22.9196005097802,9.69116168094891,11.9692656957275,14.9883348580648,21.0120695217367,9.47258569623864,3.58607004644782,7.85135991055804
"GENE2295",1078.23017618203,642.184496028485,875.353531450222,880.806033518456,851.845152280164,658.998994304526,666.289123728829,1150.88999802997,1090.71742699197,682.887314283386,695.697589010878,632.034472799922
"GENE2296",368.240772700988,437.072056661528,648.938259567985,555.109875375329,526.19582837037,564.510167915274,445.256683881062,601.6745850166,559.685124533533,421.960635559721,317.964877451707,527.6113859895
"GENE2297",47.6858554576819,88.0587436025682,27.6333599541312,19.0187537601826,26.7395339280769,87.2204551285402,66.229936849692,31.0472650631342,70.676961118569,35.306910322344,50.2049806502695,74.5879191503014
"GENE2298",10.5968567683737,22.5516294591943,41.004340577098,23.7734422002282,19.0996670914835,25.8430978158638,7.18155941743648,16.0589302050694,17.1916932450573,7.75029738783161,2.39071336429855,24.3392157227299
"GENE2299",21.1937135367475,20.4038552249853,16.9365754557579,33.2828190803195,34.3794007646703,11.3063552944404,14.363118834873,40.6826231861758,17.1916932450573,6.8891532336281,15.5396368679406,17.2729918032277
"GENE2300",6.62303548023359,5.36943558552245,4.45699354098891,7.13203266006847,4.77491677287087,11.3063552944404,2.39385313914549,1.07059534700463,15.2815051067176,6.02800907942459,19.1257069143884,18.0581277942835
"GENE2301",316.581095955166,401.633781797079,625.761893154843,527.770416845067,929.198804000672,396.53003211216,556.171879328136,306.190269243323,713.455269669879,483.101870508171,461.40767930962,578.645225408128
"GENE2302",1237.18302770763,1562.50575538703,1479.72185560832,983.031834979438,1124.0154083338,781.753708929879,990.257248559853,1502.04527184749,690.533012009803,782.780036170993,919.229288572792,981.419988819755
"GENE2303",72.8533902825695,75.1720981973143,58.8323147410536,103.414473570993,48.7041510832829,86.4128583217945,109.319293354311,67.4475068612915,57.3056441501911,67.169244027874,157.787082043704,102.85281482831
"GENE2304",315.256488859119,287.801747384003,298.618567246257,212.772307692043,537.65562862526,253.585397318163,419.722250396843,129.54203698756,314.225948756881,244.564939793798,206.796706011824,354.096331966168
"GENE2305",19.8691064407008,28.9949521618212,52.5925237836692,80.829703480776,21.964617155206,32.3038722698297,18.3528740667821,20.3413115930879,61.1260204268705,43.9183518643791,75.3074709754043,45.5378874812367
"GENE2306",229.157027616082,347.939425941855,157.777571351007,143.829325311381,235.880888579821,134.868666726539,80.593055684565,133.824418375578,230.177670669934,214.424894396675,127.903164989972,171.159646050165
"GENE2307",18.5444993446541,21.4777423420898,36.5473470361091,23.7734422002282,23.8745838643544,27.4582914293553,14.363118834873,23.5530976341018,31.5181042826051,26.6954687803089,20.3210635965377,18.0581277942835
"GENE2308",2.64921419209344,28.9949521618212,5.34839224918669,27.3394585302625,1.90996670914835,1.61519361349149,0.797951046381831,8.56476277603701,10.5060347608684,6.8891532336281,15.5396368679406,3.92567995527902
"GENE2309",381.486843661455,293.171182969526,328.034724616784,316.186781263036,415.417759239766,243.086638830469,283.27262146555,404.685041167749,368.666310699563,348.763382452423,203.210635965377,573.934409461793
"GENE2310",10.5968567683737,7.51720981973143,12.479581914769,8.32070477007988,3.8199334182967,7.26837126071168,13.5651677884911,19.2707162460833,0,2.58343246261054,9.56285345719419,3.92567995527902
"GENE2311",26.4921419209344,9.66498405394042,25.8505625377357,40.414851740388,37.2443508283928,34.7266626900669,11.9692656957275,18.2001208990787,16.2365991758875,34.4457661681405,26.297847007284,9.42163189266965
"GENE2312",74.1779973786162,84.8370822512548,51.7011250754714,27.3394585302625,38.199334182967,42.8026307575244,87.7746151020014,83.5064370663609,28.6528220750956,44.7794960185827,33.4699871001797,65.1662872576318
"GENE2313",186.769600542587,119.201469998598,82.008681154196,84.3957198108102,85.9485019116757,130.023085886065,170.761523925712,65.3063161672822,122.252040853741,105.920730967032,156.591725361555,95.0014549177523
"GENE2314",380.162236565408,447.810927832573,489.377890800582,458.827434464405,332.334207391813,389.261660851448,442.064879695535,268.719432098161,535.807772804287,388.376013545784,319.160234133856,252.028653128913
"GENE2315",217.235563751662,369.417168283945,207.695899010083,173.546128061666,209.141354651744,145.367425214234,185.922593806967,202.342520583874,179.557685003932,281.594138424549,211.578132740422,274.797596869532
"GENE2316",158.952851525606,182.560809907763,103.402250150943,203.262930811951,119.372919321772,188.977652778504,186.720544853349,102.777153312444,198.659566387329,204.091164546232,81.2842543861506,144.465022354268
"GENE2317",618.591513853817,815.080321882308,681.028613063106,521.82705629501,625.514097246084,449.023824550633,786.779731732486,633.792445426739,464.175717616548,913.673947609927,456.626252581023,874.641494036166
"GENE2318",15.8952851525606,7.51720981973143,5.34839224918669,14.2640653201369,9.54983354574175,6.46077445396594,5.58565732467282,7.49416742903239,5.73056441501911,7.75029738783161,11.9535668214927,13.3473118479487
"GENE2319",284.790525650044,275.988989095854,303.966959495444,238.923094112294,140.382553122404,394.914838498668,190.710300085258,228.036808911985,269.336527505898,397.848599242023,225.922412926213,242.607021236244
"GENE2320",333.800988203773,217.999084772212,354.776685862717,438.620008594211,477.491677287087,247.932219670943,337.533292619515,331.884557571434,268.381433436728,379.764572003749,276.127393576482,399.634219447404
"GENE2321",30.4659632090745,38.6599362157617,12.479581914769,29.7168027502853,38.199334182967,14.5367425214234,39.0996012727097,31.0472650631342,19.101881383397,46.5017843269897,19.1257069143884,40.041935543846
"GENE2322",845.099327277806,674.40110954162,956.47081389622,637.128250966117,575.854962808227,1120.94436776309,891.311318808505,730.146026657155,530.077208389268,1220.24126650638,781.763270125625,1137.66205103986
"GENE2323",164.251279909793,245.920149816928,317.33794011841,343.526239793298,296.999823272568,569.355748755749,371.845187613933,262.295860016133,323.77688944858,270.399264419903,258.197043344243,350.170652010889
"GENE2324",147.031387661186,315.72281242872,260.288422793752,186.621521271792,232.060955161524,217.243541014605,130.066020560238,252.660501893092,202.479942664009,145.533362060394,164.9592221366,153.101518255882
"GENE2325",312.607274667025,322.166135131347,370.821862610277,443.374697034257,339.019090873832,465.983357492294,249.758677517513,528.874101420285,416.421014158055,206.674597008843,455.430895898873,304.632764529652
"GENE2326",337.774809491913,245.920149816928,297.727168538059,473.091499784542,412.552809176044,124.369908238844,240.183264960931,314.75503201936,147.084486652157,247.148372256408,191.257069143884,307.773308493875
"GENE2327",39.7382128814015,16.1083067565674,28.524758662329,10.6980489901027,41.0642842466895,25.035501009118,23.1405803450731,28.9060743691249,8.59584662252867,17.2228830840703,23.9071336429855,29.0500316690648
"GENE2328",6.62303548023359,16.1083067565674,12.479581914769,9.5093768800913,12.4147836094643,6.46077445396594,15.1610698812548,20.3413115930879,16.2365991758875,24.9731804719019,13.148923503642,7.85135991055804
"GENE2329",336.450202395866,309.279489726093,331.600319449575,492.110253544725,316.099490364052,278.620898327281,144.429139395111,364.002417981573,225.402200324085,296.233589046008,241.462049794153,231.615117361462
"GENE2330",1111.3453535832,891.326307196727,1127.61936587019,527.770416845067,913.919070327485,625.887525227951,754.06373883083,613.451133833651,680.026977248934,770.724018012144,1066.25816047715,577.860089417072
"GENE2331",38.4136057853548,37.5860490986572,43.6785367016913,36.8488354103538,64.9388681110439,54.1089860519648,42.2914054582371,26.7648836751157,43.9343271818132,34.4457661681405,32.2746304180304,20.4135357674509
"GENE2332",910.005074984095,575.603494768007,553.558597790823,487.355565104679,459.346993550178,751.065030273541,585.696068044264,498.897431704156,634.182461928782,386.653725237377,340.676654412543,606.910121086137
"GENE2333",768.272115707097,820.449757467831,537.513421043263,676.354430596493,332.334207391813,470.021341526022,536.223103168591,334.025748265443,594.068511023648,865.44987497453,588.115487617443,500.916762293603
"GENE2334",31.7905703051212,30.0688392789257,14.2623793311645,23.7734422002282,22.9196005097802,34.7266626900669,21.5446782523094,44.9650045741943,21.9671635909066,22.3897480092913,29.8839170537319,47.1081594633483
"GENE2335",14.5706780565139,33.2905006302392,48.1355302426802,21.3960979802054,48.7041510832829,45.2254211777616,16.7569719740185,70.6592929023054,32.473198351775,17.2228830840703,52.5956940145681,14.9175838300603
"GENE2336",814.633364068732,757.090417558666,412.717601895573,736.976708207075,1302.59729563917,820.518355653675,430.893565046189,477.485524764063,757.389596851692,566.632853465911,725.58150606461,570.008729506514
"GENE2337",6.62303548023359,4.29554846841796,23.1763664131423,24.9621143102397,11.4598002548901,22.6127105888808,18.3528740667821,22.4825022870972,9.55094069169852,17.2228830840703,19.1257069143884,16.4878558121719
"GENE2338",279.492097265858,340.422216122124,326.251927200388,334.016862913207,316.099490364052,388.454064044702,242.577118100077,190.565971766824,367.711216630393,206.674597008843,408.811985295052,357.236875930391
"GENE2339",17.2198922486073,11.8127582881494,20.502170288549,29.7168027502853,34.3794007646703,16.9595329416606,34.3118949944187,23.5530976341018,16.2365991758875,13.7783064672562,14.3442801857913,18.8432637853393
"GENE2340",56.9581051300089,28.9949521618212,19.6107715803512,46.3582122904451,41.0642842466895,21.8051137821351,26.3323845306004,27.8354790221203,28.6528220750956,27.5566129345124,13.148923503642,58.1000633381295
"GENE2341",160.277458621653,66.5810012604784,67.7463018230314,121.244555221164,56.3440179198763,64.6077445396594,71.8155941743648,109.200725394472,109.835817954533,99.031577733404,80.0888977040014,104.423086810422
"GENE2342",15.8952851525606,13.9605325223584,18.7193728721534,29.7168027502853,13.3697669640384,12.1139521011861,27.1303355769823,25.694288328111,15.2815051067176,37.029198630751,20.3210635965377,10.9919038747813
"GENE2343",34.4397844972147,71.9504368460009,46.3527328262847,41.6035238503994,56.3440179198763,54.1089860519648,58.2504263858737,28.9060743691249,69.7218670493992,55.9743700232283,31.0792737358811,64.381151266576
"GENE2344",243.727705672596,376.934378103676,213.935689967468,253.187159432431,354.298824547019,171.210523030097,222.628341940531,230.177999605995,227.312388462425,275.566129345124,257.001686662094,301.492220565429
"GENE2346",370.889986893081,274.91510197875,381.518647108651,282.903962182716,368.623574865631,314.155157824094,363.865677150115,152.024539274657,170.961838381403,274.704985190921,276.127393576482,316.409804395489
"GENE2347",862.319219526414,617.485092335082,924.3804604011,954.503704339164,1073.40129054137,903.700826748486,596.86738269361,804.017105600475,880.596731774603,434.01665371857,561.817640610159,1187.91075446743
"GENE2348",22.5183206327942,25.7732908105078,7.13118966558226,15.4527374301484,21.0096338006318,35.5342594968127,13.5651677884911,25.694288328111,21.9671635909066,11.1948740046457,3.58607004644782,21.9838077495625
"GENE2349",27.8167490169811,24.6994036934033,14.2623793311645,21.3960979802054,19.0996670914835,12.9215489079319,7.97951046381831,24.6236929811064,8.59584662252867,18.9451713924773,13.148923503642,26.6946236958973
"GENE2350",700.717153808714,962.202856925624,999.257951889714,500.430958314804,755.391833468172,659.806591111272,638.360837105465,609.168752445633,582.60738219361,772.446306320551,1084.18851070939,1009.68488449776
"GENE2351",158.952851525606,131.014228286748,110.533439816525,146.206669531404,149.932386668145,97.7192136162349,160.388160322748,113.48310678249,115.566382369552,235.953498251762,125.512451625674,84.0095510429711
"GENE2352",290.088954034231,301.762279906362,376.170254859464,416.035238503994,429.742509558379,264.084155805858,307.211152857005,314.75503201936,219.671635909066,308.289607204858,370.560571466275,243.392157227299
"GENE2353",29.1413561130278,28.9949521618212,24.0677651213401,16.6414095401598,25.7845505735027,41.1874371440329,11.9692656957275,20.3413115930879,12.4162228992081,32.7234778597335,20.3210635965377,23.5540797316741
"GENE2355",573.554872588229,322.166135131347,469.767119220231,353.035616673389,565.350145907911,449.023824550633,439.671026556389,427.167543454846,578.78700591693,377.181139541139,442.281972395231,573.149273470737
"GENE2356",700.717153808714,716.282707108695,723.815751056599,357.790305113435,412.552809176044,806.789209938997,856.201472767705,796.522938171442,1216.78984412239,1205.60181588492,965.848199176614,671.291272352713
"GENE2357",1090.15164004645,929.986243412489,564.255382289196,1212.44555221164,890.044486463131,1150.01785280594,920.037556478251,1246.17298391339,498.559104106663,674.27587274135,828.382180729447,778.069767136302
"GENE2358",21.1937135367475,32.2166135131347,45.4613341180869,26.1507864202511,45.8392010195604,20.1899201686436,46.2811606901462,18.2001208990787,43.9343271818132,12.9171623130527,32.2746304180304,36.116255588567
"GENE2359",29.1413561130278,49.3988073868066,39.2215431607024,45.1695401804337,69.7137848839148,57.3393732789477,46.2811606901462,22.4825022870972,60.1709263577007,40.4737752475651,32.2746304180304,32.9757116243438
"GENE2360",19.8691064407008,35.4382748644482,7.13118966558226,19.0187537601826,14.3247503186126,38.7646467237957,15.9590209276366,22.4825022870972,20.0569754525669,4.30572077101756,0,20.4135357674509
"GENE2361",29.1413561130278,15.0344196394629,18.7193728721534,40.414851740388,32.4694340555219,32.3038722698297,19.9487761595458,36.4002417981573,20.0569754525669,24.1120363176984,45.4235539216724,36.9013915796228
"GENE2362",176.172743774214,99.8715018907176,109.642041108327,70.1316544906733,106.003152357733,65.4153413464052,130.066020560238,72.8004835963146,120.341852715401,178.256839920127,153.005655315107,80.8690070787478
"GENE2363",21.1937135367475,19.3299681078808,25.8505625377357,16.6414095401598,35.3343841192445,26.6506946226095,26.3323845306004,37.4708371451619,55.3954560118514,20.6674597008843,27.4932036894333,26.6946236958973
"GENE2364",751.052223458489,814.006434765204,415.391798020167,581.26066179558,483.221577414532,566.932958335511,509.092767591608,620.945301262683,555.864748256854,626.051800105954,349.044151187588,544.099241801672
"GENE2365",153.654423141419,214.777423420898,151.537780393623,154.527374301484,103.138202294011,173.633313450335,105.329538122402,259.08407397512,164.276179897214,200.646587929418,106.386744711285,99.7122708640871
"GENE2366",168.225101197933,170.748051619614,181.845336472348,177.1121443917,136.562619704107,128.407892272573,101.339782890493,152.024539274657,167.141462104724,125.727046513713,124.317094943525,95.0014549177523
"GENE2367",21.1937135367475,22.5516294591943,21.3935689967468,42.7921959604108,21.0096338006318,31.496275463084,20.7467272059276,10.7059534700463,19.101881383397,32.7234778597335,26.297847007284,16.4878558121719
"GENE2368",279.492097265858,294.24507008663,411.826203187375,124.810571551198,231.10597180695,162.326958155894,138.045531024057,254.801692587101,281.752750405106,180.840272382738,488.900882999053,338.393612145052
"GENE2369",5.29842838418687,9.66498405394042,26.7419612459335,10.6980489901027,7.6398668365934,7.26837126071168,7.97951046381831,6.42357208202776,7.64075255335881,12.0560181588492,10.7582101393435,4.71081594633483
"GENE2370",505.999910689846,306.05782837478,596.345735784316,343.526239793298,343.794007646703,317.385545051077,508.294816545227,279.425385568208,270.291621575068,432.294365410163,350.239507869737,551.165465721175
"GENE2371",27.8167490169811,35.4382748644482,77.551687613207,35.6601633003424,70.6687682384889,54.9165828587105,38.3016502263279,28.9060743691249,67.8116789110595,20.6674597008843,62.1585474717623,41.6122075259576
"GENE2372",3.97382128814015,18.2560809907763,6.23979095738448,2.37734422002282,8.59485019116757,11.3063552944404,7.18155941743648,2.14119069400925,2.86528220750956,20.6674597008843,13.148923503642,7.85135991055804
"GENE2373",92.7224967232703,74.0982110802099,83.7914785705915,73.6976708207075,80.2186017842307,79.1444870610828,104.53158707602,98.4947719244256,51.575079735172,76.6418297241126,19.1257069143884,105.993358792534
"GENE2374",9.27224967232703,19.3299681078808,8.02258837378004,13.0753932101255,12.4147836094643,11.3063552944404,11.1713146493456,16.0589302050694,16.2365991758875,10.3337298504422,37.0560571466275,6.28108792844643
"GENE2375",71.5287831865228,268.471779276123,231.763664131423,158.093390631518,392.498158729986,201.09160487969,172.357426018476,107.059534700463,58.260738219361,279.010705961938,179.303502322391,217.482669522458
"GENE2376",211.937135367475,137.457550989375,221.958278341248,292.413339062807,211.051321360893,147.790215634471,180.336936482294,259.08407397512,129.8927934071,166.200821761278,169.740648865197,107.563630774645
"GENE2377",9.27224967232703,5.36943558552245,3.56559483279113,9.5093768800913,9.54983354574175,9.69116168094891,5.58565732467282,11.7765488170509,8.59584662252867,6.8891532336281,8.36749677504492,21.1986717585067
"GENE2378",6.62303548023359,3.22166135131347,12.479581914769,10.6980489901027,12.4147836094643,4.03798403372871,11.9692656957275,3.21178604101388,15.2815051067176,10.3337298504422,7.17214009289565,7.85135991055804
"GENE2379",458.314055232164,916.02571089013,311.098149161026,508.751663084884,258.800489089601,282.65888236101,205.871369966512,406.826231861758,319.00141910273,469.323564040914,383.709494969917,300.707084574373
"GENE2380",47.6858554576819,71.9504368460009,68.6377005312292,62.9996218306048,64.9388681110439,41.1874371440329,84.5828109164741,29.9766697161295,44.889421250983,50.8075050980072,60.963190789613,30.6203036511764
"GENE2381",1049.088820069,1078.18266557291,1573.31871996909,490.921581434713,1440.11489869786,902.89322994174,963.924864029252,654.133757019827,1031.50159470344,1082.45820183382,649.078678407056,736.457559610344
"GENE2382",352.345487548427,295.318957203735,456.396138597264,325.696158143127,466.986860386772,377.955305557008,281.676719372786,391.837897003693,381.082533598771,234.231209943355,327.527730908901,171.944782041221
"GENE2383",996.104536227132,1076.0348913387,1118.70537878822,973.522458099347,807.915917969752,1401.98805651061,658.309613265011,1014.92438896039,703.904328978181,689.776467517014,687.330092235833,705.837255959168
"GENE2384",31.7905703051212,40.8077104499706,26.7419612459335,24.9621143102397,31.5144507009478,15.3443393281691,31.1200908088914,17.129525552074,13.3713169683779,19.8063155466808,16.7349935500898,29.8351676601206
"GENE2385",993.455322035039,875.21800044016,1608.974668297,1344.38815642291,953.073387865026,1130.63552944404,938.390430545034,1318.9734675097,826.156369831922,639.83010657321,1172.64490518844,741.168375556679
"GENE2386",22.5183206327942,21.4777423420898,12.479581914769,5.94336055005706,23.8745838643544,18.5747265551521,15.9590209276366,9.63535812304164,11.4611288300382,28.4177570887159,15.5396368679406,33.7608476153996
"GENE2387",471.560126192632,495.06196098517,253.15723312817,122.433227331175,183.356804078242,209.975169753893,133.257824745766,178.789422949773,171.916932450573,206.674597008843,184.084929050988,118.555534649426
"GENE2388",309.958060474932,190.078019727495,216.609886092061,251.998487322419,193.861620978557,155.866183701928,122.08651009642,81.3652463723516,197.704472318159,232.508921634948,125.512451625674,167.233966094886
"GENE2389",59.6073193221023,49.3988073868066,72.2032953640204,62.9996218306048,54.434051210728,48.4558084047446,63.8360837105465,58.8827440852545,77.362619602758,74.9195414157056,81.2842543861506,62.0257432934085
"GENE2390",25.1675348248876,49.3988073868066,32.9817522033179,23.7734422002282,45.8392010195604,50.071002018236,37.5036991799461,11.7765488170509,32.473198351775,10.3337298504422,37.0560571466275,32.190575633288
"GENE2391",19.8691064407008,18.2560809907763,14.2623793311645,28.5281306402739,18.1446837369093,18.5747265551521,14.363118834873,13.9177395110601,18.1467873142272,22.3897480092913,13.148923503642,23.5540797316741
"GENE2392",294.062775322371,312.501151077407,412.717601895573,168.79143962162,330.424240682665,249.547413284434,216.244733569476,247.307525158069,348.609335246996,180.840272382738,291.667030444423,279.508412815866
"GENE2393",111.266996067924,186.856358376181,170.257153265776,160.470734851541,271.215272699066,154.250990088437,346.310754129715,98.4947719244256,211.075789286537,163.617389298667,107.582101393435,230.829981370406
"GENE2394",410.628199774483,583.120704587738,450.15634763988,605.034103995809,310.369590236607,397.337628918905,430.893565046189,400.40265977973,446.028930302321,350.48567076083,682.548665507236,433.395067062804
"GENE2395",30.4659632090745,11.8127582881494,18.7193728721534,40.414851740388,24.8295672189285,10.4987584876947,33.5139439480369,12.8471441640555,50.6199856660021,23.2508921634948,11.9535668214927,12.5621758568929
"GENE2396",43.7120341695417,38.6599362157617,17.8279741639556,51.1129007304907,15.2797336731868,19.3823233618978,26.3323845306004,16.0589302050694,11.4611288300382,19.8063155466808,26.297847007284,24.3392157227299
"GENE2397",341.748630780053,505.800832156215,415.391798020167,448.129385474302,381.038358475096,649.307832623577,291.252131929368,344.73170173549,502.379480383342,320.345625363707,476.94731617756,356.451739939335
"GENE2398",23.8429277288409,4.29554846841796,12.479581914769,5.94336055005706,8.59485019116757,8.07596806745743,12.7672167421093,8.56476277603701,8.59584662252867,5.16686492522108,4.7814267285971,7.06622391950224
"GENE2399",929.874181424796,819.375870350726,1497.54982977227,1046.03145681004,1523.19845054581,1015.95678288614,1395.61638012182,920.711998423979,589.293040677799,1274.4933482212,721.995436018162,1209.10942622594
"GENE2400",180.146565062354,131.014228286748,122.121623023096,185.43284916178,98.36328552114,78.336890254337,173.155377064857,190.565971766824,192.92900197231,124.004758205306,212.773489422571,141.324478390045
"GENE2401",35.7643915932614,42.9554846841796,37.4387457443068,20.207425870194,36.2893674738186,23.4203073956265,32.7159929016551,39.6120278391712,27.6977280059257,35.306910322344,27.4932036894333,14.9175838300603
"GENE2402",231.806241808176,225.516294591943,188.97652613793,299.545371722876,282.675072953956,142.944634793996,193.104153224403,263.366455363138,106.970535747023,243.703795639594,262.97847007284,143.679886363212
"GENE2403",188.094207638634,238.402939997197,205.913101593688,215.149651912066,236.835871934395,159.096570928911,225.820146126058,255.872287934106,131.80298154544,166.200821761278,191.257069143884,66.7365592397434
"GENE2404",13.2460709604672,23.6255165762988,13.3709806229667,19.0187537601826,5.72990012744505,19.3823233618978,11.1713146493456,5.35297673502313,12.4162228992081,10.3337298504422,9.56285345719419,3.14054396422322
"GENE2405",462.287876520305,757.090417558666,659.635044066359,597.90207133574,494.681377669423,620.23434758073,432.489467138953,923.923784464993,508.110044798361,543.381961302416,469.775176084665,640.670968701536
"GENE2406",15.8952851525606,6.44332270262694,24.9591638295379,35.6601633003424,28.6495006372252,29.8810818495925,11.1713146493456,13.9177395110601,22.9222576600764,1.72228830840703,23.9071336429855,19.6283997763951
"GENE2407",702.041760904761,745.277659270516,645.372664735194,934.29627846897,691.407948711703,608.120395479544,950.359696240761,729.075431310151,773.62619602758,713.888503834712,671.790455367892,906.832069669454
"GENE2408",800.062686012218,956.833421340101,750.557712302533,775.014215727441,1078.17620731424,1582.88974122166,639.956739198229,1103.78380276177,868.180508875395,973.092894249969,1163.08205173124,543.314105810617
"GENE2409",19.8691064407008,24.6994036934033,12.479581914769,9.5093768800913,17.1897003823351,12.1139521011861,18.3528740667821,12.8471441640555,20.0569754525669,22.3897480092913,10.7582101393435,10.2067678837255
"GENE2410",47.6858554576819,71.9504368460009,24.0677651213401,10.6980489901027,30.5594673463736,29.0734850428467,28.7262376697459,53.5297673502313,26.7426339367558,31.0011895513265,31.0792737358811,28.264895678009
"GENE2411",176.172743774214,384.451587923408,191.650722262523,168.79143962162,214.871254779189,269.737333453078,216.244733569476,140.247990457606,226.357294393255,217.869471013489,149.419585268659,223.763757450904
"GENE2412",72.8533902825695,70.8765497288964,27.6333599541312,36.8488354103538,24.8295672189285,67.0305349598966,22.3426292986913,23.5530976341018,31.5181042826051,23.2508921634948,51.4003373324188,18.8432637853393
"GENE2413",21.1937135367475,52.62046873812,32.0903534951202,70.1316544906733,97.4083021665658,75.1065030273541,32.7159929016551,42.8238138801851,41.0690449743036,55.9743700232283,57.3771207431652,25.1243517137857
"GENE2414",245.052312768643,165.378616034092,185.410931305139,118.867211001141,348.568924419574,178.478894290809,165.175866601039,177.718827602768,151.859956998006,166.200821761278,279.71346362293,221.408349477737
"GENE2415",76.8272115707097,63.359339909165,73.9860927804159,66.5656381606391,84.9935185571016,61.3773573126764,66.229936849692,92.0711998423979,100.284877262834,20.6674597008843,59.7678341074637,36.9013915796228
"GENE2416",100.670139299551,158.935293331465,68.6377005312292,140.263308981347,72.5787349476373,133.253473113048,72.6135452207466,133.824418375578,155.680333274686,191.17400223318,149.419585268659,89.5055029803617
"GENE2417",68.8795689944293,61.211565674956,49.026928950878,84.3957198108102,85.9485019116757,50.8785988249818,57.4524753394918,25.694288328111,46.7996093893227,47.3629284811932,52.5956940145681,71.4473751860782
"GENE2418",117.890031548158,154.639744863047,78.4430863214048,67.7543102706505,107.913119066882,109.833165717421,140.439384163202,80.294651025347,69.7218670493992,125.727046513713,44.2281972395231,51.8189754096831
"GENE2419",41.0628199774483,44.0293718012841,51.7011250754714,40.414851740388,49.6591344378571,96.9116168094891,67.8258389424557,72.8004835963146,69.7218670493992,85.2532712661477,51.4003373324188,41.6122075259576
"GENE2420",21.1937135367475,19.3299681078808,17.8279741639556,7.13203266006847,21.0096338006318,9.69116168094891,10.3733636029638,10.7059534700463,5.73056441501911,18.0840272382738,16.7349935500898,4.71081594633483
"GENE2421",42.387427073495,37.5860490986572,33.8731509115157,15.4527374301484,33.4244174100961,27.4582914293553,43.8873075510007,25.694288328111,22.9222576600764,25.8343246261054,13.148923503642,38.4716635617344
"GENE2422",95.3717109153637,53.6943558552245,73.0946940722181,142.640653201369,30.5594673463736,124.369908238844,78.1992025454195,89.9300091483886,57.3056441501911,69.7526764904845,86.0656811147477,83.2244150519153
"GENE2423",1176.25110128949,892.400194313832,786.213660630444,1111.40842286067,1288.27254532056,1473.05657550423,978.287982864125,369.355394716596,1069.70535747023,1063.51303044134,606.045837849682,649.30746460315
"GENE2424",1.32460709604672,10.7388711710449,4.45699354098891,7.13203266006847,2.86495006372252,8.07596806745743,13.5651677884911,17.129525552074,15.2815051067176,12.9171623130527,4.7814267285971,7.06622391950224
"GENE2425",317.905703051212,274.91510197875,231.763664131423,300.734043832887,200.546504460577,179.286491097555,265.71769844515,163.801088091708,191.97390790314,135.199632209951,242.657406476303,363.517963858837
"GENE2426",429.172699119137,426.333185490483,305.749756911839,261.507864202511,414.462775885192,335.960271606229,420.520201443225,466.779571294017,450.80440064817,343.596517527202,235.485266383407,332.897660207661
"GENE2427",26.4921419209344,7.51720981973143,12.479581914769,22.5847700902168,17.1897003823351,21.8051137821351,8.77746151020014,12.8471441640555,4.77547034584926,10.3337298504422,9.56285345719419,9.42163189266965
"GENE2428",1280.89506187718,625.002302154813,820.978210250157,862.975951868285,516.645994824629,964.270587254417,801.94080161374,905.723663565914,563.505500810213,1022.17811103957,1181.01240196348,862.079318179273
"GENE2429",34.4397844972147,20.4038552249853,9.8053857901756,16.6414095401598,4.77491677287087,8.88356487420317,7.18155941743648,13.9177395110601,15.2815051067176,12.0560181588492,29.8839170537319,5.49595193739063
"GENE2430",14.5706780565139,3.22166135131347,8.91398708197782,21.3960979802054,8.59485019116757,14.5367425214234,3.19180418552732,12.8471441640555,5.73056441501911,2.58343246261054,3.58607004644782,13.3473118479487
"GENE2431",574.879479684276,1035.22718088873,432.328373475924,925.97557369889,577.764929517376,1338.1879087777,590.483774322555,610.239347792637,704.85942304735,596.772898863034,637.125111585563,368.228779805172
"GENE2432",654.355905447079,839.779725575712,572.277970662976,824.93844434792,872.854786080796,665.459768758492,458.023900623171,478.556120111068,540.583243150136,862.86644251192,935.964282122882,913.898293588956
"GENE2433",309.958060474932,691.583303415292,1124.9451697456,889.126738288536,605.459446800027,721.991545230694,692.62150825943,783.675794007387,623.676427167913,708.721638909491,560.62228392801,625.753384871476
"GENE2434",243.727705672596,125.644792701225,339.622907823355,291.224666952796,208.18637129717,265.699349419349,284.868523558314,185.2129950318,192.92900197231,179.979128228534,172.131362229495,195.498861772895
"GENE2435",13.2460709604672,22.5516294591943,41.004340577098,22.5847700902168,28.6495006372252,34.7266626900669,20.7467272059276,19.2707162460833,19.101881383397,12.9171623130527,21.5164202786869,22.7689437406183
"GENE2436",9.27224967232703,17.1821938736718,8.91398708197782,9.5093768800913,12.4147836094643,22.6127105888808,7.97951046381831,8.56476277603701,7.64075255335881,17.2228830840703,8.36749677504492,7.85135991055804
"GENE2437",610.643871277537,723.799916928427,689.942600145083,634.750906746094,1085.81607415084,642.039461362865,707.782578140684,1136.97225851891,931.216717440606,480.51843804556,590.506200981741,851.872550295548
"GENE2438",219.884777943755,195.447455313017,180.062539055952,323.318813923104,222.511121615783,220.473928241588,151.610698812548,173.43644621475,210.120695217367,162.756245144464,188.866355779585,347.815244037721
"GENE2439",692.769511232434,1217.78799079649,926.163257817496,490.921581434713,703.822732321167,865.743776831436,511.486620730754,601.6745850166,761.209973128372,851.671568507274,970.629625905211,588.851993291853
"GENE2440",125.837674124438,107.388711710449,58.8323147410536,89.1504082508559,130.832719576662,111.448359330912,64.6340347569283,39.6120278391712,90.7339365711359,37.8903427849546,96.8238912540912,93.4311829356407
"GENE2441",39.7382128814015,35.4382748644482,10.6967844983734,15.4527374301484,28.6495006372252,29.8810818495925,50.2709159220554,16.0589302050694,14.3264110375478,17.2228830840703,11.9535668214927,25.9094877048415
"GENE2442",33.115177401168,70.8765497288964,33.8731509115157,68.9429823806619,39.1543175375412,19.3823233618978,39.8975523190916,38.5414324921666,44.889421250983,36.1680544765475,45.4235539216724,74.5879191503014
"GENE2443",189.418814734681,598.155124227201,664.983436315546,729.844675547007,812.690834742623,651.730623043814,359.875921918206,766.546268455313,353.384805592845,798.280630946656,576.16192079595,559.016825631733
"GENE2444",11.9214638644205,11.8127582881494,16.0451767475601,1.18867211001141,8.59485019116757,15.3443393281691,11.1713146493456,26.7648836751157,7.64075255335881,2.58343246261054,15.5396368679406,14.9175838300603
"GENE2445",185.444993446541,282.432311798481,180.95393776415,219.904340352111,105.048169003159,170.402926223352,200.28571264184,374.708371451619,148.039580721327,102.476154350218,148.22422858651,196.283997763951
"GENE2446",214.586349559568,427.407072607587,190.759323554325,439.808680704222,229.196005097802,347.266626900669,462.811606901462,226.966213564981,168.096556173894,207.535741163047,193.647782508182,333.682796198717
"GENE2447",49.0104625537286,16.1083067565674,13.3709806229667,26.1507864202511,24.8295672189285,26.6506946226095,15.1610698812548,11.7765488170509,13.3713169683779,22.3897480092913,35.8607004644782,14.9175838300603
"GENE2448",67.5549618983826,79.4676466657323,52.5925237836692,70.1316544906733,106.003152357733,85.6052615150487,43.8873075510007,61.0239347792637,63.9913026343801,74.0583972615021,32.2746304180304,98.9271348730313
"GENE2449",43.7120341695417,103.093163242031,80.2258837378004,116.489866781118,63.0289014018955,69.4533253801339,51.866818014819,95.2829858834118,82.1380899486072,40.4737752475651,53.7910506967173,121.69607861365
"GENE2450",129.811495412578,172.895825853823,194.324918387117,161.659406961552,173.8069705325,195.43842723247,158.792258229984,176.648232255763,135.623357822119,99.031577733404,144.638158540062,187.647501862337
"GENE2451",14.5706780565139,28.9949521618212,25.8505625377357,52.3015728405021,14.3247503186126,29.0734850428467,39.8975523190916,28.9060743691249,48.7097975276624,17.2228830840703,43.0328405573739,17.2729918032277
"GENE2452",22.5183206327942,103.093163242031,38.3301444525046,49.9242286204793,56.3440179198763,59.762163699185,60.6442795250192,35.3296464511527,27.6977280059257,55.1132258690248,65.7446175182101,87.1500950071943
"GENE2453",276.842883073764,544.460768371977,443.025157974298,645.448955736197,460.301976904752,256.0081877384,268.111551584295,453.932427129962,242.593893569142,353.06910322344,643.10189499631,359.592283903558
"GENE2454",35.7643915932614,8.59109693683592,25.8505625377357,11.8867211001141,26.7395339280769,7.26837126071168,15.1610698812548,26.7648836751157,3.82037627667941,8.61144154203513,16.7349935500898,11.7770398658371
"GENE2455",128.486888316532,66.5810012604784,147.080786852634,190.187537601826,251.160622253008,92.8736327757604,82.9869088237105,111.341916088481,107.925629816193,136.060776364155,147.028871904361,135.043390461598
"GENE2456",49.0104625537286,60.1376785578515,36.5473470361091,58.2449333905592,37.2443508283928,34.7266626900669,25.5344334842186,33.1884557571434,39.1588568359639,38.7514869391581,19.1257069143884,23.5540797316741
"GENE2457",6.62303548023359,48.3249202697021,49.026928950878,47.5468844004565,73.5337183022115,71.0685189936254,31.9180418552733,64.2357208202776,38.2037627667941,55.9743700232283,25.1024903251348,62.8108792844643
"GENE2458",196.041850214914,187.930245493286,248.700239587181,263.885208422533,227.286038388654,179.286491097555,134.055775792148,236.601571688022,127.02751119959,248.009516410612,168.545292183048,151.53124627377
"GENE2459",42.387427073495,27.9210650447168,47.2441315344825,57.0562612805478,36.2893674738186,46.8406147912531,39.0996012727097,74.9416742903239,35.3384805592845,24.1120363176984,49.0096239681202,50.2487034275715
"GENE2460",7.94764257628031,20.4038552249853,24.9591638295379,15.4527374301484,10.5048169003159,9.69116168094891,2.39385313914549,10.7059534700463,2.86528220750956,10.3337298504422,5.97678341074637,17.2729918032277
"GENE2461",410.628199774483,361.899958464213,205.913101593688,180.678160721735,341.884040937555,316.577948244331,293.645985068514,279.425385568208,217.761447770726,251.454093027426,202.015279283227,179.796141951779
"GENE2462",11.9214638644205,11.8127582881494,12.479581914769,32.0941469703081,14.3247503186126,11.3063552944404,13.5651677884911,40.6826231861758,15.2815051067176,12.9171623130527,3.58607004644782,7.06622391950224
"GENE2463",17.2198922486073,66.5810012604784,23.1763664131423,13.0753932101255,30.5594673463736,50.071002018236,43.8873075510007,20.3413115930879,51.575079735172,42.1960635559721,22.7117769608362,26.6946236958973
"GENE2464",296.711989514465,121.349244232807,139.058198478854,153.338702191472,234.925905225247,196.246024039215,166.771768693803,210.907283359911,115.566382369552,210.980317779861,114.75424148633,131.902846497375
"GENE2465",95.3717109153637,64.4332270262694,83.7914785705915,77.2636871507418,71.6237515930631,25.8430978158638,75.805349406274,74.9416742903239,114.611288300382,92.1424244997758,65.7446175182101,120.910942622594
"GENE2466",647.732869966845,452.106476300991,500.074675298956,1007.99394928968,725.787349476373,484.558084047446,701.39896976963,386.48492026867,612.215298337875,620.023791026529,494.8776664098,389.427451563679
"GENE2467",103.319353491644,135.309776755166,222.849677049446,129.565259991244,224.421088324931,153.443393281691,180.336936482294,226.966213564981,111.746006092873,140.366497135173,191.257069143884,121.69607861365
"GENE2468",210.612528271428,255.585133870869,230.872265423226,243.677782552339,125.102819449217,136.483860340031,180.336936482294,270.86062279217,146.129392582987,233.370065789152,268.955253483587,212.771853576123
"GENE2469",62.2565335141958,117.053695764389,73.0946940722181,55.8675891705364,61.1189346927472,88.028051935286,61.442230571401,62.0945301262683,87.8686543636264,65.446955719467,54.9864073788666,87.9352309982501
"GENE2470",402.680557198202,480.027541345707,452.830543764473,305.488732272933,534.790678561538,461.137776651819,193.902104270785,511.744575868211,533.897584665947,616.579214409715,449.454112488127,438.891019000195
"GENE2471",84.77485414699,123.497018467016,127.470015272283,164.036751181575,96.4533188119917,126.792698659082,118.894705910893,107.059534700463,131.80298154544,122.282469896899,107.582101393435,77.7284631145246
"GENE2472",113.916210260018,74.0982110802099,31.1989547869224,43.9808680704222,65.8938514656181,79.1444870610828,90.1684682411469,24.6236929811064,100.284877262834,37.8903427849546,70.5260442468072,47.1081594633483
"GENE2473",129.811495412578,104.167050359136,156.88617264281,111.735178341073,128.922752867514,195.43842723247,168.367670786566,116.694892823504,166.186368035554,94.7258569623864,107.582101393435,132.687982488431
"GENE2474",30.4659632090745,31.1427263960302,23.1763664131423,54.678917060525,22.9196005097802,27.4582914293553,54.2606711539645,53.5297673502313,31.5181042826051,60.2800907942459,54.9864073788666,56.5297913560179
"GENE2475",19.8691064407008,27.9210650447168,77.551687613207,42.7921959604108,32.4694340555219,46.0330179845073,26.3323845306004,27.8354790221203,24.8324457984161,31.86233370553,32.2746304180304,32.190575633288
"GENE2476",838.476291797573,899.917404133563,1781.01461897917,631.18489041606,1085.81607415084,791.444870610828,973.500276585834,1227.97286301431,831.886934246941,1236.60300543624,415.984125387947,849.51714232238
"GENE2477",135.109923796765,171.821938736718,172.93134939037,150.961357971449,147.067436604423,119.52432739837,92.5623213802924,133.824418375578,136.578451891289,111.087595892253,101.605317982688,105.993358792534
"GENE2478",6.62303548023359,3.22166135131347,24.9591638295379,17.8300816501712,6.68488348201922,1.61519361349149,7.18155941743648,10.7059534700463,2.86528220750956,11.1948740046457,13.148923503642,3.92567995527902
"GENE2479",143.057566373046,244.846262699824,367.256267777486,216.338324022077,227.286038388654,269.737333453078,232.203754497113,475.344334070054,224.447106254915,199.785443775215,223.531699561914,85.5798230250827
"GENE2480",196.041850214914,161.083067565674,94.4882630689649,110.546506231061,55.3890345653021,97.7192136162349,159.590209276366,108.130130047467,155.680333274686,128.310478976323,75.3074709754043,84.7946870340269
"GENE2481",213.261742463522,339.348329005019,266.528213751137,227.03637301218,217.736204842912,193.823233618978,342.320998897806,387.555515615675,145.174298513817,158.450524373446,272.541323530035,420.047755214855
"GENE2482",484.806197153099,458.549799003617,299.509965954455,586.015350235626,360.983708029038,389.261660851448,390.198061680716,207.695497318898,283.662938543446,300.539309817026,249.829546569198,512.69380215944
"GENE2483",18.5444993446541,21.4777423420898,26.7419612459335,13.0753932101255,21.0096338006318,27.4582914293553,24.7364824378368,19.2707162460833,26.7426339367558,9.47258569623864,15.5396368679406,21.9838077495625
"GENE2484",80.8010328588498,52.62046873812,31.1989547869224,65.3769660506277,120.327902676346,42.8026307575244,59.0483774322555,95.2829858834118,108.880723885363,58.5578024858389,75.3074709754043,98.1419988819755
"GENE2485",113.916210260018,120.275357115703,141.732394603447,115.301194671107,165.212120341332,88.8356487420317,189.912349038876,107.059534700463,94.5543128478153,214.424894396675,95.6285345719419,162.523150148552
"GENE2486",178.821957966307,176.117487205136,104.293648859141,147.395341641415,156.617270150165,82.3748742880658,82.9869088237105,138.106799763597,174.782214658083,99.031577733404,43.0328405573739,148.390702309547
"GENE2487",72.8533902825695,53.6943558552245,82.9000798623938,116.489866781118,95.4983354574175,93.6812295825062,109.319293354311,68.5181022082961,170.961838381403,118.837893280085,76.5028276575536,76.158191132413
"GENE2488",678.19883317592,831.188628638876,1274.70015272283,1302.78463257251,739.157116440411,696.14844741483,873.756395788105,1070.59534700463,543.448525357646,1030.7895525816,595.287627710339,590.422265273965
"GENE2489",116.565424452111,161.083067565674,76.6602889050093,91.5277524708787,45.8392010195604,89.6432455487774,145.227090441493,95.2829858834118,63.0362085652102,70.613820644688,96.8238912540912,71.4473751860782
"GENE2490",7.94764257628031,4.29554846841796,9.8053857901756,14.2640653201369,18.1446837369093,8.07596806745743,7.97951046381831,13.9177395110601,2.86528220750956,7.75029738783161,8.36749677504492,18.0581277942835
"GENE2491",793.439650531984,2097.30153970507,761.254496800906,1129.23850451084,1259.62304468334,891.5868746473,625.593620363356,753.699124291257,1326.62566207692,772.446306320551,1132.00277799536,547.239785765896
"GENE2492",349.696273356334,447.810927832573,437.676765725111,344.71491190331,194.816604333132,303.656399336399,224.224244033295,397.190873738716,228.267482531595,267.815831957292,338.285941048245,449.882922874976
"GENE2493",17.2198922486073,5.36943558552245,14.2623793311645,19.0187537601826,9.54983354574175,14.5367425214234,7.97951046381831,12.8471441640555,15.2815051067176,8.61144154203513,13.148923503642,11.7770398658371
"GENE2494",188.094207638634,335.052780536601,208.587297718281,218.7156682421,292.224906499698,178.478894290809,171.559474972094,216.260260094935,103.150159470344,176.53455161172,167.349935500898,244.962429209411
"GENE2495",99.3455322035039,124.570905584121,141.732394603447,34.471491190331,49.6591344378571,98.5268104229806,60.6442795250192,111.341916088481,64.9463967035499,105.920730967032,155.396368679406,96.5717268998639
"GENE2496",67.5549618983826,179.33914855645,106.076446275536,373.243042543583,274.080222762788,102.564794456709,133.257824745766,104.918344006453,179.557685003932,148.116794523004,92.0424645254941,153.101518255882
"GENE2497",18.5444993446541,6.44332270262694,2.67419612459335,11.8867211001141,1.90996670914835,1.61519361349149,12.7672167421093,9.63535812304164,4.77547034584926,9.47258569623864,11.9535668214927,7.85135991055804
"GENE2498",17.2198922486073,12.8866454052539,16.0451767475601,3.56601633003424,14.3247503186126,11.3063552944404,15.1610698812548,24.6236929811064,10.5060347608684,12.9171623130527,13.148923503642,10.9919038747813
"GENE2499",10.5968567683737,18.2560809907763,24.9591638295379,38.0375075203652,36.2893674738186,27.4582914293553,18.3528740667821,26.7648836751157,21.9671635909066,12.0560181588492,29.8839170537319,14.1324478390045
"GENE2500",137.759137988859,197.595229547226,220.175480924852,120.055883111153,123.192852740069,289.119656814976,133.257824745766,147.742157886638,146.129392582987,136.060776364155,340.676654412543,197.069133755007
"GENE2501",22.5183206327942,31.1427263960302,35.6559483279113,28.5281306402739,35.3343841192445,57.3393732789477,33.5139439480369,26.7648836751157,12.4162228992081,49.9463609438037,56.1817640610159,8.63649590161385
"GENE2502",46.3612483616351,51.5465816210155,41.004340577098,61.8109497205934,27.6945172826511,33.1114690765755,27.1303355769823,50.3179813092174,31.5181042826051,7.75029738783161,21.5164202786869,34.5459836064554
"GENE2503",68.8795689944293,108.462598827554,80.2258837378004,98.6597851309472,84.0385352025274,76.7216966408456,114.106999632602,76.0122696373285,116.521476438722,72.3361089530951,71.7214009289565,30.6203036511764
"GENE2504",50.3350696497753,45.1032589183886,135.492603646063,76.0750150407304,57.2990012744505,65.4153413464052,104.53158707602,64.2357208202776,81.1829958794374,62.8635232568564,132.684591718569,51.8189754096831
"GENE2505",154.979030237466,134.235889638061,107.859243691932,146.206669531404,198.636537751428,142.944634793996,133.257824745766,170.224660173736,131.80298154544,166.200821761278,125.512451625674,72.232511177134
"GENE2506",646.408262870798,557.347413777231,961.819206145407,663.279037386368,612.144330282046,540.282263712902,564.949340838337,450.720641088948,250.234646122501,434.877797872774,650.274035089205,361.16255588567
"GENE2507",70.2041760904761,36.5121619815527,43.6785367016913,45.1695401804337,22.9196005097802,37.1494531103042,24.7364824378368,74.9416742903239,25.787539867586,68.891532336281,71.7214009289565,27.4797596869532
"GENE2508",214.586349559568,191.151906844599,106.967844983734,76.0750150407304,184.311787432816,169.595329416606,161.984062415512,146.671562539634,186.243343488121,137.783064672562,251.024903251348,66.7365592397434
"GENE2509",7.94764257628031,11.8127582881494,21.3935689967468,4.75468844004565,1.90996670914835,21.8051137821351,8.77746151020014,11.7765488170509,14.3264110375478,0.861144154203513,21.5164202786869,2.35540797316741
"GENE2510",64.9057477062892,48.3249202697021,41.8957392852958,19.0187537601826,31.5144507009478,25.8430978158638,35.9077970871824,24.6236929811064,7.64075255335881,11.1948740046457,16.7349935500898,10.2067678837255
"GENE2511",34.4397844972147,32.2166135131347,24.9591638295379,26.1507864202511,36.2893674738186,28.265888236101,8.77746151020014,33.1884557571434,28.6528220750956,17.2228830840703,8.36749677504492,34.5459836064554
"GENE2512",645.083655774752,176.117487205136,496.509080466165,325.696158143127,616.919247054917,506.363197829581,361.47182401097,387.555515615675,689.577917940633,400.432031704633,387.295565016365,503.272170266771
"GENE2513",29.1413561130278,18.2560809907763,13.3709806229667,14.2640653201369,18.1446837369093,12.1139521011861,30.3221397625096,31.0472650631342,21.9671635909066,24.9731804719019,20.3210635965377,18.8432637853393
"GENE2514",7.94764257628031,9.66498405394042,6.23979095738448,22.5847700902168,11.4598002548901,11.3063552944404,15.1610698812548,6.42357208202776,9.55094069169852,12.9171623130527,8.36749677504492,21.1986717585067
"GENE2515",13.2460709604672,9.66498405394042,11.5881832065712,5.94336055005706,3.8199334182967,6.46077445396594,2.39385313914549,12.8471441640555,21.0120695217367,12.0560181588492,21.5164202786869,7.06622391950224
"GENE2516",217.235563751662,127.792566935434,104.293648859141,121.244555221164,135.607636349533,339.190658833212,166.771768693803,189.495376419819,106.970535747023,144.67221790619,107.582101393435,200.20967771923
"GENE2517",390.759093333782,437.072056661528,657.852246649963,291.224666952796,303.684706754588,321.423529084806,280.878768326405,360.790631940559,404.004791258847,374.597707078528,225.922412926213,273.22732488742
"GENE2518",37.0889986893081,76.2459853144188,61.506510865647,51.1129007304907,54.434051210728,44.4178243710158,51.0688669684372,51.3885766562221,28.6528220750956,45.6406401727862,17.9303502322391,29.0500316690648
"GENE2519",67.5549618983826,187.930245493286,140.84099589525,159.282062741529,112.688035839753,109.025568910675,87.7746151020014,154.165729968666,113.656194231212,86.1144154203513,54.9864073788666,133.473118479487
"GENE2520",14.5706780565139,18.2560809907763,41.004340577098,8.32070477007988,17.1897003823351,16.1519361349149,21.5446782523094,8.56476277603701,19.101881383397,15.5005947756632,16.7349935500898,18.0581277942835
"GENE2521",328.502559819586,456.402024769409,383.301444525046,521.82705629501,328.514273973516,429.641501188735,330.351733202078,266.578241404152,260.74068088337,416.7937706345,549.864073788666,427.899115125413
"GENE2522",23.8429277288409,23.6255165762988,32.9817522033179,27.3394585302625,11.4598002548901,27.4582914293553,13.5651677884911,17.129525552074,36.2935746284544,27.5566129345124,38.2514138287768,18.0581277942835
"GENE2523",1198.76942192228,703.396061703441,912.792277194529,1199.37015900151,794.546151005713,810.01959716598,931.208871127597,1113.41916088481,913.069930126378,1399.35925058071,1506.14941950809,1119.60392324558
"GENE2524",153.654423141419,253.43735963666,179.171140347754,174.734800171678,167.122087050481,202.706798493181,147.620943580639,80.294651025347,118.431664577062,86.9755595745548,144.638158540062,165.663694112775
"GENE2525",132.460709604672,124.570905584121,98.053857901756,120.055883111153,223.466104970357,172.825716643589,152.40864985893,114.553702129495,92.6441247094756,91.2812803455723,86.0656811147477,83.2244150519153
"GENE2526",502.026089401706,321.092248014243,338.731509115157,249.621143102397,283.63005630853,311.732367403857,198.689810549076,377.920157492633,291.303691096805,289.34443581238,284.494890351527,235.540797316741
"GENE2527",825.230220837105,920.321259358548,756.797503259917,1093.5783412105,1160.30477580762,857.667808763979,821.091626726904,907.864854259923,872.000885152075,802.586351717674,860.656811147477,1132.16609910247
"GENE2528",860.994612430367,950.390098637474,1007.28054026349,876.051345078411,953.073387865026,1298.61566524715,757.255543016358,893.947114748863,743.063185814145,568.355141774318,799.693620357864,457.734282785534
"GENE2529",79.4764257628031,132.088115403852,151.537780393623,139.074636871335,116.507969258049,168.78773260986,129.268069513857,133.824418375578,140.398828167968,215.286038550878,163.763865454451,210.416445602956
"GENE2530",56.9581051300089,97.7237276565086,35.6559483279113,53.4902449505135,34.3794007646703,33.1114690765755,69.4217410352193,59.9533394322591,69.7218670493992,37.8903427849546,53.7910506967173,51.8189754096831
"GENE2531",10.5968567683737,13.9605325223584,11.5881832065712,11.8867211001141,0.954983354574175,20.9975169753893,3.19180418552732,21.4119069400925,18.1467873142272,4.30572077101756,29.8839170537319,21.1986717585067
"GENE2532",49.0104625537286,41.8815975670751,19.6107715803512,21.3960979802054,28.6495006372252,23.4203073956265,30.3221397625096,29.9766697161295,44.889421250983,39.6126310933616,38.2514138287768,46.3230234722925
"GENE2533",22.5183206327942,30.0688392789257,37.4387457443068,5.94336055005706,23.8745838643544,22.6127105888808,12.7672167421093,19.2707162460833,22.9222576600764,27.5566129345124,27.4932036894333,32.9757116243438
"GENE2534",729.858509921742,505.800832156215,433.219772184122,584.826678125615,569.170079326208,763.178982374727,854.605570674941,412.179208596781,244.504081707482,411.626905709279,419.570195434395,367.443643814116
"GENE2535",1453.09398436325,682.992206478456,992.126762224132,968.767769659301,1141.20510871614,1241.27629196821,1329.38644327213,1310.40870473366,947.453316616493,1149.62744586169,837.945034186641,657.158824513708
"GENE2536",22.5183206327942,13.9605325223584,26.7419612459335,23.7734422002282,19.0996670914835,29.8810818495925,11.1713146493456,43.8944092271897,25.787539867586,16.3617389298667,10.7582101393435,21.9838077495625
"GENE2537",323.204131435399,480.027541345707,483.138099843198,334.016862913207,375.308458347651,268.122139839587,512.284571777136,322.249199448393,420.241390434735,436.600086181181,237.875979747706,239.46647727202
"GENE2538",34.4397844972147,12.8866454052539,18.7193728721534,23.7734422002282,29.6044839917994,6.46077445396594,11.9692656957275,37.4708371451619,22.9222576600764,33.584622013937,26.297847007284,23.5540797316741
"GENE2539",874.240683390834,646.480044496903,444.807955390693,380.375075203652,266.440355926195,713.107980356491,539.414907354118,193.777757807837,495.693821899153,758.667999853295,829.577537411596,347.030108046666
"GENE2540",9.27224967232703,22.5516294591943,24.0677651213401,10.6980489901027,23.8745838643544,14.5367425214234,19.9487761595458,13.9177395110601,16.2365991758875,12.0560181588492,10.7582101393435,31.4054396422322
"GENE2541",188.094207638634,162.156954682778,205.913101593688,357.790305113435,219.64617155206,201.899201686436,289.656229836605,177.718827602768,183.378061280612,123.143614051102,193.647782508182,241.821885245188
"GENE2542",18.5444993446541,28.9949521618212,47.2441315344825,29.7168027502853,25.7845505735027,46.0330179845073,24.7364824378368,17.129525552074,37.2486686976242,42.1960635559721,35.8607004644782,18.0581277942835
"GENE2543",26.4921419209344,74.0982110802099,41.004340577098,52.3015728405021,41.0642842466895,45.2254211777616,47.079111736528,62.0945301262683,34.3833864901147,27.5566129345124,38.2514138287768,41.6122075259576
"GENE2544",31.7905703051212,10.7388711710449,29.4161573705268,16.6414095401598,29.6044839917994,34.7266626900669,30.3221397625096,18.2001208990787,20.0569754525669,37.029198630751,32.2746304180304,29.0500316690648
"GENE2545",294.062775322371,279.210650447168,256.722827960961,317.375453373047,403.002975630302,214.820750594368,218.638586708622,319.037413407379,294.168973304314,235.953498251762,131.48923503642,178.225869969668
"GENE2546",7.94764257628031,16.1083067565674,15.1537780393623,2.37734422002282,9.54983354574175,20.1899201686436,7.18155941743648,6.42357208202776,3.82037627667941,12.0560181588492,20.3210635965377,23.5540797316741
"GENE2547",7.94764257628031,12.8866454052539,23.1763664131423,32.0941469703081,17.1897003823351,7.26837126071168,13.5651677884911,11.7765488170509,14.3264110375478,12.9171623130527,31.0792737358811,7.85135991055804
"GENE2548",831.853256317339,1444.37817250554,1050.95907696519,538.46846583517,1383.77088077798,742.989062206083,981.479787049652,1060.95998888158,1214.87965598405,1086.76392260483,804.475047086462,660.299368477931
"GENE2549",39.7382128814015,41.8815975670751,21.3935689967468,48.7355565104679,42.9742509558379,33.1114690765755,25.5344334842186,14.9883348580648,23.8773517292463,21.5286038550878,16.7349935500898,47.1081594633483
"GENE2550",14.5706780565139,24.6994036934033,35.6559483279113,20.207425870194,12.4147836094643,14.5367425214234,19.150825113164,16.0589302050694,26.7426339367558,12.9171623130527,10.7582101393435,32.9757116243438
"GENE2551",47.6858554576819,21.4777423420898,31.1989547869224,34.471491190331,77.3536517205082,25.8430978158638,76.6033004526558,78.1534603313377,34.3833864901147,43.0572077101756,45.4235539216724,70.6622391950224
"GENE2552",254.32456244097,612.11565674956,628.436089279436,471.902827674531,308.459623527458,429.641501188735,512.284571777136,524.591720032267,292.258785165975,380.625716157953,325.137017544603,458.51941877659
"GENE2553",229.157027616082,195.447455313017,150.646381685425,221.093012462123,234.925905225247,298.810818495925,207.467272059276,163.801088091708,118.431664577062,126.588190667916,184.084929050988,241.821885245188
"GENE2554",34.4397844972147,63.359339909165,26.7419612459335,91.5277524708787,84.9935185571016,55.7241796654562,55.0586222003464,56.7415533912452,27.6977280059257,69.7526764904845,32.2746304180304,46.3230234722925
"GENE2555",483.481590057052,731.317126748158,370.821862610277,569.373940695466,779.266417332527,418.335145894295,329.553782155696,578.121487382498,406.870073466357,471.906996503525,567.794424020905,442.031562964418
"GENE2556",21.1937135367475,104.167050359136,18.7193728721534,27.3394585302625,38.199334182967,39.5722435305414,35.9077970871824,24.6236929811064,21.0120695217367,18.9451713924773,56.1817640610159,19.6283997763951
"GENE2557",460.963269424258,502.579170804902,344.971300072542,502.808302534827,411.597825821469,336.767868412975,280.878768326405,476.414929417059,312.315760618542,293.650156583398,462.603035991769,348.600380028777
"GENE2558",72.8533902825695,54.768242972329,108.750642400129,150.961357971449,128.922752867514,116.293940171387,55.8565732467282,84.5770324133655,64.9463967035499,53.3909375606178,131.48923503642,32.9757116243438
"GENE2559",46.3612483616351,73.0243239631054,56.1581186164603,51.1129007304907,48.7041510832829,40.3798403372871,58.2504263858737,23.5530976341018,34.3833864901147,50.8075050980072,35.8607004644782,65.9514232486876
"GENE2560",9.27224967232703,15.0344196394629,1.78279741639556,5.94336055005706,11.4598002548901,20.9975169753893,8.77746151020014,8.56476277603701,7.64075255335881,7.75029738783161,14.3442801857913,18.8432637853393
"GENE2561",156.303637333513,37.5860490986572,101.619452734547,62.9996218306048,100.273252230288,53.301389245219,43.0893565046189,72.8004835963146,115.566382369552,71.4749647988915,51.4003373324188,88.7203669893059
"GENE2562",141.732959276999,120.275357115703,172.039950682172,232.979733562237,168.077070405055,140.521844373759,194.700055317167,154.165729968666,275.067091920917,241.120363176984,223.531699561914,220.623213486681
"GENE2563",288.764346938185,256.659020987973,310.206750452828,224.659028792157,273.125239408214,277.813301520536,259.334090074095,287.990148344245,243.548987638312,365.986265536493,252.220259933497,311.698988449154
"GENE2564",55.6334980339622,27.9210650447168,24.0677651213401,42.7921959604108,24.8295672189285,23.4203073956265,21.5446782523094,46.0355999211989,37.2486686976242,24.1120363176984,43.0328405573739,27.4797596869532
"GENE2565",29.1413561130278,9.66498405394042,8.02258837378004,9.5093768800913,7.6398668365934,18.5747265551521,17.5549230204003,7.49416742903239,15.2815051067176,9.47258569623864,8.36749677504492,20.4135357674509
"GENE2566",123.188459932345,296.392844320839,120.338825606701,175.923472281689,233.970921870673,180.901684711046,217.84063566224,273.00181348618,221.581824047406,254.89866964424,181.69421568669,386.286907599456
"GENE2567",15.8952851525606,16.1083067565674,14.2623793311645,7.13203266006847,2.86495006372252,8.07596806745743,11.1713146493456,4.28238138801851,12.4162228992081,17.2228830840703,25.1024903251348,28.264895678009
"GENE2568",13.2460709604672,11.8127582881494,9.8053857901756,3.56601633003424,7.6398668365934,19.3823233618978,7.97951046381831,9.63535812304164,10.5060347608684,14.6394506214597,10.7582101393435,11.7770398658371
"GENE2569",617.266906757771,370.491055401049,345.86269878074,225.847700902168,815.555784806345,761.563788761235,608.038697342955,403.614445820744,286.528220750956,461.573266653083,327.527730908901,436.535611027027
"GENE2570",95.3717109153637,100.945389007822,58.8323147410536,89.1504082508559,74.4887016567856,82.3748742880658,87.7746151020014,59.9533394322591,89.7788425019661,87.8367037287583,37.0560571466275,40.8270715349018
"GENE2571",226.507813423989,336.126667653706,541.079015876054,697.750528576699,355.253807901593,188.977652778504,177.145132296767,202.342520583874,293.213879235144,489.129879587595,243.852763158452,450.668058866032
"GENE2572",104.643960587691,147.122535043315,116.773230773909,194.942226041872,250.205638898434,261.661365385621,128.470118467475,68.5181022082961,179.557685003932,140.366497135173,200.819922601078,148.390702309547
"GENE2573",211.937135367475,180.413035673554,158.668970059205,156.904718521506,104.093185648585,130.83068269281,96.5520766122016,133.824418375578,49.6648915968323,86.9755595745548,88.4563944790463,83.2244150519153
"GENE2574",25.1675348248876,9.66498405394042,23.1763664131423,5.94336055005706,3.8199334182967,5.6531776472202,21.5446782523094,2.14119069400925,9.55094069169852,4.30572077101756,3.58607004644782,5.49595193739063
"GENE2575",246.37691986469,115.979808647285,250.483037003577,167.602767511609,180.491854014519,175.248507063826,155.600454044457,273.00181348618,148.039580721327,148.116794523004,145.833515222211,124.836622577873
"GENE2576",14.5706780565139,45.1032589183886,34.7645496197135,46.3582122904451,13.3697669640384,49.2634052114903,36.7057481335642,20.3413115930879,11.4611288300382,4.30572077101756,14.3442801857913,17.2729918032277
"GENE2577",871.591469198741,1042.74439070846,1273.80875401463,1040.08809625999,956.893321283323,1235.62311432099,725.337501161085,653.063161672822,853.854097837847,767.27944139533,1100.92350425948,712.118343887615
"GENE2578",184.120386350494,129.940341169643,94.4882630689649,204.451602921963,93.5883687482691,86.4128583217945,54.2606711539645,115.6242974765,145.174298513817,70.613820644688,109.972814757733,98.9271348730313
"GENE2579",58.2827122260556,63.359339909165,57.9409160328558,92.7164245808901,68.7588015293406,63.8001477329137,30.3221397625096,51.3885766562221,77.362619602758,63.7246674110599,90.8471078433448,61.2406073023527
"GENE2580",9.27224967232703,19.3299681078808,11.5881832065712,11.8867211001141,16.234717027761,29.8810818495925,45.4832096437644,37.4708371451619,15.2815051067176,25.8343246261054,38.2514138287768,15.7027198211161
"GENE2581",494.078446825426,180.413035673554,447.482151515287,357.790305113435,316.099490364052,443.370646903413,233.001705543495,261.225264669129,382.992721737111,247.148372256408,316.769520769558,502.487034275715
"GENE2582",1039.81657039667,1047.03993917688,988.56116739134,950.93768800913,603.549480090879,1205.74203247139,829.071137190723,1151.96059337698,765.030349405051,1030.7895525816,612.022621260428,638.315560728369
"GENE2583",255.649169537017,207.260213601167,163.125963600194,464.770795014462,284.585039663104,272.160123873315,254.546383795804,337.237534306457,134.668263752949,230.786633326541,277.322750258632,175.8704619965
"GENE2584",23.8429277288409,13.9605325223584,22.2849677049446,28.5281306402739,15.2797336731868,24.2279042023723,12.7672167421093,23.5530976341018,17.1916932450573,12.0560181588492,17.9303502322391,14.1324478390045
"GENE2585",54.3088909379154,31.1427263960302,36.5473470361091,79.6410313707646,22.9196005097802,58.1469700856935,44.6852585973825,47.1061952682036,66.8565848418896,35.306910322344,68.1353308825086,34.5459836064554
"GENE2586",467.586304904491,272.767327744541,223.741075757643,474.280171894553,761.121733595617,242.279042023723,363.067726103733,201.27192523687,290.348597027635,645.858115652634,399.249131837858,321.90575633288
"GENE2587",132.460709604672,63.359339909165,176.496944223161,95.093768800913,93.5883687482691,123.562311432099,114.904950678984,51.3885766562221,103.150159470344,81.8086946493337,88.4563944790463,74.5879191503014
"GENE2588",765.622901515003,1197.38413557151,871.787936617431,1050.78614525009,1144.07005877986,1440.7527032344,1197.72452061913,932.48854724103,1215.83475005322,760.390288161702,711.237225878818,624.183112889364
"GENE2589",2.64921419209344,10.7388711710449,0.891398708197782,10.6980489901027,7.6398668365934,4.84558084047446,9.57541255658198,9.63535812304164,3.82037627667941,6.02800907942459,2.39071336429855,10.9919038747813
"GENE2590",17.2198922486073,7.51720981973143,13.3709806229667,7.13203266006847,8.59485019116757,10.4987584876947,18.3528740667821,29.9766697161295,32.473198351775,12.9171623130527,23.9071336429855,7.85135991055804
"GENE2591",419.90044944681,399.48600756287,379.735849692255,421.978599054051,546.250478816428,445.79343732365,533.829250029445,279.425385568208,421.196484503905,412.488049863483,212.773489422571,423.188299179079
"GENE2592",51.659676745822,32.2166135131347,58.8323147410536,10.6980489901027,20.0546504460577,46.8406147912531,38.3016502263279,31.0472650631342,30.5630102134353,42.1960635559721,25.1024903251348,30.6203036511764
"GENE2593",229.157027616082,168.600277385405,186.302330013336,179.489488611723,252.115605607582,394.914838498668,267.313600537913,194.848353154842,122.252040853741,266.093543648885,139.856731811465,258.30974105736
"GENE2594",209.287921175381,371.564942518154,166.691558432985,338.771551353252,234.925905225247,232.587880342774,152.40864985893,251.589906546087,363.890840353714,463.29555496149,273.736680212184,183.721821907058
"GENE2595",29.1413561130278,40.8077104499706,34.7645496197135,51.1129007304907,54.434051210728,53.301389245219,47.8770627829099,18.2001208990787,32.473198351775,43.0572077101756,70.5260442468072,62.0257432934085
"GENE2596",42.387427073495,18.2560809907763,36.5473470361091,40.414851740388,61.1189346927472,30.6886786563382,34.3118949944187,12.8471441640555,48.7097975276624,99.8927218876075,35.8607004644782,39.2567995527902
"GENE2597",88.7486754351301,82.6893080170458,168.474355849381,242.489110442328,193.861620978557,226.934702695554,104.53158707602,94.2123905364071,83.0931840177771,150.700226985615,96.8238912540912,158.597470193272
"GENE2598",320.554917243306,209.407987835376,447.482151515287,507.562990974873,390.588192020838,327.884303538772,201.881614734603,493.544454969133,364.845934422883,614.856926101308,358.607004644782,470.296458642427
"GENE2599",904.706646599908,925.690694944071,704.204979476248,717.957954446893,912.964086972911,760.75619195449,958.339206704579,752.628528944252,608.394922061196,737.139395998207,925.206071983538,824.392790608595
"GENE2600",323.204131435399,355.456635761586,952.013820355231,506.374318864862,481.311610705384,400.568016145888,584.1001659515,298.696101814291,255.96521053752,555.437979461266,534.324436920726,491.495130400934
"GENE2601",88.7486754351301,76.2459853144188,98.9452566099538,271.017241082602,86.9034852662499,152.635796474945,95.7541255658197,48.1767906152082,76.4075255335881,65.446955719467,88.4563944790463,159.382606184328
"GENE2602",874.240683390834,445.663153598364,804.933033502597,638.316923076128,471.761777159642,345.651433287178,379.824698077752,871.464612461766,507.154950729191,463.29555496149,799.693620357864,657.158824513708
"GENE2603",108.617781875831,82.6893080170458,48.1355302426802,114.112522561096,102.183218939437,117.909133784878,42.2914054582371,82.4358417193562,79.2728077410977,21.5286038550878,84.8703244325985,61.2406073023527
"GENE2604",105.968567683737,144.974760809106,89.1398708197782,137.885964761324,86.9034852662499,78.336890254337,143.63118834873,134.895013722583,112.701100162043,170.506542532295,102.800674664838,155.456926229049
"GENE2605",29.1413561130278,20.4038552249853,43.6785367016913,38.0375075203652,17.1897003823351,19.3823233618978,31.1200908088914,24.6236929811064,18.1467873142272,30.1400453971229,58.5724774253144,27.4797596869532
"GENE2606",418.575842350763,293.171182969526,155.994773934612,228.225045122191,224.421088324931,308.501980176874,371.047236567552,308.331459937332,187.198437557291,304.845030588043,313.18345072311,277.153004842699
"GENE2607",26.4921419209344,4.29554846841796,14.2623793311645,20.207425870194,26.7395339280769,29.8810818495925,23.1405803450731,18.2001208990787,13.3713169683779,8.61144154203513,7.17214009289565,18.8432637853393
"GENE2608",3.97382128814015,34.3643877473437,8.91398708197782,10.6980489901027,3.8199334182967,10.4987584876947,20.7467272059276,19.2707162460833,24.8324457984161,7.75029738783161,14.3442801857913,7.06622391950224
"GENE2609",325.853345627493,210.48187495248,260.288422793752,350.658272453367,107.913119066882,161.519361349149,227.416048218822,251.589906546087,248.324457984161,192.896290541587,118.340311532778,325.046300297103
"GENE2610",174.848136678167,54.768242972329,90.031269527976,96.2824409109244,213.916271424615,144.559828407488,124.480363235566,81.3652463723516,156.635427343856,85.2532712661477,176.912788958093,105.993358792534
"GENE2611",331.15177401168,123.497018467016,114.990433357514,230.602389342214,179.536870659945,120.331924205116,119.692656957275,102.777153312444,86.9135602944565,107.643019275439,142.247445175764,109.133902756757
"GENE2612",27.8167490169811,16.1083067565674,16.9365754557579,5.94336055005706,5.72990012744505,8.07596806745743,31.1200908088914,13.9177395110601,3.82037627667941,21.5286038550878,3.58607004644782,8.63649590161385
"GENE2613",296.711989514465,283.506198915586,317.33794011841,311.43209282299,263.575405862472,398.952822532397,270.505404723441,645.56899424379,497.604010037493,197.202011312604,264.17382675499,240.251613263076
"GENE2614",284.790525650044,384.451587923408,439.459563141507,196.130898151883,201.501487815151,343.228642866941,181.932838575058,337.237534306457,234.953141015784,136.060776364155,265.369183437139,275.582732860587
"GENE2615",221.209385039802,418.815975670751,213.935689967468,319.75279759307,238.745838643544,168.78773260986,236.193509729022,216.260260094935,188.153531626461,359.958256457068,254.610973297795,138.183934425822
"GENE2616",229.157027616082,456.402024769409,311.098149161026,401.771173183857,297.954806627143,352.112207741144,237.789411821786,418.602780678809,317.091230964391,398.709743396226,282.104176987229,163.308286139607
"GENE2617",66.2303548023359,84.8370822512548,52.5925237836692,33.2828190803195,91.6784020391208,66.2229381531509,39.0996012727097,32.1178604101388,44.889421250983,68.891532336281,69.3306875646579,74.5879191503014
"GENE2618",773.570544091283,691.583303415292,585.648951285943,552.732531155307,437.382376394972,366.648950262567,833.858843469014,512.815171215216,546.313807565155,634.663241647989,866.633594558224,500.131626302547
"GENE2619",13.2460709604672,10.7388711710449,12.479581914769,17.8300816501712,13.3697669640384,11.3063552944404,19.9487761595458,22.4825022870972,21.9671635909066,12.0560181588492,10.7582101393435,20.4135357674509
"GENE2620",29.1413561130278,38.6599362157617,49.9183276590758,27.3394585302625,44.8842176649862,19.3823233618978,39.8975523190916,43.8944092271897,40.1139509051338,38.7514869391581,16.7349935500898,19.6283997763951
"GENE2621",213.261742463522,212.629649186689,352.102489738124,183.055504941757,203.411454524299,184.132071938029,268.909502630677,239.813357729036,319.00141910273,227.342056709727,186.475642415287,281.078684797978
"GENE2622",108.617781875831,32.2166135131347,114.099034649316,60.622277610582,41.0642842466895,79.9520838678285,59.0483774322555,49.2473859622128,127.02751119959,43.0572077101756,96.8238912540912,62.8108792844643
"GENE2623",760.324473130816,746.351546387621,738.078130387764,1237.40766652188,641.748814273845,723.606738844186,805.132605799268,624.157087303697,427.882142988094,711.305071372101,496.073023091949,610.05066505036
"GENE2624",770.92132989919,623.928415037709,460.853132138253,590.770038675672,405.867925694024,497.479632955377,363.067726103733,653.063161672822,637.047744136291,397.848599242023,317.964877451707,326.616572279215
"GENE2625",9.27224967232703,16.1083067565674,16.9365754557579,36.8488354103538,12.4147836094643,15.3443393281691,13.5651677884911,12.8471441640555,21.9671635909066,29.2789012429194,33.4699871001797,32.9757116243438
"GENE2626",560.308801627762,747.425433504725,607.04252028269,799.97633003768,1066.71640705935,591.160862537884,505.103012359699,1382.13859298297,1310.38906290104,565.771709311708,687.330092235833,1103.90120342446
"GENE2627",1002.72757170737,653.997254316635,1272.02595659824,1173.21937258126,1105.87072459689,1095.10126994723,604.846893157428,693.745784858998,675.251506903085,1187.51778864664,961.066772448017,785.135991055804
"GENE2628",777.544365379424,1188.79303863467,920.814865568309,1746.15932960676,1287.31756196599,562.087377495037,497.921452942263,1086.6542772097,772.67110195841,415.071482326093,1176.23097523489,965.717268998639
"GENE2629",10.5968567683737,11.8127582881494,2.67419612459335,8.32070477007988,7.6398668365934,5.6531776472202,11.9692656957275,13.9177395110601,9.55094069169852,4.30572077101756,9.56285345719419,8.63649590161385
"GENE2630",52.9842838418687,28.9949521618212,34.7645496197135,26.1507864202511,42.0192676012637,46.8406147912531,26.3323845306004,42.8238138801851,51.575079735172,58.5578024858389,21.5164202786869,40.8270715349018
"GENE2631",307.308846282839,440.293718012841,298.618567246257,284.092634292727,320.874407136923,395.722435305414,384.612404356043,308.331459937332,444.118742163981,353.930247377644,157.787082043704,138.969070416877
"GENE2632",117.890031548158,96.6498405394042,92.7054656525693,137.885964761324,163.302153632184,90.4508423555232,78.9971535918013,46.0355999211989,80.2279018102676,88.6978478829618,103.996031346987,55.7446553649621
"GENE2633",26.4921419209344,4.29554846841796,1.78279741639556,10.6980489901027,1.90996670914835,5.6531776472202,3.98975523190916,9.63535812304164,25.787539867586,12.9171623130527,8.36749677504492,17.2729918032277
"GENE2634",95.3717109153637,73.0243239631054,71.3118966558226,53.4902449505135,91.6784020391208,121.139521011861,76.6033004526558,83.5064370663609,66.8565848418896,95.5870011165899,51.4003373324188,53.3892473917947
"GENE2635",23.8429277288409,18.2560809907763,8.91398708197782,17.8300816501712,20.0546504460577,12.1139521011861,11.1713146493456,16.0589302050694,15.2815051067176,37.029198630751,26.297847007284,29.0500316690648
"GENE2636",14.5706780565139,9.66498405394042,19.6107715803512,19.0187537601826,6.68488348201922,39.5722435305414,12.7672167421093,10.7059534700463,16.2365991758875,13.7783064672562,21.5164202786869,14.9175838300603
"GENE2637",10.5968567683737,22.5516294591943,0.891398708197782,4.75468844004565,13.3697669640384,13.7291457146776,5.58565732467282,23.5530976341018,8.59584662252867,9.47258569623864,4.7814267285971,15.7027198211161
"GENE2638",221.209385039802,173.969712970927,212.152892551072,222.281684572134,118.417935967198,254.392994124909,225.820146126058,165.942278785717,245.459175776652,204.952308700436,242.657406476303,163.308286139607
"GENE2639",385.460664949595,165.378616034092,211.261493842874,111.735178341073,278.855139535659,188.977652778504,209.06317415204,240.883953076041,291.303691096805,175.673407457517,109.972814757733,235.540797316741
"GENE2640",1.32460709604672,15.0344196394629,11.5881832065712,14.2640653201369,14.3247503186126,12.1139521011861,4.78770627829099,9.63535812304164,11.4611288300382,13.7783064672562,3.58607004644782,25.9094877048415
"GENE2641",91.3978896272235,104.167050359136,77.551687613207,89.1504082508559,64.9388681110439,41.9950339507786,98.1479787049652,69.5886975553007,76.4075255335881,44.7794960185827,117.144954850629,73.0176471681898
"GENE2642",13.2460709604672,4.29554846841796,1.78279741639556,11.8867211001141,12.4147836094643,6.46077445396594,7.18155941743648,16.0589302050694,10.5060347608684,9.47258569623864,25.1024903251348,7.85135991055804
"GENE2643",235.780063096316,360.826071347109,303.075560787246,282.903962182716,239.700821998118,322.231125891551,315.190663320823,270.86062279217,223.492012185745,220.452903476099,333.504514319648,346.24497205561
"GENE2645",41.0628199774483,65.5071141433739,40.1129418689002,61.8109497205934,41.0642842466895,41.9950339507786,47.079111736528,44.9650045741943,71.6320551877389,66.3080998736705,49.0096239681202,43.1824795080692
"GENE2646",22.5183206327942,25.7732908105078,31.1989547869224,29.7168027502853,35.3343841192445,36.3418563035584,3.19180418552732,13.9177395110601,12.4162228992081,31.0011895513265,14.3442801857913,11.7770398658371
"GENE2647",30.4659632090745,35.4382748644482,32.9817522033179,39.2261796303766,71.6237515930631,70.2609221868796,48.6750138292917,42.8238138801851,33.4282924209448,32.7234778597335,40.6421271930753,48.6784314454599
"GENE2648",51.659676745822,54.768242972329,55.2667199082625,40.414851740388,49.6591344378571,21.8051137821351,53.4627201075827,57.8121487382498,66.8565848418896,45.6406401727862,37.0560571466275,30.6203036511764
"GENE2649",86.0994612430367,66.5810012604784,90.9226682361738,30.9054748602967,26.7395339280769,68.6457285733881,54.2606711539645,83.5064370663609,31.5181042826051,47.3629284811932,74.112114293255,88.7203669893059
"GENE2650",27.8167490169811,18.2560809907763,24.0677651213401,28.5281306402739,10.5048169003159,24.2279042023723,17.5549230204003,25.694288328111,26.7426339367558,29.2789012429194,28.6885603715826,25.9094877048415
"GENE2651",17.2198922486073,21.4777423420898,20.502170288549,20.207425870194,26.7395339280769,25.8430978158638,19.150825113164,7.49416742903239,8.59584662252867,36.1680544765475,9.56285345719419,14.9175838300603
"GENE2652",343.0732378761,295.318957203735,351.211091029926,363.733665663492,381.038358475096,471.636535139514,304.81729971786,367.214204022587,347.654241177826,423.682923868128,192.452425826033,286.574636735369
"GENE2653",148.355994757232,154.639744863047,176.496944223161,124.810571551198,366.713608156483,112.255956137658,139.64143311682,171.29525552074,225.402200324085,111.087595892253,147.028871904361,127.977166542096
"GENE2654",105.968567683737,80.5415337828368,83.7914785705915,48.7355565104679,79.2636184296565,57.3393732789477,69.4217410352193,78.1534603313377,46.7996093893227,62.8635232568564,29.8839170537319,71.4473751860782
"GENE2655",1068.9579265097,955.759534222997,1039.37089375861,885.560721958502,886.224553044834,932.774311791333,847.424011257505,1017.0655796544,1061.10951084771,1020.45582273116,1031.59281669482,558.231689640677
"GENE2656",116.565424452111,150.344196394629,113.207635941118,184.244177051769,212.006304715467,109.025568910675,161.984062415512,167.012874132722,135.623357822119,124.865902359509,112.363528122032,101.282542846199
"GENE2657",13.2460709604672,30.0688392789257,26.7419612459335,35.6601633003424,20.0546504460577,24.2279042023723,17.5549230204003,26.7648836751157,45.8445153201529,22.3897480092913,7.17214009289565,23.5540797316741
"GENE2658",7.94764257628031,22.5516294591943,31.1989547869224,32.0941469703081,38.199334182967,29.0734850428467,28.7262376697459,13.9177395110601,35.3384805592845,14.6394506214597,21.5164202786869,25.1243517137857
"GENE2659",663.628155119406,354.382748644482,736.295332971368,549.166514825272,346.658957710425,665.459768758492,544.202613632409,731.21662200416,706.76961118569,342.735373372998,445.868042441679,919.394245526347
"GENE2660",622.565335141958,590.63791440747,336.948711698762,451.695401804337,733.427216312966,381.185692783991,664.693221636065,695.886975553007,672.386224695576,531.325943143567,580.943347524547,412.196395304297
"GENE2661",619.916120949864,418.815975670751,435.893968308716,385.129763643698,440.247326458695,417.527549087549,288.858278790223,423.955757413832,606.484733922856,317.762192901096,563.012997292308,521.330298061054
"GENE2662",174.848136678167,176.117487205136,118.556028190305,213.960979802054,154.707303441016,233.39547714952,102.137733936874,155.236325315671,97.4195950553249,103.337298504422,132.684591718569,129.547438524208
"GENE2663",509.973731977987,1236.04407178727,619.522102197459,681.109119036539,1211.87387695463,1088.64049549326,777.204319175904,1007.43022153135,756.434502782523,831.865252960593,969.434269223061,1207.53915424383
"GENE2664",162.926672813746,312.501151077407,80.2258837378004,203.262930811951,167.122087050481,117.909133784878,118.894705910893,221.613236829958,141.353922237138,134.338488055748,170.936005547346,194.71372578184
"GENE2665",1.32460709604672,20.4038552249853,8.91398708197782,8.32070477007988,0.954983354574175,8.07596806745743,13.5651677884911,10.7059534700463,12.4162228992081,15.5005947756632,4.7814267285971,8.63649590161385
"GENE2666",30.4659632090745,15.0344196394629,28.524758662329,28.5281306402739,30.5594673463736,30.6886786563382,10.3733636029638,38.5414324921666,21.0120695217367,21.5286038550878,37.0560571466275,23.5540797316741
"GENE2667",15.8952851525606,5.36943558552245,14.2623793311645,20.207425870194,14.3247503186126,24.2279042023723,12.7672167421093,13.9177395110601,6.68565848418896,24.1120363176984,13.148923503642,17.2729918032277
"GENE2668",17.2198922486073,34.3643877473437,8.02258837378004,8.32070477007988,17.1897003823351,24.2279042023723,15.1610698812548,9.63535812304164,10.5060347608684,12.9171623130527,26.297847007284,8.63649590161385
"GENE2669",98.0209251074571,141.753099457793,118.556028190305,146.206669531404,159.482220213887,162.326958155894,113.30904858622,138.106799763597,121.296946784571,153.283659448225,168.545292183048,167.233966094886
"GENE2670",88.7486754351301,91.2804049538817,92.7054656525693,58.2449333905592,114.598002548901,87.2204551285402,130.066020560238,74.9416742903239,108.880723885363,53.3909375606178,71.7214009289565,88.7203669893059
"GENE2671",31.7905703051212,51.5465816210155,52.5925237836692,33.2828190803195,35.3343841192445,75.9140998340998,27.9282866233641,52.4591720032267,61.1260204268705,21.5286038550878,84.8703244325985,77.7284631145246
"GENE2672",165.57588700584,95.5759534222997,103.402250150943,215.149651912066,188.131720851112,115.486343364641,134.055775792148,94.2123905364071,148.994674790497,80.9475504951302,154.201011997256,138.183934425822
"GENE2673",21.1937135367475,26.8471779276123,16.9365754557579,11.8867211001141,30.5594673463736,46.8406147912531,36.7057481335642,21.4119069400925,8.59584662252867,42.1960635559721,25.1024903251348,21.1986717585067
"GENE2674",1804.11486481563,739.908223684994,800.476039961608,726.278659216973,1035.20195635841,417.527549087549,797.951046381831,694.816380206003,1343.81735532198,552.854546998655,825.991467365149,734.887287628233
"GENE2675",6.62303548023359,5.36943558552245,4.45699354098891,5.94336055005706,11.4598002548901,12.9215489079319,17.5549230204003,3.21178604101388,11.4611288300382,11.1948740046457,3.58607004644782,8.63649590161385
"GENE2676",194.717243118868,186.856358376181,125.687217855887,89.1504082508559,137.517603058681,97.7192136162349,79.7951046381831,111.341916088481,173.827120588913,166.200821761278,192.452425826033,112.27444672098
"GENE2677",173.52352958212,95.5759534222997,95.3796617771627,101.03712935097,110.778069130604,103.372391263455,129.268069513857,86.7182231073748,76.4075255335881,98.1704335792004,103.996031346987,95.7865909088081
"GENE2678",64.9057477062892,54.768242972329,85.5742759869871,108.169162011038,104.093185648585,152.635796474945,80.593055684565,50.3179813092174,59.2158322885308,53.3909375606178,34.665343782329,76.9433271234688
"GENE2679",751.052223458489,860.183580800697,726.489947181193,732.22201976703,883.359602981112,689.687672960864,544.202613632409,761.19329172029,969.4204802074,290.205579966584,603.655124485383,814.186022724869
"GENE2680",56.9581051300089,79.4676466657323,118.556028190305,230.602389342214,84.0385352025274,104.179988070201,119.692656957275,105.988939353458,111.746006092873,58.5578024858389,47.814267285971,58.8851993291853
"GENE2681",94.047103819317,183.634697024868,160.451767475601,199.696914481917,216.781221488338,128.407892272573,124.480363235566,147.742157886638,141.353922237138,244.564939793798,120.731024897077,100.497406855143
"GENE2682",157.628244429559,132.088115403852,160.451767475601,153.338702191472,366.713608156483,145.367425214234,240.981216007313,126.330250946546,158.545615482195,102.476154350218,219.945629515466,122.481214604705
"GENE2683",280.816704361904,325.387796482661,297.727168538059,193.75355393186,230.150988452376,474.059325559751,342.320998897806,273.00181348618,244.504081707482,279.010705961938,132.684591718569,379.220683679953
"GENE2684",524.5444100345,618.558979452187,458.17893601366,381.563747313663,527.150811724945,92.8736327757604,442.862830741916,311.543245978346,432.657613333943,251.454093027426,370.560571466275,211.201581594011
"GENE2685",39.7382128814015,21.4777423420898,23.1763664131423,19.0187537601826,37.2443508283928,27.4582914293553,21.5446782523094,20.3413115930879,33.4282924209448,22.3897480092913,32.2746304180304,30.6203036511764
"GENE2686",59.6073193221023,62.2854527920605,113.207635941118,87.9617361408445,105.048169003159,52.4937924384733,94.1582234730561,48.1767906152082,63.0362085652102,77.5029738783161,58.5724774253144,62.8108792844643
"GENE2687",3.97382128814015,8.59109693683592,5.34839224918669,15.4527374301484,5.72990012744505,2.42279042023723,24.7364824378368,1.07059534700463,3.82037627667941,8.61144154203513,8.36749677504492,11.7770398658371
"GENE2688",315.256488859119,286.727860266899,533.056427502274,339.960223463264,361.938691383612,270.544930259824,334.341488433987,357.578845899545,348.609335246996,378.903427849546,288.080960397975,293.640860654871
"GENE2689",533.816659706827,373.712716752363,640.915671194205,286.46997851275,170.942020468777,515.246762703784,644.74444547652,418.602780678809,478.502128654096,412.488049863483,461.40767930962,339.178748136107
"GENE2690",336.450202395866,918.173485124339,603.476925449899,477.846188224588,911.054120263763,726.029529264423,379.824698077752,936.770928629048,676.206600972255,804.308640026081,821.210040636551,547.239785765896
"GENE2691",17.2198922486073,27.9210650447168,29.4161573705268,54.678917060525,42.0192676012637,62.9925509261679,54.2606711539645,50.3179813092174,38.2037627667941,61.1412349484494,40.6421271930753,36.9013915796228
"GENE2692",98.0209251074571,177.191374322241,164.017362308392,118.867211001141,94.5433521028433,73.4913094138626,149.216845673402,82.4358417193562,81.1829958794374,102.476154350218,86.0656811147477,99.7122708640871
"GENE2693",329.827166915633,357.604409995795,355.668084570915,227.03637301218,160.437203568461,331.114690765755,245.768922285604,349.014083123508,282.707844474276,217.008326859285,272.541323530035,358.807147912503
"GENE2694",376.188415277268,264.176230807705,118.556028190305,449.318057584314,243.520755416415,281.043688747518,152.40864985893,178.789422949773,323.77688944858,294.511300737601,307.206667312363,265.375964976862
"GENE2695",6.62303548023359,3.22166135131347,7.13118966558226,14.2640653201369,22.9196005097802,4.84558084047446,3.98975523190916,7.49416742903239,6.68565848418896,4.30572077101756,11.9535668214927,13.3473118479487
"GENE2696",43.7120341695417,24.6994036934033,29.4161573705268,30.9054748602967,15.2797336731868,48.4558084047446,33.5139439480369,17.129525552074,15.2815051067176,33.584622013937,37.0560571466275,18.0581277942835
"GENE2697",658.329726735219,701.248287469232,857.525557286266,682.29779114655,449.797160004436,887.548890613571,322.37222273826,347.943487776504,274.111997851747,425.405212176535,669.399742003594,607.695257077193
"GENE2698",168.225101197933,165.378616034092,116.773230773909,136.697292651312,291.269923145123,90.4508423555232,90.1684682411469,165.942278785717,62.0811144960404,137.783064672562,156.591725361555,125.621758568929
"GENE2699",9.27224967232703,26.8471779276123,53.4839224918669,15.4527374301484,46.7941843741346,29.0734850428467,35.9077970871824,58.8827440852545,28.6528220750956,15.5005947756632,32.2746304180304,23.5540797316741
"GENE2700",15.8952851525606,15.0344196394629,7.13118966558226,8.32070477007988,34.3794007646703,29.0734850428467,16.7569719740185,5.35297673502313,21.9671635909066,15.5005947756632,4.7814267285971,8.63649590161385
"GENE2701",13.2460709604672,6.44332270262694,6.23979095738448,13.0753932101255,3.8199334182967,16.1519361349149,13.5651677884911,11.7765488170509,8.59584662252867,3.44457661681405,2.39071336429855,5.49595193739063
"GENE2702",98.0209251074571,143.900873692002,147.080786852634,120.055883111153,91.6784020391208,60.5697605059307,126.874216374711,69.5886975553007,137.533545960459,163.617389298667,102.800674664838,106.778494783589
"GENE2703",23.8429277288409,27.9210650447168,30.3075560787246,41.6035238503994,8.59485019116757,27.4582914293553,26.3323845306004,8.56476277603701,36.2935746284544,33.584622013937,11.9535668214927,19.6283997763951
"GENE2704",247.701526960736,114.90592153018,313.772345285619,181.866832831746,245.430722125563,226.934702695554,145.227090441493,105.988939353458,108.880723885363,131.755055593137,255.806329979945,161.738014157496
"GENE2705",7.94764257628031,31.1427263960302,12.479581914769,27.3394585302625,6.68488348201922,9.69116168094891,0.797951046381831,25.694288328111,4.77547034584926,0.861144154203513,1.19535668214927,9.42163189266965
"GENE2706",11.9214638644205,25.7732908105078,21.3935689967468,27.3394585302625,12.4147836094643,31.496275463084,6.38360837105465,10.7059534700463,21.0120695217367,15.5005947756632,16.7349935500898,16.4878558121719
"GENE2707",55.6334980339622,16.1083067565674,19.6107715803512,14.2640653201369,25.7845505735027,25.035501009118,19.9487761595458,32.1178604101388,11.4611288300382,49.9463609438037,26.297847007284,21.1986717585067
"GENE2708",117.890031548158,94.5020663051952,140.84099589525,179.489488611723,121.28288603092,159.096570928911,102.137733936874,64.2357208202776,118.431664577062,144.67221790619,193.647782508182,82.4392790608594
"GENE2709",115.240817356064,131.014228286748,57.0495173246581,95.093768800913,58.2539846290247,118.716730591624,64.6340347569283,50.3179813092174,58.260738219361,68.891532336281,86.0656811147477,85.5798230250827
"GENE2710",184.120386350494,285.653973149794,121.230224314898,208.017619251997,169.032053759629,153.443393281691,170.761523925712,138.106799763597,229.222576600764,104.198442658625,180.49885900454,99.7122708640871
"GENE2711",209.287921175381,389.82102350893,314.663743993817,267.451224752568,285.540023017678,294.772834462196,336.735341573133,214.119069400925,331.417642001939,375.458851232731,257.001686662094,292.070588672759
"GENE2712",3.97382128814015,17.1821938736718,9.8053857901756,4.75468844004565,10.5048169003159,11.3063552944404,3.19180418552732,16.0589302050694,4.77547034584926,18.9451713924773,9.56285345719419,15.7027198211161
"GENE2713",376.188415277268,679.770545127143,1041.15369117501,763.127494627327,882.404619626538,492.634052114903,768.426857665704,681.969236041947,587.382852539459,580.411159933167,786.544696854222,615.54661698775
"GENE2714",438.444948791464,304.983941257675,198.781911928105,285.281306402739,337.109124164684,313.347561017348,259.334090074095,344.73170173549,274.111997851747,358.235968148661,360.997718009081,274.012460878476
"GENE2715",341.748630780053,415.594314319438,520.576845587505,281.715290072705,466.031877032197,550.781022200597,264.121796352386,293.343125079268,449.849306579,271.260408574106,400.444488520007,406.700443366907
"GENE2716",10.5968567683737,8.59109693683592,6.23979095738448,3.56601633003424,1.90996670914835,4.84558084047446,12.7672167421093,3.21178604101388,10.5060347608684,9.47258569623864,2.39071336429855,13.3473118479487
"GENE2717",842.450113085713,1024.48830971768,885.158917240398,1828.17770519755,600.684530027156,776.908128089404,764.437102433794,694.816380206003,1020.0404658734,427.988644639146,701.674372421624,958.651045079137
"GENE2718",427.84809202309,239.476827114301,365.473470361091,169.980111731632,257.845505735027,204.321992106673,150.014796719784,117.765488170509,219.671635909066,210.980317779861,168.545292183048,283.434092771145
"GENE2719",7.94764257628031,6.44332270262694,6.23979095738448,8.32070477007988,6.68488348201922,10.4987584876947,11.9692656957275,13.9177395110601,8.59584662252867,4.30572077101756,9.56285345719419,8.63649590161385
"GENE2720",13.2460709604672,12.8866454052539,10.6967844983734,2.37734422002282,4.77491677287087,21.8051137821351,1.59590209276366,11.7765488170509,5.73056441501911,7.75029738783161,17.9303502322391,8.63649590161385
"GENE2721",162.926672813746,105.24093747624,144.406590728041,215.149651912066,208.18637129717,129.215489079319,214.648831476713,256.94288328111,191.97390790314,162.756245144464,170.936005547346,194.71372578184
"GENE2722",829.204042125246,619.632866569291,308.423953036433,199.696914481917,373.398491638502,457.907389424836,412.540690979407,377.920157492633,308.495384341862,473.629284811932,530.738366874278,441.246426973362
"GENE2723",347.04705916424,635.741173325858,364.582071652893,464.770795014462,467.941843741346,304.463996143145,526.647690612009,246.236929811064,304.675008065183,288.483291658177,565.403710656607,303.06249254754
"GENE2724",52.9842838418687,115.979808647285,90.031269527976,83.2070477007988,130.832719576662,57.3393732789477,146.822992534257,105.988939353458,74.4973373952484,100.753866041811,123.121738261375,54.1743833828505
"GENE2725",9.27224967232703,17.1821938736718,21.3935689967468,4.75468844004565,12.4147836094643,8.07596806745743,5.58565732467282,3.21178604101388,6.68565848418896,10.3337298504422,10.7582101393435,0.785135991055804
"GENE2726",223.858599231895,95.5759534222997,130.144211396876,129.565259991244,91.6784020391208,153.443393281691,107.723391261547,111.341916088481,85.9584662252867,59.4189466400424,125.512451625674,95.7865909088081
"GENE2727",218.560170847708,112.758147295972,224.632474465841,208.017619251997,127.012786158365,230.165089922537,188.316446946112,163.801088091708,164.276179897214,160.172812681853,200.819922601078,109.133902756757
"GENE2728",218.560170847708,471.436444408871,226.415271882237,183.055504941757,220.601154906634,383.608483204228,292.848034022132,269.790027445166,175.737308727253,260.065534569461,179.303502322391,207.275901638732
"GENE2729",312.607274667025,240.550714231406,100.728054026349,247.243798882374,177.626903950797,365.841353455821,168.367670786566,219.472046135948,170.006744312234,243.703795639594,383.709494969917,195.498861772895
"GENE2730",80.8010328588498,76.2459853144188,106.076446275536,110.546506231061,139.42756976783,114.678746557895,177.943083343148,71.72988824931,118.431664577062,160.172812681853,132.684591718569,111.489310729924
"GENE2731",68.8795689944293,62.2854527920605,63.2893082820425,98.6597851309472,106.003152357733,75.1065030273541,97.3500276585834,58.8827440852545,66.8565848418896,71.4749647988915,86.0656811147477,37.6865275706786
"GENE2732",92.7224967232703,22.5516294591943,49.026928950878,22.5847700902168,59.2089679835988,80.7596806745743,67.8258389424557,65.3063161672822,53.4852678735117,66.3080998736705,71.7214009289565,44.7527514901808
"GENE2733",82.1256399548965,22.5516294591943,48.1355302426802,46.3582122904451,84.0385352025274,54.1089860519648,40.6955033654734,51.3885766562221,52.5301738043418,55.1132258690248,27.4932036894333,25.1243517137857
"GENE2734",2.64921419209344,5.36943558552245,16.9365754557579,2.37734422002282,8.59485019116757,17.7671297484063,19.9487761595458,11.7765488170509,1.9101881383397,4.30572077101756,4.7814267285971,6.28108792844643
"GENE2735",672.900404791733,1009.45389007822,1229.23881860474,810.674379027783,556.755295716744,963.462990447671,758.05349406274,575.980296688489,882.506919912943,1071.26332782917,1145.151701499,811.830614751702
"GENE2736",84.77485414699,104.167050359136,86.4656746951849,109.35783412105,90.7234186845466,99.3344072297264,53.4627201075827,123.118464905532,111.746006092873,103.337298504422,58.5724774253144,72.232511177134
"GENE2737",825.230220837105,317.870586662929,736.295332971368,940.239639019027,509.006127988035,627.502718841442,489.143991432063,592.039226893559,390.633474290469,697.526764904845,742.316499614699,594.347945229244
"GENE2738",193.392636022821,113.832034413076,118.556028190305,149.772685861438,169.987037114203,172.825716643589,176.347181250385,99.5653672714303,88.8237484327962,118.837893280085,124.317094943525,291.285452681703
"GENE2739",2.64921419209344,4.29554846841796,21.3935689967468,4.75468844004565,11.4598002548901,20.9975169753893,11.9692656957275,6.42357208202776,21.0120695217367,16.3617389298667,13.148923503642,3.92567995527902
"GENE2740",15.8952851525606,47.2510331525976,22.2849677049446,43.9808680704222,26.7395339280769,29.0734850428467,48.6750138292917,21.4119069400925,21.9671635909066,18.0840272382738,22.7117769608362,23.5540797316741
"GENE2741",43.7120341695417,38.6599362157617,54.3753212000647,51.1129007304907,80.2186017842307,39.5722435305414,55.8565732467282,24.6236929811064,53.4852678735117,57.6966583316353,50.2049806502695,54.9595193739063
"GENE2742",267.570633401437,279.210650447168,244.243246046192,357.790305113435,217.736204842912,322.231125891551,192.306202178021,284.778362303231,338.103300486128,267.815831957292,246.24347652275,385.5017716084
"GENE2743",459.638662328211,724.873804045531,537.513421043263,708.448577566802,497.546327733145,677.573720859678,614.42230571401,550.286008360378,972.285762414909,628.635232568564,432.719118938037,855.798230250827
"GENE2744",827.879435029199,1288.66454052539,1090.18062012589,739.354052427098,964.533188119917,789.022080190591,670.278878960738,1003.14784014334,899.698613158,580.411159933167,1143.95634481686,632.034472799922
"GENE2745",389.434486237735,513.318041975946,474.22411276122,328.07350236315,666.578381492774,738.143481365609,387.80420854157,765.475673108308,461.310435409038,363.402833073882,546.278003742218,527.6113859895
"GENE2746",21.1937135367475,36.5121619815527,44.5699354098891,28.5281306402739,52.5240845015796,63.8001477329137,23.1405803450731,22.4825022870972,21.9671635909066,24.9731804719019,19.1257069143884,16.4878558121719
"GENE2747",27.8167490169811,21.4777423420898,56.1581186164603,55.8675891705364,21.0096338006318,28.265888236101,38.3016502263279,20.3413115930879,70.676961118569,26.6954687803089,14.3442801857913,53.3892473917947
"GENE2748",442.418770079604,460.697573237826,346.754097488937,635.939578856105,523.330878306648,398.952822532397,305.615250764241,598.462798975586,588.337946608629,999.788363030278,491.291596363352,191.573181817616
"GENE2749",209.287921175381,167.526390268301,219.284082216654,90.3390803608673,92.633385393695,210.782766560639,286.464425651077,186.283590378805,296.079161442654,166.200821761278,107.582101393435,239.46647727202
"GENE2750",120.539245740251,195.447455313017,129.252812688678,57.0562612805478,142.292519831552,125.985101852336,119.692656957275,88.859413801384,85.9584662252867,132.616199747341,70.5260442468072,77.7284631145246
"GENE2751",182.795779254447,143.900873692002,158.668970059205,154.527374301484,132.74268628581,117.909133784878,130.86397160662,194.848353154842,213.941071494047,235.953498251762,169.740648865197,165.663694112775
"GENE2752",84.77485414699,75.1720981973143,146.189388144436,70.1316544906733,46.7941843741346,91.2584391622689,57.4524753394918,95.2829858834118,101.239971332004,74.0583972615021,25.1024903251348,47.8932954544041
"GENE2753",241.078491480503,367.269394049736,417.174595436562,265.073880532545,339.974074228406,189.78524958525,381.420600170515,269.790027445166,430.747425195603,255.759813798443,223.531699561914,378.435547688898
"GENE2754",678.19883317592,631.44562485744,570.495173246581,513.50635152493,212.961288070041,435.294678835955,387.80420854157,400.40265977973,363.890840353714,368.569697999103,555.840857199413,398.849083456349
"GENE2755",27.8167490169811,86.9848564854637,36.5473470361091,27.3394585302625,32.4694340555219,30.6886786563382,27.9282866233641,21.4119069400925,28.6528220750956,37.8903427849546,10.7582101393435,45.5378874812367
"GENE2756",133.785316700719,128.866454052539,147.972185560832,91.5277524708787,116.507969258049,117.101536978133,85.3807619628559,69.5886975553007,68.7667729802293,86.1144154203513,77.6981843397028,151.53124627377
"GENE2757",225.183206327942,246.994036934033,217.501284800259,423.167271164063,236.835871934395,336.767868412975,156.398405090839,123.118464905532,205.345224871518,160.172812681853,205.601349329675,423.188299179079
"GENE2758",588.125550644743,336.126667653706,611.499513823679,368.488354103538,593.044663190563,577.431716823206,395.783719005388,765.475673108308,525.301738043418,401.293175858837,248.634189887049,623.397976898309
"GENE2759",79.4764257628031,150.344196394629,44.5699354098891,61.8109497205934,92.633385393695,14.5367425214234,53.4627201075827,72.8004835963146,58.260738219361,108.504163429643,22.7117769608362,62.8108792844643
"GENE2760",6.62303548023359,32.2166135131347,20.502170288549,23.7734422002282,28.6495006372252,24.2279042023723,9.57541255658198,6.42357208202776,21.0120695217367,7.75029738783161,4.7814267285971,14.1324478390045
"GENE2761",3.97382128814015,3.22166135131347,11.5881832065712,16.6414095401598,6.68488348201922,0,17.5549230204003,3.21178604101388,18.1467873142272,6.02800907942459,14.3442801857913,1.57027198211161
"GENE2762",528.518231322641,939.651227466429,1651.76180629049,807.108362697749,1022.78717274894,924.698343723875,1161.81672353195,1113.41916088481,491.873445622474,963.620308553731,667.009028639295,1326.09468889325
"GENE2763",210.612528271428,168.600277385405,185.410931305139,108.169162011038,115.552985903475,154.250990088437,148.418894627021,262.295860016133,106.970535747023,158.450524373446,108.777458075584,144.465022354268
"GENE2764",103.319353491644,226.590181709047,159.560368767403,111.735178341073,202.456471169725,125.985101852336,110.915195447075,104.918344006453,153.770145136346,89.5589920371653,149.419585268659,52.6041114007389
"GENE2765",7.94764257628031,15.0344196394629,13.3709806229667,67.7543102706505,24.8295672189285,29.8810818495925,9.57541255658198,23.5530976341018,21.9671635909066,27.5566129345124,20.3210635965377,53.3892473917947
"GENE2766",22.5183206327942,18.2560809907763,32.9817522033179,23.7734422002282,33.4244174100961,18.5747265551521,43.0893565046189,13.9177395110601,28.6528220750956,14.6394506214597,11.9535668214927,11.7770398658371
"GENE2767",1320.63327475858,970.79395386246,869.113740492838,1059.10685002017,818.420734870068,1055.52902641669,616.018207806774,813.652463723516,501.424386314172,1315.82826762297,1281.42236326402,976.709172873421
"GENE2768",51.659676745822,125.644792701225,111.424838524723,65.3769660506277,55.3890345653021,71.0685189936254,128.470118467475,86.7182231073748,36.2935746284544,109.365307583846,57.3771207431652,50.2487034275715
"GENE2769",42.387427073495,22.5516294591943,21.3935689967468,19.0187537601826,11.4598002548901,16.1519361349149,31.9180418552733,19.2707162460833,11.4611288300382,25.8343246261054,31.0792737358811,15.7027198211161
"GENE2770",455.664841040071,1035.22718088873,701.530783351655,785.712264717543,1098.2308577603,573.393732789477,705.388725001539,1138.04285386592,1042.00762946431,919.701956689352,774.59113003273,782.780583082637
"GENE2771",18.5444993446541,15.0344196394629,6.23979095738448,4.75468844004565,9.54983354574175,12.9215489079319,7.18155941743648,7.49416742903239,25.787539867586,38.7514869391581,10.7582101393435,30.6203036511764
"GENE2772",23.8429277288409,8.59109693683592,9.8053857901756,22.5847700902168,25.7845505735027,16.1519361349149,13.5651677884911,16.0589302050694,6.68565848418896,19.8063155466808,14.3442801857913,14.1324478390045
"GENE2773",519.245981650314,887.030758728309,490.26928950878,518.261039964976,253.070588962156,351.304610934398,379.02674703137,404.685041167749,315.181042826051,364.263977228086,525.956940145681,445.172106928641
"GENE2774",414.602021062623,318.944473780034,185.410931305139,247.243798882374,173.8069705325,112.255956137658,129.268069513857,235.530976341018,269.336527505898,218.730615167692,242.657406476303,299.136812592261
"GENE2775",604.020835797303,413.446540085229,574.95216678757,546.78917060525,812.690834742623,527.36071480497,390.198061680716,705.522333676049,698.173764563162,446.07267187742,695.697589010878,372.154459760451
"GENE2776",7.94764257628031,23.6255165762988,19.6107715803512,27.3394585302625,3.8199334182967,8.07596806745743,4.78770627829099,14.9883348580648,8.59584662252867,18.9451713924773,27.4932036894333,12.5621758568929
"GENE2777",1059.68567683737,1326.25058962405,1960.18575932692,858.22126342824,1418.15028154265,1408.44883096458,1250.38928968033,876.817589196789,986.612173452457,1113.45939138514,957.480702401569,1190.2661624406
"GENE2778",1219.96313545903,937.50345323222,885.158917240398,722.712642886939,910.099136909189,587.930475310901,389.400110634334,623.086491956693,353.384805592845,414.21033817189,787.740053536372,689.349400146996
"GENE2779",103.319353491644,165.378616034092,148.86358426903,112.923850451084,168.077070405055,114.678746557895,80.593055684565,65.3063161672822,68.7667729802293,75.7806855699091,136.270661765017,72.232511177134
"GENE2780",17.2198922486073,31.1427263960302,54.3753212000647,36.8488354103538,21.964617155206,36.3418563035584,13.5651677884911,3.21178604101388,13.3713169683779,21.5286038550878,5.97678341074637,21.9838077495625
"GENE2781",66.2303548023359,93.4281791880907,73.9860927804159,52.3015728405021,66.8488348201922,120.331924205116,98.9459297513471,71.72988824931,82.1380899486072,123.143614051102,58.5724774253144,110.704174738868
"GENE2782",309.958060474932,324.313909365556,424.305785102144,513.50635152493,336.15414081011,374.724918330025,369.451334474788,498.897431704156,319.00141910273,289.34443581238,378.92806824132,471.866730624538
"GENE2783",434.471127503324,684.06609359556,900.31269527976,646.637627846208,669.443331556497,326.26910992528,378.228795984988,433.591115536874,889.192578397132,409.043473246668,450.649469170276,619.47229694303
"GENE2784",22.5183206327942,33.2905006302392,51.7011250754714,54.678917060525,48.7041510832829,33.9190658833212,19.150825113164,21.4119069400925,26.7426339367558,54.2520817148213,13.148923503642,54.9595193739063
"GENE2785",52.9842838418687,26.8471779276123,59.7237134492514,46.3582122904451,42.9742509558379,34.7266626900669,52.6647690612009,76.0122696373285,69.7218670493992,38.7514869391581,40.6421271930753,57.3149273470737
"GENE2786",1.32460709604672,9.66498405394042,6.23979095738448,5.94336055005706,5.72990012744505,8.07596806745743,11.1713146493456,17.129525552074,7.64075255335881,9.47258569623864,10.7582101393435,9.42163189266965
"GENE2787",21.1937135367475,12.8866454052539,33.8731509115157,42.7921959604108,23.8745838643544,12.9215489079319,19.9487761595458,25.694288328111,16.2365991758875,38.7514869391581,16.7349935500898,32.9757116243438
"GENE2788",378.837629469361,362.973845581318,487.595093384187,360.167649333458,193.861620978557,346.459030093924,313.59476122806,306.190269243323,226.357294393255,429.710932947553,326.332374226752,338.393612145052
"GENE2789",1303.41338250997,1369.20607430823,630.218886695832,991.352539749518,706.687682384889,1152.44064322617,555.373928281755,872.535207808771,620.811144960404,1395.05352980969,919.229288572792,635.175016764146
"GENE2790",1027.89510653225,694.804964766605,1894.22225492029,1218.3889127617,1122.10544162466,1744.4091025708,975.096178678598,789.02877074241,1270.2751119959,975.67632671258,1013.66246646258,1076.42144373751
"GENE2791",184.120386350494,244.846262699824,330.708920741377,254.375831542442,307.504640172884,248.739816477689,322.37222273826,296.554911120282,118.431664577062,192.035146387383,172.131362229495,275.582732860587
"GENE2792",11.9214638644205,31.1427263960302,9.8053857901756,17.8300816501712,5.72990012744505,13.7291457146776,15.1610698812548,31.0472650631342,5.73056441501911,12.9171623130527,39.446770510926,10.9919038747813
"GENE2793",223.858599231895,170.748051619614,201.456108052699,185.43284916178,103.138202294011,65.4153413464052,171.559474972094,230.177999605995,161.410897689705,203.230020392029,170.936005547346,168.019102085942
"GENE2794",743.104580882209,977.237276565086,925.271859109298,1343.1994843129,1440.11489869786,612.965976320019,560.959585606427,593.109822240563,638.002838205461,828.420676343779,1038.76495678772,844.806326376045
"GENE2795",207.963314079335,273.841214861645,266.528213751137,208.017619251997,162.34717027761,304.463996143145,109.319293354311,175.577636908759,178.602590934762,156.728236065039,135.075305082868,274.797596869532
"GENE2796",22.5183206327942,30.0688392789257,13.3709806229667,26.1507864202511,41.0642842466895,21.8051137821351,21.5446782523094,27.8354790221203,60.1709263577007,11.1948740046457,25.1024903251348,25.1243517137857
"GENE2797",26.4921419209344,32.2166135131347,111.424838524723,28.5281306402739,49.6591344378571,46.0330179845073,31.1200908088914,27.8354790221203,20.0569754525669,31.86233370553,37.0560571466275,19.6283997763951
"GENE2798",50.3350696497753,56.916017206538,33.8731509115157,54.678917060525,72.5787349476373,32.3038722698297,26.3323845306004,36.4002417981573,59.2158322885308,73.1972531072986,65.7446175182101,76.158191132413
"GENE2799",141.732959276999,156.787519097256,189.867924846128,143.829325311381,111.733052485178,134.868666726539,272.899257862586,176.648232255763,254.055022399181,105.920730967032,160.177795408003,207.275901638732
"GENE2800",405.329771390296,449.958702066782,533.056427502274,369.677026213549,285.540023017678,272.160123873315,377.430844938606,535.297673502313,502.379480383342,669.970151970333,539.105863649323,292.855724663815
"GENE2801",1009.3506071876,715.208819991591,553.558597790823,563.430580145409,754.436850113598,453.869405391107,988.661346467089,480.697310805077,868.180508875395,1095.37536414687,716.018652607415,602.984441130858
"GENE2802",256.973776633063,157.86140621436,306.641155620037,221.093012462123,297.954806627143,168.78773260986,235.39555868264,174.507041561754,136.578451891289,149.839082831411,224.727056244064,367.443643814116
"GENE2803",238.429277288409,125.644792701225,133.709806229667,196.130898151883,122.237869385494,230.972686729282,233.799656589877,172.365850867745,151.859956998006,69.7526764904845,243.852763158452,245.747565200467
"GENE2804",1079.55478327808,423.111524139169,1126.727967162,665.656381606391,692.362932066277,386.838870431211,868.968689509814,327.602176183416,1084.03176850778,512.38077175109,652.664748453504,710.548071905503
"GENE2805",47.6858554576819,35.4382748644482,56.1581186164603,65.3769660506277,75.4436850113598,101.757197649964,27.1303355769823,71.72988824931,42.0241390434735,24.1120363176984,28.6885603715826,46.3230234722925
"GENE2806",18.5444993446541,10.7388711710449,2.67419612459335,27.3394585302625,1.90996670914835,17.7671297484063,3.98975523190916,18.2001208990787,7.64075255335881,10.3337298504422,19.1257069143884,14.9175838300603
"GENE2807",201.340278599101,146.048647926211,206.804500301885,169.980111731632,172.851987177926,127.600295465827,315.988614367205,149.883348580648,221.581824047406,80.9475504951302,135.075305082868,321.120620341824
"GENE2808",38.4136057853548,32.2166135131347,41.8957392852958,26.1507864202511,42.9742509558379,71.8761158003711,40.6955033654734,32.1178604101388,23.8773517292463,37.8903427849546,47.814267285971,20.4135357674509
"GENE2809",25.1675348248876,71.9504368460009,17.8279741639556,36.8488354103538,53.4790678561538,56.531776472202,49.4729648756735,44.9650045741943,71.6320551877389,40.4737752475651,26.297847007284,28.264895678009
"GENE2810",149.680601853279,157.86140621436,142.623793311645,150.961357971449,68.7588015293406,64.6077445396594,146.025041487875,51.3885766562221,104.105253539514,135.199632209951,75.3074709754043,107.563630774645
"GENE2811",370.889986893081,175.043600088032,791.562052879631,595.524727115717,612.144330282046,617.811557160493,571.332949209391,513.885766562221,738.287715468295,393.542878471005,285.690247033677,573.934409461793
"GENE2812",9.27224967232703,8.59109693683592,12.479581914769,15.4527374301484,13.3697669640384,8.07596806745743,20.7467272059276,7.49416742903239,3.82037627667941,8.61144154203513,3.58607004644782,4.71081594633483
"GENE2813",3.97382128814015,17.1821938736718,6.23979095738448,4.75468844004565,7.6398668365934,16.1519361349149,18.3528740667821,3.21178604101388,5.73056441501911,2.58343246261054,4.7814267285971,7.85135991055804
"GENE2814",266.24602630539,515.465816210155,351.211091029926,436.242664374188,277.900156181085,926.313537337367,485.952187246535,369.355394716596,347.654241177826,209.258029471454,332.309157637498,533.107337926891
"GENE2815",14.5706780565139,13.9605325223584,30.3075560787246,4.75468844004565,12.4147836094643,8.88356487420317,11.1713146493456,8.56476277603701,3.82037627667941,9.47258569623864,10.7582101393435,14.9175838300603
"GENE2816",13.2460709604672,18.2560809907763,16.0451767475601,16.6414095401598,13.3697669640384,6.46077445396594,15.9590209276366,8.56476277603701,7.64075255335881,6.8891532336281,9.56285345719419,5.49595193739063
"GENE2817",63.5811406102425,27.9210650447168,34.7645496197135,84.3957198108102,51.5691011470054,24.2279042023723,50.2709159220554,31.0472650631342,21.0120695217367,31.0011895513265,33.4699871001797,20.4135357674509
"GENE2818",288.764346938185,379.082152337885,580.300559036756,342.337567683287,418.282709303489,316.577948244331,462.01365585508,285.848957650235,404.959885328017,353.06910322344,270.150610165736,410.626123322186
"GENE2819",1246.45527737996,871.996339088846,960.927807437209,1086.44630855043,1096.32089105115,1001.42004036472,1030.15480087894,724.793049922132,1006.66914890502,730.250242764579,1194.16132546712,571.579001488626
"GENE2820",41.0628199774483,53.6943558552245,33.8731509115157,41.6035238503994,36.2893674738186,35.5342594968127,18.3528740667821,9.63535812304164,46.7996093893227,32.7234778597335,45.4235539216724,20.4135357674509
"GENE2821",37.0889986893081,5.36943558552245,19.6107715803512,8.32070477007988,9.54983354574175,28.265888236101,41.4934544118552,26.7648836751157,14.3264110375478,13.7783064672562,29.8839170537319,8.63649590161385
"GENE2822",39.7382128814015,22.5516294591943,36.5473470361091,1.18867211001141,36.2893674738186,18.5747265551521,14.363118834873,37.4708371451619,19.101881383397,9.47258569623864,58.5724774253144,23.5540797316741
"GENE2823",27.8167490169811,88.0587436025682,54.3753212000647,26.1507864202511,40.1093008921153,92.8736327757604,15.9590209276366,20.3413115930879,33.4282924209448,30.1400453971229,20.3210635965377,40.041935543846
"GENE2824",324.528738531446,258.806795222182,251.374435711775,146.206669531404,208.18637129717,201.09160487969,85.3807619628559,130.612632334564,240.683705430803,158.450524373446,227.117769608362,115.414990685203
"GENE2825",10.5968567683737,15.0344196394629,13.3709806229667,2.37734422002282,6.68488348201922,8.07596806745743,12.7672167421093,11.7765488170509,13.3713169683779,5.16686492522108,4.7814267285971,19.6283997763951
"GENE2826",3.97382128814015,4.29554846841796,5.34839224918669,9.5093768800913,8.59485019116757,22.6127105888808,10.3733636029638,14.9883348580648,17.1916932450573,7.75029738783161,9.56285345719419,7.85135991055804
"GENE2827",117.890031548158,140.679212340688,153.320577810019,159.282062741529,103.138202294011,146.982618827725,60.6442795250192,91.0006044953933,88.8237484327962,115.393316663271,182.889572368839,148.390702309547
"GENE2828",112.591603163971,186.856358376181,156.88617264281,66.5656381606391,101.228235584863,104.179988070201,145.227090441493,88.859413801384,189.108625695631,99.031577733404,138.661375129316,157.812334202217
"GENE2829",19.8691064407008,6.44332270262694,33.8731509115157,13.0753932101255,23.8745838643544,9.69116168094891,6.38360837105465,11.7765488170509,9.55094069169852,6.8891532336281,32.2746304180304,10.9919038747813
"GENE2830",79.4764257628031,79.4676466657323,70.4204979476248,45.1695401804337,29.6044839917994,147.790215634471,67.0278878960738,92.0711998423979,75.4524314644183,133.477343901544,50.2049806502695,112.27444672098
"GENE2831",10.5968567683737,25.7732908105078,9.8053857901756,7.13203266006847,10.5048169003159,18.5747265551521,6.38360837105465,26.7648836751157,18.1467873142272,2.58343246261054,9.56285345719419,7.85135991055804
"GENE2832",772.245936995237,531.574122966723,435.002569600518,566.996596475444,584.449812999395,927.928730950858,400.571425283679,616.662919874665,333.327830140278,260.926678723664,510.41730327774,352.526059984056
"GENE2833",443.743377175651,284.58008603269,448.373550223484,647.82629995622,367.668591511057,423.988323541515,289.656229836605,809.370082335498,525.301738043418,657.05298965728,314.378807405259,603.769577121913
"GENE2834",1080.87939037412,820.449757467831,953.796617771627,766.693510957361,737.247149731263,1649.92027618155,1069.25440215165,610.239347792637,1374.38036553542,524.436789909939,1139.17491808826,426.328843143302
"GENE2835",6.62303548023359,25.7732908105078,19.6107715803512,41.6035238503994,31.5144507009478,10.4987584876947,16.7569719740185,20.3413115930879,21.9671635909066,20.6674597008843,26.297847007284,30.6203036511764
"GENE2836",104.643960587691,80.5415337828368,126.578616564085,61.8109497205934,99.3182688757142,105.795181683692,112.511097539838,61.0239347792637,37.2486686976242,69.7526764904845,102.800674664838,85.5798230250827
"GENE2837",18.5444993446541,8.59109693683592,5.34839224918669,9.5093768800913,4.77491677287087,8.88356487420317,3.98975523190916,7.49416742903239,3.82037627667941,6.8891532336281,13.148923503642,1.57027198211161
"GENE2838",70.2041760904761,66.5810012604784,48.1355302426802,58.2449333905592,49.6591344378571,25.035501009118,52.6647690612009,33.1884557571434,35.3384805592845,28.4177570887159,59.7678341074637,41.6122075259576
"GENE2839",9.27224967232703,8.59109693683592,16.9365754557579,32.0941469703081,16.234717027761,16.1519361349149,10.3733636029638,8.56476277603701,30.5630102134353,12.0560181588492,3.58607004644782,7.85135991055804
"GENE2840",1345.80080958347,992.271696204549,590.105944826932,1103.08771809059,931.10877070982,305.271592949891,946.369941008852,1174.44309566408,696.263576424822,538.215096377195,402.835201884305,369.013915796228
"GENE2841",749.727616362443,729.169352513949,1010.84613509629,755.995461967258,828.925551770384,392.492048078431,787.577682778867,376.849562145629,476.591940515756,363.402833073882,719.604722653863,722.32511177134
"GENE2842",96.6963180114104,98.7976147736131,126.578616564085,72.5089987106961,163.302153632184,107.410375297184,76.6033004526558,95.2829858834118,58.260738219361,55.1132258690248,81.2842543861506,111.489310729924
"GENE2843",1135.18828131204,682.992206478456,675.680220813919,613.354808765889,551.025395589299,1030.49352540757,271.303355769823,465.708975947013,667.610754349726,1227.99156389421,563.012997292308,918.609109535291
"GENE2844",82.1256399548965,75.1720981973143,114.990433357514,123.621899441187,144.2024865407,72.6837126071168,83.7848598700923,92.0711998423979,134.668263752949,70.613820644688,52.5956940145681,115.414990685203
"GENE2845",98.0209251074571,94.5020663051952,55.2667199082625,79.6410313707646,105.048169003159,43.6102275642701,54.2606711539645,63.165125473273,63.9913026343801,62.8635232568564,54.9864073788666,58.8851993291853
"GENE2846",389.434486237735,273.841214861645,390.432634190629,110.546506231061,322.784373846071,384.416080010974,311.200908088914,312.613841325351,318.046325033561,198.063155466808,314.378807405259,169.589374068054
"GENE2847",27.8167490169811,50.4726945039111,44.5699354098891,42.7921959604108,43.929234310412,37.1494531103042,21.5446782523094,58.8827440852545,34.3833864901147,25.8343246261054,22.7117769608362,39.2567995527902
"GENE2848",327.177952723539,352.234974410273,391.324032898826,565.807924365432,514.73602811548,464.368163878802,335.937390526751,475.344334070054,359.115370007864,388.376013545784,390.881635062813,330.542252234494
"GENE2849",3.97382128814015,4.29554846841796,22.2849677049446,3.56601633003424,8.59485019116757,9.69116168094891,12.7672167421093,14.9883348580648,7.64075255335881,6.8891532336281,9.56285345719419,5.49595193739063
"GENE2850",9.27224967232703,11.8127582881494,9.8053857901756,9.5093768800913,5.72990012744505,4.84558084047446,2.39385313914549,12.8471441640555,0.955094069169852,17.2228830840703,8.36749677504492,3.92567995527902
"GENE2851",566.931837107995,439.219830895737,467.092923095638,1018.69199827978,958.803287992471,1179.09133784878,655.117809079483,738.710789433192,1099.3132736145,1038.53984996944,683.744022189385,948.444277195412
"GENE2852",9.27224967232703,11.8127582881494,3.56559483279113,16.6414095401598,8.59485019116757,6.46077445396594,20.7467272059276,3.21178604101388,8.59584662252867,18.9451713924773,10.7582101393435,10.9919038747813
"GENE2853",845.099327277806,776.420385666547,836.13198828952,572.939957025501,652.253631174161,628.310315648188,597.665333739992,418.602780678809,524.346643974249,362.541688919679,614.413334624727,300.707084574373
"GENE2854",17.2198922486073,31.1427263960302,59.7237134492514,22.5847700902168,10.5048169003159,43.6102275642701,26.3323845306004,28.9060743691249,36.2935746284544,35.306910322344,22.7117769608362,32.9757116243438
"GENE2855",25.1675348248876,38.6599362157617,24.9591638295379,16.6414095401598,7.6398668365934,29.0734850428467,12.7672167421093,23.5530976341018,8.59584662252867,15.5005947756632,15.5396368679406,24.3392157227299
"GENE2856",30.4659632090745,24.6994036934033,56.1581186164603,62.9996218306048,61.1189346927472,33.1114690765755,49.4729648756735,26.7648836751157,39.1588568359639,28.4177570887159,26.297847007284,37.6865275706786
"GENE2857",148.355994757232,376.934378103676,356.559483279113,212.772307692043,245.430722125563,117.909133784878,134.055775792148,248.378120505073,166.186368035554,78.3641180325196,125.512451625674,90.2906389714175
"GENE2858",25.1675348248876,39.7338233328662,68.6377005312292,48.7355565104679,42.0192676012637,42.8026307575244,36.7057481335642,50.3179813092174,32.473198351775,43.0572077101756,35.8607004644782,20.4135357674509
"GENE2859",9.27224967232703,8.59109693683592,8.91398708197782,7.13203266006847,10.5048169003159,10.4987584876947,2.39385313914549,8.56476277603701,6.68565848418896,8.61144154203513,5.97678341074637,9.42163189266965
"GENE2860",121.863852836298,82.6893080170458,198.781911928105,154.527374301484,149.932386668145,156.673780508674,105.329538122402,168.083469479726,108.880723885363,42.1960635559721,77.6981843397028,106.778494783589
"GENE2861",67.5549618983826,134.235889638061,182.736735180545,115.301194671107,132.74268628581,237.433461183248,144.429139395111,157.37751600968,70.676961118569,130.893911438934,156.591725361555,76.9433271234688
"GENE2862",222.533992135849,88.0587436025682,209.478696426479,200.885586591929,101.228235584863,218.858734628096,235.39555868264,206.624901971893,142.309016306308,102.476154350218,187.670999097436,229.259709388295
"GENE2863",18.5444993446541,41.8815975670751,10.6967844983734,26.1507864202511,38.199334182967,13.7291457146776,15.1610698812548,9.63535812304164,14.3264110375478,12.9171623130527,15.5396368679406,22.7689437406183
"GENE2864",30.4659632090745,20.4038552249853,28.524758662329,7.13203266006847,14.3247503186126,40.3798403372871,19.9487761595458,20.3413115930879,29.6079161442654,7.75029738783161,16.7349935500898,29.0500316690648
"GENE2865",22.5183206327942,93.4281791880907,43.6785367016913,29.7168027502853,67.8038181747664,93.6812295825062,44.6852585973825,65.3063161672822,54.4403619426815,70.613820644688,32.2746304180304,29.8351676601206
"GENE2866",18.5444993446541,3.22166135131347,8.02258837378004,8.32070477007988,1.90996670914835,8.07596806745743,19.9487761595458,7.49416742903239,6.68565848418896,22.3897480092913,13.148923503642,13.3473118479487
"GENE2867",475.533947480772,236.255165762988,678.354416938512,628.807546196037,544.34051210728,258.430978158638,454.832096437644,351.155273817518,336.193112347788,374.597707078528,578.552634160249,469.511322651371
"GENE2868",125.837674124438,121.349244232807,157.777571351007,167.602767511609,156.617270150165,130.83068269281,127.672167421093,126.330250946546,93.5992187786455,99.031577733404,66.9399742003594,143.679886363212
"GENE2869",104.643960587691,298.540618555048,247.808840878983,256.753175762465,230.150988452376,180.094087904301,414.934544118552,160.589302050694,252.144834260841,203.230020392029,142.247445175764,197.069133755007
"GENE2870",165.57588700584,328.609457833974,214.827088675666,281.715290072705,279.810122890233,252.777800511417,191.50825113164,210.907283359911,330.462547932769,241.981507331187,181.69421568669,368.228779805172
"GENE2871",592.099371932883,422.037637022065,386.867039357837,411.280550063949,675.173231683942,465.175760685548,559.363683513664,866.111635726743,831.886934246941,442.628095260605,512.808016642039,283.434092771145
"GENE2872",27.8167490169811,30.0688392789257,32.9817522033179,42.7921959604108,58.2539846290247,63.8001477329137,23.9385313914549,37.4708371451619,21.0120695217367,16.3617389298667,34.665343782329,43.967615499125
"GENE2873",295.387382418418,631.44562485744,582.083356453152,486.166892994668,479.401643996236,456.292195811345,555.373928281755,476.414929417059,774.58129009675,742.306260923428,345.45808114114,493.065402383045
"GENE2874",14.5706780565139,11.8127582881494,11.5881832065712,27.3394585302625,24.8295672189285,11.3063552944404,25.5344334842186,18.2001208990787,19.101881383397,18.0840272382738,7.17214009289565,13.3473118479487
"GENE2875",173.52352958212,63.359339909165,86.4656746951849,90.3390803608673,98.36328552114,100.949600843218,47.8770627829099,183.071804337791,102.195065401174,99.031577733404,75.3074709754043,124.836622577873
"GENE2876",21.1937135367475,53.6943558552245,57.0495173246581,41.6035238503994,28.6495006372252,60.5697605059307,32.7159929016551,34.259051104148,29.6079161442654,52.5297934064143,53.7910506967173,21.1986717585067
"GENE2878",129.811495412578,128.866454052539,108.750642400129,165.225423291586,140.382553122404,140.521844373759,154.802502998075,129.54203698756,60.1709263577007,141.227641289376,151.810298632958,91.8609109535291
"GENE2879",14.5706780565139,27.9210650447168,25.8505625377357,21.3960979802054,14.3247503186126,16.1519361349149,8.77746151020014,10.7059534700463,13.3713169683779,7.75029738783161,1.19535668214927,12.5621758568929
"GENE2880",423.87427073495,300.688392789257,314.663743993817,408.903205843926,334.244174100961,267.314543032841,540.2128584005,283.707766956226,192.92900197231,233.370065789152,508.026589913442,299.136812592261
"GENE2881",18.5444993446541,6.44332270262694,14.2623793311645,21.3960979802054,8.59485019116757,5.6531776472202,6.38360837105465,7.49416742903239,10.5060347608684,14.6394506214597,8.36749677504492,10.9919038747813
"GENE2882",34.4397844972147,45.1032589183886,108.750642400129,54.678917060525,22.9196005097802,77.5292934475913,30.3221397625096,12.8471441640555,83.0931840177771,34.4457661681405,58.5724774253144,19.6283997763951
"GENE2883",18.5444993446541,25.7732908105078,15.1537780393623,15.4527374301484,42.9742509558379,19.3823233618978,18.3528740667821,6.42357208202776,21.0120695217367,24.9731804719019,19.1257069143884,7.06622391950224
"GENE2884",215.910956655615,189.00413261039,151.537780393623,225.847700902168,154.707303441016,205.937185720164,203.477516827367,178.789422949773,80.2279018102676,229.064345018134,151.810298632958,161.738014157496
"GENE2885",6.62303548023359,9.66498405394042,19.6107715803512,23.7734422002282,16.234717027761,13.7291457146776,14.363118834873,10.7059534700463,17.1916932450573,12.9171623130527,20.3210635965377,4.71081594633483
"GENE2886",621.240728045911,679.770545127143,632.001684112228,707.25990545679,411.597825821469,369.87933748955,295.241887161278,478.556120111068,549.179089772665,397.848599242023,382.514138287768,340.749020118219
"GENE2887",72.8533902825695,114.90592153018,122.121623023096,116.489866781118,54.434051210728,128.407892272573,70.2196920816012,93.1417951894025,105.060347608684,101.615010196014,88.4563944790463,71.4473751860782
"GENE2888",104.643960587691,78.3937595486278,99.8366553181516,67.7543102706505,131.787702931236,54.1089860519648,81.3910067309468,47.1061952682036,203.435036733178,168.784254223888,95.6285345719419,175.085326005444
"GENE2889",18.5444993446541,8.59109693683592,3.56559483279113,5.94336055005706,0,25.035501009118,6.38360837105465,2.14119069400925,9.55094069169852,11.1948740046457,7.17214009289565,7.06622391950224
"GENE2890",168.225101197933,256.659020987973,178.279741639556,219.904340352111,105.048169003159,139.714247567014,82.1889577773286,200.201329889865,172.872026519743,193.75743469579,175.717432275943,103.637950819366
"GENE2891",113.916210260018,86.9848564854637,128.361413980481,89.1504082508559,124.147836094643,88.028051935286,105.329538122402,178.789422949773,120.341852715401,126.588190667916,144.638158540062,87.9352309982501
"GENE2892",27.8167490169811,8.59109693683592,14.2623793311645,7.13203266006847,19.0996670914835,24.2279042023723,10.3733636029638,28.9060743691249,30.5630102134353,10.3337298504422,17.9303502322391,9.42163189266965
"GENE2893",586.800943548696,601.376785578515,636.458677653216,543.223154275215,752.52688340445,1103.17723801468,465.205460040608,770.828649843331,693.398294217312,603.662052096662,711.237225878818,807.904934796423
"GENE2894",9.27224967232703,7.51720981973143,13.3709806229667,5.94336055005706,13.3697669640384,7.26837126071168,9.57541255658198,11.7765488170509,4.77547034584926,2.58343246261054,1.19535668214927,4.71081594633483
"GENE2895",157.628244429559,303.910054140571,221.958278341248,209.206291362009,222.511121615783,226.127105888808,372.643138660315,206.624901971893,235.908235084953,260.926678723664,205.601349329675,185.29209388917
"GENE2896",287.439739842138,242.698488465615,236.220657672412,154.527374301484,168.077070405055,191.400443198741,256.94023693495,95.2829858834118,231.132764739104,118.837893280085,196.038495872481,139.754206407933
"GENE2897",368.240772700988,463.91923458914,451.939145056276,512.317679414919,482.266594059958,505.555601022835,177.943083343148,294.413720426272,516.70589142089,287.622147503973,278.518106940781,341.534156109275
"GENE2898",397.382128814015,407.003217382602,431.436974767727,629.996218306048,247.340688834711,287.504463201484,322.37222273826,286.91955299724,233.998046946614,158.450524373446,283.299533669378,265.375964976862
"GENE2899",205.314099887241,187.930245493286,200.564709344501,118.867211001141,202.456471169725,272.160123873315,143.63118834873,137.036204416592,191.97390790314,241.981507331187,154.201011997256,114.629854694147
"GENE2900",27.8167490169811,30.0688392789257,36.5473470361091,23.7734422002282,19.0996670914835,32.3038722698297,38.3016502263279,8.56476277603701,22.9222576600764,10.3337298504422,19.1257069143884,22.7689437406183
"GENE2901",105.968567683737,152.491970628838,112.316237232921,186.621521271792,75.4436850113598,173.633313450335,75.805349406274,99.5653672714303,83.0931840177771,143.811073751987,81.2842543861506,75.3730551413572
"GENE2902",19.8691064407008,16.1083067565674,7.13118966558226,5.94336055005706,10.5048169003159,23.4203073956265,25.5344334842186,12.8471441640555,22.9222576600764,16.3617389298667,8.36749677504492,10.9919038747813
"GENE2903",129.811495412578,222.29463324063,315.555142702015,248.432470992385,161.392186923036,243.894235637214,158.792258229984,163.801088091708,246.414269845822,247.148372256408,169.740648865197,162.523150148552
"GENE2904",27.8167490169811,19.3299681078808,16.0451767475601,27.3394585302625,23.8745838643544,19.3823233618978,20.7467272059276,25.694288328111,20.0569754525669,7.75029738783161,16.7349935500898,12.5621758568929
"GENE2905",31.7905703051212,28.9949521618212,8.91398708197782,32.0941469703081,33.4244174100961,16.9595329416606,27.1303355769823,22.4825022870972,12.4162228992081,30.1400453971229,17.9303502322391,18.8432637853393
"GENE2906",343.0732378761,458.549799003617,261.17982150195,377.997730983629,455.527060131881,366.648950262567,319.978369599114,418.602780678809,577.83191184776,568.355141774318,496.073023091949,183.721821907058
"GENE2907",198.691064407008,233.033504411674,74.8774914886137,124.810571551198,244.475738770989,171.210523030097,187.51849589973,184.142399684796,156.635427343856,206.674597008843,125.512451625674,136.61366244371
"GENE2908",988.156893650852,1065.29602016765,823.652406374751,1044.84278470003,925.378870582375,894.817261874283,975.89412972498,1063.10117957559,899.698613158,1152.2108783243,864.242881193925,645.381784647871
"GENE2909",966.963180114104,693.731077649501,410.934804479178,978.277146539392,861.394985825906,570.97094236924,402.965278422825,619.874705915679,414.510826019716,409.043473246668,710.041869196669,607.695257077193
"GENE2910",19.8691064407008,25.7732908105078,16.9365754557579,15.4527374301484,28.6495006372252,33.9190658833212,14.363118834873,34.259051104148,14.3264110375478,21.5286038550878,23.9071336429855,14.1324478390045
"GENE2911",74.1779973786162,42.9554846841796,30.3075560787246,19.0187537601826,16.234717027761,21.8051137821351,32.7159929016551,19.2707162460833,35.3384805592845,13.7783064672562,7.17214009289565,25.1243517137857
"GENE2912",30.4659632090745,19.3299681078808,10.6967844983734,40.414851740388,28.6495006372252,33.1114690765755,26.3323845306004,40.6826231861758,25.787539867586,31.0011895513265,13.148923503642,22.7689437406183
"GENE2913",13.2460709604672,7.51720981973143,11.5881832065712,19.0187537601826,20.0546504460577,12.1139521011861,6.38360837105465,10.7059534700463,7.64075255335881,13.7783064672562,39.446770510926,4.71081594633483
"GENE2914",9.27224967232703,8.59109693683592,11.5881832065712,11.8867211001141,8.59485019116757,8.07596806745743,8.77746151020014,8.56476277603701,18.1467873142272,13.7783064672562,9.56285345719419,18.8432637853393
"GENE2915",72.8533902825695,32.2166135131347,77.551687613207,99.8484572409586,100.273252230288,94.4888263892519,77.4012514990376,108.130130047467,78.3177136719278,111.087595892253,22.7117769608362,76.158191132413
"GENE2916",55.6334980339622,128.866454052539,126.578616564085,48.7355565104679,106.958135712308,112.255956137658,85.3807619628559,61.0239347792637,60.1709263577007,69.7526764904845,45.4235539216724,47.1081594633483
"GENE2917",27.8167490169811,39.7338233328662,25.8505625377357,13.0753932101255,31.5144507009478,60.5697605059307,76.6033004526558,18.2001208990787,57.3056441501911,30.1400453971229,54.9864073788666,22.7689437406183
"GENE2918",30.4659632090745,52.62046873812,28.524758662329,28.5281306402739,37.2443508283928,46.8406147912531,20.7467272059276,44.9650045741943,28.6528220750956,29.2789012429194,27.4932036894333,42.3973435170134
"GENE2919",56.9581051300089,120.275357115703,77.551687613207,47.5468844004565,73.5337183022115,79.9520838678285,57.4524753394918,53.5297673502313,42.9792331126433,50.8075050980072,86.0656811147477,42.3973435170134
"GENE2920",516.59676745822,481.101428462812,545.536009417043,348.280928233344,486.086527478255,302.848802529654,653.52190698672,341.519915694476,334.282924209448,576.10543916215,320.355590816005,503.272170266771
"GENE2921",30.4659632090745,57.9899043236425,24.0677651213401,20.207425870194,27.6945172826511,45.2254211777616,23.1405803450731,47.1061952682036,68.7667729802293,42.1960635559721,25.1024903251348,36.9013915796228
"GENE2922",233.130848904222,183.634697024868,203.238905469094,310.243420712979,103.138202294011,171.210523030097,132.459873699384,208.766092665902,161.410897689705,158.450524373446,161.373152090152,153.886654246938
"GENE2923",29.1413561130278,57.9899043236425,141.732394603447,112.923850451084,102.183218939437,35.5342594968127,94.9561745194379,76.0122696373285,71.6320551877389,38.7514869391581,90.8471078433448,46.3230234722925
"GENE2924",54.3088909379154,78.3937595486278,40.1129418689002,45.1695401804337,14.3247503186126,50.8785988249818,67.0278878960738,25.694288328111,63.9913026343801,35.306910322344,26.297847007284,78.5135991055804
"GENE2925",52.9842838418687,35.4382748644482,62.3979095738448,20.207425870194,26.7395339280769,46.8406147912531,24.7364824378368,58.8827440852545,65.9014907727198,16.3617389298667,64.5492608360608,34.5459836064554
"GENE2926",18.5444993446541,57.9899043236425,50.8097263672736,8.32070477007988,23.8745838643544,20.9975169753893,31.1200908088914,35.3296464511527,53.4852678735117,29.2789012429194,37.0560571466275,30.6203036511764
"GENE2927",22.5183206327942,13.9605325223584,12.479581914769,15.4527374301484,11.4598002548901,7.26837126071168,9.57541255658198,22.4825022870972,12.4162228992081,14.6394506214597,29.8839170537319,18.8432637853393
"GENE2928",679.523440271966,635.741173325858,542.861813292449,528.959088955078,1115.42055814264,365.033756649076,798.748997428213,402.54385047374,453.66968285568,558.88255607808,430.328405573739,471.866730624538
"GENE2929",62.2565335141958,68.7287754946874,45.4613341180869,42.7921959604108,50.6141177924313,93.6812295825062,31.9180418552733,35.3296464511527,31.5181042826051,95.5870011165899,37.0560571466275,58.8851993291853
"GENE2930",143.057566373046,131.014228286748,139.058198478854,123.621899441187,205.321421233448,140.521844373759,258.536139027713,97.424176577421,199.614660456499,182.562560691145,176.912788958093,217.482669522458
"GENE2931",78.1518186667564,44.0293718012841,171.148551973974,64.1882939406162,112.688035839753,143.752231600742,166.771768693803,126.330250946546,113.656194231212,41.3349194017686,90.8471078433448,72.232511177134
"GENE2932",42.387427073495,47.2510331525976,53.4839224918669,60.622277610582,32.4694340555219,40.3798403372871,40.6955033654734,25.694288328111,58.260738219361,23.2508921634948,17.9303502322391,50.2487034275715
"GENE2933",715.287831865228,438.145943778632,366.364869069288,512.317679414919,426.877559494656,436.102275642701,422.116103535989,474.27373872305,320.91160724107,436.600086181181,653.860105135653,248.88810916469
"GENE2934",119.214638644205,147.122535043315,132.81840752147,225.847700902168,89.7684353299724,205.937185720164,139.64143311682,123.118464905532,192.92900197231,116.254460817474,119.535668214927,77.7284631145246
"GENE2935",921.926538848516,753.868756207352,732.729738138577,818.995083797863,1139.29514200699,697.763641028322,955.147402519052,817.934845111535,863.405038529546,528.742510680957,860.656811147477,907.61720566051
"GENE2936",144.382173469092,168.600277385405,155.103375226414,153.338702191472,112.688035839753,206.74478252691,216.244733569476,153.095134621662,143.264110375478,142.08878544358,169.740648865197,138.969070416877
"GENE2937",637.136013198471,535.869671435141,446.590752807089,377.997730983629,354.298824547019,439.332662869684,347.108705176097,334.025748265443,313.270854687711,463.29555496149,415.984125387947,544.099241801672
"GENE2938",30.4659632090745,24.6994036934033,16.9365754557579,46.3582122904451,23.8745838643544,46.8406147912531,37.5036991799461,28.9060743691249,27.6977280059257,39.6126310933616,14.3442801857913,36.116255588567
"GENE2939",19.8691064407008,25.7732908105078,26.7419612459335,26.1507864202511,13.3697669640384,14.5367425214234,31.9180418552733,14.9883348580648,14.3264110375478,23.2508921634948,17.9303502322391,20.4135357674509
"GENE2940",39.7382128814015,20.4038552249853,32.0903534951202,38.0375075203652,15.2797336731868,41.9950339507786,24.7364824378368,26.7648836751157,36.2935746284544,30.1400453971229,13.148923503642,40.041935543846
"GENE2941",660.978940927312,800.045902242846,671.22322727293,569.373940695466,1166.98965928964,596.814040185104,738.902668949576,526.732910726276,706.76961118569,298.817021508619,864.242881193925,659.514232486876
"GENE2942",13.2460709604672,11.8127582881494,15.1537780393623,10.6980489901027,21.0096338006318,18.5747265551521,14.363118834873,9.63535812304164,9.55094069169852,12.9171623130527,2.39071336429855,12.5621758568929
"GENE2943",276.842883073764,168.600277385405,190.759323554325,341.148895573275,341.884040937555,189.78524958525,249.758677517513,150.953943927652,233.998046946614,148.116794523004,223.531699561914,173.515054023333
"GENE2944",91.3978896272235,173.969712970927,134.601204937865,179.489488611723,88.8134519753983,203.514395299927,106.925440215165,83.5064370663609,97.4195950553249,80.0864063409267,111.168171439882,77.7284631145246
"GENE2945",51.659676745822,30.0688392789257,25.8505625377357,35.6601633003424,33.4244174100961,51.6861956317275,30.3221397625096,62.0945301262683,15.2815051067176,39.6126310933616,9.56285345719419,34.5459836064554
"GENE2946",539.115088091014,614.263430983769,488.486492092385,317.375453373047,611.189346927472,314.96275463084,277.686964140877,600.603989669596,285.573126681786,353.930247377644,236.680623065556,670.506136361657
"GENE2947",499.376875209613,460.697573237826,496.509080466165,367.299681993526,429.742509558379,709.069996322762,501.911208174172,665.910305836878,573.056441501911,393.542878471005,410.007341977201,323.476028314991
"GENE2948",354.99470174052,676.548883775829,490.26928950878,546.78917060525,369.578558220206,639.616670942628,514.678424916281,346.872892429499,652.329249243009,367.7085538449,736.339716203953,438.105883009139
"GENE2949",23.8429277288409,18.2560809907763,9.8053857901756,28.5281306402739,16.234717027761,6.46077445396594,7.18155941743648,33.1884557571434,20.0569754525669,20.6674597008843,19.1257069143884,5.49595193739063
"GENE2950",121.863852836298,93.4281791880907,73.9860927804159,74.886342930719,75.4436850113598,40.3798403372871,66.229936849692,61.0239347792637,61.1260204268705,81.8086946493337,69.3306875646579,65.9514232486876
"GENE2951",193.392636022821,289.949521618212,346.754097488937,328.07350236315,436.427393040398,282.65888236101,377.430844938606,254.801692587101,312.315760618542,289.34443581238,286.885603715826,378.435547688898
"GENE2952",111.266996067924,42.9554846841796,65.0721056984381,110.546506231061,53.4790678561538,90.4508423555232,59.0483774322555,79.2240556783424,28.6528220750956,81.8086946493337,32.2746304180304,70.6622391950224
"GENE2953",368.240772700988,476.805879994394,208.587297718281,209.206291362009,178.581887305371,361.803369422093,285.666474604696,240.883953076041,345.744053039486,264.371255340478,246.24347652275,313.269260431266
"GENE2954",13.2460709604672,18.2560809907763,5.34839224918669,7.13203266006847,9.54983354574175,13.7291457146776,3.98975523190916,4.28238138801851,5.73056441501911,5.16686492522108,10.7582101393435,5.49595193739063
"GENE2955",6.62303548023359,16.1083067565674,5.34839224918669,1.18867211001141,24.8295672189285,15.3443393281691,38.3016502263279,18.2001208990787,27.6977280059257,20.6674597008843,15.5396368679406,7.06622391950224
"GENE2956",446.392591367744,444.589266481259,602.585526741701,392.261796303766,572.035029389931,337.57546521972,372.643138660315,611.309943139642,489.963257484134,384.93143692897,345.45808114114,277.153004842699
"GENE2957",453.015626847978,424.185411256274,350.319692321728,458.827434464405,335.199157455535,285.889269587993,308.009103903387,305.119673896319,477.547034584926,224.758624247117,307.206667312363,333.682796198717
"GENE2958",470.235519096585,756.016530441561,369.039065193882,449.318057584314,520.465928242925,374.724918330025,394.985767959006,364.002417981573,280.797656335936,385.792581083174,639.515824949862,567.653321533347
"GENE2959",66.2303548023359,38.6599362157617,39.2215431607024,41.6035238503994,50.6141177924313,49.2634052114903,61.442230571401,35.3296464511527,70.676961118569,31.86233370553,34.665343782329,39.2567995527902
"GENE2960",43.7120341695417,6.44332270262694,14.2623793311645,5.94336055005706,13.3697669640384,18.5747265551521,5.58565732467282,16.0589302050694,11.4611288300382,10.3337298504422,7.17214009289565,10.9919038747813
"GENE2961",13.2460709604672,6.44332270262694,17.8279741639556,13.0753932101255,19.0996670914835,18.5747265551521,9.57541255658198,11.7765488170509,9.55094069169852,18.9451713924773,8.36749677504492,7.06622391950224
"GENE2962",414.602021062623,224.442407474839,279.007795665906,402.959845293869,238.745838643544,371.494531103042,323.170173784642,281.566576262217,283.662938543446,396.987455087819,215.164202786869,263.020557003694
"GENE2963",176.172743774214,152.491970628838,102.510851442745,210.39496347202,208.18637129717,209.167572947147,88.5725661483833,96.3535812304164,110.790912023703,112.80988420066,158.982438725853,160.167742175384
"GENE2964",47.6858554576819,51.5465816210155,77.551687613207,22.5847700902168,24.8295672189285,76.7216966408456,31.9180418552733,61.0239347792637,28.6528220750956,49.9463609438037,33.4699871001797,33.7608476153996
"GENE2965",141.732959276999,160.009180448569,136.384002354261,134.31994843129,95.4983354574175,233.39547714952,110.915195447075,120.977274211523,110.790912023703,111.087595892253,215.164202786869,109.919038747813
"GENE2966",398.706735910062,373.712716752363,422.522987685749,341.148895573275,561.530212489615,384.416080010974,604.048942111046,568.486129259457,467.996093893227,311.734183821672,576.16192079595,293.640860654871
"GENE2967",23.8429277288409,16.1083067565674,9.8053857901756,24.9621143102397,18.1446837369093,12.1139521011861,8.77746151020014,6.42357208202776,21.0120695217367,12.9171623130527,7.17214009289565,9.42163189266965
"GENE2968",31.7905703051212,35.4382748644482,13.3709806229667,32.0941469703081,24.8295672189285,34.7266626900669,11.1713146493456,16.0589302050694,43.9343271818132,17.2228830840703,16.7349935500898,36.116255588567
"GENE2969",58.2827122260556,75.1720981973143,47.2441315344825,54.678917060525,106.003152357733,45.2254211777616,42.2914054582371,40.6826231861758,42.9792331126433,25.8343246261054,40.6421271930753,45.5378874812367
"GENE2970",82.1256399548965,96.6498405394042,89.1398708197782,93.9050966909016,113.643019194327,62.9925509261679,78.9971535918013,55.6709580442406,78.3177136719278,67.169244027874,98.0192479362405,56.5297913560179
"GENE2971",6.62303548023359,2.14777423420898,1.78279741639556,11.8867211001141,13.3697669640384,16.1519361349149,0.797951046381831,8.56476277603701,7.64075255335881,9.47258569623864,8.36749677504492,6.28108792844643
"GENE2972",41.0628199774483,42.9554846841796,82.008681154196,48.7355565104679,33.4244174100961,26.6506946226095,42.2914054582371,48.1767906152082,36.2935746284544,59.4189466400424,46.6189106038217,64.381151266576
"GENE2973",351.02088045238,310.353376843198,255.831429252763,425.544615384085,218.691188197486,276.198107907044,248.16277542475,444.29706900692,298.944443650164,237.67578656017,307.206667312363,243.392157227299
"GENE2974",194.717243118868,198.669116664331,265.636815042939,217.526996132088,148.977403313571,257.623381351892,307.211152857005,367.214204022587,330.462547932769,180.840272382738,366.974501419827,379.220683679953
"GENE2975",241.078491480503,107.388711710449,308.423953036433,95.093768800913,176.671920596222,184.939668744775,174.751279157621,127.400846293551,136.578451891289,84.3921271119442,166.154578818749,199.424541728174
"GENE2976",30.4659632090745,49.3988073868066,47.2441315344825,36.8488354103538,38.199334182967,50.071002018236,18.3528740667821,40.6826231861758,21.9671635909066,51.6686492522108,26.297847007284,34.5459836064554
"GENE2977",74.1779973786162,53.6943558552245,92.7054656525693,34.471491190331,66.8488348201922,62.1849541194222,56.65452429311,71.72988824931,88.8237484327962,55.9743700232283,57.3771207431652,43.967615499125
"GENE2978",189.418814734681,324.313909365556,176.496944223161,303.11138805291,221.556138261209,95.2964231959976,177.145132296767,161.659897397699,189.108625695631,242.842651485391,173.326718911645,230.829981370406
"GENE2979",154.979030237466,245.920149816928,228.198069298632,225.847700902168,242.56577206184,198.668814459453,167.569719740185,276.213599527194,164.276179897214,219.591759321896,137.466018447167,144.465022354268
"GENE2980",68.8795689944293,47.2510331525976,49.026928950878,71.3203266006847,72.5787349476373,45.2254211777616,32.7159929016551,56.7415533912452,70.676961118569,73.1972531072986,41.8374838752246,32.190575633288
"GENE2981",337.774809491913,426.333185490483,439.459563141507,401.771173183857,299.864773336291,214.820750594368,285.666474604696,224.825022870972,347.654241177826,226.480912555524,267.759896801437,348.600380028777
"GENE2982",29.1413561130278,22.5516294591943,24.9591638295379,20.207425870194,5.72990012744505,18.5747265551521,19.9487761595458,9.63535812304164,16.2365991758875,22.3897480092913,9.56285345719419,14.1324478390045
"GENE2983",71.5287831865228,50.4726945039111,71.3118966558226,59.4336055005706,49.6591344378571,39.5722435305414,66.229936849692,61.0239347792637,31.5181042826051,40.4737752475651,86.0656811147477,58.8851993291853
"GENE2984",45.0366412655884,37.5860490986572,25.8505625377357,58.2449333905592,61.1189346927472,62.1849541194222,56.65452429311,48.1767906152082,97.4195950553249,21.5286038550878,52.5956940145681,58.1000633381295
"GENE2985",3.97382128814015,20.4038552249853,16.0451767475601,23.7734422002282,5.72990012744505,4.03798403372871,6.38360837105465,6.42357208202776,8.59584662252867,5.16686492522108,3.58607004644782,7.85135991055804
"GENE2986",910.005074984095,831.188628638876,384.192843233244,487.355565104679,801.231034487733,400.568016145888,945.57198996247,581.333273423512,395.408944636319,810.336649105505,751.879353071894,428.684251116469
"GENE2987",113.916210260018,231.95961729457,228.198069298632,152.150030081461,148.022419958997,370.686934296296,165.973817647421,125.259655599541,261.695774952539,106.781875121236,289.276317080124,211.986717585067
"GENE2988",707.340189288947,884.8829844941,598.128533200712,629.996218306048,1021.83218939437,548.358231780359,928.815017988452,895.017710095868,1169.99023473307,714.749647988915,827.186824047298,831.459014528097
"GENE2989",94.047103819317,111.684260178867,134.601204937865,110.546506231061,73.5337183022115,104.987584876947,101.339782890493,126.330250946546,133.713169683779,125.727046513713,88.4563944790463,87.1500950071943
"GENE2990",29.1413561130278,16.1083067565674,10.6967844983734,20.207425870194,15.2797336731868,23.4203073956265,18.3528740667821,24.6236929811064,25.787539867586,19.8063155466808,32.2746304180304,26.6946236958973
"GENE2991",75.5026044746629,26.8471779276123,42.7871379934935,87.9617361408445,63.9838847564697,56.531776472202,37.5036991799461,40.6826231861758,50.6199856660021,37.8903427849546,27.4932036894333,54.1743833828505
"GENE2992",1257.05213414834,1021.26664836637,1818.45336472348,1566.66984099504,740.112099794986,1345.45628003841,1153.83721306813,872.535207808771,1414.49431644055,659.636422119891,590.506200981741,1532.58545454093
"GENE2993",39.7382128814015,23.6255165762988,29.4161573705268,43.9808680704222,26.7395339280769,47.6482115979988,44.6852585973825,47.1061952682036,27.6977280059257,37.8903427849546,52.5956940145681,24.3392157227299
"GENE2994",249.026134056783,67.6548883775829,114.099034649316,166.414095401598,146.112453249849,241.471445216977,213.850880430331,146.671562539634,227.312388462425,139.505352980969,155.396368679406,309.343580475987
"GENE2995",214.586349559568,246.994036934033,225.523873174039,178.300816501712,188.131720851112,250.35501009118,144.429139395111,170.224660173736,118.431664577062,235.092354097559,174.522075593794,164.878558121719
"GENE2996",23.8429277288409,57.9899043236425,55.2667199082625,38.0375075203652,41.0642842466895,23.4203073956265,39.0996012727097,66.3769115142868,18.1467873142272,18.0840272382738,26.297847007284,32.190575633288
"GENE2997",82.1256399548965,69.8026626117919,81.1172824459982,87.9617361408445,119.372919321772,54.1089860519648,88.5725661483833,63.165125473273,36.2935746284544,101.615010196014,57.3771207431652,73.0176471681898
"GENE2998",54.3088909379154,18.2560809907763,52.5925237836692,27.3394585302625,63.9838847564697,27.4582914293553,19.9487761595458,12.8471441640555,52.5301738043418,37.8903427849546,16.7349935500898,18.0581277942835
"GENE2999",26.4921419209344,22.5516294591943,32.0903534951202,24.9621143102397,34.3794007646703,56.531776472202,42.2914054582371,25.694288328111,29.6079161442654,30.1400453971229,23.9071336429855,14.1324478390045
"GENE3000",415.92662815867,407.003217382602,367.256267777486,320.941469703081,378.173408411373,466.790954299039,427.701760860662,289.060743691249,348.609335246996,220.452903476099,327.527730908901,332.897660207661
