"gene_id","true_lfc","batch_lfc","dispersion"
"GENE0001",1.5,0,0.0879000213837789
"GENE0002",1.5,0,0.0918507656618543
"GENE0003",1.5,0,0.0835205977136402
"GENE0004",1.5,0,0.0823600781060628
"GENE0005",1.5,0,0.198122438398112
"GENE0006",1.5,0,0.0869355717229795
"GENE0007",1.5,0,0.0938060164923046
"GENE0008",1.5,0,0.123314659869779
"GENE0009",1.5,0,0.0861904525425356
"GENE0010",1.5,0,0.084404904920967
"GENE0011",1.5,0,0.0866574408103783
"GENE0012",1.5,0,0.0884520239979805
"GENE0013",1.5,0,0.0845215263535411
"GENE0014",1.5,0,0.102598078039545
"GENE0015",1.5,0,0.0948397766808046
"GENE0016",1.5,0,0.0822174189161431
"GENE0017",1.5,0,0.112692032486159
"GENE0018",1.5,0,0.0866734071182848
"GENE0019",1.5,0,0.174519391904733
"GENE0020",1.5,0,0.273333316289042
"GENE0021",1.5,0,0.219558305541217
"GENE0022",1.5,0,0.10464093777442
"GENE0023",1.5,0,0.213231572285166
"GENE0024",1.5,0,0.10258697669016
"GENE0025",1.5,0,0.17229425609849
"GENE0026",1.5,0,0.0829462647963827
"GENE0027",1.5,0,0.0868275841293246
"GENE0028",1.5,0,0.0999100969653054
"GENE0029",1.5,0,0.0819983013606569
"GENE0030",1.5,0,0.313694511209846
"GENE0031",1.5,0,0.088192277953748
"GENE0032",1.5,0,0.0840592102218291
"GENE0033",1.5,0,0.171968536112186
"GENE0034",1.5,0,0.222665051490551
"GENE0035",1.5,0,0.0851350337133084
"GENE0036",1.5,0,0.0859577205963221
"GENE0037",1.5,0,0.0844357864671264
"GENE0038",1.5,0,0.0880678922973143
"GENE0039",1.5,0,0.147658428526231
"GENE0040",1.5,0,0.0828928191220618
"GENE0041",1.5,0,0.131536471886759
"GENE0042",1.5,0,0.0825156236697525
"GENE0043",1.5,0,0.0977292556670875
"GENE0044",1.5,0,0.229375455143158
"GENE0045",1.5,0,0.15896591239972
"GENE0046",1.5,0,0.227212519973809
"GENE0047",1.5,0,0.0878652395259109
"GENE0048",1.5,0,0.0846278562762153
"GENE0049",1.5,0,0.130383713446104
"GENE0050",1.5,0,0.0975377301736145
"GENE0051",1.5,0,0.0822913968950947
"GENE0052",1.5,0,0.0840460157849658
"GENE0053",1.5,0,0.101263550989844
"GENE0054",1.5,0,0.083460673866843
"GENE0055",1.5,0,0.316648381198385
"GENE0056",1.5,0,0.0916433696485446
"GENE0057",1.5,0,0.103789216527144
"GENE0058",1.5,0,0.298129462157189
"GENE0059",1.5,0,0.084219432003145
"GENE0060",1.5,0,0.269531492231329
"GENE0061",1.5,0,0.109340254451235
"GENE0062",1.5,0,0.139913590033943
"GENE0063",1.5,0,0.291307199968333
"GENE0064",1.5,0,0.122815408452603
"GENE0065",1.5,0,0.0838614226059282
"GENE0066",1.5,0,0.082676634947634
"GENE0067",1.5,0,0.0897846135364895
"GENE0068",1.5,0,0.138280586630895
"GENE0069",1.5,0,0.111372353853261
"GENE0070",1.5,0,0.12634863335034
"GENE0071",1.5,0,0.10051402698796
"GENE0072",1.5,0,0.192229206745905
"GENE0073",1.5,0,0.257185123151804
"GENE0074",1.5,0,0.0864298062893272
"GENE0075",1.5,0,0.0826567640894822
"GENE0076",1.5,0,0.161306643450038
"GENE0077",1.5,0,0.0841024198308225
"GENE0078",1.5,0,0.250593597647688
"GENE0079",1.5,0,0.135934479659518
"GENE0080",1.5,0,0.096634365730202
"GENE0081",1.5,0,0.160289175222783
"GENE0082",1.5,0,0.292041231144833
"GENE0083",1.5,0,0.0936091506429807
"GENE0084",1.5,0,0.0862813971886754
"GENE0085",1.5,0,0.174594997836412
"GENE0086",1.5,0,0.137391847281969
"GENE0087",1.5,0,0.294252577861332
"GENE0088",1.5,0,0.0840749867117281
"GENE0089",1.5,0,0.0850701289652449
"GENE0090",1.5,0,0.0961189831072507
"GENE0091",1.5,0,0.202556218705723
"GENE0092",1.5,0,0.100854129386516
"GENE0093",1.5,0,0.108547774163093
"GENE0094",1.5,0,0.149924558681236
"GENE0095",1.5,0,0.123645636373491
"GENE0096",1.5,0,0.187203901179454
"GENE0097",1.5,0,0.154929860224028
"GENE0098",1.5,0,0.208351170369039
"GENE0099",1.5,0,0.0831980372643152
"GENE0100",1.5,0,0.319735531301008
"GENE0101",1.5,0,0.186083455434816
"GENE0102",1.5,0,0.119559523108228
"GENE0103",1.5,0,0.210265241937193
"GENE0104",1.5,0,0.0849501519815417
"GENE0105",1.5,0,0.085385266798629
"GENE0106",1.5,0,0.0850317822336443
"GENE0107",1.5,0,0.221816769943533
"GENE0108",1.5,0,0.10706529772131
"GENE0109",1.5,0,0.107825124788058
"GENE0110",1.5,0,0.0885146518783802
"GENE0111",1.5,0,0.0849349986977075
"GENE0112",1.5,0,0.294881036638314
"GENE0113",1.5,0,0.284324680170764
"GENE0114",1.5,0,0.0851829103519337
"GENE0115",1.5,0,0.111096075723894
"GENE0116",1.5,0,0.0973778543564538
"GENE0117",1.5,0,0.0840345267243687
"GENE0118",1.5,0,0.097722164679979
"GENE0119",1.5,0,0.107624833472806
"GENE0120",1.5,0,0.097906384742383
"GENE0121",1.5,0,0.12513876398955
"GENE0122",1.5,0,0.0943767014939787
"GENE0123",1.5,0,0.0890668490926121
"GENE0124",1.5,0,0.0976596299342721
"GENE0125",1.5,0,0.329341260802153
"GENE0126",1.5,0,0.0948374914509746
"GENE0127",1.5,0,0.0900501955646148
"GENE0128",1.5,0,0.0821037487038913
"GENE0129",1.5,0,0.12901310945788
"GENE0130",1.5,0,0.165061751055083
"GENE0131",1.5,0,0.0820974230122821
"GENE0132",1.5,0,0.0946509757342137
"GENE0133",1.5,0,0.252200622647352
"GENE0134",1.5,0,0.082972209552084
"GENE0135",1.5,0,0.101598855489164
"GENE0136",1.5,0,0.0968812404402026
"GENE0137",1.5,0,0.0920301245206611
"GENE0138",1.5,0,0.0861419271225314
"GENE0139",1.5,0,0.0846599941204702
"GENE0140",1.5,0,0.0923887445437308
"GENE0141",1.5,0,0.0962986127993876
"GENE0142",1.5,0,0.0891406520947563
"GENE0143",1.5,0,0.0879972388753667
"GENE0144",1.5,0,0.0865857218165263
"GENE0145",1.5,0,0.0901159045372904
"GENE0146",1.5,0,0.102452111264131
"GENE0147",1.5,0,0.155091779150129
"GENE0148",1.5,0,0.0841546387528075
"GENE0149",1.5,0,0.107465453538101
"GENE0150",1.5,0,0.139857197056036
"GENE0151",-1.5,0,0.157085263047963
"GENE0152",-1.5,0,0.115199523419682
"GENE0153",-1.5,0,0.0956920439381204
"GENE0154",-1.5,0,0.0834290091993481
"GENE0155",-1.5,0,0.0870921577083118
"GENE0156",-1.5,0,0.135072060354616
"GENE0157",-1.5,0,0.231679349629861
"GENE0158",-1.5,0,0.147775659368427
"GENE0159",-1.5,0,0.0881285493161982
"GENE0160",-1.5,0,0.086104018008149
"GENE0161",-1.5,0,0.107562398415078
"GENE0162",-1.5,0,0.104900194096711
"GENE0163",-1.5,0,0.082314230541941
"GENE0164",-1.5,0,0.108876781898288
"GENE0165",-1.5,0,0.27213435502042
"GENE0166",-1.5,0,0.0874204125230468
"GENE0167",-1.5,0,0.167291926793555
"GENE0168",-1.5,0,0.0968917616229154
"GENE0169",-1.5,0,0.24182094275331
"GENE0170",-1.5,0,0.0834258201800577
"GENE0171",-1.5,0,0.292761658838529
"GENE0172",-1.5,0,0.0908939644741859
"GENE0173",-1.5,0,0.103120982701152
"GENE0174",-1.5,0,0.18482727654677
"GENE0175",-1.5,0,0.188077345011973
"GENE0176",-1.5,0,0.0820889044297489
"GENE0177",-1.5,0,0.189007673586972
"GENE0178",-1.5,0,0.0832410108979262
"GENE0179",-1.5,0,0.0826928719703958
"GENE0180",-1.5,0,0.0874468487730434
"GENE0181",-1.5,0,0.0963233082295517
"GENE0182",-1.5,0,0.0892656243168296
"GENE0183",-1.5,0,0.310478429785601
"GENE0184",-1.5,0,0.0946633244927888
"GENE0185",-1.5,0,0.0823613160462802
"GENE0186",-1.5,0,0.0860130201772985
"GENE0187",-1.5,0,0.083044044512283
"GENE0188",-1.5,0,0.087058451211938
"GENE0189",-1.5,0,0.0863612672938831
"GENE0190",-1.5,0,0.0850470447857057
"GENE0191",-1.5,0,0.086629871061235
"GENE0192",-1.5,0,0.0836627433217492
"GENE0193",-1.5,0,0.0915266409549048
"GENE0194",-1.5,0,0.105427257702707
"GENE0195",-1.5,0,0.0855637436016411
"GENE0196",-1.5,0,0.0891596650606748
"GENE0197",-1.5,0,0.248591096356122
"GENE0198",-1.5,0,0.0901831313194241
"GENE0199",-1.5,0,0.0878511387456454
"GENE0200",-1.5,0,0.0986028882549553
"GENE0201",-1.5,0,0.0970324819527627
"GENE0202",-1.5,0,0.0830819300058433
"GENE0203",-1.5,0,0.143001767155913
"GENE0204",-1.5,0,0.0822536703538734
"GENE0205",-1.5,0,0.0827205517294176
"GENE0206",-1.5,0,0.0820052611181475
"GENE0207",-1.5,0,0.257347616530329
"GENE0208",-1.5,0,0.122088732069589
"GENE0209",-1.5,0,0.172343817770482
"GENE0210",-1.5,0,0.0836150849706258
"GENE0211",-1.5,0,0.31440359923158
"GENE0212",-1.5,0,0.0824562045115801
"GENE0213",-1.5,0,0.0877686281242759
"GENE0214",-1.5,0,0.0838841727392043
"GENE0215",-1.5,0,0.0826750432432442
"GENE0216",-1.5,0,0.165987441261607
"GENE0217",-1.5,0,0.19566868938161
"GENE0218",-1.5,0,0.0946768166057272
"GENE0219",-1.5,0,0.0992831736074621
"GENE0220",-1.5,0,0.269796440528837
"GENE0221",-1.5,0,0.0834490693280459
"GENE0222",-1.5,0,0.133946427732809
"GENE0223",-1.5,0,0.211952570324779
"GENE0224",-1.5,0,0.142369357078665
"GENE0225",-1.5,0,0.0988271102750142
"GENE0226",-1.5,0,0.0919954289436562
"GENE0227",-1.5,0,0.085637825813071
"GENE0228",-1.5,0,0.0909827864555411
"GENE0229",-1.5,0,0.0887052973643192
"GENE0230",-1.5,0,0.0958118111310775
"GENE0231",-1.5,0,0.169758101013706
"GENE0232",-1.5,0,0.0828705268378034
"GENE0233",-1.5,0,0.226313309788938
"GENE0234",-1.5,0,0.313266842401047
"GENE0235",-1.5,0,0.256441032164663
"GENE0236",-1.5,0,0.223940572223252
"GENE0237",-1.5,0,0.138780116262919
"GENE0238",-1.5,0,0.129044559338059
"GENE0239",-1.5,0,0.223303449249288
"GENE0240",-1.5,0,0.0869687026544054
"GENE0241",-1.5,0,0.0888763354661362
"GENE0242",-1.5,0,0.198257802358297
"GENE0243",-1.5,0,0.177663078321718
"GENE0244",-1.5,0,0.0883099921071056
"GENE0245",-1.5,0,0.272689205185525
"GENE0246",-1.5,0,0.259811733629279
"GENE0247",-1.5,0,0.17657682721962
"GENE0248",-1.5,0,0.145311644469745
"GENE0249",-1.5,0,0.283515102489249
"GENE0250",-1.5,0,0.136664140961111
"GENE0251",-1.5,0,0.0833272515875139
"GENE0252",-1.5,0,0.0907334734016933
"GENE0253",-1.5,0,0.249798287404196
"GENE0254",-1.5,0,0.323164002562642
"GENE0255",-1.5,0,0.190527560574027
"GENE0256",-1.5,0,0.308506610307858
"GENE0257",-1.5,0,0.117058398751872
"GENE0258",-1.5,0,0.100155496128746
"GENE0259",-1.5,0,0.279221571672075
"GENE0260",-1.5,0,0.0904080055962882
"GENE0261",-1.5,0,0.0843464825645976
"GENE0262",-1.5,0,0.084313337584164
"GENE0263",-1.5,0,0.0890844849472278
"GENE0264",-1.5,0,0.29231148297648
"GENE0265",-1.5,0,0.122521272967524
"GENE0266",-1.5,0,0.0990103671668564
"GENE0267",-1.5,0,0.0917603507217088
"GENE0268",-1.5,0,0.128184061173068
"GENE0269",-1.5,0,0.150300772995413
"GENE0270",-1.5,0,0.184862095169923
"GENE0271",-1.5,0,0.119564146247448
"GENE0272",-1.5,0,0.149114259232479
"GENE0273",-1.5,0,0.155143055612508
"GENE0274",-1.5,0,0.186945475985386
"GENE0275",-1.5,0,0.206671799041564
"GENE0276",-1.5,0,0.110333904686739
"GENE0277",-1.5,0,0.282463343590705
"GENE0278",-1.5,0,0.083727494285486
"GENE0279",-1.5,0,0.120831468831842
"GENE0280",-1.5,0,0.0901075767395022
"GENE0281",-1.5,0,0.312948661946211
"GENE0282",-1.5,0,0.133740057067488
"GENE0283",-1.5,0,0.318573779881097
"GENE0284",-1.5,0,0.0829698525661491
"GENE0285",-1.5,0,0.0820050987220581
"GENE0286",-1.5,0,0.0983977602779983
"GENE0287",-1.5,0,0.139826483882585
"GENE0288",-1.5,0,0.173706351288178
"GENE0289",-1.5,0,0.10927506811197
"GENE0290",-1.5,0,0.237867172557742
"GENE0291",-1.5,0,0.231691570115885
"GENE0292",-1.5,0,0.255320232747015
"GENE0293",-1.5,0,0.0827554546704121
"GENE0294",-1.5,0,0.233070618915267
"GENE0295",-1.5,0,0.106994201305662
"GENE0296",-1.5,0,0.152986948327419
"GENE0297",-1.5,0,0.0854731763059122
"GENE0298",-1.5,0,0.121420965213195
"GENE0299",-1.5,0,0.0890964540657978
"GENE0300",-1.5,0,0.0834024488144237
"GENE0301",0,1.2,0.101044957526264
"GENE0302",0,1.2,0.0836604350419313
"GENE0303",0,1.2,0.155230112349951
"GENE0304",0,1.2,0.127474830997805
"GENE0305",0,1.2,0.206272680094947
"GENE0306",0,1.2,0.0823543922142106
"GENE0307",0,1.2,0.0883311745805177
"GENE0308",0,1.2,0.0887930302441973
"GENE0309",0,1.2,0.171594770581547
"GENE0310",0,1.2,0.112051240499686
"GENE0311",0,1.2,0.083339995859998
"GENE0312",0,1.2,0.0904379979349628
"GENE0313",0,1.2,0.087453035587267
"GENE0314",0,1.2,0.199182545099106
"GENE0315",0,1.2,0.186191988981848
"GENE0316",0,1.2,0.278333611968336
"GENE0317",0,1.2,0.214494824110696
"GENE0318",0,1.2,0.270389074418893
"GENE0319",0,1.2,0.0941938797586208
"GENE0320",0,1.2,0.14735691507686
"GENE0321",0,1.2,0.0967437105590238
"GENE0322",0,1.2,0.0909826024821053
"GENE0323",0,1.2,0.107190450482855
"GENE0324",0,1.2,0.14765582867991
"GENE0325",0,1.2,0.0825405745731674
"GENE0326",0,1.2,0.08239497555245
"GENE0327",0,1.2,0.27778873973238
"GENE0328",0,1.2,0.103841461946297
"GENE0329",0,1.2,0.178496585498546
"GENE0330",0,1.2,0.113678643190036
"GENE0331",0,1.2,0.095292773341335
"GENE0332",0,1.2,0.20816364928389
"GENE0333",0,1.2,0.112563820145481
"GENE0334",0,1.2,0.0946033605685925
"GENE0335",0,1.2,0.0865371541356539
"GENE0336",0,1.2,0.25609584241354
"GENE0337",0,1.2,0.0884348229232645
"GENE0338",0,1.2,0.164209801206589
"GENE0339",0,1.2,0.0872194505853706
"GENE0340",0,1.2,0.126754537604957
"GENE0341",0,1.2,0.117373484346521
"GENE0342",0,1.2,0.0830712454336866
"GENE0343",0,1.2,0.0822362429640073
"GENE0344",0,1.2,0.130606053391878
"GENE0345",0,1.2,0.166162544878064
"GENE0346",0,1.2,0.326293266014696
"GENE0347",0,1.2,0.224044744113813
"GENE0348",0,1.2,0.145910883492847
"GENE0349",0,1.2,0.221053252574975
"GENE0350",0,1.2,0.11036658156398
"GENE0351",0,1.2,0.0898517609390005
"GENE0352",0,1.2,0.0843606048605783
"GENE0353",0,1.2,0.102241170409947
"GENE0354",0,1.2,0.102805274221037
"GENE0355",0,1.2,0.083447346945249
"GENE0356",0,1.2,0.129706994276872
"GENE0357",0,1.2,0.143290602168578
"GENE0358",0,1.2,0.0933799701654931
"GENE0359",0,1.2,0.12746719972358
"GENE0360",0,1.2,0.0862414541421528
"GENE0361",0,1.2,0.0837131610280479
"GENE0362",0,1.2,0.277860517249437
"GENE0363",0,1.2,0.0829461202708467
"GENE0364",0,1.2,0.0853576145415175
"GENE0365",0,1.2,0.118424775625159
"GENE0366",0,1.2,0.0847598140337147
"GENE0367",0,1.2,0.131837891791636
"GENE0368",0,1.2,0.0960000975306134
"GENE0369",0,1.2,0.1423199216873
"GENE0370",0,1.2,0.111704058802704
"GENE0371",0,1.2,0.25583836711226
"GENE0372",0,1.2,0.0907498946656895
"GENE0373",0,1.2,0.0819737253128352
"GENE0374",0,1.2,0.327046592496257
"GENE0375",0,1.2,0.2495683703753
"GENE0376",0,1.2,0.225766426838024
"GENE0377",0,1.2,0.0852698791024224
"GENE0378",0,1.2,0.105720182389358
"GENE0379",0,1.2,0.0822799109823203
"GENE0380",0,1.2,0.146932598113679
"GENE0381",0,1.2,0.0824481749695189
"GENE0382",0,1.2,0.149446341671078
"GENE0383",0,1.2,0.0828532087360506
"GENE0384",0,1.2,0.0827861979377444
"GENE0385",0,1.2,0.0871640358681377
"GENE0386",0,1.2,0.108935028705451
"GENE0387",0,1.2,0.218115052616498
"GENE0388",0,1.2,0.104680590601325
"GENE0389",0,1.2,0.130990982767912
"GENE0390",0,1.2,0.325202068859722
"GENE0391",0,1.2,0.111158495778691
"GENE0392",0,1.2,0.0972838779696572
"GENE0393",0,1.2,0.0834331305539095
"GENE0394",0,1.2,0.111995771011382
"GENE0395",0,1.2,0.0819708444427688
"GENE0396",0,1.2,0.220967883482145
"GENE0397",0,1.2,0.0848983159180827
"GENE0398",0,1.2,0.176203170434721
"GENE0399",0,1.2,0.11214108063958
"GENE0400",0,1.2,0.0866366434162007
"GENE0401",0,1.2,0.310455827758582
"GENE0402",0,1.2,0.0973135669758807
"GENE0403",0,1.2,0.0828599678633441
"GENE0404",0,1.2,0.10117557104195
"GENE0405",0,1.2,0.226310402691309
"GENE0406",0,1.2,0.082562194482386
"GENE0407",0,1.2,0.110155267167317
"GENE0408",0,1.2,0.0881563184849202
"GENE0409",0,1.2,0.0914551704524549
"GENE0410",0,1.2,0.0993302549453342
"GENE0411",0,1.2,0.205395844764789
"GENE0412",0,1.2,0.108680206488177
"GENE0413",0,1.2,0.082747531387379
"GENE0414",0,1.2,0.170880808582769
"GENE0415",0,1.2,0.294062716398053
"GENE0416",0,1.2,0.135683708788311
"GENE0417",0,1.2,0.082909683399777
"GENE0418",0,1.2,0.0830242364845454
"GENE0419",0,1.2,0.12196819466685
"GENE0420",0,1.2,0.23737463147643
"GENE0421",0,1.2,0.0823060238979213
"GENE0422",0,1.2,0.0875294814817949
"GENE0423",0,1.2,0.0854213048331383
"GENE0424",0,1.2,0.0918670824931644
"GENE0425",0,1.2,0.166489747982541
"GENE0426",0,1.2,0.0827809044609193
"GENE0427",0,1.2,0.0844069453130254
"GENE0428",0,1.2,0.237341188976836
"GENE0429",0,1.2,0.0829035103352909
"GENE0430",0,1.2,0.0877641445897636
"GENE0431",0,1.2,0.279551449508831
"GENE0432",0,1.2,0.210150647766598
"GENE0433",0,1.2,0.0839577931663877
"GENE0434",0,1.2,0.0840109862124957
"GENE0435",0,1.2,0.223756820142215
"GENE0436",0,1.2,0.327550378322409
"GENE0437",0,1.2,0.084788045954196
"GENE0438",0,1.2,0.0831575728365036
"GENE0439",0,1.2,0.100825490987416
"GENE0440",0,1.2,0.186728844665625
"GENE0441",0,1.2,0.280010373419167
"GENE0442",0,1.2,0.0824959425775766
"GENE0443",0,1.2,0.082403047130145
"GENE0444",0,1.2,0.0946321633013087
"GENE0445",0,1.2,0.182855050502795
"GENE0446",0,1.2,0.14409343603143
"GENE0447",0,1.2,0.0974286222914967
"GENE0448",0,1.2,0.0964537258831989
"GENE0449",0,1.2,0.15287529265397
"GENE0450",0,1.2,0.0859771075184251
"GENE0451",0,1.2,0.24246507292822
"GENE0452",0,1.2,0.0858524901920558
"GENE0453",0,1.2,0.10573099287053
"GENE0454",0,1.2,0.083791869599885
"GENE0455",0,1.2,0.0901965463524084
"GENE0456",0,1.2,0.0827266576290354
"GENE0457",0,1.2,0.103406348642189
"GENE0458",0,1.2,0.0868175874854951
"GENE0459",0,1.2,0.0838779887855599
"GENE0460",0,1.2,0.115934244400372
"GENE0461",0,1.2,0.143309324358345
"GENE0462",0,1.2,0.227825674543051
"GENE0463",0,1.2,0.0819722837724956
"GENE0464",0,1.2,0.0845394202750887
"GENE0465",0,1.2,0.212096005657105
"GENE0466",0,1.2,0.1032941655548
"GENE0467",0,1.2,0.090243978719571
"GENE0468",0,1.2,0.319310560315209
"GENE0469",0,1.2,0.0821331990200081
"GENE0470",0,1.2,0.0922350434011209
"GENE0471",0,1.2,0.239507895855216
"GENE0472",0,1.2,0.0840781441153981
"GENE0473",0,1.2,0.110313362105613
"GENE0474",0,1.2,0.257363547662514
"GENE0475",0,1.2,0.175423851894387
"GENE0476",0,1.2,0.111135602538208
"GENE0477",0,1.2,0.109599945629915
"GENE0478",0,1.2,0.0858723173218683
"GENE0479",0,1.2,0.100546092700569
"GENE0480",0,1.2,0.255689188760837
"GENE0481",0,1.2,0.190304410992745
"GENE0482",0,1.2,0.133568827363422
"GENE0483",0,1.2,0.189962980028914
"GENE0484",0,1.2,0.0902099993352528
"GENE0485",0,1.2,0.201198871210345
"GENE0486",0,1.2,0.0926615313492276
"GENE0487",0,1.2,0.0819886852320027
"GENE0488",0,1.2,0.0916155874711661
"GENE0489",0,1.2,0.321919664374334
"GENE0490",0,1.2,0.103193336238189
"GENE0491",0,1.2,0.128452853251922
"GENE0492",0,1.2,0.10144612067083
"GENE0493",0,1.2,0.217054675796999
"GENE0494",0,1.2,0.20283445775443
"GENE0495",0,1.2,0.17388980330553
"GENE0496",0,1.2,0.0870682541997313
"GENE0497",0,1.2,0.096774271868888
"GENE0498",0,1.2,0.0877033693428253
"GENE0499",0,1.2,0.15989440594909
"GENE0500",0,1.2,0.0863531150649515
"GENE0501",0,1.2,0.0822451734501259
"GENE0502",0,1.2,0.123931815018603
"GENE0503",0,1.2,0.0827936158499651
"GENE0504",0,1.2,0.0934646866249064
"GENE0505",0,1.2,0.119614781135626
"GENE0506",0,1.2,0.329536881682988
"GENE0507",0,1.2,0.0844345047893542
"GENE0508",0,1.2,0.119066695198383
"GENE0509",0,1.2,0.0872919599426606
"GENE0510",0,1.2,0.0866253800292399
"GENE0511",0,1.2,0.0998004659936146
"GENE0512",0,1.2,0.106071230448836
"GENE0513",0,1.2,0.0879190549092165
"GENE0514",0,1.2,0.0839008278571742
"GENE0515",0,1.2,0.0854941512964392
"GENE0516",0,1.2,0.286451077120388
"GENE0517",0,1.2,0.185887754724424
"GENE0518",0,1.2,0.104053015591875
"GENE0519",0,1.2,0.0854596372948836
"GENE0520",0,1.2,0.105635858023302
"GENE0521",0,1.2,0.087682208309663
"GENE0522",0,1.2,0.108661035816656
"GENE0523",0,1.2,0.082744015758045
"GENE0524",0,1.2,0.239314824184451
"GENE0525",0,1.2,0.136180504916838
"GENE0526",0,1.2,0.0993087431164312
"GENE0527",0,1.2,0.266327669332695
"GENE0528",0,1.2,0.08384370368739
"GENE0529",0,1.2,0.122919397202358
"GENE0530",0,1.2,0.0879793716375405
"GENE0531",0,1.2,0.0858607767881719
"GENE0532",0,1.2,0.085795659748793
"GENE0533",0,1.2,0.107002077857283
"GENE0534",0,1.2,0.20794140401778
"GENE0535",0,1.2,0.110026509092512
"GENE0536",0,1.2,0.0865020956348227
"GENE0537",0,1.2,0.293802317751927
"GENE0538",0,1.2,0.113459036929832
"GENE0539",0,1.2,0.0926884606345419
"GENE0540",0,1.2,0.0872780580262619
"GENE0541",0,1.2,0.137445979308379
"GENE0542",0,1.2,0.188116222693744
"GENE0543",0,1.2,0.103859306777549
"GENE0544",0,1.2,0.120628789181647
"GENE0545",0,1.2,0.254794839661646
"GENE0546",0,1.2,0.0847465930023453
"GENE0547",0,1.2,0.100397646036083
"GENE0548",0,1.2,0.142618838243661
"GENE0549",0,1.2,0.0861913157444886
"GENE0550",0,1.2,0.225494228136978
"GENE0551",0,1.2,0.0829901095723207
"GENE0552",0,1.2,0.14857627274241
"GENE0553",0,1.2,0.083629720167277
"GENE0554",0,1.2,0.323270745509978
"GENE0555",0,1.2,0.0973297071826409
"GENE0556",0,1.2,0.0935902028284216
"GENE0557",0,1.2,0.0841665104750634
"GENE0558",0,1.2,0.0838521712617757
"GENE0559",0,1.2,0.214724769668837
"GENE0560",0,1.2,0.0826551787724132
"GENE0561",0,1.2,0.0949446662988215
"GENE0562",0,1.2,0.119138192123829
"GENE0563",0,1.2,0.0820049345588475
"GENE0564",0,1.2,0.276445534807361
"GENE0565",0,1.2,0.218981682087207
"GENE0566",0,1.2,0.0981750893826829
"GENE0567",0,1.2,0.0922669226187299
"GENE0568",0,1.2,0.248643828022222
"GENE0569",0,1.2,0.190492393848644
"GENE0570",0,1.2,0.086389287740003
"GENE0571",0,1.2,0.329680662739322
"GENE0572",0,1.2,0.172482365599738
"GENE0573",0,1.2,0.0835499915843179
"GENE0574",0,1.2,0.123412139944219
"GENE0575",0,1.2,0.0828668924242087
"GENE0576",0,1.2,0.0944878992295665
"GENE0577",0,1.2,0.187287543996988
"GENE0578",0,1.2,0.0978425052402303
"GENE0579",0,1.2,0.0943161793876664
"GENE0580",0,1.2,0.0838026249787432
"GENE0581",0,1.2,0.320858471200123
"GENE0582",0,1.2,0.110790447378708
"GENE0583",0,1.2,0.155900986033692
"GENE0584",0,1.2,0.087402116091748
"GENE0585",0,1.2,0.285023386769675
"GENE0586",0,1.2,0.0854317025351732
"GENE0587",0,1.2,0.145336011160179
"GENE0588",0,1.2,0.0845692044521281
"GENE0589",0,1.2,0.15601351431386
"GENE0590",0,1.2,0.145119110473767
"GENE0591",0,1.2,0.185545264426963
"GENE0592",0,1.2,0.0830996449774267
"GENE0593",0,1.2,0.169139307698585
"GENE0594",0,1.2,0.17384367032336
"GENE0595",0,1.2,0.212315556078382
"GENE0596",0,1.2,0.0846197494959626
"GENE0597",0,1.2,0.0900001704207865
"GENE0598",0,1.2,0.181087542683207
"GENE0599",0,1.2,0.0896211825704311
"GENE0600",0,1.2,0.163808364668476
"GENE0601",0,1.2,0.0832459378914833
"GENE0602",0,1.2,0.0819719257261702
"GENE0603",0,1.2,0.176708984742065
"GENE0604",0,1.2,0.0887109497515864
"GENE0605",0,1.2,0.100683648024364
"GENE0606",0,1.2,0.137824112063124
"GENE0607",0,1.2,0.133922298649434
"GENE0608",0,1.2,0.205291340672815
"GENE0609",0,1.2,0.110837865274453
"GENE0610",0,1.2,0.0832707899532363
"GENE0611",0,1.2,0.0966523822396579
"GENE0612",0,1.2,0.095521437244607
"GENE0613",0,1.2,0.221415187778444
"GENE0614",0,1.2,0.112158508412781
"GENE0615",0,1.2,0.245210215093177
"GENE0616",0,1.2,0.122455512980854
"GENE0617",0,1.2,0.158721100931533
"GENE0618",0,1.2,0.0941819194870722
"GENE0619",0,1.2,0.0828485496307604
"GENE0620",0,1.2,0.0865393160549206
"GENE0621",0,1.2,0.13923084766583
"GENE0622",0,1.2,0.165022110699085
"GENE0623",0,1.2,0.100993873794094
"GENE0624",0,1.2,0.0973905976207522
"GENE0625",0,1.2,0.136519480283477
"GENE0626",0,1.2,0.138681924071504
"GENE0627",0,1.2,0.0863422609901666
"GENE0628",0,1.2,0.111895128874622
"GENE0629",0,1.2,0.202908536439162
"GENE0630",0,1.2,0.084877460774236
"GENE0631",0,1.2,0.0839338821350901
"GENE0632",0,1.2,0.11293160972408
"GENE0633",0,1.2,0.162862742350219
"GENE0634",0,1.2,0.0865341967820375
"GENE0635",0,1.2,0.0916677208214488
"GENE0636",0,1.2,0.0901493567476596
"GENE0637",0,1.2,0.134170243920425
"GENE0638",0,1.2,0.0843555407483071
"GENE0639",0,1.2,0.26261681030266
"GENE0640",0,1.2,0.117030886425382
"GENE0641",0,1.2,0.132392464967278
"GENE0642",0,1.2,0.280207446799317
"GENE0643",0,1.2,0.102025848590406
"GENE0644",0,1.2,0.119124374889386
"GENE0645",0,1.2,0.13543480191618
"GENE0646",0,1.2,0.0829655919819358
"GENE0647",0,1.2,0.105899082232151
"GENE0648",0,1.2,0.095623032242199
"GENE0649",0,1.2,0.0990122958772452
"GENE0650",0,1.2,0.0876422266029611
"GENE0651",0,1.2,0.151920571470044
"GENE0652",0,1.2,0.0827249463986226
"GENE0653",0,1.2,0.0874189321839904
"GENE0654",0,1.2,0.131282356817259
"GENE0655",0,1.2,0.310237663036507
"GENE0656",0,1.2,0.10469326968458
"GENE0657",0,1.2,0.0827253952411937
"GENE0658",0,1.2,0.0996828216382259
"GENE0659",0,1.2,0.108321917144163
"GENE0660",0,1.2,0.190421492697096
"GENE0661",0,1.2,0.0948221272764106
"GENE0662",0,1.2,0.0922690344762568
"GENE0663",0,1.2,0.185492153760635
"GENE0664",0,1.2,0.140838497780017
"GENE0665",0,1.2,0.0822642486144973
"GENE0666",0,1.2,0.111634866261283
"GENE0667",0,1.2,0.142499025367864
"GENE0668",0,1.2,0.0915889369133508
"GENE0669",0,1.2,0.0820582719335059
"GENE0670",0,1.2,0.181797674368898
"GENE0671",0,1.2,0.083670739898906
"GENE0672",0,1.2,0.0916932120232283
"GENE0673",0,1.2,0.0933775697275372
"GENE0674",0,1.2,0.0949222613595485
"GENE0675",0,1.2,0.284415406330872
"GENE0676",0,1.2,0.180414846158911
"GENE0677",0,1.2,0.160303989987335
"GENE0678",0,1.2,0.17408540505113
"GENE0679",0,1.2,0.0900652233427607
"GENE0680",0,1.2,0.0844542128153015
"GENE0681",0,1.2,0.0873863740248498
"GENE0682",0,1.2,0.0905286324862863
"GENE0683",0,1.2,0.143387635701592
"GENE0684",0,1.2,0.183726984735524
"GENE0685",0,1.2,0.110648955489392
"GENE0686",0,1.2,0.0835558709537978
"GENE0687",0,1.2,0.202184663621361
"GENE0688",0,1.2,0.132285679049029
"GENE0689",0,1.2,0.0948206935411275
"GENE0690",0,1.2,0.085791297782144
"GENE0691",0,1.2,0.0883005315244083
"GENE0692",0,1.2,0.107558778446038
"GENE0693",0,1.2,0.173168909995162
"GENE0694",0,1.2,0.188025976788452
"GENE0695",0,1.2,0.12802498289137
"GENE0696",0,1.2,0.0923585179789054
"GENE0697",0,1.2,0.0864680062938037
"GENE0698",0,1.2,0.134778197962942
"GENE0699",0,1.2,0.31152929899399
"GENE0700",0,1.2,0.0911210109532089
"GENE0701",0,0,0.0978158649468139
"GENE0702",0,0,0.218284934397
"GENE0703",0,0,0.094518794786153
"GENE0704",0,0,0.217279259048482
"GENE0705",0,0,0.10239244288023
"GENE0706",0,0,0.0907869906661514
"GENE0707",0,0,0.117685411085226
"GENE0708",0,0,0.082766337654043
"GENE0709",0,0,0.0824437711070178
"GENE0710",0,0,0.109268947010141
"GENE0711",0,0,0.0837980442048912
"GENE0712",0,0,0.107968677914279
"GENE0713",0,0,0.13419130715556
"GENE0714",0,0,0.0871326579530834
"GENE0715",0,0,0.0924946036402358
"GENE0716",0,0,0.0835801193533016
"GENE0717",0,0,0.115291784397327
"GENE0718",0,0,0.0827416869567529
"GENE0719",0,0,0.135329093211994
"GENE0720",0,0,0.0832917919258604
"GENE0721",0,0,0.21278997584806
"GENE0722",0,0,0.0967610678012823
"GENE0723",0,0,0.0852681197588055
"GENE0724",0,0,0.0844057355166147
"GENE0725",0,0,0.143412546310409
"GENE0726",0,0,0.0975589487031129
"GENE0727",0,0,0.260009477823881
"GENE0728",0,0,0.104620544553823
"GENE0729",0,0,0.144523960879113
"GENE0730",0,0,0.0824240436934483
"GENE0731",0,0,0.0983593754430288
"GENE0732",0,0,0.0844386809133968
"GENE0733",0,0,0.0822859704798561
"GENE0734",0,0,0.0820973718254285
"GENE0735",0,0,0.093715831131254
"GENE0736",0,0,0.083083817608795
"GENE0737",0,0,0.0828219900971698
"GENE0738",0,0,0.0826821674921818
"GENE0739",0,0,0.100397763349595
"GENE0740",0,0,0.169092978042568
"GENE0741",0,0,0.252014814942455
"GENE0742",0,0,0.11082373933001
"GENE0743",0,0,0.159267703439438
"GENE0744",0,0,0.0822836165423979
"GENE0745",0,0,0.232331107468686
"GENE0746",0,0,0.0822129915312998
"GENE0747",0,0,0.0959723180906666
"GENE0748",0,0,0.0833350839532817
"GENE0749",0,0,0.100614633761792
"GENE0750",0,0,0.175640710116112
"GENE0751",0,0,0.191214896330671
"GENE0752",0,0,0.0924287625171738
"GENE0753",0,0,0.134073462407805
"GENE0754",0,0,0.0946694254905934
"GENE0755",0,0,0.0897192751270761
"GENE0756",0,0,0.131638409050857
"GENE0757",0,0,0.151895203418152
"GENE0758",0,0,0.101360635733748
"GENE0759",0,0,0.10260681764348
"GENE0760",0,0,0.08346630202064
"GENE0761",0,0,0.17318732657149
"GENE0762",0,0,0.083916283236456
"GENE0763",0,0,0.125030342428085
"GENE0764",0,0,0.0992618699319988
"GENE0765",0,0,0.0894029623978691
"GENE0766",0,0,0.0899119063976151
"GENE0767",0,0,0.26463480651243
"GENE0768",0,0,0.0928032136112983
"GENE0769",0,0,0.0871912799287318
"GENE0770",0,0,0.167816337742432
"GENE0771",0,0,0.249158442275306
"GENE0772",0,0,0.0866174643242302
"GENE0773",0,0,0.131600304870744
"GENE0774",0,0,0.129391216995973
"GENE0775",0,0,0.0931951858642639
"GENE0776",0,0,0.273979686555786
"GENE0777",0,0,0.0962810857906548
"GENE0778",0,0,0.20943260997812
"GENE0779",0,0,0.161813154673039
"GENE0780",0,0,0.308690096179805
"GENE0781",0,0,0.2033567291895
"GENE0782",0,0,0.131553167023664
"GENE0783",0,0,0.260098079263944
"GENE0784",0,0,0.134558247386686
"GENE0785",0,0,0.0838881082261948
"GENE0786",0,0,0.0871918645229277
"GENE0787",0,0,0.0828485301940445
"GENE0788",0,0,0.0825941388501435
"GENE0789",0,0,0.089715171122465
"GENE0790",0,0,0.121172747324049
"GENE0791",0,0,0.0990895337518402
"GENE0792",0,0,0.243072828977457
"GENE0793",0,0,0.0962168525601522
"GENE0794",0,0,0.0952186724331889
"GENE0795",0,0,0.088878167919843
"GENE0796",0,0,0.0897238306807141
"GENE0797",0,0,0.129968930961667
"GENE0798",0,0,0.317498014220382
"GENE0799",0,0,0.17328219466624
"GENE0800",0,0,0.227299642951214
"GENE0801",0,0,0.0960869620067249
"GENE0802",0,0,0.089036512875785
"GENE0803",0,0,0.084212580514818
"GENE0804",0,0,0.081987118546429
"GENE0805",0,0,0.0901606456206884
"GENE0806",0,0,0.310619320689822
"GENE0807",0,0,0.0864876645495223
"GENE0808",0,0,0.0919068006243707
"GENE0809",0,0,0.104284833462529
"GENE0810",0,0,0.198304959923002
"GENE0811",0,0,0.17425626492651
"GENE0812",0,0,0.276323838563754
"GENE0813",0,0,0.091495009361763
"GENE0814",0,0,0.123572131118025
"GENE0815",0,0,0.188898939960566
"GENE0816",0,0,0.117099882963418
"GENE0817",0,0,0.0916654928585128
"GENE0818",0,0,0.0885346840797071
"GENE0819",0,0,0.166449892376672
"GENE0820",0,0,0.219631312170276
"GENE0821",0,0,0.0918554393494127
"GENE0822",0,0,0.29523914735239
"GENE0823",0,0,0.083768501940236
"GENE0824",0,0,0.279334202579048
"GENE0825",0,0,0.0996967142960748
"GENE0826",0,0,0.0900314368230291
"GENE0827",0,0,0.133830907991017
"GENE0828",0,0,0.142085021497672
"GENE0829",0,0,0.164906136508581
"GENE0830",0,0,0.31472014506113
"GENE0831",0,0,0.171352463370029
"GENE0832",0,0,0.0907596526579017
"GENE0833",0,0,0.154327993757659
"GENE0834",0,0,0.0898187116811459
"GENE0835",0,0,0.124062792121757
"GENE0836",0,0,0.0932714255386813
"GENE0837",0,0,0.0890643261733687
"GENE0838",0,0,0.206512588509096
"GENE0839",0,0,0.121721443704462
"GENE0840",0,0,0.164453815653158
"GENE0841",0,0,0.0862071863530295
"GENE0842",0,0,0.0954675898254676
"GENE0843",0,0,0.113770288643767
"GENE0844",0,0,0.27784720800282
"GENE0845",0,0,0.0980707938576175
"GENE0846",0,0,0.0821464277397228
"GENE0847",0,0,0.0927844681942008
"GENE0848",0,0,0.0974317966467527
"GENE0849",0,0,0.304669572911303
"GENE0850",0,0,0.168325582120339
"GENE0851",0,0,0.0873307358275861
"GENE0852",0,0,0.160306579073574
"GENE0853",0,0,0.0925802385138756
"GENE0854",0,0,0.130719221324074
"GENE0855",0,0,0.106209293983542
"GENE0856",0,0,0.206578544502828
"GENE0857",0,0,0.158755091330897
"GENE0858",0,0,0.0987385904539852
"GENE0859",0,0,0.0831964144330561
"GENE0860",0,0,0.09389716769286
"GENE0861",0,0,0.088498652617865
"GENE0862",0,0,0.0846492478466556
"GENE0863",0,0,0.0910223272799857
"GENE0864",0,0,0.182305170843973
"GENE0865",0,0,0.279325716545623
"GENE0866",0,0,0.0916584060737301
"GENE0867",0,0,0.170835563103892
"GENE0868",0,0,0.0868611781934399
"GENE0869",0,0,0.295858140570893
"GENE0870",0,0,0.0822800508710263
"GENE0871",0,0,0.096863972142605
"GENE0872",0,0,0.110181021933599
"GENE0873",0,0,0.117902790658167
"GENE0874",0,0,0.0911303475069072
"GENE0875",0,0,0.0955820105713698
"GENE0876",0,0,0.0873879916046736
"GENE0877",0,0,0.158070000629227
"GENE0878",0,0,0.0917942661882535
"GENE0879",0,0,0.204615864965692
"GENE0880",0,0,0.0844519130673646
"GENE0881",0,0,0.150042517071124
"GENE0882",0,0,0.0819873603966411
"GENE0883",0,0,0.124694688
"GENE0884",0,0,0.0824924667457868
"GENE0885",0,0,0.113741454305982
"GENE0886",0,0,0.0844020108376314
"GENE0887",0,0,0.0831636277896918
"GENE0888",0,0,0.104720009515268
"GENE0889",0,0,0.107230662009197
"GENE0890",0,0,0.0833887088313358
"GENE0891",0,0,0.110431413890204
"GENE0892",0,0,0.148181116946928
"GENE0893",0,0,0.1050811696714
"GENE0894",0,0,0.139602298660023
"GENE0895",0,0,0.0823619407645415
"GENE0896",0,0,0.0938050114167554
"GENE0897",0,0,0.0996629295802612
"GENE0898",0,0,0.0847116012193079
"GENE0899",0,0,0.101971203317202
"GENE0900",0,0,0.090978900876376
"GENE0901",0,0,0.225513168000667
"GENE0902",0,0,0.0863254888088643
"GENE0903",0,0,0.113053353667633
"GENE0904",0,0,0.173498792766287
"GENE0905",0,0,0.105189625232639
"GENE0906",0,0,0.119813438551825
"GENE0907",0,0,0.0973670761202233
"GENE0908",0,0,0.0847979219839892
"GENE0909",0,0,0.181853889017672
"GENE0910",0,0,0.13485088082
"GENE0911",0,0,0.0872064477362002
"GENE0912",0,0,0.0832439395696651
"GENE0913",0,0,0.0849994668823502
"GENE0914",0,0,0.0864922824258605
"GENE0915",0,0,0.107342716874546
"GENE0916",0,0,0.164325204837347
"GENE0917",0,0,0.136598697267786
"GENE0918",0,0,0.301400458477668
"GENE0919",0,0,0.0866466488117653
"GENE0920",0,0,0.135508118895124
"GENE0921",0,0,0.109846943192614
"GENE0922",0,0,0.18193390059298
"GENE0923",0,0,0.110248777010218
"GENE0924",0,0,0.25361089645
"GENE0925",0,0,0.0831607129258438
"GENE0926",0,0,0.0845072087896503
"GENE0927",0,0,0.129774620241848
"GENE0928",0,0,0.0832516639204032
"GENE0929",0,0,0.0841604183802063
"GENE0930",0,0,0.0991840167563769
"GENE0931",0,0,0.0846358995776036
"GENE0932",0,0,0.0821623096064981
"GENE0933",0,0,0.0898465711293841
"GENE0934",0,0,0.0848183677621503
"GENE0935",0,0,0.11320694894607
"GENE0936",0,0,0.0924766128464006
"GENE0937",0,0,0.108503088880463
"GENE0938",0,0,0.0844731443137782
"GENE0939",0,0,0.281453329871594
"GENE0940",0,0,0.0856952813142124
"GENE0941",0,0,0.0993504232711814
"GENE0942",0,0,0.203274931620493
"GENE0943",0,0,0.20903837117576
"GENE0944",0,0,0.193629162616251
"GENE0945",0,0,0.170633630340444
"GENE0946",0,0,0.0847614193998532
"GENE0947",0,0,0.0972028610214786
"GENE0948",0,0,0.159458499139468
"GENE0949",0,0,0.167326814649948
"GENE0950",0,0,0.117769425770598
"GENE0951",0,0,0.27541856770114
"GENE0952",0,0,0.0990435598153032
"GENE0953",0,0,0.162569494818492
"GENE0954",0,0,0.135553635607236
"GENE0955",0,0,0.0888122153243599
"GENE0956",0,0,0.0945433014347171
"GENE0957",0,0,0.27724640500842
"GENE0958",0,0,0.113438570461018
"GENE0959",0,0,0.106299859532938
"GENE0960",0,0,0.09865124224782
"GENE0961",0,0,0.279731597166152
"GENE0962",0,0,0.113829032564043
"GENE0963",0,0,0.0863644481270747
"GENE0964",0,0,0.103609492349334
"GENE0965",0,0,0.150333939865596
"GENE0966",0,0,0.284380329245106
"GENE0967",0,0,0.0856876972791682
"GENE0968",0,0,0.298096417860097
"GENE0969",0,0,0.0893779055117444
"GENE0970",0,0,0.104477385999941
"GENE0971",0,0,0.0823113639650728
"GENE0972",0,0,0.171894333646094
"GENE0973",0,0,0.0835044719365988
"GENE0974",0,0,0.111291182368447
"GENE0975",0,0,0.0842034787611283
"GENE0976",0,0,0.0953028599591452
"GENE0977",0,0,0.0828010291080817
"GENE0978",0,0,0.216875630177582
"GENE0979",0,0,0.275623957733174
"GENE0980",0,0,0.134823939616458
"GENE0981",0,0,0.0822920347254296
"GENE0982",0,0,0.0900292639442497
"GENE0983",0,0,0.0867017585483139
"GENE0984",0,0,0.0978587055776826
"GENE0985",0,0,0.201352929541788
"GENE0986",0,0,0.105643715005939
"GENE0987",0,0,0.319215663495993
"GENE0988",0,0,0.101757969558889
"GENE0989",0,0,0.0824195998436228
"GENE0990",0,0,0.0851000872690535
"GENE0991",0,0,0.0910099870880414
"GENE0992",0,0,0.160041535131696
"GENE0993",0,0,0.130809134466836
"GENE0994",0,0,0.165144901771458
"GENE0995",0,0,0.0862136195192314
"GENE0996",0,0,0.200979305011531
"GENE0997",0,0,0.1710524796487
"GENE0998",0,0,0.238143034539206
"GENE0999",0,0,0.0835643637663047
"GENE1000",0,0,0.101463650111091
"GENE1001",0,0,0.16447087205406
"GENE1002",0,0,0.145982137983825
"GENE1003",0,0,0.196847008571934
"GENE1004",0,0,0.120158914612442
"GENE1005",0,0,0.0871866216506954
"GENE1006",0,0,0.0856616562627264
"GENE1007",0,0,0.0877771333975728
"GENE1008",0,0,0.0822930532100023
"GENE1009",0,0,0.0843058658854583
"GENE1010",0,0,0.0854272476643695
"GENE1011",0,0,0.249172704367739
"GENE1012",0,0,0.0895703958858701
"GENE1013",0,0,0.136057665822032
"GENE1014",0,0,0.124203551682895
"GENE1015",0,0,0.0980865088639899
"GENE1016",0,0,0.171210160862322
"GENE1017",0,0,0.139067741827819
"GENE1018",0,0,0.0834795692789183
"GENE1019",0,0,0.0996017507368898
"GENE1020",0,0,0.0884677609429048
"GENE1021",0,0,0.0823574303419904
"GENE1022",0,0,0.0903990861567823
"GENE1023",0,0,0.0820140643441321
"GENE1024",0,0,0.0826868463115331
"GENE1025",0,0,0.155707720728595
"GENE1026",0,0,0.10534693801863
"GENE1027",0,0,0.318684874012224
"GENE1028",0,0,0.193769041477733
"GENE1029",0,0,0.121349405104031
"GENE1030",0,0,0.0858016533766493
"GENE1031",0,0,0.0926871821769189
"GENE1032",0,0,0.112877993690193
"GENE1033",0,0,0.0968424067426849
"GENE1034",0,0,0.16800652273052
"GENE1035",0,0,0.230262478811603
"GENE1036",0,0,0.0879002413084265
"GENE1037",0,0,0.120459581123282
"GENE1038",0,0,0.103729928729997
"GENE1039",0,0,0.314388066222916
"GENE1040",0,0,0.224343238484574
"GENE1041",0,0,0.140623520495756
"GENE1042",0,0,0.0947156747913525
"GENE1043",0,0,0.0867736163746757
"GENE1044",0,0,0.215827033364364
"GENE1045",0,0,0.0849275452055633
"GENE1046",0,0,0.173806088317036
"GENE1047",0,0,0.096083546358188
"GENE1048",0,0,0.0832208917500842
"GENE1049",0,0,0.107837765604833
"GENE1050",0,0,0.0919261132318342
"GENE1051",0,0,0.108022092112896
"GENE1052",0,0,0.103113699505081
"GENE1053",0,0,0.0846045375853912
"GENE1054",0,0,0.0828122094411508
"GENE1055",0,0,0.086314930846697
"GENE1056",0,0,0.0821162649454447
"GENE1057",0,0,0.0825338792384319
"GENE1058",0,0,0.137065024490912
"GENE1059",0,0,0.200054293028356
"GENE1060",0,0,0.317309561922529
"GENE1061",0,0,0.0934021903232881
"GENE1062",0,0,0.116682510810215
"GENE1063",0,0,0.0822871770799783
"GENE1064",0,0,0.156375129960126
"GENE1065",0,0,0.308950113723538
"GENE1066",0,0,0.118013587583997
"GENE1067",0,0,0.165890213349271
"GENE1068",0,0,0.0832252667625772
"GENE1069",0,0,0.0823548489286579
"GENE1070",0,0,0.165180467610512
"GENE1071",0,0,0.323900619316508
"GENE1072",0,0,0.178810840300107
"GENE1073",0,0,0.0901078357496289
"GENE1074",0,0,0.111335418642562
"GENE1075",0,0,0.249062340532696
"GENE1076",0,0,0.10019577355044
"GENE1077",0,0,0.101546645002008
"GENE1078",0,0,0.145403170475026
"GENE1079",0,0,0.0975205277648431
"GENE1080",0,0,0.151671248523965
"GENE1081",0,0,0.0857792645690231
"GENE1082",0,0,0.146640336035741
"GENE1083",0,0,0.190521224950568
"GENE1084",0,0,0.186571543469099
"GENE1085",0,0,0.106038958141728
"GENE1086",0,0,0.0889391471647322
"GENE1087",0,0,0.0879180091266385
"GENE1088",0,0,0.205458838444499
"GENE1089",0,0,0.0835771496627865
"GENE1090",0,0,0.104267289334954
"GENE1091",0,0,0.131701282905212
"GENE1092",0,0,0.212008137799735
"GENE1093",0,0,0.0860572105323259
"GENE1094",0,0,0.265644358121438
"GENE1095",0,0,0.0867180868629371
"GENE1096",0,0,0.0875712023013727
"GENE1097",0,0,0.0905924196367485
"GENE1098",0,0,0.302265794302606
"GENE1099",0,0,0.0946186612397397
"GENE1100",0,0,0.168365343329335
"GENE1101",0,0,0.0953440991824217
"GENE1102",0,0,0.0907467623512366
"GENE1103",0,0,0.102022148033033
"GENE1104",0,0,0.138373427588247
"GENE1105",0,0,0.10207337672544
"GENE1106",0,0,0.0848273588536795
"GENE1107",0,0,0.0819822014607925
"GENE1108",0,0,0.0942338053898529
"GENE1109",0,0,0.118406794772079
"GENE1110",0,0,0.0915638827415226
"GENE1111",0,0,0.0834718748424141
"GENE1112",0,0,0.109281640272539
"GENE1113",0,0,0.0820999668603601
"GENE1114",0,0,0.086529043110492
"GENE1115",0,0,0.0945889376194969
"GENE1116",0,0,0.293828240860976
"GENE1117",0,0,0.182813843639044
"GENE1118",0,0,0.138656509374849
"GENE1119",0,0,0.096981031095114
"GENE1120",0,0,0.16753223859993
"GENE1121",0,0,0.198951195501591
"GENE1122",0,0,0.209467698367486
"GENE1123",0,0,0.0894666287514499
"GENE1124",0,0,0.230572147911098
"GENE1125",0,0,0.085043052585446
"GENE1126",0,0,0.307621006074979
"GENE1127",0,0,0.0825110064855579
"GENE1128",0,0,0.14357296642518
"GENE1129",0,0,0.0827509290208839
"GENE1130",0,0,0.0835930894527925
"GENE1131",0,0,0.173104291153586
"GENE1132",0,0,0.285108549671344
"GENE1133",0,0,0.298207627885373
"GENE1134",0,0,0.0851754890039438
"GENE1135",0,0,0.0907103382923572
"GENE1136",0,0,0.258702455986307
"GENE1137",0,0,0.291767984294171
"GENE1138",0,0,0.0852260583565203
"GENE1139",0,0,0.0835840759212027
"GENE1140",0,0,0.0829858654101973
"GENE1141",0,0,0.0881106284158356
"GENE1142",0,0,0.0831487757008343
"GENE1143",0,0,0.117179333542097
"GENE1144",0,0,0.095158216242987
"GENE1145",0,0,0.180920153826815
"GENE1146",0,0,0.236964635433477
"GENE1147",0,0,0.32945157125483
"GENE1148",0,0,0.0826661291403561
"GENE1149",0,0,0.0904353963233697
"GENE1150",0,0,0.0857223320217385
"GENE1151",0,0,0.103294406763462
"GENE1152",0,0,0.0845794798977385
"GENE1153",0,0,0.0828423147566523
"GENE1154",0,0,0.21358194537497
"GENE1155",0,0,0.264702378644508
"GENE1156",0,0,0.246642047827693
"GENE1157",0,0,0.13185208601565
"GENE1158",0,0,0.140008966538965
"GENE1159",0,0,0.0825646640877288
"GENE1160",0,0,0.0929961549845417
"GENE1161",0,0,0.0869184028237746
"GENE1162",0,0,0.0849377425307029
"GENE1163",0,0,0.0824261248244288
"GENE1164",0,0,0.152656561425097
"GENE1165",0,0,0.084171195628471
"GENE1166",0,0,0.0824009341002063
"GENE1167",0,0,0.272660750252126
"GENE1168",0,0,0.168275094430258
"GENE1169",0,0,0.0836070226845688
"GENE1170",0,0,0.0863308093839559
"GENE1171",0,0,0.126846436993443
"GENE1172",0,0,0.101351716169817
"GENE1173",0,0,0.0901137329569277
"GENE1174",0,0,0.0885087210527518
"GENE1175",0,0,0.234997851725905
"GENE1176",0,0,0.257188152494018
"GENE1177",0,0,0.082637620557345
"GENE1178",0,0,0.0825376187117075
"GENE1179",0,0,0.131167323588385
"GENE1180",0,0,0.10242237523897
"GENE1181",0,0,0.120123408954719
"GENE1182",0,0,0.178167891260884
"GENE1183",0,0,0.165846350270807
"GENE1184",0,0,0.123169087030796
"GENE1185",0,0,0.273633607055096
"GENE1186",0,0,0.0826416495655532
"GENE1187",0,0,0.324105992701358
"GENE1188",0,0,0.0884437886830701
"GENE1189",0,0,0.100864689620373
"GENE1190",0,0,0.0975073195375585
"GENE1191",0,0,0.0959068087692854
"GENE1192",0,0,0.0822459643500925
"GENE1193",0,0,0.0922946851349684
"GENE1194",0,0,0.116930296355688
"GENE1195",0,0,0.0828845650901252
"GENE1196",0,0,0.107930043321774
"GENE1197",0,0,0.231982714611193
"GENE1198",0,0,0.0875026159516308
"GENE1199",0,0,0.0896957893163183
"GENE1200",0,0,0.103787852620985
"GENE1201",0,0,0.174395429003238
"GENE1202",0,0,0.103244754094224
"GENE1203",0,0,0.0863560905639822
"GENE1204",0,0,0.0937003618649419
"GENE1205",0,0,0.0829633180290941
"GENE1206",0,0,0.19277886364324
"GENE1207",0,0,0.100692506863798
"GENE1208",0,0,0.0914832008734263
"GENE1209",0,0,0.265508911815961
"GENE1210",0,0,0.0923425936296007
"GENE1211",0,0,0.0932337466407601
"GENE1212",0,0,0.11116216279221
"GENE1213",0,0,0.0987141360646364
"GENE1214",0,0,0.0851085700367695
"GENE1215",0,0,0.138478480321993
"GENE1216",0,0,0.0867663868749367
"GENE1217",0,0,0.0824894426211296
"GENE1218",0,0,0.0837292870801089
"GENE1219",0,0,0.0840575779371469
"GENE1220",0,0,0.0895704540529334
"GENE1221",0,0,0.110780410384671
"GENE1222",0,0,0.0826583129041741
"GENE1223",0,0,0.083671938203541
"GENE1224",0,0,0.21925486839193
"GENE1225",0,0,0.124437618518306
"GENE1226",0,0,0.120973530329895
"GENE1227",0,0,0.101469961502872
"GENE1228",0,0,0.0965721496801026
"GENE1229",0,0,0.167926452625925
"GENE1230",0,0,0.185530162057542
"GENE1231",0,0,0.085838070150929
"GENE1232",0,0,0.154144604998532
"GENE1233",0,0,0.0826745261927719
"GENE1234",0,0,0.0832295887871148
"GENE1235",0,0,0.214328348771517
"GENE1236",0,0,0.100716689350051
"GENE1237",0,0,0.0820478715653403
"GENE1238",0,0,0.152014273039649
"GENE1239",0,0,0.251971561417613
"GENE1240",0,0,0.0884262374835536
"GENE1241",0,0,0.0860589082390016
"GENE1242",0,0,0.0982060873239252
"GENE1243",0,0,0.323364087904008
"GENE1244",0,0,0.0826589980595409
"GENE1245",0,0,0.112664887971097
"GENE1246",0,0,0.098765284477259
"GENE1247",0,0,0.0844944128881357
"GENE1248",0,0,0.184517284652422
"GENE1249",0,0,0.0833175114912384
"GENE1250",0,0,0.0925798894173087
"GENE1251",0,0,0.115893645149707
"GENE1252",0,0,0.0869280669319377
"GENE1253",0,0,0.0877844446196676
"GENE1254",0,0,0.0845643473936856
"GENE1255",0,0,0.0917195833728859
"GENE1256",0,0,0.0882752129986504
"GENE1257",0,0,0.273190466545655
"GENE1258",0,0,0.271150803864661
"GENE1259",0,0,0.103298029720132
"GENE1260",0,0,0.0835491077313784
"GENE1261",0,0,0.0824574328019304
"GENE1262",0,0,0.113377206056635
"GENE1263",0,0,0.1320891638833
"GENE1264",0,0,0.16804939151023
"GENE1265",0,0,0.0919827042556437
"GENE1266",0,0,0.0926907881009576
"GENE1267",0,0,0.106531501968665
"GENE1268",0,0,0.0883814063721473
"GENE1269",0,0,0.105728345230089
"GENE1270",0,0,0.0822653070138348
"GENE1271",0,0,0.167303596446536
"GENE1272",0,0,0.139375337251368
"GENE1273",0,0,0.308982912290041
"GENE1274",0,0,0.118366324889055
"GENE1275",0,0,0.164510855824279
"GENE1276",0,0,0.0836435110952678
"GENE1277",0,0,0.0828111320715028
"GENE1278",0,0,0.0870725754058474
"GENE1279",0,0,0.118811869504309
"GENE1280",0,0,0.096703924131469
"GENE1281",0,0,0.0975367899618894
"GENE1282",0,0,0.132561442159717
"GENE1283",0,0,0.0910607956298787
"GENE1284",0,0,0.0912193494770261
"GENE1285",0,0,0.180223006594639
"GENE1286",0,0,0.0835839279883055
"GENE1287",0,0,0.222315967270972
"GENE1288",0,0,0.323317771494148
"GENE1289",0,0,0.113138540444786
"GENE1290",0,0,0.0825178127707834
"GENE1291",0,0,0.0845700215303084
"GENE1292",0,0,0.0829222011734057
"GENE1293",0,0,0.0850572224156418
"GENE1294",0,0,0.162637081830588
"GENE1295",0,0,0.0857132225852541
"GENE1296",0,0,0.170796388051873
"GENE1297",0,0,0.146233657329472
"GENE1298",0,0,0.102905236161933
"GENE1299",0,0,0.105664938555314
"GENE1300",0,0,0.0822675686847603
"GENE1301",0,0,0.183584290786966
"GENE1302",0,0,0.2935548052718
"GENE1303",0,0,0.086466098659209
"GENE1304",0,0,0.0934501242887171
"GENE1305",0,0,0.0870724109996305
"GENE1306",0,0,0.32190169931873
"GENE1307",0,0,0.0857158721143478
"GENE1308",0,0,0.0972895409755026
"GENE1309",0,0,0.153155251557518
"GENE1310",0,0,0.121716067191602
"GENE1311",0,0,0.21900982811235
"GENE1312",0,0,0.0867065305654747
"GENE1313",0,0,0.0897559451251638
"GENE1314",0,0,0.0845161598644512
"GENE1315",0,0,0.0849278593530163
"GENE1316",0,0,0.214413284346268
"GENE1317",0,0,0.280019230029244
"GENE1318",0,0,0.0938723285188792
"GENE1319",0,0,0.0872920691593935
"GENE1320",0,0,0.0992183322389855
"GENE1321",0,0,0.0861248053851048
"GENE1322",0,0,0.0835255702621451
"GENE1323",0,0,0.111342389717922
"GENE1324",0,0,0.0992321702145955
"GENE1325",0,0,0.211633276380043
"GENE1326",0,0,0.127877013025651
"GENE1327",0,0,0.276676535761959
"GENE1328",0,0,0.0831113251226044
"GENE1329",0,0,0.0890746277813328
"GENE1330",0,0,0.187200576442389
"GENE1331",0,0,0.197299160174079
"GENE1332",0,0,0.232519921836695
"GENE1333",0,0,0.0957863012543721
"GENE1334",0,0,0.157752980967231
"GENE1335",0,0,0.0851000622811624
"GENE1336",0,0,0.0840365066715696
"GENE1337",0,0,0.0825475749022072
"GENE1338",0,0,0.186642230723602
"GENE1339",0,0,0.1704750349826
"GENE1340",0,0,0.136829523818066
"GENE1341",0,0,0.0851272239787493
"GENE1342",0,0,0.092897413017737
"GENE1343",0,0,0.257953301267255
"GENE1344",0,0,0.0869630973615289
"GENE1345",0,0,0.263318199296384
"GENE1346",0,0,0.0901224040086378
"GENE1347",0,0,0.300581600247305
"GENE1348",0,0,0.0826830540732131
"GENE1349",0,0,0.127672959907255
"GENE1350",0,0,0.255038550691473
"GENE1351",0,0,0.101071356198839
"GENE1352",0,0,0.0831969689708917
"GENE1353",0,0,0.0942061582648735
"GENE1354",0,0,0.0861381424186859
"GENE1355",0,0,0.0863349507505862
"GENE1356",0,0,0.0821243630122492
"GENE1357",0,0,0.0919656783082257
"GENE1358",0,0,0.0975196751838918
"GENE1359",0,0,0.0838928971815172
"GENE1360",0,0,0.0837236670658028
"GENE1361",0,0,0.0875519848348737
"GENE1362",0,0,0.324251302748138
"GENE1363",0,0,0.0847043074340622
"GENE1364",0,0,0.125234483934117
"GENE1365",0,0,0.0923878619578389
"GENE1366",0,0,0.0887968165364231
"GENE1367",0,0,0.16240495350017
"GENE1368",0,0,0.0870976238991946
"GENE1369",0,0,0.115173328468117
"GENE1370",0,0,0.093132612106832
"GENE1371",0,0,0.249979310112136
"GENE1372",0,0,0.0944530888523311
"GENE1373",0,0,0.084419897504848
"GENE1374",0,0,0.300413474659239
"GENE1375",0,0,0.0826781117545312
"GENE1376",0,0,0.15145091512946
"GENE1377",0,0,0.0857882435642173
"GENE1378",0,0,0.106732886995393
"GENE1379",0,0,0.237848022025992
"GENE1380",0,0,0.0871471838228797
"GENE1381",0,0,0.0855955507545041
"GENE1382",0,0,0.0892619262045562
"GENE1383",0,0,0.227578050186292
"GENE1384",0,0,0.0822599491520178
"GENE1385",0,0,0.103290799551995
"GENE1386",0,0,0.117600853763264
"GENE1387",0,0,0.139187730202806
"GENE1388",0,0,0.211491608809224
"GENE1389",0,0,0.101011549350865
"GENE1390",0,0,0.149313422672203
"GENE1391",0,0,0.0829360749135368
"GENE1392",0,0,0.1122011897356
"GENE1393",0,0,0.116150036036443
"GENE1394",0,0,0.104371514188005
"GENE1395",0,0,0.0855257101656467
"GENE1396",0,0,0.0819817292697494
"GENE1397",0,0,0.090784283405704
"GENE1398",0,0,0.293762086043929
"GENE1399",0,0,0.100413043051725
"GENE1400",0,0,0.10996034736134
"GENE1401",0,0,0.126482722535185
"GENE1402",0,0,0.083883903284228
"GENE1403",0,0,0.129106323752535
"GENE1404",0,0,0.0820759157420902
"GENE1405",0,0,0.0823522175221928
"GENE1406",0,0,0.198093552038594
"GENE1407",0,0,0.0938189713318269
"GENE1408",0,0,0.0864930093583317
"GENE1409",0,0,0.272906093276279
"GENE1410",0,0,0.0855413850735696
"GENE1411",0,0,0.0844133861916525
"GENE1412",0,0,0.124464132226038
"GENE1413",0,0,0.0830423980905335
"GENE1414",0,0,0.191733715206579
"GENE1415",0,0,0.0860312179233041
"GENE1416",0,0,0.0893294290108293
"GENE1417",0,0,0.090448771946801
"GENE1418",0,0,0.0832502692645287
"GENE1419",0,0,0.107224277905386
"GENE1420",0,0,0.0866657496956422
"GENE1421",0,0,0.159435478452025
"GENE1422",0,0,0.315936788973969
"GENE1423",0,0,0.0878122215852773
"GENE1424",0,0,0.247685760410798
"GENE1425",0,0,0.0856357659834653
"GENE1426",0,0,0.0847092489860215
"GENE1427",0,0,0.0899027989820025
"GENE1428",0,0,0.123621593637748
"GENE1429",0,0,0.21434643323469
"GENE1430",0,0,0.0827220939214285
"GENE1431",0,0,0.146218862860561
"GENE1432",0,0,0.177881380574608
"GENE1433",0,0,0.0959425167533213
"GENE1434",0,0,0.115266245195714
"GENE1435",0,0,0.0905747072701824
"GENE1436",0,0,0.0890575882726258
"GENE1437",0,0,0.0953875254015686
"GENE1438",0,0,0.319927374297458
"GENE1439",0,0,0.0848092275827447
"GENE1440",0,0,0.149324596929263
"GENE1441",0,0,0.0843835219172805
"GENE1442",0,0,0.302933956513888
"GENE1443",0,0,0.30069754629147
"GENE1444",0,0,0.0960608511623191
"GENE1445",0,0,0.203155755312842
"GENE1446",0,0,0.0860320008151248
"GENE1447",0,0,0.0893201273740954
"GENE1448",0,0,0.0821364278705934
"GENE1449",0,0,0.199499625132293
"GENE1450",0,0,0.0887189751905177
"GENE1451",0,0,0.0850565057687846
"GENE1452",0,0,0.133215662353099
"GENE1453",0,0,0.249387894762055
"GENE1454",0,0,0.300830532977337
"GENE1455",0,0,0.205774142170545
"GENE1456",0,0,0.0951894087554965
"GENE1457",0,0,0.107312057243183
"GENE1458",0,0,0.0839510048799193
"GENE1459",0,0,0.0854745109696476
"GENE1460",0,0,0.0861064518125572
"GENE1461",0,0,0.283056154096501
"GENE1462",0,0,0.15730891571329
"GENE1463",0,0,0.0902552530100154
"GENE1464",0,0,0.092372506688604
"GENE1465",0,0,0.111724931495859
"GENE1466",0,0,0.08470851901541
"GENE1467",0,0,0.0839475355629939
"GENE1468",0,0,0.094426933473699
"GENE1469",0,0,0.111078808823623
"GENE1470",0,0,0.145002288443395
"GENE1471",0,0,0.178985487368867
"GENE1472",0,0,0.0900073442782224
"GENE1473",0,0,0.0852400344747876
"GENE1474",0,0,0.0914844347624906
"GENE1475",0,0,0.112222850750548
"GENE1476",0,0,0.0826463100600286
"GENE1477",0,0,0.0831810911781747
"GENE1478",0,0,0.111406948824675
"GENE1479",0,0,0.121202017784274
"GENE1480",0,0,0.0859486335985139
"GENE1481",0,0,0.238679337461769
"GENE1482",0,0,0.162053327111592
"GENE1483",0,0,0.0924257257110105
"GENE1484",0,0,0.0827304667356085
"GENE1485",0,0,0.179298643705881
"GENE1486",0,0,0.0837860797989257
"GENE1487",0,0,0.0829488210268997
"GENE1488",0,0,0.0938966192050533
"GENE1489",0,0,0.211893628093326
"GENE1490",0,0,0.222876905755122
"GENE1491",0,0,0.0912012431350608
"GENE1492",0,0,0.103687284974134
"GENE1493",0,0,0.0897255862790397
"GENE1494",0,0,0.0839293355848636
"GENE1495",0,0,0.32847074416767
"GENE1496",0,0,0.0833158556181471
"GENE1497",0,0,0.0823204559966598
"GENE1498",0,0,0.0993466798119429
"GENE1499",0,0,0.288259509432626
"GENE1500",0,0,0.0838521588809161
"GENE1501",0,0,0.0900368625587826
"GENE1502",0,0,0.132640919994053
"GENE1503",0,0,0.198423307370122
"GENE1504",0,0,0.0838643976484439
"GENE1505",0,0,0.0963435210439382
"GENE1506",0,0,0.145792866324382
"GENE1507",0,0,0.122935019114568
"GENE1508",0,0,0.139998789079805
"GENE1509",0,0,0.0859148471642617
"GENE1510",0,0,0.113367456676031
"GENE1511",0,0,0.148502905810689
"GENE1512",0,0,0.101109275382481
"GENE1513",0,0,0.102646252471653
"GENE1514",0,0,0.0864037735944072
"GENE1515",0,0,0.0848055499529652
"GENE1516",0,0,0.0838619270027051
"GENE1517",0,0,0.0991327562964498
"GENE1518",0,0,0.0820597490859513
"GENE1519",0,0,0.143501713201276
"GENE1520",0,0,0.0989781414556404
"GENE1521",0,0,0.175567756394813
"GENE1522",0,0,0.315693455438609
"GENE1523",0,0,0.0831051685017256
"GENE1524",0,0,0.1152806572296
"GENE1525",0,0,0.322813809049057
"GENE1526",0,0,0.135952009020093
"GENE1527",0,0,0.212551461254844
"GENE1528",0,0,0.0891188397006497
"GENE1529",0,0,0.191486179422926
"GENE1530",0,0,0.105952695770157
"GENE1531",0,0,0.0945567006248839
"GENE1532",0,0,0.309222421287002
"GENE1533",0,0,0.117458585305276
"GENE1534",0,0,0.13075833350971
"GENE1535",0,0,0.0903197753797111
"GENE1536",0,0,0.241607775133572
"GENE1537",0,0,0.0934505433021756
"GENE1538",0,0,0.242003023946907
"GENE1539",0,0,0.082035274922076
"GENE1540",0,0,0.0910834636566773
"GENE1541",0,0,0.272057012607399
"GENE1542",0,0,0.231698331347371
"GENE1543",0,0,0.0847379872981661
"GENE1544",0,0,0.145429608551046
"GENE1545",0,0,0.16033974461242
"GENE1546",0,0,0.0878602346385969
"GENE1547",0,0,0.082199772666076
"GENE1548",0,0,0.127702323810554
"GENE1549",0,0,0.100842096268398
"GENE1550",0,0,0.307511743126833
"GENE1551",0,0,0.202559596148475
"GENE1552",0,0,0.0914840685387881
"GENE1553",0,0,0.0821727304444368
"GENE1554",0,0,0.292802617472024
"GENE1555",0,0,0.093417669411337
"GENE1556",0,0,0.093590708085419
"GENE1557",0,0,0.181796536440679
"GENE1558",0,0,0.0821353308767908
"GENE1559",0,0,0.0821151724766893
"GENE1560",0,0,0.135790932625145
"GENE1561",0,0,0.0832605150710096
"GENE1562",0,0,0.0824822194732512
"GENE1563",0,0,0.0854233413703344
"GENE1564",0,0,0.102745304308168
"GENE1565",0,0,0.0966080093371577
"GENE1566",0,0,0.300280334996311
"GENE1567",0,0,0.132893730392302
"GENE1568",0,0,0.235344907131009
"GENE1569",0,0,0.0843842881537388
"GENE1570",0,0,0.239694132295598
"GENE1571",0,0,0.0838021330133994
"GENE1572",0,0,0.156796063613118
"GENE1573",0,0,0.234881153555082
"GENE1574",0,0,0.0867976312517501
"GENE1575",0,0,0.119446451131313
"GENE1576",0,0,0.130750505014041
"GENE1577",0,0,0.114765741195116
"GENE1578",0,0,0.0892246079686662
"GENE1579",0,0,0.163870274547136
"GENE1580",0,0,0.118684680779914
"GENE1581",0,0,0.108411367085238
"GENE1582",0,0,0.24203290756698
"GENE1583",0,0,0.122716731407449
"GENE1584",0,0,0.088669470892158
"GENE1585",0,0,0.227483194663963
"GENE1586",0,0,0.0923089256808553
"GENE1587",0,0,0.085069484779579
"GENE1588",0,0,0.0822085020762975
"GENE1589",0,0,0.0857241384178112
"GENE1590",0,0,0.0949585914730061
"GENE1591",0,0,0.198965618771251
"GENE1592",0,0,0.116510425935678
"GENE1593",0,0,0.0834050677044738
"GENE1594",0,0,0.251365256587536
"GENE1595",0,0,0.087933650093507
"GENE1596",0,0,0.097808336148179
"GENE1597",0,0,0.179016046325661
"GENE1598",0,0,0.142133153229231
"GENE1599",0,0,0.18909450313233
"GENE1600",0,0,0.113930527989377
"GENE1601",0,0,0.193368495640224
"GENE1602",0,0,0.103450711325179
"GENE1603",0,0,0.086357741535722
"GENE1604",0,0,0.0955212739633797
"GENE1605",0,0,0.0837575245132226
"GENE1606",0,0,0.195321611854028
"GENE1607",0,0,0.120663106751932
"GENE1608",0,0,0.12692141865963
"GENE1609",0,0,0.259432334835328
"GENE1610",0,0,0.0930389805060099
"GENE1611",0,0,0.119643849028428
"GENE1612",0,0,0.131257923115046
"GENE1613",0,0,0.0917086949865759
"GENE1614",0,0,0.105649325059022
"GENE1615",0,0,0.0938158796859911
"GENE1616",0,0,0.29693166218426
"GENE1617",0,0,0.16251522445349
"GENE1618",0,0,0.325751908530433
"GENE1619",0,0,0.142843733976826
"GENE1620",0,0,0.246512558633801
"GENE1621",0,0,0.115658299888384
"GENE1622",0,0,0.082331991567472
"GENE1623",0,0,0.106148318480214
"GENE1624",0,0,0.31877742386016
"GENE1625",0,0,0.110768491300158
"GENE1626",0,0,0.153230085970822
"GENE1627",0,0,0.0868999537328937
"GENE1628",0,0,0.292072844108937
"GENE1629",0,0,0.0824761090412568
"GENE1630",0,0,0.0822282225544134
"GENE1631",0,0,0.0838250295701117
"GENE1632",0,0,0.0978774448466968
"GENE1633",0,0,0.0855513208648968
"GENE1634",0,0,0.0902047863897166
"GENE1635",0,0,0.0867773272744157
"GENE1636",0,0,0.222892051169235
"GENE1637",0,0,0.0926136492449281
"GENE1638",0,0,0.0937830576923407
"GENE1639",0,0,0.0894823870968572
"GENE1640",0,0,0.095737151273393
"GENE1641",0,0,0.101188402660127
"GENE1642",0,0,0.0849812466120609
"GENE1643",0,0,0.170628135702545
"GENE1644",0,0,0.0840841014333126
"GENE1645",0,0,0.1635078405586
"GENE1646",0,0,0.14769026657211
"GENE1647",0,0,0.0843720697893822
"GENE1648",0,0,0.195851666044247
"GENE1649",0,0,0.193947033642721
"GENE1650",0,0,0.130830722738208
"GENE1651",0,0,0.0821519273546334
"GENE1652",0,0,0.0830554516540016
"GENE1653",0,0,0.150944889422716
"GENE1654",0,0,0.112802351117185
"GENE1655",0,0,0.164807392563576
"GENE1656",0,0,0.085916857648469
"GENE1657",0,0,0.0855183072454456
"GENE1658",0,0,0.124754840415533
"GENE1659",0,0,0.097485474465728
"GENE1660",0,0,0.129150143790516
"GENE1661",0,0,0.198284284851171
"GENE1662",0,0,0.188670460885488
"GENE1663",0,0,0.32318141796373
"GENE1664",0,0,0.0828063195291081
"GENE1665",0,0,0.0837991228915553
"GENE1666",0,0,0.0968795343418283
"GENE1667",0,0,0.0832175443720518
"GENE1668",0,0,0.0866081083197219
"GENE1669",0,0,0.0924470505939937
"GENE1670",0,0,0.106161148157987
"GENE1671",0,0,0.0819739607652542
"GENE1672",0,0,0.139022424135714
"GENE1673",0,0,0.094425878013078
"GENE1674",0,0,0.232616304221857
"GENE1675",0,0,0.0822477916094535
"GENE1676",0,0,0.0835905421596386
"GENE1677",0,0,0.159836888123162
"GENE1678",0,0,0.120080884061569
"GENE1679",0,0,0.321872689460382
"GENE1680",0,0,0.085142525416285
"GENE1681",0,0,0.321647481823845
"GENE1682",0,0,0.081974405086464
"GENE1683",0,0,0.135813421377749
"GENE1684",0,0,0.0843466979374056
"GENE1685",0,0,0.112741560523624
"GENE1686",0,0,0.09402196405482
"GENE1687",0,0,0.210683037688466
"GENE1688",0,0,0.100378301352364
"GENE1689",0,0,0.0858695632803795
"GENE1690",0,0,0.0987254593260586
"GENE1691",0,0,0.0834316769032085
"GENE1692",0,0,0.0846012609040644
"GENE1693",0,0,0.123360670685138
"GENE1694",0,0,0.11661442300836
"GENE1695",0,0,0.0857781003781628
"GENE1696",0,0,0.126755401303717
"GENE1697",0,0,0.210612506703497
"GENE1698",0,0,0.0863646692786457
"GENE1699",0,0,0.0845578852041173
"GENE1700",0,0,0.086535386545775
"GENE1701",0,0,0.322693665123687
"GENE1702",0,0,0.100220262493491
"GENE1703",0,0,0.281867742613356
"GENE1704",0,0,0.202603945036173
"GENE1705",0,0,0.130255652356943
"GENE1706",0,0,0.258276766223686
"GENE1707",0,0,0.124789198077583
"GENE1708",0,0,0.197233521526376
"GENE1709",0,0,0.0934109750534952
"GENE1710",0,0,0.0819576379878531
"GENE1711",0,0,0.230118332534103
"GENE1712",0,0,0.0860852319701216
"GENE1713",0,0,0.0824660889141803
"GENE1714",0,0,0.228986855174033
"GENE1715",0,0,0.0907058679824337
"GENE1716",0,0,0.0890891832911819
"GENE1717",0,0,0.25549676405671
"GENE1718",0,0,0.271944080620278
"GENE1719",0,0,0.302283735690363
"GENE1720",0,0,0.303698900869625
"GENE1721",0,0,0.0820296546108222
"GENE1722",0,0,0.131008139491354
"GENE1723",0,0,0.085973584649272
"GENE1724",0,0,0.164994024867556
"GENE1725",0,0,0.083950686684066
"GENE1726",0,0,0.0961476416229782
"GENE1727",0,0,0.112195765036665
"GENE1728",0,0,0.0832550111331807
"GENE1729",0,0,0.111580347768269
"GENE1730",0,0,0.133016518617037
"GENE1731",0,0,0.0842748364273776
"GENE1732",0,0,0.11488637885409
"GENE1733",0,0,0.135652835682078
"GENE1734",0,0,0.151008163979163
"GENE1735",0,0,0.0828423032132502
"GENE1736",0,0,0.0925698312168692
"GENE1737",0,0,0.101271447565579
"GENE1738",0,0,0.0921757401367098
"GENE1739",0,0,0.0841363919337196
"GENE1740",0,0,0.262071199879984
"GENE1741",0,0,0.0819992966124189
"GENE1742",0,0,0.0891047691517125
"GENE1743",0,0,0.264805791830657
"GENE1744",0,0,0.0905219867915814
"GENE1745",0,0,0.0921846751351642
"GENE1746",0,0,0.0895329259686541
"GENE1747",0,0,0.173438646764656
"GENE1748",0,0,0.144203358081689
"GENE1749",0,0,0.148517238296589
"GENE1750",0,0,0.124400951510168
"GENE1751",0,0,0.192621881887932
"GENE1752",0,0,0.0823155087926411
"GENE1753",0,0,0.100719261947727
"GENE1754",0,0,0.149933091171355
"GENE1755",0,0,0.0885461536792513
"GENE1756",0,0,0.102875804257565
"GENE1757",0,0,0.0915524731397041
"GENE1758",0,0,0.0871007036022009
"GENE1759",0,0,0.089935544488494
"GENE1760",0,0,0.186747764165408
"GENE1761",0,0,0.129378600935563
"GENE1762",0,0,0.16708080736432
"GENE1763",0,0,0.0868729367589581
"GENE1764",0,0,0.234134634254594
"GENE1765",0,0,0.265232058711107
"GENE1766",0,0,0.125657729304957
"GENE1767",0,0,0.0912165397497354
"GENE1768",0,0,0.119866113352736
"GENE1769",0,0,0.0864999326491636
"GENE1770",0,0,0.182218179602258
"GENE1771",0,0,0.304828453412762
"GENE1772",0,0,0.115535175408831
"GENE1773",0,0,0.08295088531819
"GENE1774",0,0,0.165019177875394
"GENE1775",0,0,0.137379591930425
"GENE1776",0,0,0.0827634822987195
"GENE1777",0,0,0.137915634390187
"GENE1778",0,0,0.0922494335628515
"GENE1779",0,0,0.109841063127472
"GENE1780",0,0,0.225740321170304
"GENE1781",0,0,0.209571802607003
"GENE1782",0,0,0.31821746403455
"GENE1783",0,0,0.297706944954026
"GENE1784",0,0,0.0968786565309553
"GENE1785",0,0,0.0949362754359934
"GENE1786",0,0,0.139174405282249
"GENE1787",0,0,0.0987550395128746
"GENE1788",0,0,0.0837886850279143
"GENE1789",0,0,0.141166633960831
"GENE1790",0,0,0.0851995624305115
"GENE1791",0,0,0.0845944853473473
"GENE1792",0,0,0.0824623412656662
"GENE1793",0,0,0.0819955856442793
"GENE1794",0,0,0.0964981135270905
"GENE1795",0,0,0.107477473280703
"GENE1796",0,0,0.315833514740897
"GENE1797",0,0,0.172456152579498
"GENE1798",0,0,0.125390584252896
"GENE1799",0,0,0.0827524621235224
"GENE1800",0,0,0.0983033159154283
"GENE1801",0,0,0.0838796088513741
"GENE1802",0,0,0.198479387079333
"GENE1803",0,0,0.125761694139891
"GENE1804",0,0,0.30721004059837
"GENE1805",0,0,0.198387326021825
"GENE1806",0,0,0.0958023448995112
"GENE1807",0,0,0.0865466945314025
"GENE1808",0,0,0.0849917618267431
"GENE1809",0,0,0.0868644699605305
"GENE1810",0,0,0.0854878883849882
"GENE1811",0,0,0.172216369390511
"GENE1812",0,0,0.0839240900494344
"GENE1813",0,0,0.0966358625320107
"GENE1814",0,0,0.0854521601379134
"GENE1815",0,0,0.0885175307778162
"GENE1816",0,0,0.153988782635735
"GENE1817",0,0,0.28571963075022
"GENE1818",0,0,0.13089455447394
"GENE1819",0,0,0.212969634646851
"GENE1820",0,0,0.0841284229309714
"GENE1821",0,0,0.088556155476629
"GENE1822",0,0,0.0867857107823133
"GENE1823",0,0,0.0872761401283133
"GENE1824",0,0,0.0922240071356461
"GENE1825",0,0,0.137514335767867
"GENE1826",0,0,0.0825525201028661
"GENE1827",0,0,0.0858314027277274
"GENE1828",0,0,0.30115764266947
"GENE1829",0,0,0.0861399285020473
"GENE1830",0,0,0.0994750659537131
"GENE1831",0,0,0.0958826602940721
"GENE1832",0,0,0.153649021121362
"GENE1833",0,0,0.0929305857758444
"GENE1834",0,0,0.103664653701196
"GENE1835",0,0,0.172658641828173
"GENE1836",0,0,0.0912556245308268
"GENE1837",0,0,0.085212489285624
"GENE1838",0,0,0.120026912805562
"GENE1839",0,0,0.0819883265330048
"GENE1840",0,0,0.0871608836453303
"GENE1841",0,0,0.0857254556861446
"GENE1842",0,0,0.158394769172405
"GENE1843",0,0,0.18229602562823
"GENE1844",0,0,0.0822296703691035
"GENE1845",0,0,0.0911173989282482
"GENE1846",0,0,0.123742205068341
"GENE1847",0,0,0.192744397953857
"GENE1848",0,0,0.0848312362756247
"GENE1849",0,0,0.219378437646955
"GENE1850",0,0,0.0871158069353686
"GENE1851",0,0,0.0867053031532876
"GENE1852",0,0,0.114814242033089
"GENE1853",0,0,0.0833759506513451
"GENE1854",0,0,0.0820751679873325
"GENE1855",0,0,0.20634615715574
"GENE1856",0,0,0.122382828687706
"GENE1857",0,0,0.192712121792251
"GENE1858",0,0,0.0866453917293102
"GENE1859",0,0,0.132985556778807
"GENE1860",0,0,0.0914060237614997
"GENE1861",0,0,0.159022711323745
"GENE1862",0,0,0.0891460646909786
"GENE1863",0,0,0.0866806627899723
"GENE1864",0,0,0.125201029762754
"GENE1865",0,0,0.193631194170807
"GENE1866",0,0,0.0831515713911531
"GENE1867",0,0,0.0826111131510505
"GENE1868",0,0,0.148251234998643
"GENE1869",0,0,0.0843880227069818
"GENE1870",0,0,0.0965223015935488
"GENE1871",0,0,0.106310429259917
"GENE1872",0,0,0.159107005330455
"GENE1873",0,0,0.0857261674880846
"GENE1874",0,0,0.128068950770235
"GENE1875",0,0,0.152959013003171
"GENE1876",0,0,0.0834639398197331
"GENE1877",0,0,0.128561271806038
"GENE1878",0,0,0.0831647637713233
"GENE1879",0,0,0.0961385108495288
"GENE1880",0,0,0.087722093365328
"GENE1881",0,0,0.189098180554904
"GENE1882",0,0,0.128902858681928
"GENE1883",0,0,0.0883810602777273
"GENE1884",0,0,0.150179955893726
"GENE1885",0,0,0.114620515390335
"GENE1886",0,0,0.0840808244902128
"GENE1887",0,0,0.148967555326845
"GENE1888",0,0,0.0907368628290362
"GENE1889",0,0,0.317074553651017
"GENE1890",0,0,0.0863223271754088
"GENE1891",0,0,0.0901969625212106
"GENE1892",0,0,0.227013736481581
"GENE1893",0,0,0.185832269299449
"GENE1894",0,0,0.278297457497327
"GENE1895",0,0,0.124640738803534
"GENE1896",0,0,0.0831176326221185
"GENE1897",0,0,0.20817305091514
"GENE1898",0,0,0.0820160457953163
"GENE1899",0,0,0.133205550056469
"GENE1900",0,0,0.0839507263879675
"GENE1901",0,0,0.0834433540370113
"GENE1902",0,0,0.311494438163792
"GENE1903",0,0,0.0833095204273251
"GENE1904",0,0,0.0842685921394751
"GENE1905",0,0,0.122519315099475
"GENE1906",0,0,0.174890405711812
"GENE1907",0,0,0.258139989912673
"GENE1908",0,0,0.0934678103075076
"GENE1909",0,0,0.106885703641903
"GENE1910",0,0,0.0822589973927384
"GENE1911",0,0,0.188843634869925
"GENE1912",0,0,0.263382969076952
"GENE1913",0,0,0.094730782907761
"GENE1914",0,0,0.150182784667109
"GENE1915",0,0,0.191072952032085
"GENE1916",0,0,0.144017441035688
"GENE1917",0,0,0.114737056983346
"GENE1918",0,0,0.0847504009364763
"GENE1919",0,0,0.324349890166867
"GENE1920",0,0,0.28679068103044
"GENE1921",0,0,0.283972107596848
"GENE1922",0,0,0.0822626722310741
"GENE1923",0,0,0.0896758713067558
"GENE1924",0,0,0.0835131510933412
"GENE1925",0,0,0.135115244829869
"GENE1926",0,0,0.257392317206457
"GENE1927",0,0,0.0824095754739787
"GENE1928",0,0,0.108883415621773
"GENE1929",0,0,0.17942399474769
"GENE1930",0,0,0.0972296900302226
"GENE1931",0,0,0.0974647450594762
"GENE1932",0,0,0.133854723859589
"GENE1933",0,0,0.085607972388661
"GENE1934",0,0,0.0885116209473681
"GENE1935",0,0,0.087949174006964
"GENE1936",0,0,0.114804580303803
"GENE1937",0,0,0.313611092601623
"GENE1938",0,0,0.108496385118436
"GENE1939",0,0,0.113316424016106
"GENE1940",0,0,0.264287587094681
"GENE1941",0,0,0.0965773461073878
"GENE1942",0,0,0.100861143943927
"GENE1943",0,0,0.122984799409338
"GENE1944",0,0,0.0831303485550592
"GENE1945",0,0,0.0919069905827226
"GENE1946",0,0,0.0964154199601851
"GENE1947",0,0,0.105624831982713
"GENE1948",0,0,0.087768559310165
"GENE1949",0,0,0.156101303204655
"GENE1950",0,0,0.123506757852597
"GENE1951",0,0,0.214525853629622
"GENE1952",0,0,0.16673240274401
"GENE1953",0,0,0.154379074269343
"GENE1954",0,0,0.089270234704549
"GENE1955",0,0,0.0870058685379492
"GENE1956",0,0,0.15944161410103
"GENE1957",0,0,0.276828994468307
"GENE1958",0,0,0.0838453670936538
"GENE1959",0,0,0.0855224979417933
"GENE1960",0,0,0.104791784529581
"GENE1961",0,0,0.156527767449
"GENE1962",0,0,0.201543894393957
"GENE1963",0,0,0.121956393037623
"GENE1964",0,0,0.0954118087546514
"GENE1965",0,0,0.100972466470641
"GENE1966",0,0,0.144818572241822
"GENE1967",0,0,0.0836485063574615
"GENE1968",0,0,0.0915854893763483
"GENE1969",0,0,0.181834914582378
"GENE1970",0,0,0.0950280421577765
"GENE1971",0,0,0.082091221963934
"GENE1972",0,0,0.0841403775686774
"GENE1973",0,0,0.148970360008736
"GENE1974",0,0,0.127571245334247
"GENE1975",0,0,0.118120011472836
"GENE1976",0,0,0.13433727553841
"GENE1977",0,0,0.0853222591305586
"GENE1978",0,0,0.269254412863646
"GENE1979",0,0,0.171422667011218
"GENE1980",0,0,0.0923889325897867
"GENE1981",0,0,0.0950573875939094
"GENE1982",0,0,0.273964914074366
"GENE1983",0,0,0.206488686727732
"GENE1984",0,0,0.115831234274712
"GENE1985",0,0,0.0935712344036683
"GENE1986",0,0,0.126169171510574
"GENE1987",0,0,0.143961585540357
"GENE1988",0,0,0.174832143475268
"GENE1989",0,0,0.123128061972854
"GENE1990",0,0,0.120688751080843
"GENE1991",0,0,0.255988106340819
"GENE1992",0,0,0.0830774759118597
"GENE1993",0,0,0.154703957952539
"GENE1994",0,0,0.0973922617515668
"GENE1995",0,0,0.0863145923980799
"GENE1996",0,0,0.0837449897392001
"GENE1997",0,0,0.108515022210044
"GENE1998",0,0,0.0827922431937449
"GENE1999",0,0,0.244443217761687
"GENE2000",0,0,0.0965239481387078
"GENE2001",0,0,0.142926349828779
"GENE2002",0,0,0.0890267661022195
"GENE2003",0,0,0.0838910667724196
"GENE2004",0,0,0.0837163396984423
"GENE2005",0,0,0.0861474791675088
"GENE2006",0,0,0.0925884322877466
"GENE2007",0,0,0.115201876668693
"GENE2008",0,0,0.0842480936051098
"GENE2009",0,0,0.0939568995361813
"GENE2010",0,0,0.086238238145119
"GENE2011",0,0,0.0974532161015462
"GENE2012",0,0,0.0844300195306699
"GENE2013",0,0,0.0832136644130466
"GENE2014",0,0,0.316788625433176
"GENE2015",0,0,0.0961563131384546
"GENE2016",0,0,0.144890187335782
"GENE2017",0,0,0.120500717605878
"GENE2018",0,0,0.0825772839825856
"GENE2019",0,0,0.124393336900229
"GENE2020",0,0,0.144105605885364
"GENE2021",0,0,0.116206252822746
"GENE2022",0,0,0.0923702507166202
"GENE2023",0,0,0.11618383894857
"GENE2024",0,0,0.0918626310828652
"GENE2025",0,0,0.0859109870574522
"GENE2026",0,0,0.117479003622246
"GENE2027",0,0,0.0903763477502341
"GENE2028",0,0,0.11308944834939
"GENE2029",0,0,0.285022628462937
"GENE2030",0,0,0.0858994950363099
"GENE2031",0,0,0.0904747764218211
"GENE2032",0,0,0.154207361018744
"GENE2033",0,0,0.0837584719668642
"GENE2034",0,0,0.178738868617892
"GENE2035",0,0,0.0883191395686544
"GENE2036",0,0,0.10424873817977
"GENE2037",0,0,0.151343113197802
"GENE2038",0,0,0.101393599664277
"GENE2039",0,0,0.106144737646202
"GENE2040",0,0,0.0839964231083366
"GENE2041",0,0,0.151817728559491
"GENE2042",0,0,0.082456748819516
"GENE2043",0,0,0.150006830178782
"GENE2044",0,0,0.192431844201562
"GENE2045",0,0,0.12017107342145
"GENE2046",0,0,0.134092323760747
"GENE2047",0,0,0.0869218881799922
"GENE2048",0,0,0.198866249737765
"GENE2049",0,0,0.0960401860637214
"GENE2050",0,0,0.211861015042976
"GENE2051",0,0,0.186616248759742
"GENE2052",0,0,0.231761797142592
"GENE2053",0,0,0.104397170795236
"GENE2054",0,0,0.13176537745059
"GENE2055",0,0,0.0925684848302813
"GENE2056",0,0,0.161643473537292
"GENE2057",0,0,0.0892512447641978
"GENE2058",0,0,0.109220662996421
"GENE2059",0,0,0.0848336768473444
"GENE2060",0,0,0.255116846457263
"GENE2061",0,0,0.158068747024426
"GENE2062",0,0,0.082348673457574
"GENE2063",0,0,0.0824734732995804
"GENE2064",0,0,0.136840841804244
"GENE2065",0,0,0.0933922724887499
"GENE2066",0,0,0.304415602225762
"GENE2067",0,0,0.149114445449882
"GENE2068",0,0,0.175098519751657
"GENE2069",0,0,0.0838523634770058
"GENE2070",0,0,0.0853168485975325
"GENE2071",0,0,0.0846250343313965
"GENE2072",0,0,0.145622703326168
"GENE2073",0,0,0.110501645773977
"GENE2074",0,0,0.187477690662596
"GENE2075",0,0,0.146664804107717
"GENE2076",0,0,0.0844312490509658
"GENE2077",0,0,0.0967264819077889
"GENE2078",0,0,0.319641620054032
"GENE2079",0,0,0.144274532052873
"GENE2080",0,0,0.324367465314061
"GENE2081",0,0,0.0820562826521641
"GENE2082",0,0,0.111672197869391
"GENE2083",0,0,0.10036776120146
"GENE2084",0,0,0.09037736383112
"GENE2085",0,0,0.101429145608312
"GENE2086",0,0,0.0895856156318064
"GENE2087",0,0,0.0998822216593411
"GENE2088",0,0,0.088528056385146
"GENE2089",0,0,0.0881728926088847
"GENE2090",0,0,0.29021452702563
"GENE2091",0,0,0.0862506208715212
"GENE2092",0,0,0.0839499201145939
"GENE2093",0,0,0.0839812277828173
"GENE2094",0,0,0.143023295738244
"GENE2095",0,0,0.0952440238830139
"GENE2096",0,0,0.211580692297425
"GENE2097",0,0,0.0984478034475973
"GENE2098",0,0,0.153995962787858
"GENE2099",0,0,0.123346259800551
"GENE2100",0,0,0.0899090088762133
"GENE2101",0,0,0.0993781617783004
"GENE2102",0,0,0.137807942916612
"GENE2103",0,0,0.299100032160241
"GENE2104",0,0,0.0820485915738337
"GENE2105",0,0,0.164361841241749
"GENE2106",0,0,0.202252692248307
"GENE2107",0,0,0.152188779164464
"GENE2108",0,0,0.109047245449238
"GENE2109",0,0,0.0948297525071657
"GENE2110",0,0,0.0984477696443241
"GENE2111",0,0,0.146943115767209
"GENE2112",0,0,0.0830982142369843
"GENE2113",0,0,0.084031227672405
"GENE2114",0,0,0.127345801428212
"GENE2115",0,0,0.172925869252209
"GENE2116",0,0,0.105862707434172
"GENE2117",0,0,0.29851207513079
"GENE2118",0,0,0.0905406234872701
"GENE2119",0,0,0.0821841959417457
"GENE2120",0,0,0.0931497687721089
"GENE2121",0,0,0.0829453203746997
"GENE2122",0,0,0.097514989163971
"GENE2123",0,0,0.0827176888025209
"GENE2124",0,0,0.139354839493151
"GENE2125",0,0,0.114929324010116
"GENE2126",0,0,0.12879082913552
"GENE2127",0,0,0.144971972608517
"GENE2128",0,0,0.177129636074657
"GENE2129",0,0,0.0828223803934715
"GENE2130",0,0,0.147864169279627
"GENE2131",0,0,0.0944396089573922
"GENE2132",0,0,0.0947510839969001
"GENE2133",0,0,0.0847591542363797
"GENE2134",0,0,0.0873668558963121
"GENE2135",0,0,0.151939386107194
"GENE2136",0,0,0.173432869555753
"GENE2137",0,0,0.245242946276568
"GENE2138",0,0,0.0834534192597176
"GENE2139",0,0,0.113568295683239
"GENE2140",0,0,0.158474852994823
"GENE2141",0,0,0.0819864409932455
"GENE2142",0,0,0.0922853783133075
"GENE2143",0,0,0.0957252985681821
"GENE2144",0,0,0.231739451209347
"GENE2145",0,0,0.319993043158322
"GENE2146",0,0,0.147490378767922
"GENE2147",0,0,0.14909518557679
"GENE2148",0,0,0.142957576500875
"GENE2149",0,0,0.0847955385904727
"GENE2150",0,0,0.122275202769102
"GENE2151",0,0,0.122558268530448
"GENE2152",0,0,0.0826205716100725
"GENE2153",0,0,0.111554357287637
"GENE2154",0,0,0.0833675093486034
"GENE2155",0,0,0.0866972983075631
"GENE2156",0,0,0.111753067088404
"GENE2157",0,0,0.221984516483098
"GENE2158",0,0,0.266459300200205
"GENE2159",0,0,0.0923769656015905
"GENE2160",0,0,0.136022374381503
"GENE2161",0,0,0.109806424835712
"GENE2162",0,0,0.0937332095938529
"GENE2163",0,0,0.32006413794671
"GENE2164",0,0,0.0844337026190199
"GENE2165",0,0,0.235016949622977
"GENE2166",0,0,0.146956166636509
"GENE2167",0,0,0.224406267635407
"GENE2168",0,0,0.105073272549762
"GENE2169",0,0,0.273198574393162
"GENE2170",0,0,0.13433120693716
"GENE2171",0,0,0.11390719355853
"GENE2172",0,0,0.106803621678426
"GENE2173",0,0,0.087012033350497
"GENE2174",0,0,0.140944810849909
"GENE2175",0,0,0.141993596923602
"GENE2176",0,0,0.171367126415864
"GENE2177",0,0,0.169150345893935
"GENE2178",0,0,0.221625403776857
"GENE2179",0,0,0.128314655723718
"GENE2180",0,0,0.114099817688227
"GENE2181",0,0,0.0821192591895422
"GENE2182",0,0,0.083759910918981
"GENE2183",0,0,0.153616477264705
"GENE2184",0,0,0.0884659944898979
"GENE2185",0,0,0.130361872102899
"GENE2186",0,0,0.115562734078885
"GENE2187",0,0,0.108770085299237
"GENE2188",0,0,0.0850213251636798
"GENE2189",0,0,0.0833538048307103
"GENE2190",0,0,0.0826004703522629
"GENE2191",0,0,0.1309010358533
"GENE2192",0,0,0.0830011055539353
"GENE2193",0,0,0.0829048107627356
"GENE2194",0,0,0.0913461392258436
"GENE2195",0,0,0.210788183890594
"GENE2196",0,0,0.0898061093618748
"GENE2197",0,0,0.227060154650661
"GENE2198",0,0,0.208716275188486
"GENE2199",0,0,0.0820826999466527
"GENE2200",0,0,0.0898357844094992
"GENE2201",0,0,0.0891524244404676
"GENE2202",0,0,0.0895738405691623
"GENE2203",0,0,0.139786733580017
"GENE2204",0,0,0.0825642602410853
"GENE2205",0,0,0.0826699816068339
"GENE2206",0,0,0.108182968528078
"GENE2207",0,0,0.145666792753845
"GENE2208",0,0,0.0838572248105932
"GENE2209",0,0,0.187968776190838
"GENE2210",0,0,0.0833506586574933
"GENE2211",0,0,0.0926850382538515
"GENE2212",0,0,0.102557525607873
"GENE2213",0,0,0.0833061417333825
"GENE2214",0,0,0.0887515098389686
"GENE2215",0,0,0.154766638729322
"GENE2216",0,0,0.0893886959441315
"GENE2217",0,0,0.160740818846978
"GENE2218",0,0,0.0830071147413659
"GENE2219",0,0,0.135476718423182
"GENE2220",0,0,0.0934593435785368
"GENE2221",0,0,0.154107854057254
"GENE2222",0,0,0.108981754643381
"GENE2223",0,0,0.0970908465914992
"GENE2224",0,0,0.084097887848769
"GENE2225",0,0,0.295934088251917
"GENE2226",0,0,0.0856102615774774
"GENE2227",0,0,0.106838697716093
"GENE2228",0,0,0.0880523169797144
"GENE2229",0,0,0.0838118864893975
"GENE2230",0,0,0.082292618366521
"GENE2231",0,0,0.0915073333102646
"GENE2232",0,0,0.0827295982778843
"GENE2233",0,0,0.121408687249612
"GENE2234",0,0,0.123854489450366
"GENE2235",0,0,0.147019715557478
"GENE2236",0,0,0.132294039321119
"GENE2237",0,0,0.0832289595054688
"GENE2238",0,0,0.082650426042551
"GENE2239",0,0,0.0839991806299708
"GENE2240",0,0,0.0962984590551987
"GENE2241",0,0,0.0910445231747221
"GENE2242",0,0,0.0978248384394378
"GENE2243",0,0,0.212166839040956
"GENE2244",0,0,0.290840207041101
"GENE2245",0,0,0.106055081940033
"GENE2246",0,0,0.105022154463007
"GENE2247",0,0,0.0928017130792145
"GENE2248",0,0,0.129723034350839
"GENE2249",0,0,0.20826686332411
"GENE2250",0,0,0.263281315279283
"GENE2251",0,0,0.127799584570284
"GENE2252",0,0,0.148290401245524
"GENE2253",0,0,0.0880145203194479
"GENE2254",0,0,0.0829771070843847
"GENE2255",0,0,0.162093952179961
"GENE2256",0,0,0.254215163015452
"GENE2257",0,0,0.171699723106232
"GENE2258",0,0,0.116180440640997
"GENE2259",0,0,0.121067308450222
"GENE2260",0,0,0.084066318446591
"GENE2261",0,0,0.0887432346226018
"GENE2262",0,0,0.140041020881055
"GENE2263",0,0,0.113047047323422
"GENE2264",0,0,0.111073235050378
"GENE2265",0,0,0.117861649545482
"GENE2266",0,0,0.0843315598639887
"GENE2267",0,0,0.096968401813638
"GENE2268",0,0,0.148627817406278
"GENE2269",0,0,0.127664088946009
"GENE2270",0,0,0.280238854513134
"GENE2271",0,0,0.164120130731185
"GENE2272",0,0,0.158185398997386
"GENE2273",0,0,0.091646183923313
"GENE2274",0,0,0.0840140082897715
"GENE2275",0,0,0.307814825793598
"GENE2276",0,0,0.116619354639149
"GENE2277",0,0,0.0825923284111125
"GENE2278",0,0,0.0876843675886219
"GENE2279",0,0,0.0966941028584724
"GENE2280",0,0,0.234384070741575
"GENE2281",0,0,0.0906758435468094
"GENE2282",0,0,0.0852464072529686
"GENE2283",0,0,0.0999484406637018
"GENE2284",0,0,0.0862135062249818
"GENE2285",0,0,0.0954479496932202
"GENE2286",0,0,0.101800235150171
"GENE2287",0,0,0.118301081284191
"GENE2288",0,0,0.0898719866757466
"GENE2289",0,0,0.289335902863715
"GENE2290",0,0,0.118735806963291
"GENE2291",0,0,0.171692434157039
"GENE2292",0,0,0.123173511018622
"GENE2293",0,0,0.0821651603404744
"GENE2294",0,0,0.243387985057409
"GENE2295",0,0,0.0824636450839707
"GENE2296",0,0,0.0836225819394915
"GENE2297",0,0,0.120314642879126
"GENE2298",0,0,0.201063851976694
"GENE2299",0,0,0.206116937345985
"GENE2300",0,0,0.294143097831459
"GENE2301",0,0,0.0839639942820722
"GENE2302",0,0,0.0819543666957939
"GENE2303",0,0,0.10861732077581
"GENE2304",0,0,0.0867702112758515
"GENE2305",0,0,0.1279014441731
"GENE2306",0,0,0.0926872874082338
"GENE2307",0,0,0.167838311497272
"GENE2308",0,0,0.298197357803962
"GENE2309",0,0,0.0848293482871599
"GENE2310",0,0,0.271023254170387
"GENE2311",0,0,0.165468012500156
"GENE2312",0,0,0.130011131518023
"GENE2313",0,0,0.0969641585459945
"GENE2314",0,0,0.0850226141205968
"GENE2315",0,0,0.0880273166030372
"GENE2316",0,0,0.0920093907190371
"GENE2317",0,0,0.0829994131331704
"GENE2318",0,0,0.303316506704334
"GENE2319",0,0,0.0891278013639289
"GENE2320",0,0,0.085658631784823
"GENE2321",0,0,0.145014666489141
"GENE2322",0,0,0.0822607411399821
"GENE2323",0,0,0.0874870257106032
"GENE2324",0,0,0.0914834987278934
"GENE2325",0,0,0.0854371379635476
"GENE2326",0,0,0.0863662670282661
"GENE2327",0,0,0.142650874872487
"GENE2328",0,0,0.226925842315764
"GENE2329",0,0,0.0871106727833846
"GENE2330",0,0,0.0827125183519118
"GENE2331",0,0,0.129997023109401
"GENE2332",0,0,0.083745425609095
"GENE2333",0,0,0.0836894054317184
"GENE2334",0,0,0.136384342774038
"GENE2335",0,0,0.151481310378307
"GENE2336",0,0,0.0822933134810454
"GENE2337",0,0,0.205454513171895
"GENE2338",0,0,0.0861792844731116
"GENE2339",0,0,0.165841347956231
"GENE2340",0,0,0.135203727586844
"GENE2341",0,0,0.100470358981277
"GENE2342",0,0,0.177547137072269
"GENE2343",0,0,0.114723840152276
"GENE2344",0,0,0.0885395020766243
"GENE2345",0,0,0.315221075541406
"GENE2346",0,0,0.0863836827913136
"GENE2347",0,0,0.0826904717054294
"GENE2348",0,0,0.180825857901346
"GENE2349",0,0,0.180507943351031
"GENE2350",0,0,0.082506147581606
"GENE2351",0,0,0.0972303746069015
"GENE2352",0,0,0.0865062371953284
"GENE2353",0,0,0.156281429539207
"GENE2354",0,0,0.284460143895741
"GENE2355",0,0,0.0844726916959083
"GENE2356",0,0,0.082357854179186
"GENE2357",0,0,0.0819604851441642
"GENE2358",0,0,0.141104571491966
"GENE2359",0,0,0.129617147098909
"GENE2360",0,0,0.181772443868685
"GENE2361",0,0,0.139825171240559
"GENE2362",0,0,0.0983417019414135
"GENE2363",0,0,0.155726939741434
"GENE2364",0,0,0.083633957105347
"GENE2365",0,0,0.0924582112878702
"GENE2366",0,0,0.0932181650842781
"GENE2367",0,0,0.164058568673248
"GENE2368",0,0,0.0871973396199229
"GENE2369",0,0,0.232775962185693
"GENE2370",0,0,0.0857375394013053
"GENE2371",0,0,0.134163950196056
"GENE2372",0,0,0.26388677622276
"GENE2373",0,0,0.10507093735006
"GENE2374",0,0,0.19882551125467
"GENE2375",0,0,0.0904522990198541
"GENE2376",0,0,0.0914024677006727
"GENE2377",0,0,0.271596759695425
"GENE2378",0,0,0.300341164067951
"GENE2379",0,0,0.0858126496757802
"GENE2380",0,0,0.117390717939974
"GENE2381",0,0,0.0820359792038629
"GENE2382",0,0,0.0855628313300551
"GENE2383",0,0,0.0824323707497642
"GENE2384",0,0,0.167964712378692
"GENE2385",0,0,0.0820525376140463
"GENE2386",0,0,0.189392041662873
"GENE2387",0,0,0.089957930258094
"GENE2388",0,0,0.0914543435833109
"GENE2389",0,0,0.110596009162166
"GENE2390",0,0,0.146022505074674
"GENE2391",0,0,0.179123491368857
"GENE2392",0,0,0.0862983518486623
"GENE2393",0,0,0.0909564051513428
"GENE2394",0,0,0.0842264664661705
"GENE2395",0,0,0.155822106684751
"GENE2396",0,0,0.173951499766034
"GENE2397",0,0,0.0848537500909677
"GENE2398",0,0,0.293161784088687
"GENE2399",0,0,0.0820145725103252
"GENE2400",0,0,0.0930436300534384
"GENE2401",0,0,0.142197582982491
"GENE2402",0,0,0.0892859815164654
"GENE2403",0,0,0.0883548276811997
"GENE2404",0,0,0.239454382213463
"GENE2405",0,0,0.0835837424421103
"GENE2406",0,0,0.176475240140596
"GENE2407",0,0,0.0826989478311362
"GENE2408",0,0,0.0823246400440748
"GENE2409",0,0,0.186211981149841
"GENE2410",0,0,0.138020264189466
"GENE2411",0,0,0.0894416424406708
"GENE2412",0,0,0.123736820233008
"GENE2413",0,0,0.124528546088821
"GENE2414",0,0,0.0891614151042845
"GENE2415",0,0,0.108666212944413
"GENE2416",0,0,0.0966694032355452
"GENE2417",0,0,0.118202059267045
"GENE2418",0,0,0.10340882624722
"GENE2419",0,0,0.117340358435485
"GENE2420",0,0,0.224047703669966
"GENE2421",0,0,0.164404389623702
"GENE2422",0,0,0.10331122505208
"GENE2423",0,0,0.0822222109113862
"GENE2424",0,0,0.31442575951473
"GENE2425",0,0,0.0884857709309015
"GENE2426",0,0,0.0852427390723791
"GENE2427",0,0,0.225391752243001
"GENE2428",0,0,0.0824246629295528
"GENE2429",0,0,0.227907477345703
"GENE2430",0,0,0.308814898239062
"GENE2431",0,0,0.0827481372931289
"GENE2432",0,0,0.0826789605868084
"GENE2433",0,0,0.0824477183607707
"GENE2434",0,0,0.0888509028693493
"GENE2435",0,0,0.168415095756968
"GENE2436",0,0,0.221146319577601
"GENE2437",0,0,0.0828793223739178
"GENE2438",0,0,0.0885209909737063
"GENE2439",0,0,0.0825559687821426
"GENE2440",0,0,0.103984990653342
"GENE2441",0,0,0.163662979367747
"GENE2442",0,0,0.123462154527987
"GENE2443",0,0,0.0829860040493105
"GENE2444",0,0,0.230252845879912
"GENE2445",0,0,0.091145789448101
"GENE2446",0,0,0.0877136159297724
"GENE2447",0,0,0.151905145202893
"GENE2448",0,0,0.107986261666954
"GENE2449",0,0,0.103257536383498
"GENE2450",0,0,0.0922111949589654
"GENE2451",0,0,0.14995166997018
"GENE2452",0,0,0.122417298393195
"GENE2453",0,0,0.0850026144275863
"GENE2454",0,0,0.222910006992191
"GENE2455",0,0,0.0966971790264342
"GENE2456",0,0,0.130484100387923
"GENE2457",0,0,0.123497544941368
"GENE2458",0,0,0.0910782178717419
"GENE2459",0,0,0.118250849729698
"GENE2460",0,0,0.257023810171218
"GENE2461",0,0,0.0876615686050218
"GENE2462",0,0,0.202552337129074
"GENE2463",0,0,0.143194491475068
"GENE2464",0,0,0.089574166318355
"GENE2465",0,0,0.10648893392573
"GENE2466",0,0,0.0832460818990922
"GENE2467",0,0,0.0926708101564276
"GENE2468",0,0,0.0897821181745102
"GENE2469",0,0,0.108181548000959
"GENE2470",0,0,0.0841403218379501
"GENE2471",0,0,0.0971976542495149
"GENE2472",0,0,0.114714083547906
"GENE2473",0,0,0.0955567995090697
"GENE2474",0,0,0.124591812250071
"GENE2475",0,0,0.144927280995445
"GENE2476",0,0,0.0820519794150425
"GENE2477",0,0,0.0948861866241564
"GENE2478",0,0,0.280918237288063
"GENE2479",0,0,0.0880913482788241
"GENE2480",0,0,0.0958480308673816
"GENE2481",0,0,0.0863001089145595
"GENE2482",0,0,0.0855263759454538
"GENE2483",0,0,0.184480708752702
"GENE2484",0,0,0.111535102093131
"GENE2485",0,0,0.0966380822178407
"GENE2486",0,0,0.0939704323176178
"GENE2487",0,0,0.101253494549666
"GENE2488",0,0,0.0824802911915229
"GENE2489",0,0,0.104670393862703
"GENE2490",0,0,0.325522550583183
"GENE2491",0,0,0.0821560395604612
"GENE2492",0,0,0.0856275099154367
"GENE2493",0,0,0.197649878378908
"GENE2494",0,0,0.090602516068162
"GENE2495",0,0,0.101797878795454
"GENE2496",0,0,0.0925735346941721
"GENE2497",0,0,0.276689358963626
"GENE2498",0,0,0.219379103529996
"GENE2499",0,0,0.156162677117839
"GENE2500",0,0,0.0904673649543126
"GENE2501",0,0,0.142352418489799
"GENE2502",0,0,0.141244323426105
"GENE2503",0,0,0.100661866646086
"GENE2504",0,0,0.103853692942681
"GENE2505",0,0,0.0923911576588993
"GENE2506",0,0,0.083650054227632
"GENE2507",0,0,0.122721723080694
"GENE2508",0,0,0.0922320149317637
"GENE2509",0,0,0.270225066183018
"GENE2510",0,0,0.155040089821506
"GENE2511",0,0,0.140594252815136
"GENE2512",0,0,0.0846147096317001
"GENE2513",0,0,0.183645698950985
"GENE2514",0,0,0.274382415394362
"GENE2515",0,0,0.242778987148773
"GENE2516",0,0,0.0924129621064801
"GENE2517",0,0,0.0854053134429324
"GENE2518",0,0,0.124821732070765
"GENE2519",0,0,0.0965733074442988
"GENE2520",0,0,0.199327752575483
"GENE2521",0,0,0.0845932431783918
"GENE2522",0,0,0.150780544282512
"GENE2523",0,0,0.0819971586715723
"GENE2524",0,0,0.093900006086696
"GENE2525",0,0,0.0943642805675231
"GENE2526",0,0,0.086740100007008
"GENE2527",0,0,0.0821750581147715
"GENE2528",0,0,0.0823506112819569
"GENE2529",0,0,0.0923677596438255
"GENE2530",0,0,0.114480630193637
"GENE2531",0,0,0.230072128202634
"GENE2532",0,0,0.136322734761449
"GENE2533",0,0,0.180168502845326
"GENE2534",0,0,0.0830955114827204
"GENE2535",0,0,0.0820117813104486
"GENE2536",0,0,0.162103632567319
"GENE2537",0,0,0.0852335168445229
"GENE2538",0,0,0.159580216261382
"GENE2539",0,0,0.0835020973335464
"GENE2540",0,0,0.210120337253047
"GENE2541",0,0,0.0900057428283085
"GENE2542",0,0,0.130254116703799
"GENE2543",0,0,0.126451582673185
"GENE2544",0,0,0.148401787191513
"GENE2545",0,0,0.0876502718507286
"GENE2546",0,0,0.293257745492767
"GENE2547",0,0,0.190232126266064
"GENE2548",0,0,0.0819736789418909
"GENE2549",0,0,0.129149725855748
"GENE2550",0,0,0.172249042049161
"GENE2551",0,0,0.127073127508993
"GENE2552",0,0,0.084670962275049
"GENE2553",0,0,0.0907444208727438
"GENE2554",0,0,0.113246140804647
"GENE2555",0,0,0.0835565778720887
"GENE2556",0,0,0.145291321028457
"GENE2557",0,0,0.0853580729838564
"GENE2558",0,0,0.103554844991568
"GENE2559",0,0,0.121367213118315
"GENE2560",0,0,0.252443008944166
"GENE2561",0,0,0.103750262281669
"GENE2562",0,0,0.091294446883506
"GENE2563",0,0,0.0870704037894517
"GENE2564",0,0,0.12996987035441
"GENE2565",0,0,0.210639081953432
"GENE2566",0,0,0.0882982353474995
"GENE2567",0,0,0.215127511964393
"GENE2568",0,0,0.235939740581363
"GENE2569",0,0,0.0840714653919677
"GENE2570",0,0,0.104556726561348
"GENE2571",0,0,0.0854279948784381
"GENE2572",0,0,0.0926088392218083
"GENE2573",0,0,0.0952944852214433
"GENE2574",0,0,0.284495967471936
"GENE2575",0,0,0.090989688106627
"GENE2576",0,0,0.183589364868564
"GENE2577",0,0,0.0821754386426735
"GENE2578",0,0,0.0974795590575674
"GENE2579",0,0,0.109237121873492
"GENE2580",0,0,0.170009201850555
"GENE2581",0,0,0.0861071840666149
"GENE2582",0,0,0.082206096837761
"GENE2583",0,0,0.0873256943844031
"GENE2584",0,0,0.163004056586656
"GENE2585",0,0,0.128035446947564
"GENE2586",0,0,0.0848712329537093
"GENE2587",0,0,0.10172004688689
"GENE2588",0,0,0.0820591576167384
"GENE2589",0,0,0.293056636393215
"GENE2590",0,0,0.220163307257027
"GENE2591",0,0,0.0845314020310645
"GENE2592",0,0,0.150260298575551
"GENE2593",0,0,0.0888495895543424
"GENE2594",0,0,0.0879533265533496
"GENE2595",0,0,0.137339113396966
"GENE2596",0,0,0.140053728320245
"GENE2597",0,0,0.0955045195789949
"GENE2598",0,0,0.0855349196817822
"GENE2599",0,0,0.0823756575439014
"GENE2600",0,0,0.0850226436654821
"GENE2601",0,0,0.0999633017826804
"GENE2602",0,0,0.0833482076439623
"GENE2603",0,0,0.105141292449347
"GENE2604",0,0,0.0983182160287677
"GENE2605",0,0,0.131654698208228
"GENE2606",0,0,0.0865430932305616
"GENE2607",0,0,0.177427025484807
"GENE2608",0,0,0.246615112866977
"GENE2609",0,0,0.0883555918538616
"GENE2610",0,0,0.0955944782469499
"GENE2611",0,0,0.0934816795449795
"GENE2612",0,0,0.226625424758765
"GENE2613",0,0,0.0860529000040534
"GENE2614",0,0,0.0876544858256581
"GENE2615",0,0,0.088845497438052
"GENE2616",0,0,0.0858210386506869
"GENE2617",0,0,0.110011876736666
"GENE2618",0,0,0.0832352839357977
"GENE2619",0,0,0.212371748062845
"GENE2620",0,0,0.137986037674657
"GENE2621",0,0,0.0892551222505739
"GENE2622",0,0,0.110602910644219
"GENE2623",0,0,0.0829371199622322
"GENE2624",0,0,0.0843831429269462
"GENE2625",0,0,0.197984550277261
"GENE2626",0,0,0.0825357372984477
"GENE2627",0,0,0.081978967258558
"GENE2628",0,0,0.0821248969457391
"GENE2629",0,0,0.237314983379875
"GENE2630",0,0,0.135714455768027
"GENE2631",0,0,0.0861076556032647
"GENE2632",0,0,0.100842309213576
"GENE2633",0,0,0.292680738774685
"GENE2634",0,0,0.110539253143956
"GENE2635",0,0,0.159991514190634
"GENE2636",0,0,0.198111057186188
"GENE2637",0,0,0.312486208116167
"GENE2638",0,0,0.089181107231256
"GENE2639",0,0,0.0910452136617008
"GENE2640",0,0,0.253193038894315
"GENE2641",0,0,0.10443789635065
"GENE2642",0,0,0.28954163363618
"GENE2643",0,0,0.0874179587824622
"GENE2644",0,0,0.316478468327043
"GENE2645",0,0,0.11304584670652
"GENE2646",0,0,0.175173182268059
"GENE2647",0,0,0.130900005583052
"GENE2648",0,0,0.125542705293654
"GENE2649",0,0,0.108727402052953
"GENE2650",0,0,0.153679072023802
"GENE2651",0,0,0.172526619773213
"GENE2652",0,0,0.0860658739736614
"GENE2653",0,0,0.0907244314640446
"GENE2654",0,0,0.10893345096696
"GENE2655",0,0,0.0822860269280487
"GENE2656",0,0,0.0934606980202669
"GENE2657",0,0,0.159307691433369
"GENE2658",0,0,0.163926542198901
"GENE2659",0,0,0.0829790337520635
"GENE2660",0,0,0.0837883388235786
"GENE2661",0,0,0.084052355215841
"GENE2662",0,0,0.0939069303046186
"GENE2663",0,0,0.0823643213902738
"GENE2664",0,0,0.0906031758310878
"GENE2665",0,0,0.296192046649014
"GENE2666",0,0,0.170195107836087
"GENE2667",0,0,0.255603851778486
"GENE2668",0,0,0.182718037324886
"GENE2669",0,0,0.0955320296620078
"GENE2670",0,0,0.105089286900016
"GENE2671",0,0,0.121665292568934
"GENE2672",0,0,0.0924351429692857
"GENE2673",0,0,0.158121843352906
"GENE2674",0,0,0.082249505484578
"GENE2675",0,0,0.278943510091208
"GENE2676",0,0,0.0961570982225648
"GENE2677",0,0,0.100828114131551
"GENE2678",0,0,0.103351335621597
"GENE2679",0,0,0.0827017539282779
"GENE2680",0,0,0.0998311375650346
"GENE2681",0,0,0.0931259098172731
"GENE2682",0,0,0.092097860918906
"GENE2683",0,0,0.0867270938247168
"GENE2684",0,0,0.086249565559409
"GENE2685",0,0,0.159244717349472
"GENE2686",0,0,0.106435191835662
"GENE2687",0,0,0.283141952281638
"GENE2688",0,0,0.0851962246184303
"GENE2689",0,0,0.0845542554121625
"GENE2690",0,0,0.0825873625456714
"GENE2691",0,0,0.123151957048833
"GENE2692",0,0,0.0974252096711256
"GENE2693",0,0,0.0871011082670913
"GENE2694",0,0,0.0890630094278988
"GENE2695",0,0,0.30085714856188
"GENE2696",0,0,0.159977273062374
"GENE2697",0,0,0.0839873812540243
"GENE2698",0,0,0.0934401984490409
"GENE2699",0,0,0.148198937768586
"GENE2700",0,0,0.20816697666897
"GENE2701",0,0,0.327982595243906
"GENE2702",0,0,0.0954638955456785
"GENE2703",0,0,0.165095005534211
"GENE2704",0,0,0.0926053240241383
"GENE2705",0,0,0.311600599171782
"GENE2706",0,0,0.172280526573596
"GENE2707",0,0,0.157430683812224
"GENE2708",0,0,0.0966009561392591
"GENE2709",0,0,0.105431094645698
"GENE2710",0,0,0.093838033278343
"GENE2711",0,0,0.0868873247105605
"GENE2712",0,0,0.274816494214089
"GENE2713",0,0,0.0835270174457135
"GENE2714",0,0,0.0863134940613557
"GENE2715",0,0,0.0854288194944653
"GENE2716",0,0,0.323778558447087
"GENE2717",0,0,0.081963637877377
"GENE2718",0,0,0.0893135963909232
"GENE2719",0,0,0.26589557857753
"GENE2720",0,0,0.258071320452292
"GENE2721",0,0,0.0881802044785788
"GENE2722",0,0,0.084217601430637
"GENE2723",0,0,0.0854785966361818
"GENE2724",0,0,0.101194242526892
"GENE2725",0,0,0.284498191738491
"GENE2726",0,0,0.0965989705715505
"GENE2727",0,0,0.0922844830934022
"GENE2728",0,0,0.0872007332258462
"GENE2729",0,0,0.0881113110756724
"GENE2730",0,0,0.0955533387120174
"GENE2731",0,0,0.102299680283761
"GENE2732",0,0,0.112647932597283
"GENE2733",0,0,0.118709338605999
"GENE2734",0,0,0.271183219704848
"GENE2735",0,0,0.0823735719095351
"GENE2736",0,0,0.100322106309567
"GENE2737",0,0,0.0837024906498876
"GENE2738",0,0,0.0925736108580678
"GENE2739",0,0,0.243774323442437
"GENE2740",0,0,0.148416863539217
"GENE2741",0,0,0.123364425419878
"GENE2742",0,0,0.0874893229030796
"GENE2743",0,0,0.0827773541295778
"GENE2744",0,0,0.0821182969151741
"GENE2745",0,0,0.0839055855733784
"GENE2746",0,0,0.148747014939494
"GENE2747",0,0,0.143309366913133
"GENE2748",0,0,0.0843332272626548
"GENE2749",0,0,0.0910863860434582
"GENE2750",0,0,0.100065592173311
"GENE2751",0,0,0.0904498968333114
"GENE2752",0,0,0.106125832363304
"GENE2753",0,0,0.086936730767941
"GENE2754",0,0,0.0844473530004967
"GENE2755",0,0,0.133773430784858
"GENE2756",0,0,0.101953350300497
"GENE2757",0,0,0.0872004653477512
"GENE2758",0,0,0.0837187487134666
"GENE2759",0,0,0.112948141774072
"GENE2760",0,0,0.192485339895448
"GENE2761",0,0,0.291972912916999
"GENE2762",0,0,0.0820163680186235
"GENE2763",0,0,0.0921534851982469
"GENE2764",0,0,0.095653057804877
"GENE2765",0,0,0.148784100762157
"GENE2766",0,0,0.165127834482119
"GENE2767",0,0,0.0822963594421514
"GENE2768",0,0,0.105336730454419
"GENE2769",0,0,0.185420096919383
"GENE2770",0,0,0.082567343899899
"GENE2771",0,0,0.208688585379431
"GENE2772",0,0,0.188301441966252
"GENE2773",0,0,0.0844917209708083
"GENE2774",0,0,0.088305318640159
"GENE2775",0,0,0.0836927071347093
"GENE2776",0,0,0.211779363313781
"GENE2777",0,0,0.082068068142972
"GENE2778",0,0,0.0827036625289111
"GENE2779",0,0,0.099635859853708
"GENE2780",0,0,0.178027658709082
"GENE2781",0,0,0.107524492107622
"GENE2782",0,0,0.0857462853769291
"GENE2783",0,0,0.0837404254565198
"GENE2784",0,0,0.147304834210254
"GENE2785",0,0,0.125498220098526
"GENE2786",0,0,0.32240243724593
"GENE2787",0,0,0.181719215194401
"GENE2788",0,0,0.0848646865011795
"GENE2789",0,0,0.0821641537486013
"GENE2790",0,0,0.0819637783799743
"GENE2791",0,0,0.0876679120042634
"GENE2792",0,0,0.1902400887131
"GENE2793",0,0,0.0923807426782808
"GENE2794",0,0,0.0823883798208728
"GENE2795",0,0,0.0888296052597973
"GENE2796",0,0,0.146642700512106
"GENE2797",0,0,0.129798788108699
"GENE2798",0,0,0.122996231755593
"GENE2799",0,0,0.0930980668517762
"GENE2800",0,0,0.0848886914452305
"GENE2801",0,0,0.0826481258566539
"GENE2802",0,0,0.0879629328239498
"GENE2803",0,0,0.0917385353744365
"GENE2804",0,0,0.0824160349698131
"GENE2805",0,0,0.116931689377881
"GENE2806",0,0,0.264553867879962
"GENE2807",0,0,0.0909067502035149
"GENE2808",0,0,0.129040299710911
"GENE2809",0,0,0.128621242625878
"GENE2810",0,0,0.103130024716052
"GENE2811",0,0,0.0835775555264777
"GENE2812",0,0,0.275164368185168
"GENE2813",0,0,0.328844159060783
"GENE2814",0,0,0.0848106940890148
"GENE2815",0,0,0.251424950872437
"GENE2816",0,0,0.239686656778835
"GENE2817",0,0,0.125256870836893
"GENE2818",0,0,0.0850476115162375
"GENE2819",0,0,0.0819689471388435
"GENE2820",0,0,0.15075694296834
"GENE2821",0,0,0.184073996245905
"GENE2822",0,0,0.147149924936674
"GENE2823",0,0,0.138230695546912
"GENE2824",0,0,0.089207785480688
"GENE2825",0,0,0.206330316594548
"GENE2826",0,0,0.225444131729933
"GENE2827",0,0,0.0949607663469324
"GENE2828",0,0,0.0946673972426628
"GENE2829",0,0,0.233390806678561
"GENE2830",0,0,0.104405006579671
"GENE2831",0,0,0.224563974014452
"GENE2832",0,0,0.0834977241424742
"GENE2833",0,0,0.0846737067227585
"GENE2834",0,0,0.0823155209275239
"GENE2835",0,0,0.162072615285788
"GENE2836",0,0,0.101786983881331
"GENE2837",0,0,0.318014457879002
"GENE2838",0,0,0.129064098837266
"GENE2839",0,0,0.227447004822285
"GENE2840",0,0,0.082502592173106
"GENE2841",0,0,0.0831364747697333
"GENE2842",0,0,0.0999960915424357
"GENE2843",0,0,0.0823068749777397
"GENE2844",0,0,0.100539124934378
"GENE2845",0,0,0.107157920748351
"GENE2846",0,0,0.0868890202540606
"GENE2847",0,0,0.137902242040391
"GENE2848",0,0,0.0851917028370246
"GENE2849",0,0,0.28028107587616
"GENE2850",0,0,0.304009804544001
"GENE2851",0,0,0.0825767863167329
"GENE2852",0,0,0.207814357928997
"GENE2853",0,0,0.0829650014080346
"GENE2854",0,0,0.144154085552337
"GENE2855",0,0,0.185212677450209
"GENE2856",0,0,0.122232712802749
"GENE2857",0,0,0.0905732164699755
"GENE2858",0,0,0.129239046857586
"GENE2859",0,0,0.322539902626159
"GENE2860",0,0,0.0961829477385248
"GENE2861",0,0,0.0941885172926362
"GENE2862",0,0,0.0914897246292382
"GENE2863",0,0,0.186360902263381
"GENE2864",0,0,0.15004226418129
"GENE2865",0,0,0.118271755589917
"GENE2866",0,0,0.257240744274869
"GENE2867",0,0,0.0846806677007057
"GENE2868",0,0,0.0970243637138422
"GENE2869",0,0,0.0884711320073338
"GENE2870",0,0,0.0886459859194873
"GENE2871",0,0,0.0836873290260708
"GENE2872",0,0,0.126174523063006
"GENE2873",0,0,0.0836979010626579
"GENE2874",0,0,0.219935648003075
"GENE2875",0,0,0.0959299538245935
"GENE2876",0,0,0.127610289569512
"GENE2877",0,0,0.305194939670478
"GENE2878",0,0,0.0944439534519275
"GENE2879",0,0,0.204112402966351
"GENE2880",0,0,0.085003936931016
"GENE2881",0,0,0.265869568364443
"GENE2882",0,0,0.125823124802906
"GENE2883",0,0,0.18061578992485
"GENE2884",0,0,0.0910286440646791
"GENE2885",0,0,0.215160928486041
"GENE2886",0,0,0.0840921767352935
"GENE2887",0,0,0.102049756645172
"GENE2888",0,0,0.0973624197556882
"GENE2889",0,0,0.229910164196019
"GENE2890",0,0,0.0922119059603325
"GENE2891",0,0,0.0988285594098047
"GENE2892",0,0,0.241663470134839
"GENE2893",0,0,0.0828289572429989
"GENE2894",0,0,0.311604276020929
"GENE2895",0,0,0.0886413209387731
"GENE2896",0,0,0.0924824675978362
"GENE2897",0,0,0.0859488150461218
"GENE2898",0,0,0.0857039805235602
"GENE2899",0,0,0.089280414836503
"GENE2900",0,0,0.144222631924391
"GENE2901",0,0,0.0957290166485745
"GENE2902",0,0,0.2327626174986
"GENE2903",0,0,0.0897541438923605
"GENE2904",0,0,0.153169801498303
"GENE2905",0,0,0.155661751722265
"GENE2906",0,0,0.0845477694973734
"GENE2907",0,0,0.0924855235749745
"GENE2908",0,0,0.0820298206146532
"GENE2909",0,0,0.0828729967793949
"GENE2910",0,0,0.1709752502222
"GENE2911",0,0,0.167755077048735
"GENE2912",0,0,0.161154770773833
"GENE2913",0,0,0.245586962051893
"GENE2914",0,0,0.225015061865665
"GENE2915",0,0,0.102121205241086
"GENE2916",0,0,0.106886394176723
"GENE2917",0,0,0.140668750347824
"GENE2918",0,0,0.143678587639675
"GENE2919",0,0,0.116166395286245
"GENE2920",0,0,0.0853026319472043
"GENE2921",0,0,0.133853663798163
"GENE2922",0,0,0.090045405051131
"GENE2923",0,0,0.10528324629069
"GENE2924",0,0,0.121298242149357
"GENE2925",0,0,0.130499061915278
"GENE2926",0,0,0.141630503468371
"GENE2927",0,0,0.216743208970167
"GENE2928",0,0,0.0831248721820552
"GENE2929",0,0,0.114263684979776
"GENE2930",0,0,0.0923896027265088
"GENE2931",0,0,0.0984748971237723
"GENE2932",0,0,0.121555146066562
"GENE2933",0,0,0.0847398828781358
"GENE2934",0,0,0.094310856611705
"GENE2935",0,0,0.0826931112149946
"GENE2936",0,0,0.0951129956321917
"GENE2937",0,0,0.0853767139354171
"GENE2938",0,0,0.152875740680595
"GENE2939",0,0,0.16315066623788
"GENE2940",0,0,0.136671727715407
"GENE2941",0,0,0.0826367612199702
"GENE2942",0,0,0.193858431938652
"GENE2943",0,0,0.0899199161538135
"GENE2944",0,0,0.0967804193059734
"GENE2945",0,0,0.1437117832036
"GENE2946",0,0,0.084552625583561
"GENE2947",0,0,0.0843278684172043
"GENE2948",0,0,0.0843828899597882
"GENE2949",0,0,0.235157684754121
"GENE2950",0,0,0.106785342556836
"GENE2951",0,0,0.0862534367820894
"GENE2952",0,0,0.11183436421773
"GENE2953",0,0,0.0866993888703368
"GENE2954",0,0,0.262127161261767
"GENE2955",0,0,0.206479274192677
"GENE2956",0,0,0.0838623321252559
"GENE2957",0,0,0.0854260704114435
"GENE2958",0,0,0.0847922239936886
"GENE2959",0,0,0.119251622636151
"GENE2960",0,0,0.266143732316267
"GENE2961",0,0,0.237821729696839
"GENE2962",0,0,0.0869022931878874
"GENE2963",0,0,0.0928368546531732
"GENE2964",0,0,0.130007176387522
"GENE2965",0,0,0.0951263250512162
"GENE2966",0,0,0.0838868963188653
"GENE2967",0,0,0.236234364399539
"GENE2968",0,0,0.140702406965345
"GENE2969",0,0,0.117628200291305
"GENE2970",0,0,0.104895923433739
"GENE2971",0,0,0.325959619056769
"GENE2972",0,0,0.117601724312032
"GENE2973",0,0,0.0867169979284715
"GENE2974",0,0,0.0875692050511534
"GENE2975",0,0,0.0917127176185465
"GENE2976",0,0,0.135624163671726
"GENE2977",0,0,0.111101183026938
"GENE2978",0,0,0.0906802950336702
"GENE2979",0,0,0.0912235518272253
"GENE2980",0,0,0.113597072377319
"GENE2981",0,0,0.0860631497759329
"GENE2982",0,0,0.197200764436738
"GENE2983",0,0,0.112131429122926
"GENE2984",0,0,0.114735630351575
"GENE2985",0,0,0.260790515765159
"GENE2986",0,0,0.0830756990229818
"GENE2987",0,0,0.0902506494718525
"GENE2988",0,0,0.0826302948728266
"GENE2989",0,0,0.0974016118880686
"GENE2990",0,0,0.16404658059727
"GENE2991",0,0,0.13027343009578
"GENE2992",0,0,0.0819866063757319
"GENE2993",0,0,0.124277158436254
"GENE2994",0,0,0.0912002122815987
"GENE2995",0,0,0.0904277809634134
"GENE2996",0,0,0.147103379966082
"GENE2997",0,0,0.110069481748103
"GENE2998",0,0,0.136721740038869
"GENE2999",0,0,0.157313579508215
"GENE3000",0,0,0.0856922158074173
