"gene_id","S01","S02","S03","S04","S05","S06","S07","S08","S09","S10","S11","S12"
"GENE0001",7.98235879139951,7.9818024632817,7.73549778525103,9.93036460200627,8.7723310229887,8.83556757745246,8.15341281539737,7.80857899946252,8.45257959707494,8.82913294302092,9.1082872673717,9.24806842601351
"GENE0002",7.44755103992302,7.6674276639538,6.96033533597459,9.29326271851323,9.472629072668,7.80231504596546,6.8559220097098,6.82625169736574,7.61011608512849,8.41026731819226,8.71958887670436,8.72882247102504
"GENE0003",8.87746820841091,9.48792995077436,9.82494174769079,10.6394189219798,9.93354907861833,10.9053562745557,9.19998639907614,10.4677524719788,9.50918116755177,9.71841588892221,10.156481525711,11.079174023102
"GENE0004",9.13376657573388,9.87708905882391,10.0319821891152,11.1395557179265,11.4857712374137,10.8445585678271,9.9885462578446,8.32980410627055,9.29112965956333,10.6794007684062,10.3205645077266,11.0942778744965
"GENE0005",4.3577216136768,4.88828303784405,4.36234597151196,6.12551183168539,6.28664303839689,6.15435138174398,5.04631054532115,5.44358190719965,5.34262576431803,5.21868168702726,6.13156456906103,6.05583879279751
"GENE0006",8.449958497268,8.48008589717558,8.01989328175027,9.47054954220064,9.91654083281717,9.79869034017339,8.12065634281947,8.63986764279383,8.76300176775224,9.46423465990224,10.3406537332791,10.7903122558397
"GENE0007",6.78971868734855,7.14839086865409,6.97069274817836,9.29599412597232,7.94856798663579,8.85079633914451,8.38132527106989,7.09997351465337,7.27731550676993,8.56601082372951,9.75082889666356,7.89004520998033
"GENE0008",5.95975172097631,6.01721052143199,6.48291585138621,7.52076099130985,7.42130097632444,7.35843409314265,5.92550973723047,6.53818841618034,5.18887737158306,7.1731426749184,7.42103022030327,6.90459238863241
"GENE0009",8.60042820847878,8.44492178384401,8.43512017056437,9.91089911761992,9.34494474549137,9.86766555296757,8.33568747168204,8.5765021279305,8.67128839643269,10.3228242464666,9.70196514837532,9.30291236048467
"GENE0010",8.70034570708425,9.07897002505351,9.14569694448543,10.0915148214818,10.5538031958958,10.9282582807425,8.64863461639283,7.11124884666032,8.35907118227135,10.0278544503572,9.67689811128231,10.2872521188303
"GENE0011",8.87339731167057,8.46261114879103,8.08773857600881,10.1149026930227,9.7758798597552,9.53058386285832,8.10399416657092,8.84198035991676,8.00352936821709,9.51267026804241,9.75282939547432,9.86355668036318
"GENE0012",7.48013108910424,8.16051957084071,8.54257160291784,9.09422411930923,9.48421996995192,9.29117680561879,8.12065634281947,7.27049694146321,8.00889694375754,8.97211257237825,9.21663774836855,9.35401624564372
"GENE0013",9.54541425954839,8.81558457550503,8.46456667182594,10.4647616199718,9.86279947555168,9.72349606711102,8.957479274357,7.90211533037221,9.29112965956333,9.6535561816808,10.0482533855443,9.98030458350865
"GENE0014",7.34511511346477,7.02223872702932,6.84113170204773,7.56684458609587,8.09200573156638,8.43181897587312,6.80494753353666,6.68196249920306,6.75546155229873,8.25202704483103,8.02919190208181,7.94172576266253
"GENE0015",7.40292575095958,7.10379701269371,7.20783197684277,8.88517415006029,7.92036081071222,8.883250157709,7.17727952151987,7.09997351465337,7.37221868281206,8.15935564189005,8.27753787241477,8.8492041065645
"GENE0016",9.92940214263837,10.6300386796081,9.87236783541661,10.671318169367,11.474679224614,11.4511449239063,9.96800139404088,10.1050817637332,8.27251107467346,10.7510785457008,11.4939549973756,10.5493061533151
"GENE0017",6.66223540625398,5.62172626825794,5.9800226195781,7.65479554936856,6.72935627829843,7.35128938412136,5.25739083816715,6.48681165274399,6.3222141474068,8.22318276822786,7.14330455350228,8.36623668010844
"GENE0018",8.06329423297803,7.75629640200165,8.66175313026324,9.69199671265099,10.5062825531663,9.91429930653057,8.14529333541694,8.60456805449773,8.30776201167641,9.43580880313497,9.32550050905095,9.91492041281478
"GENE0019",4.97752596119384,4.88828303784405,5.44904465981825,6.26840677259888,6.2685791050512,6.55746215233833,5.19097146363657,5.10137785357304,5.77061962651983,6.41407245891111,5.69105863050171,5.92809301798095
"GENE0020",4.3577216136768,5.2434159155023,4.17928166882704,5.07871890811883,5.98737422955495,5.68061003498063,4.57805571918833,5.19608618402031,4.86206514454115,5.21868168702726,6.15645597035825,5.21122135721986
"GENE0021",4.4729759908335,5.15211675089249,4.58121647782981,6.12551183168539,5.44673993994446,6.12055832453363,5.57128002485022,4.1373247401923,5.79650064335651,5.32228647894835,5.97198377258729,5.45109849932398
"GENE0022",6.78971868734855,7.0809665385898,6.29628353333185,8.03486126112,8.0716373019384,7.68237849426265,6.62830247880857,6.33984640299133,6.70304266957115,8.19374864424906,8.00921976916286,7.78590399082415
"GENE0023",5.27537882872743,4.76326395420319,5.38531027680005,5.41767630478048,5.54319346808701,6.50649758898495,4.92507133570572,5.10137785357304,5.05959906130947,5.74335064878276,5.99989914881159,5.33680315109659
"GENE0024",7.10128977230633,6.94841405079413,7.33326245720072,7.91899140776849,7.44529595457347,7.12685511455538,6.38505127317649,6.88009573261484,6.54799154927682,7.7376937700111,8.54578820973312,7.18071544607529
"GENE0025",5.79220833066203,5.51933612698998,5.53913863910085,6.57238971406068,6.35664904421004,7.09293587422562,5.32047101053023,5.05111048996905,5.10423357161015,5.64355255347913,5.50511782417126,6.67795561388007
"GENE0026",9.08883445223604,10.1219989129819,8.73001273665782,10.4216501289591,10.6817782137675,9.71520202410538,9.49149546815023,9.68283998873399,9.86591984964515,10.8214240492346,10.7084607464339,10.9693381187818
"GENE0027",8.58058485376594,8.76659730971449,8.37435701091419,10.1887633403383,9.62524775689772,9.78158066414445,8.29223648960317,8.27095608695101,8.37992189981185,9.60651335909449,9.83632699936737,9.73519139070093
"GENE0028",7.16959390003032,6.38152941411876,6.4974038013245,8.06081977950018,8.95006277298369,8.97644498601651,5.88599012722789,6.45148769049244,6.45563595412749,7.37453398176934,7.72065479717393,7.92781429791797
"GENE0029",10.5103817124933,9.56155113886541,10.5811115962384,11.8667893000649,11.3827322962336,11.5906567342484,9.34691894730829,10.2742792364818,9.94354257648296,11.8722465131235,11.371725459262,10.2917776004828
"GENE0030",4.22498275163827,4.76326395420319,4.81438547614811,5.61445084273423,4.30773295942769,5.58257021384029,4.22671357212381,5.05111048996905,4.74882339490588,4.6822891391766,5.50511782417126,5.9658221520715
"GENE0031",6.8070296362539,7.96947275850557,7.70493555121739,10.1424766004473,9.50333348215341,9.43953303170877,7.91629403380639,9.02217979558552,8.57695369258929,8.93196079879628,8.75596465875141,9.70971255727134
"GENE0032",9.18063855449054,8.03009067391283,8.90929739762309,10.8940316854487,10.5873247808151,10.9799388807246,9.61115939136589,9.48146418250062,9.71995386661331,10.2151043304408,10.6376983078815,10.4088889724015
"GENE0033",4.66889628332048,5.51933612698998,5.17238817225744,6.53546187415806,6.13510604437463,5.55688262416421,5.38056528187997,5.77353483694339,5.54330126297226,6.82178930899173,6.18090827777129,6.35274639768852
"GENE0034",4.66889628332048,4.62203258403176,3.93574756962721,5.68561402859022,5.44673993994446,5.42029639220579,5.08412192938595,4.25785257813314,5.01324141627604,5.9849289832386,5.50511782417126,5.27557692645215
"GENE0035",8.38278444285202,8.62063850733295,8.35089314992376,10.0565117263923,10.30099018856,9.94062431607679,8.85674063487617,8.47155222970654,9.21199714196895,9.69761731496017,9.44910088606253,9.31719183504044
"GENE0036",8.47704862580872,8.87621642145479,8.45726129349592,10.347243577126,9.89932963391219,9.90338995584218,7.68361233895124,8.10676359291457,8.77563988841291,9.00393196020335,9.64493893999912,9.15771879872293
"GENE0037",8.68184035669599,9.11295556065049,9.0125462715399,10.5171925911155,10.1246247519035,11.025925721972,9.30019469240448,8.48886657317972,8.51044758212287,10.7358598932604,10.3512546778436,9.54204323544349
"GENE0038",8.32430860645338,8.55620035083587,7.84604279820711,9.1036096098664,9.32574495091828,9.34413787874423,8.25876543936539,8.32016162451766,7.62418963698607,9.49211101906549,9.15139630405537,9.333089012371
"GENE0039",5.64139193388158,5.10379764560079,6.43853414085476,6.53546187415806,6.5773431338527,5.93793102357782,5.86579180112308,6.13131743558802,5.79650064335651,6.36903114941177,6.76657129043893,6.0205365393326
"GENE0040",9.13035953912372,9.78700444640384,9.44600177259966,11.024070952842,10.9008128629257,10.890088423109,9.62726367311872,9.33845015711341,9.83908870221661,10.5125273909576,10.7115494495244,10.2090211310179
"GENE0041",5.47123394390682,6.36254330424983,5.87127352691975,6.29085839056383,7.82618816038696,7.59445320565845,5.66898870327044,5.68286062317584,6.03134699846857,7.65360787523244,6.91796548739898,5.80820184769705
"GENE0042",9.19048732958478,9.3569929737901,9.64386789638803,11.5847031730809,11.2717640166061,11.3494338663572,9.53715338949318,9.69965696921954,8.65085240624312,10.8593690447768,10.902037023145,11.4477153363297
"GENE0043",6.41273790426979,7.57269246356918,6.42342307231612,7.91187581747595,8.52533598262936,8.52971993616972,7.35728031877629,6.90627172735592,6.75546155229873,8.08342151354061,8.65684452125679,7.89004520998033
"GENE0044",5.51588380404437,4.36428639562465,4.58121647782981,5.02168626161896,5.89522464225048,5.01634725588924,4.78958910954703,4.69304720704209,4.30778738367409,6.1902252108994,5.58265951897939,5.45109849932398
"GENE0045",5.79220833066203,5.80552563371466,5.05045087255743,7.46343162450534,6.91342799254059,6.82978972796299,4.96688950493872,5.71377144839768,5.77061962651983,5.59070241013539,5.72531788539003,6.84628267969693
"GENE0046",4.75447897304764,5.05347560891206,4.36234597151196,4.51374221809768,5.57382857406539,5.68061003498063,5.15637963915766,5.28406706308717,4.55284654316695,5.28868936701358,6.38356554838313,5.86946883702259
"GENE0047",8.12628628332718,8.14963572096524,8.50054791181778,9.47054954220064,9.56466892811259,9.2284453444708,7.67234213769157,8.20436653019986,7.61717011270741,9.16414821676492,9.66632354734531,9.0073016407809
"GENE0048",9.51177211581151,9.08183295338774,8.89044324591882,10.5890942715362,10.2201291942045,9.72487378232554,9.67593315220143,9.3854061953599,8.82511243214609,9.69011596179756,9.86435295748833,9.44947251317982
"GENE0049",5.68071852918215,6.06538593363143,6.42342307231612,6.91112284203522,7.04525073944774,7.21618130812215,6.4263682738561,6.1086334931305,5.14728546522591,7.06536970865312,7.81576771330555,6.15662967311256
"GENE0050",7.51198710828205,6.04150895137728,5.9800226195781,8.36673855513809,9.81158541689245,8.46519747175473,6.32799541290924,7.16632729658032,6.98100630599043,8.85352187447686,7.40069103688959,8.81186571285471
"GENE0051",10.701532270998,9.33076062405789,9.203570866595,11.3214340839358,11.3661257290976,11.0409345766193,9.56782000451763,9.56745513809981,10.0304374791355,11.3778886364635,10.7630701747385,10.999528740924
"GENE0052",8.94108587125395,8.98421866922657,8.63286919877255,10.323349163909,9.87017989703496,10.2013392536966,9.06029002172502,8.75880575505147,7.81412347935958,9.78612419041383,9.80774566409035,10.0492819586879
"GENE0053",7.3800807660653,7.05776479780487,7.0989066823063,7.34139671090057,8.23621883954638,7.05819074028626,6.84587241277564,6.48681165274399,6.7425374961594,8.07882750882748,7.59215646892502,8.19881969358769
"GENE0054",9.18063855449054,9.57176823511156,9.74925024252802,10.1680433733655,11.1283427489972,10.3072109464639,9.89127579332329,9.34559178062431,9.42747610619646,10.5235420048099,10.5993048121633,10.7201956011802
"GENE0055",4.3577216136768,3.99357332622189,4.70416965898469,5.93767861405064,5.2290206892662,5.81538091704007,4.6350661880597,4.62017751094195,4.20811770217306,5.06554210962677,4.68826865985232,5.74402639133863
"GENE0056",7.79680276602458,7.64432362875429,7.9170589287111,8.85584966250558,9.70170229903788,9.9907305838277,6.97128355582142,7.56870941547997,7.41336108672196,8.93704136026958,9.76675572948643,8.95574447551438
"GENE0057",6.43530421096138,7.02223872702932,6.77163453900892,7.45364979893962,8.54022709113988,8.06889144335716,6.61649441385558,6.95722173331582,6.13523133786866,8.52946641342045,7.83859367183745,7.3986010254017
"GENE0058",4.75447897304764,3.99357332622189,4.51367610562448,5.49997071347815,5.2290206892662,4.97579350093252,4.68909793196672,4.69304720704209,4.80688647693289,5.8362460895521,5.24001796341339,4.12858003749756
"GENE0059",9.49067228939757,8.73055802479688,9.09484422041149,10.3551212291177,9.92648666668499,10.80863085614,8.94584926167706,8.4671909270075,8.82511243214609,10.6127289142064,10.0692747379062,10.4708625742416
"GENE0060",4.97752596119384,5.5884713191697,4.8656317369195,6.86740919933032,5.2290206892662,5.7040323577261,4.78958910954703,4.62017751094195,3.95657929776853,5.25417383302746,4.51688249385809,4.12858003749756
"GENE0061",6.62359850447336,6.15696716394997,6.37708799779376,8.33519564713868,7.18506589903853,7.71609419834281,6.46650372404664,6.53818841618034,6.3222141474068,7.9935232651277,8.2719636553469,8.05270139556099
"GENE0062",5.99092554302756,5.5884713191697,5.72812218279442,6.62603018018064,7.24103633880898,6.93903829477569,6.07308141246836,6.26014173986711,5.47979555464943,6.8437585720653,7.22665432156455,6.86598621131837
"GENE0063",4.22498275163827,4.76326395420319,4.44108581236596,6.07440786992565,5.89522464225048,5.7040323577261,4.92507133570572,5.14964543198099,4.62236681307091,5.14450255679525,4.68826865985232,5.14335227951321
"GENE0064",5.68071852918215,5.55435776560309,5.95895410833228,8.05437393268941,6.67595001426118,7.50078620833321,6.15788077277609,5.44358190719965,5.91897068972772,6.45771255410179,7.55585411300705,7.18853929756692
"GENE0065",9.18063855449054,8.90560196101357,8.8210192596701,9.69199671265099,10.4910456546309,11.2943653364459,8.55372685091517,8.56838183434025,8.83721970382262,10.8432289600244,11.0221668851932,10.4969647358981
"GENE0066",10.1234988685958,10.0256969966133,9.27798170083793,11.4966435658711,11.2588903390542,11.133565321478,9.32912679800252,9.09744658987003,9.39917895379618,10.8248528671223,9.93124116572478,11.1551481131103
"GENE0067",7.42541212239543,8.45379362289855,7.45594950375458,8.89961566115776,8.95562572272241,9.62363094008179,7.58487109961494,7.88257791406264,7.62418963698607,9.32004078309125,8.73586935139728,9.06132667394701
"GENE0068",5.55906080693802,5.32850403016816,5.65039447043383,5.96613618738869,7.04525073944774,7.15177595937716,5.19097146363657,5.28406706308717,6.03134699846857,7.09308535027785,5.61978437036428,6.40793935098966
"GENE0069",6.9540113514196,6.36254330424983,5.7027116488721,7.73766748019951,7.15623658563293,7.54525964407244,5.38056528187997,6.13131743558802,6.53301355447318,7.54440286129061,8.44043270164982,7.25709113230389
"GENE0070",6.08041492233309,6.1119346667448,6.34532417802652,7.24251942933045,6.5773431338527,7.05819074028626,6.28362171103306,5.83076037857321,5.66180353729039,6.79947479517033,7.24960227979195,6.33860140898618
"GENE0071",7.33326752873485,6.84361872658642,7.07991630167636,8.3822546316268,8.52533598262936,7.73265977561039,6.58046601825008,7.37694958575046,6.94768715355463,8.21483425826029,7.82341672305996,7.54573539493925
"GENE0072",5.22130398880226,5.10379764560079,5.2104797339222,5.84856185472356,5.63304574559507,6.18734008926068,4.45318019043714,5.48055331725275,5.18887737158306,6.45771255410179,5.85424719616166,5.72193608848263
"GENE0073",4.83382022495936,4.69499358436409,4.58121647782981,6.19879571503144,5.82177843488912,5.60776759123199,4.8816839009191,4.76123395654334,4.20811770217306,5.96465416034047,5.72531788539003,5.98430380004504
"GENE0074",8.55029775348359,8.79827964437235,7.90097922470514,9.72073844250437,10.2944222268277,10.0676645080391,8.48143070424113,9.12538029961294,8.40047502133037,9.55127461186934,9.1903038759504,10.0799577131911
"GENE0075",9.64426411962698,9.40349890470202,10.0814894442499,11.4495930187101,10.9462111350769,10.5141795239801,9.54796103779369,9.94505392537036,9.41944770595893,10.3305639075798,10.6887438732198,10.7638463116669
"GENE0076",5.7189199947252,5.10379764560079,5.44904465981825,5.07871890811883,5.37821085544912,6.13755793665981,5.54568165838144,4.99864172506497,5.66180353729039,6.58105323993821,6.97428059046477,6.21996692452865
"GENE0077",8.01231943650008,9.38043340936411,8.59676171385454,10.8713240430751,10.7537649988028,10.2082503842691,9.15221225332905,8.72997883456997,8.27696493361395,10.2924345826727,10.3259490492683,9.87325225038828
"GENE0078",4.66889628332048,4.88828303784405,4.2758805597652,5.32977315665522,5.60376825248473,5.99531121690269,4.57805571918833,5.19608618402031,4.91468052254992,5.38693173058729,6.18090827777129,6.47401025531282
"GENE0079",5.82741119739648,5.32850403016816,5.31824579141467,7.09905385643515,7.25921660166315,6.74470262618717,5.28932474144339,6.37805680183222,5.34262576431803,7.3969018866683,7.00162442812225,6.98780684525357
"GENE0080",6.82413201714267,8.10525796116527,7.34918553831732,7.94710675257526,8.70455785762631,8.41483508876453,7.54215181179332,7.11124884666032,7.39704565866032,8.75338756867515,8.17374220200357,8.64919382323189
"GENE0081",5.79220833066203,5.15211675089249,5.13308268451435,6.29085839056383,6.19388547785541,5.7040323577261,4.78958910954703,5.19608618402031,5.30591088547647,6.60705604174574,5.82314965918915,5.4781589594365
"GENE0082",4.3577216136768,4.69499358436409,5.17238817225744,5.18531255928563,5.01315373799188,4.69671045320522,5.49293693774556,4.69304720704209,4.68748146497161,4.73801220112087,5.37940981639276,4.56859374079285
"GENE0083",7.46935314688242,6.92293010791866,7.35708115613501,8.75222858796466,8.89611563116108,8.95311721907281,7.23983093244971,7.36759262450017,7.47682614688346,8.92174563759215,8.97064042195948,7.64553941949741
"GENE0084",8.47167120766915,8.53127306716996,7.800529769367,9.92860582775447,9.50712597273132,9.68579140499688,8.91992806953654,8.60059195489875,7.96538472841608,9.57264587393153,10.0772789949464,10.3836735092229
"GENE0085",5.10552670264911,5.62172626825794,5.47977263785321,5.68561402859022,5.18878254774675,6.55746215233833,4.45318019043714,4.94373409540296,4.96499831346795,6.44331602302829,6.6673187797284,5.84935245414932
"GENE0086",5.32722718529249,5.80552563371466,5.67680935887743,5.65050799972721,7.68571518717565,6.61868209397374,5.25739083816715,6.26014173986711,5.37831285249691,6.96888886989161,7.51860911704133,6.58563992052809
"GENE0087",4.66889628332048,4.76326395420319,4.76066784415556,5.28343957432089,5.5118269454012,5.44878424431868,4.83658026738577,4.25785257813314,4.30778738367409,5.66920959612141,5.82314965918915,5.10795797700064
"GENE0088",9.09583888938477,8.86296138109882,8.55288873293433,10.5756721772369,9.7066580045668,10.7797605176865,8.16148674119887,8.5520026327543,8.73415413625293,10.6869570636727,10.715657460014,10.0810039499025
"GENE0089",8.99828064014844,9.17056814969058,8.07824009738344,10.3668576272689,10.365075655257,10.2082503842691,8.81643273540357,8.66673718989492,8.64052468276951,10.2440789546674,10.1519410125719,9.82410921153321
"GENE0090",6.93841032668263,6.92293010791866,6.80680839617248,8.20162289064189,8.70124967599992,8.18568420037213,6.62830247880857,6.63564484518569,7.57431622116755,7.62865016919706,8.51781056072386,8.30660917706146
"GENE0091",5.60086656600879,4.62203258403176,4.8656317369195,5.07871890811883,6.00947428197951,6.64244576956415,4.38398277762959,4.1373247401923,4.47808609970675,5.18214848822356,5.54446056462054,6.49959273964185
"GENE0092",7.24746884326167,6.60749939839222,7.56895701256258,8.43775807011015,7.3886694553758,8.53287142390274,6.76280758287289,7.17709261734735,6.4714557263892,8.80432419422661,7.94758331130798,8.17547388471551
"GENE0093",5.47123394390682,6.57500853115782,6.04135415319609,7.57588626898689,7.97623245284267,7.26264965715862,5.88599012722789,5.36630838281794,6.75546155229873,8.33524641674558,6.5231175575843,7.84139405892956
"GENE0094",5.99092554302756,5.19860617920382,5.75306049096556,6.24558767185246,6.07371995318281,6.66581655858354,5.19097146363657,5.77353483694339,4.86206514454115,6.17277142885426,6.08039663785972,6.58563992052809
"GENE0095",5.79220833066203,5.96728492689918,5.41757085400705,7.68016317976895,6.80587166423009,6.28185374108108,4.8816839009191,6.28049863983408,4.68748146497161,7.411622096784,7.19152657335398,7.64553941949741
"GENE0096",5.10552670264911,4.88828303784405,5.53913863910085,6.10019610490782,6.2502780500481,6.90027570910795,5.00726558384292,5.14964543198099,5.51193366996622,6.38420631975391,6.82907820552092,6.07315632457102
"GENE0097",5.10552670264911,6.01721052143199,6.00077224331542,6.72756568776119,6.09448647119194,6.4934629543996,5.25739083816715,5.19608618402031,4.68748146497161,6.7537646295858,6.94640149760966,6.46104234936283
"GENE0098",5.55906080693802,4.69499358436409,4.8656317369195,6.31295454149413,6.07371995318281,6.5194126319523,4.92507133570572,5.19608618402031,4.09375320931323,6.17277142885426,5.46455409026317,6.26564559382991
"GENE0099",9.62744724354559,9.67014525132721,9.72057193475334,10.0370549511442,11.1308025720116,10.0763246312545,10.036472673747,8.70427339898725,8.48373155789912,11.142075529159,10.9137059165744,10.2042279847236
"GENE0100",4.22498275163827,4.13852865130535,4.81438547614811,4.89863543349259,4.8619839938629,5.42029639220579,4.30898946352127,3.99257800367954,4.30778738367409,6.1006717282986,5.02594913526056,5.24381262475191
"GENE0101",4.83382022495936,5.19860617920382,4.44108581236596,6.24558767185246,5.74411748646959,6.55746215233833,4.83658026738577,5.10137785357304,4.20811770217306,5.92318065606637,6.48463910885948,6.18865938633173
"GENE0102",6.16445238022268,5.62172626825794,5.2474390419342,8.03486126112,6.93626340191311,7.21618130812215,5.88599012722789,6.23948307151004,5.87129915523179,7.58390177109874,6.15645597035825,7.15698349507238
"GENE0103",4.90791694271948,6.1119346667448,4.96169205740668,5.37447816482985,5.44673993994446,5.85747045082884,5.19097146363657,4.62017751094195,5.30591088547647,5.21868168702726,6.29710676447597,5.8892918708274
"GENE0104",8.71407041461657,9.37110290867464,8.85197854060052,10.571170249809,9.91511438439379,10.4696805257724,8.46522221440461,8.10114212089514,8.48373155789912,10.1575256808366,10.4775840637918,10.1140890360617
"GENE0105",8.17344197275422,8.46699975166131,7.85163189791561,10.5346399220184,10.4766134010881,10.2979851256736,7.76543215387102,8.29576905740794,8.68809974152561,9.86818361856745,9.55608123072219,10.4105544345387
"GENE0106",9.29155646216496,8.51864578562949,9.32286210361517,9.81514769411419,10.8583990425253,10.6653219863339,8.63421119515017,8.56430445907738,8.52174734668947,9.00876550726385,10.2974532891043,10.6172273222969
"GENE0107",5.04323840081973,5.000948680323,4.44108581236596,6.29085839056383,5.82177843488912,5.79383509563228,5.25739083816715,4.99864172506497,4.80688647693289,5.92318065606637,5.46455409026317,6.03830084519476
"GENE0108",5.92785141446124,6.78817306623819,7.19024480675312,7.50190477072054,7.91465235524596,7.94177243357646,6.49263775991552,6.60390115791057,6.05275918502935,7.20733249826174,7.94758331130798,7.66804734224038
"GENE0109",6.16445238022268,6.60749939839222,6.22809448830563,8.21323972385957,8.02472573663299,7.80753582728723,5.92550973723047,6.63564484518569,6.57747844604202,8.50229401172505,7.8610627413431,7.53352386888709
"GENE0110",8.24455669732302,7.41771315655409,8.86030783035083,9.48018811325268,10.0959548203111,10.0413677362828,8.11650885264748,7.69364746108391,8.48373155789912,9.51606849381267,8.40012692704983,8.97838754760096
"GENE0111",8.4389781508061,8.41343277946771,9.07351255698732,10.1424766004473,10.284513869796,10.3390444303573,8.50699079346366,8.76592327934955,8.82814879828987,9.99535673710708,9.95228506252553,9.57509496568984
"GENE0112",4.4729759908335,3.99357332622189,5.28333916502146,6.37722164527099,4.8619839938629,6.01391646633047,4.38398277762959,4.1373247401923,5.26809996594856,5.64355255347913,4.606173645641,5.24381262475191
"GENE0113",4.22498275163827,5.4833522013719,5.28333916502146,4.60282355996089,5.87118104645258,6.32681128400571,4.57805571918833,3.99257800367954,4.91468052254992,5.25417383302746,5.61978437036428,5.24381262475191
"GENE0114",9.33955288662978,8.77723566390772,8.58004522829424,9.91089911761992,10.1539458206238,9.55557635766901,8.52898977243477,8.80790567502302,8.93622124610288,9.87613851879314,9.40143464051566,10.0726127307941
"GENE0115",5.47123394390682,6.24287056861407,6.93939170264276,7.28731048228825,6.66227753798405,7.88858750151422,6.43987459101624,6.93197472332696,6.70304266957115,8.16803125294082,7.78475786644779,6.49959273964185
"GENE0116",6.99981439278922,6.5584781665864,6.69855572422256,8.32987065736375,8.37976447725841,8.82789242818263,6.99872007176384,7.01844790449836,7.53760009959579,8.6915926587519,8.41030961463601,9.16168102958261
"GENE0117",9.36586498093188,8.92486469386733,8.52171299375975,10.5381042079623,10.1659891848096,10.4313792019535,8.54450015287299,8.91742363076807,9.39099100620471,10.7746738474935,10.5506924033968,9.67410094735625
"GENE0118",6.75444994198908,6.65487586115391,7.20783197684277,8.04789907336494,7.9596977204598,8.90772667905495,6.74125858856918,7.18777743077116,6.96998631484982,7.18176712713889,8.70312236668992,8.43664057785798
"GENE0119",6.47937734615328,6.06538593363143,6.31282238525141,7.5485884367915,8.33348801887104,8.3661861667871,6.35681404605831,5.48055331725275,6.2867720367531,7.89762869377122,7.31631651630361,8.03551069930269
"GENE0120",7.84756501519485,7.9190687270841,7.49937767407093,8.60576042609615,8.78800835378524,8.81241841392566,7.17727952151987,6.32034259917405,6.95888038687475,8.50571872494,9.08623954046529,7.9600674568449
"GENE0121",5.32722718529249,6.17894622278844,5.75306049096556,7.27624352094072,7.32971168927786,6.58226970777879,5.32047101053023,5.77353483694339,5.34262576431803,6.5678699365667,8.03578812562887,7.10002543496532
"GENE0122",7.32132106802785,7.72728027150885,7.50648950209081,8.47199630342314,9.39492847843669,8.66512485744332,6.73035998071422,7.05395954683765,7.34695368529996,8.56928753014205,9.32280941379025,8.36623668010844
"GENE0123",8.4389781508061,8.35779616485065,8.79228546645719,9.54131591273429,8.77548016206834,9.07698613733519,8.22834567329453,8.15096182579134,8.25003271463515,8.57581866938847,9.62104375329172,9.63616473552925
"GENE0124",6.78971868734855,7.46247012773557,7.52761576735997,8.8107129783706,7.86222979833981,8.7967764572424,7.77599759830903,6.68196249920306,7.0135638649421,9.27662060880819,8.1496234921868,8.95346048271507
"GENE0125",4.83382022495936,5.44634641097134,4.8656317369195,4.51374221809768,5.91885121189743,5.39116578501052,4.68909793196672,4.76123395654334,5.26809996594856,5.79059724343991,5.37940981639276,4.50856753718945
"GENE0126",6.69984486076188,7.46247012773557,6.59484977164761,9.01354035880088,8.41655123679393,7.87373439711608,6.74125858856918,6.55490585733272,7.21347101819295,7.98863248355744,8.37435068451146,8.24440513278594
"GENE0127",8.38850351563481,8.290047444895,8.2445513192847,9.907331541185,8.49508385231097,9.4038501931234,7.70035348518032,7.13353580048458,6.57747844604202,9.40314531204306,9.04110602826063,9.25550260013661
"GENE0128",10.1706894037756,10.0967518378961,10.1589039066488,11.2408191308888,11.7900040989568,11.2034148702644,10.2396255526682,9.21129632226048,9.6254107887171,11.5526644370239,11.2921239462833,11.4642468476376
"GENE0129",6.19136894900477,5.91547036063218,4.96169205740668,6.77572788592976,6.53287914372848,6.29700098959436,5.15637963915766,5.51650434151614,5.34262576431803,5.9849289832386,7.57412011268683,7.13285057305129
"GENE0130",5.32722718529249,5.32850403016816,5.17238817225744,5.81750875605802,6.90187135982939,5.81538091704007,5.2246232706067,5.19608618402031,5.37831285249691,6.25792787137706,5.99989914881159,6.60929045538049
"GENE0131",9.83420793119328,10.1832484575283,10.7593633641079,11.9793702423145,11.731240882026,12.1079594319733,9.60081678458834,9.51563424970426,9.73620322814006,11.2429186537367,11.3030856995795,11.3469504095188
"GENE0132",7.12900472421512,6.97344981454782,7.34124613603305,8.74424822619294,8.1020828229811,8.56709025499514,7.28501169439461,7.4585205686725,7.61717011270741,8.20643704361209,8.87098535707615,8.59746025927099
"GENE0133",4.75447897304764,4.36428639562465,4.2758805597652,6.49754010405531,5.89522464225048,5.72705190699482,5.40958719984467,4.99864172506497,4.68748146497161,5.66920959612141,5.75872401516255,5.27557692645215
"GENE0134",9.38600309131189,9.60994618508966,9.5214495647663,10.3989664542549,10.4541996469657,10.7167689508146,8.813875666426,9.3022016571167,8.8611333418423,11.114323118182,10.6279228680068,10.0080725839664
"GENE0135",7.16959390003032,6.75961617047791,7.1990654445994,8.35105347017062,7.86814983501333,8.33402101519597,6.66314605518408,6.98202885739717,7.0027937912805,7.30525405378298,8.20333307269681,8.14374509997598
"GENE0136",6.31865364886429,6.97344981454782,8.05905290982191,7.90472483358654,8.86097319195525,8.14505205640521,7.1612043026458,7.44968308925835,6.62058470637448,8.27629888335997,8.64826832027101,8.73149132631243
"GENE0137",7.53283794052708,8.09961325553778,7.52761576735997,8.65767262152637,9.23945853376764,9.44956803219858,7.37826815641712,6.66669119771065,7.87419905628004,8.75338756867515,8.66111355530245,8.31731271233359
"GENE0138",9.30370617021366,8.48874440787574,8.17942626153515,10.347243577126,9.75689395826148,10.1652636366753,8.20119059779848,8.02599096116858,8.36744773297763,9.55788417950016,10.4920262229743,9.2122230210972
"GENE0139",9.08883445223604,9.12965255007783,8.88501073536975,10.2894918537921,9.28435255620349,10.2896311343183,8.68547348102057,8.76236891120963,9.07814523487429,9.12684415312627,10.0915756718843,10.4295703086575
"GENE0140",7.59363122388824,7.49729586895031,7.47057223734563,8.91035262750659,9.37015316919145,8.94131022462666,7.37826815641712,7.38624580870289,6.17469406767374,8.96466881071068,8.88199825891801,9.1134000878246
"GENE0141",7.22197903561354,7.81951603150273,6.91813529213704,8.90320354377689,8.96116728685754,8.42504943618147,6.6859071502482,6.45148769049244,6.6896291242009,9.48865580059696,7.60996891490601,8.69366991659396
"GENE0142",8.14668536194541,7.93817789507314,8.28638667552839,9.41384163940884,9.15010580882711,9.22650112320781,7.84284176410676,7.78771813234839,7.97638682663492,8.3732453556063,9.63846123501585,8.63785693434954
"GENE0143",7.95176066425279,7.50587170615788,7.86826995990396,9.70438479704584,9.56648746119154,9.8335902208528,7.67798829696961,7.78069665359938,8.32076173151204,9.57264587393153,9.51894633416098,9.35747477998286
"GENE0144",8.73665838271052,8.6518081091193,8.89044324591882,10.2812464681949,9.7230551127933,10.1904115596977,6.96201933661966,8.30068074358785,8.96960054691249,10.0491198293335,9.05089715357042,9.63900930225299
"GENE0145",7.45849354880005,8.07681033418069,8.20146364815828,9.62623941582048,9.15736483347623,8.56401282188021,6.88565133297216,7.40465918057615,7.6656007787667,8.44279239778967,8.12509365234222,9.40337085889782
"GENE0146",7.0147605760471,7.15932508488617,6.31282238525141,8.17810409826189,8.22704141816713,7.48782197794687,6.98963315247553,6.95722173331582,6.70304266957115,8.15062741303733,8.14353012164522,7.61689892520288
"GENE0147",5.60086656600879,5.15211675089249,5.56784334996378,6.43866916628439,6.78082238817846,6.20354503286153,5.19097146363657,4.94373409540296,5.44684439577657,6.52756396052047,5.75872401516255,5.42346148460052
"GENE0148",8.09862971762905,9.42845197371165,9.17269692466728,10.349874244024,10.3909598585527,10.855290484023,8.86910912889597,8.5765021279305,8.47987420954989,10.0266637975604,10.6623831281524,10.0588720209326
"GENE0149",6.98470977203543,5.80552563371466,6.53999390376011,8.001740143434,7.58139748622816,8.46519747175473,6.31336025633163,5.98925762661564,5.87129915523179,6.88670356310395,7.52801143572846,8.02248149787568
"GENE0150",5.7189199947252,6.20058263512625,5.89372786888077,6.55404669454595,7.28606092071994,6.56992046520231,5.25739083816715,5.80245046367133,5.89534344555973,5.81361419205601,6.25178417146971,5.4781589594365
"GENE0151",5.75606304287901,5.65416792709915,5.72812218279442,4.96177923278654,4.47802302603084,4.23192956916254,4.83658026738577,4.1373247401923,5.26809996594856,4.88996318035601,4.51688249385809,4.50856753718945
"GENE0152",6.21777374952482,6.41874700020975,7.07032548082207,5.41767630478048,5.57382857406539,5.05556156577568,5.35087168464298,6.33984640299133,5.71731550811546,4.6822891391766,5.24001796341339,5.0339082578499
"GENE0153",6.93841032668263,6.74511913797402,7.81776652384394,5.90861586733418,6.05263603429244,6.25105661427605,7.74406523906299,6.6198621607006,7.42144964663241,5.59070241013539,5.75872401516255,5.72193608848263
"GENE0154",9.55560976104315,9.1678762719345,9.62769998215355,7.62025925976358,7.93171017225445,7.4143437073479,8.83168060433283,9.41059479179831,9.57209221743075,7.15573598728026,7.71243694672492,7.63415171152111
"GENE0155",8.07753273908138,8.38588314193195,7.90635913416766,7.8311874629926,6.66227753798405,5.81538091704007,7.81749912118506,7.79470546244497,7.91480619016688,6.81067589599944,7.05478681200484,6.6890825428247
"GENE0156",5.7189199947252,5.28667684964983,6.11909887416821,5.18531255928563,4.68740827512561,4.84489329067828,5.78184960161745,5.36630838281794,5.60387807226552,5.50723476179113,4.41855260472085,4.21973032357518
"GENE0157",4.57571107120738,4.36428639562465,4.64451109468011,4.41564925474099,4.20806849983989,4.52437607466252,5.15637963915766,5.36630838281794,4.68748146497161,4.26028533421001,4.18163946874168,4.67889886967609
"GENE0158",5.86172229049857,5.51933612698998,5.56784334996378,4.68473034113011,5.18878254774675,4.58511941354377,5.88599012722789,5.32585270951707,5.41303377401106,4.56106826899732,4.68826865985232,4.87026432960211
"GENE0159",7.49082860194729,8.08254503619828,7.88471762761298,6.72756568776119,7.31241082270103,6.46702567968607,8.074362830397,7.88911993470479,8.26356180489075,6.65766820471353,6.65007844110637,6.07315632457102
"GENE0160",8.63450973695424,8.13866892724733,8.7390752906085,7.00818407671977,7.53745006626565,6.66581655858354,8.69384265502556,8.08414470988735,8.25906622075782,6.83281641753557,6.61495389155671,7.0749014600477
"GENE0161",6.82413201714267,6.92293010791866,6.68600078930893,5.61445084273423,5.14719229056659,5.8982945785359,6.22217161717912,6.17560013127502,6.25040618619454,4.93638930206227,5.42268344439262,6.03830084519476
"GENE0162",5.95975172097631,6.87055047230769,7.42624868179027,5.71982118703818,5.10414213213893,5.87803565145312,6.51829520622226,6.1086334931305,6.39051208989991,4.98102908982467,5.13766140803494,5.50466855113633
"GENE0163",9.18392896012842,9.77113222337717,9.79195168626066,8.07362547038744,8.46027303830043,8.07755556963474,9.76596355174953,10.5555553069231,10.3839237178387,8.37699067622094,7.94758331130798,7.41867099151355
"GENE0164",6.64304895209261,6.9609869548465,6.81834192798366,4.30574182321017,5.66169183274517,5.29957473473025,6.20637570058624,6.93197472332696,6.45563595412749,5.14450255679525,5.08309620659538,5.53065117136758
"GENE0165",5.32722718529249,4.36428639562465,5.17238817225744,3.82642089610471,3.77572694416895,4.58511941354377,4.38398277762959,3.80151713267723,4.74882339490588,3.33339683403742,3.82779185636717,3.89918801372093
"GENE0166",8.29415533500991,7.83998586248879,7.75352774871947,6.77572788592976,6.64847160347034,7.48782197794687,8.29956999425147,8.84869968188141,8.428765338026,7.10220554527582,6.50400981704698,5.98430380004504
"GENE0167",5.64139193388158,5.32850403016816,5.05045087255743,4.0273271381528,4.30773295942769,4.39004562113047,4.57805571918833,4.54173721909216,4.91468052254992,4.56106826899732,4.606173645641,4.7299763856432
"GENE0168",7.68024880944429,7.27438382687529,7.741532955504,5.81750875605802,6.23173334827019,6.55746215233833,7.8276898718762,6.41525260611602,6.39051208989991,6.00490842506876,6.6673187797284,5.80820184769705
"GENE0170",8.34210204126152,9.61192782610886,9.28418463330655,7.89031525915884,7.72540842568478,8.62434614059279,9.140017209945,9.37613651251556,9.37239634983383,8.16803125294082,7.2150407274333,8.45290806007357
"GENE0171",4.83382022495936,4.76326395420319,5.05045087255743,3.82642089610471,3.95654372834274,4.97579350093252,4.8816839009191,4.1373247401923,4.47808609970675,3.92558082013892,4.02923871711884,4.02417826350125
"GENE0172",7.26004536094882,7.27438382687529,8.31091651896803,6.77572788592976,6.54785683237592,5.95732614876197,7.1852498093578,8.12349742337836,7.388817724827,5.79059724343991,6.27462957656742,6.8561685958852
"GENE0173",6.29410944552017,6.38152941411876,5.95895410833228,5.90861586733418,5.84670458080484,5.16609490762959,6.90513104921066,6.50414640483489,5.98749561946715,5.66920959612141,5.33462522028504,5.17775300157529
"GENE0174",5.7189199947252,5.000948680323,4.96169205740668,5.13317711387027,4.8619839938629,3.33339683403742,5.4657439999289,5.28406706308717,5.82189509075368,4.34542727297923,4.606173645641,4.30140717159859
"GENE0175",5.16477571414311,4.82751824920096,5.31824579141467,4.83180993558511,4.6222967045272,4.31465226204918,5.32047101053023,5.14964543198099,5.01324141627604,4.34542727297923,4.51688249385809,4.77874383137617
"GENE0176",10.2050960035049,10.0565786292884,10.7519247962407,8.06081977950018,8.21316463284933,7.90328870130546,10.1522845359447,10.2928680818622,10.2912915752049,8.50913531526128,8.17374220200357,8.00492357930495
"GENE0177",5.10552670264911,5.77658684905942,5.91581803415833,4.30574182321017,3.33339683403742,4.31465226204918,5.66898870327044,5.14964543198099,5.18887737158306,4.16519411956722,4.606173645641,4.44457474590749
"GENE0178",9.94305742859311,9.62376083119828,9.12049477766528,7.6289715522373,8.01941763298822,7.57620272653587,9.61115939136589,8.67432306334141,9.67851100635586,7.93878745643154,8.01590800796474,7.96915131009601
"GENE0179",9.79171321086346,9.69466087295861,9.81498093413015,8.43775807011015,8.37561844375918,8.49459074468827,9.85070281646534,9.15006611157735,9.55936236665129,7.78926006620909,8.49885228391308,8.56190951264974
"GENE0180",8.47704862580872,8.01816975629123,8.14799578087536,6.96739374918076,6.68949163604924,7.23183915265191,8.89836753661554,8.09549859947995,8.07691171654485,6.63258868610507,6.78245803572603,6.8561685958852
"GENE0181",7.27251225523492,7.17017623760986,7.00132061530002,6.22238843327479,5.96491225803506,5.91825669772306,6.49263775991552,6.99427226000694,7.1368335216276,6.36903114941177,5.85424719616166,5.62973620989044
"GENE0182",7.58367623312419,8.31461097667618,7.81204388280468,5.99401446746821,6.37361642375756,6.74470262618717,8.07007952041672,6.82625169736574,7.02425316271516,5.85850633439521,6.94640149760966,7.0579029360233
"GENE0183",4.75447897304764,4.13852865130535,4.44108581236596,4.30574182321017,3.33339683403742,3.90712034034531,4.74050856541936,4.62017751094195,4.68748146497161,4.62346344389119,4.41855260472085,3.89918801372093
"GENE0184",7.33326752873485,7.46247012773557,7.30087483643585,6.07440786992565,5.82177843488912,5.60776759123199,7.34311554756645,7.34869325145291,7.21347101819295,5.14450255679525,6.08039663785972,6.53711521306513
"GENE0185",9.97379243810368,9.4057852921316,9.8320147325301,8.711877365199,8.0664998154519,7.78124012127407,9.32374606127967,10.0952306863707,10.2397986470404,8.78754455838408,8.2091789366124,8.28496038894357
"GENE0186",8.31832825999427,8.2293264561535,7.97963760580792,7.1725867468328,7.11686935998565,6.8089914417772,8.08713677294801,8.16180248249321,7.81412347935958,7.0839064936437,6.88894953734041,6.36674984570314
"GENE0187",9.32174091646933,9.16247739201269,9.38189502894026,8.62761825242817,8.51028933259893,8.09899032493954,9.38013091696812,9.63117949448124,8.15643542196244,7.97880073882043,8.0423542391301,8.37650757299085
"GENE0188",7.62308840140165,8.33396446822357,6.97069274817836,7.3519729639813,7.27716866916446,6.56992046520231,8.29223648960317,7.70852701451418,8.19460777875119,7.40428089935355,7.15551352488868,6.38061463797307
"GENE0189",8.01231943650008,7.71993370991985,8.05421585923562,6.74380224682556,7.75127390284197,7.42798667660009,8.21677045748147,8.01407267352208,8.29902986285409,7.2324486241128,6.85932914672423,6.65543574576843
"GENE0190",8.78079914643824,8.24474850238559,9.03968959033596,6.86740919933032,7.05570474146826,7.45488899928275,9.12977528142285,8.80790567502302,8.15159189207357,7.1731426749184,6.6673187797284,6.88542032386581
"GENE0191",7.9899076689612,8.49735118240355,8.39744467435864,6.85253409466217,6.54785683237592,6.90027570910795,7.83780886285898,8.56021551113574,7.97638682663492,6.95887150564948,6.75050455945418,6.58563992052809
"GENE0192",8.68184035669599,9.47274372170184,8.75703119620635,7.85364640251448,7.3886694553758,8.07323002879912,9.27810817061855,9.27253213875412,9.36823143877183,7.67813906395824,7.49002649405954,7.26450902381104
"GENE0193",7.8804369891477,8.0939463173888,8.35483044057107,5.68561402859022,6.35664904421004,6.53221030860859,7.78648590664724,7.2805083830249,7.55239951394059,6.15509528026171,6.25178417146971,6.58563992052809
"GENE0194",6.87423726847837,6.41874700020975,6.99118431421597,5.07871890811883,5.26800207479775,4.84489329067828,6.50552494164073,6.33984640299133,6.75546155229873,5.32228647894835,5.24001796341339,5.5811231366749
"GENE0195",8.6630942580984,9.25922423929412,9.4625047590676,6.75985491690651,7.55959206899487,6.82978972796299,8.40191075239064,8.8719736505456,8.71459648596621,7.55769037558225,7.23817433596649,6.6890825428247
"GENE0196",8.5245628226678,7.59696899256673,7.52060820446278,5.78572635842586,6.84263582363192,6.23539896953394,7.35728031877629,7.4585205686725,7.65878135429397,6.24130849611441,6.40437097453878,6.44795367141063
"GENE0197",4.83382022495936,4.69499358436409,5.47977263785321,4.0273271381528,3.33339683403742,4.23192956916254,5.04631054532115,4.36276907375499,4.74882339490588,3.92558082013892,4.30837276184222,4.21973032357518
"GENE0198",7.33326752873485,8.34354453022592,8.37047282192672,6.55404669454595,6.76812992816744,6.60664866537929,7.94465534742602,7.24003517917188,7.61011608512849,6.54112775667379,6.78245803572603,6.5122116535806
"GENE0199",8.07753273908138,8.708493745788,7.83479896493169,6.69452339024463,6.8546820762888,6.42641329421864,8.07007952041672,7.89563231738026,7.17566606596346,6.7421031059059,6.3192277818942,6.70012268230767
"GENE0200",6.34277418117912,7.04602084684159,7.34124613603305,6.02133764409921,5.60376825248473,5.87803565145312,7.11186368336883,6.82625169736574,6.91356942913283,5.71909005679616,5.94348779339476,5.76575950252519
"GENE0201",7.16959390003032,7.57269246356918,6.91813529213704,5.81750875605802,5.74411748646959,5.05556156577568,7.09503045702979,7.37694958575046,7.16605645134847,6.11905177844504,5.61978437036428,5.55612909748223
"GENE0202",9.61043196091117,8.91205151639342,9.43489391871592,8.26995788366277,7.86222979833981,8.32677456766913,9.17629718947363,8.76592327934955,9.27564677114025,7.60325077218747,8.03578812562887,7.52737889259549
"GENE0203",4.75447897304764,5.32850403016816,6.06120494144834,5.07871890811883,4.30773295942769,5.2675149887357,5.54568165838144,6.08557110950421,5.63315652429458,4.6822891391766,4.68826865985232,4.6252228177491
"GENE0204",9.18392896012842,9.85550807128906,9.21876341377014,8.6703636084347,8.38389860825655,7.98847240712478,10.1018404268458,10.4132918376871,9.54097970819289,8.57255680078893,8.56869489179434,8.19495492833834
"GENE0205",9.87751964416123,9.74969384204257,9.00254787376693,8.32452590130521,7.38039408522749,8.1409250251092,9.51843544893514,10.5880291124332,9.71504314337479,8.36572536382089,8.56869489179434,8.24813954971295
"GENE0206",9.69817828532108,10.1024006113187,10.2640966023153,8.24187813205666,8.91907677238903,8.80722326834788,9.66178829561949,10.2157323456703,10.8718613508443,7.93878745643154,8.54578820973312,8.16365741527745
"GENE0207",4.75447897304764,4.88828303784405,4.44108581236596,4.17933027955555,4.30773295942769,3.33339683403742,4.74050856541936,4.88610457922949,5.05959906130947,3.33339683403742,4.83567457393778,3.89918801372093
"GENE0208",5.42499698288565,6.40026168583849,5.53913863910085,5.37447816482985,5.41293052223172,4.89020448646291,6.19039820223215,5.61880370076047,5.60387807226552,4.93638930206227,4.68826865985232,5.10795797700064
"GENE0209",5.42499698288565,5.000948680323,5.41757085400705,4.30574182321017,4.68740827512561,4.45960574336212,4.38398277762959,6.06211689030952,5.57393739993519,4.16519411956722,5.02594913526056,4.37586395102297
"GENE0210",8.82362803769477,9.67394411563515,8.99500330247294,8.10514973028124,7.62403864964383,8.28625376293174,9.37320220776938,9.25240777935968,9.55936236665129,7.44777423780704,8.45033533189001,7.98714866607149
"GENE0211",5.10552670264911,4.25922592582695,4.96169205740668,4.51374221809768,3.77572694416895,4.03380234021967,4.57805571918833,4.76123395654334,5.10423357161015,4.34542727297923,3.82779185636717,3.7347449426157
"GENE0212",9.62017954673344,9.89347283832877,8.62311110162639,8.30837155126128,8.04576441054239,8.37323744526942,10.1813288465104,10.1748924773294,9.15269097270522,9.09765170766814,7.87584931689831,8.62929534314463
"GENE0213",8.49306146683219,8.13315402847884,8.05905290982191,6.89670041949108,6.98086377780064,7.01353406952722,8.38477668437343,7.35817412009465,8.19460777875119,7.26526490118147,6.38356554838313,6.71107740034224
"GENE0214",9.31275173826611,8.93440038123525,9.76115678077069,8.19577912388137,7.53745006626565,7.24732738004422,9.16831349760961,8.79404698412599,8.83721970382262,7.78926006620909,7.58316663278901,7.46443575148366
"GENE0215",9.50652603014381,9.86384670793731,9.74175843147852,8.28103820114542,7.63102393351039,8.5391537911549,9.47054929866888,9.61551042552736,9.08323667494079,7.9935232651277,7.86847504361369,8.02683769152814
"GENE0216",5.10552670264911,4.94597899121255,5.13308268451435,4.17933027955555,4.09371013024599,4.84489329067828,4.92507133570572,4.88610457922949,5.34262576431803,4.49450516137223,4.68826865985232,4.21973032357518
"GENE0217",5.22130398880226,4.69499358436409,4.8656317369195,4.68473034113011,4.47802302603084,3.90712034034531,5.08412192938595,5.40552449164539,4.80688647693289,4.16519411956722,4.30837276184222,4.44457474590749
"GENE0218",6.69984486076188,6.88382736234036,7.25087593072797,6.53546187415806,5.2290206892662,6.46702567968607,7.21669373774825,7.18777743077116,6.03134699846857,5.96465416034047,5.91438525786674,6.5122116535806
"GENE0219",7.34511511346477,6.97344981454782,7.29266209251911,5.65050799972721,6.39038072243363,5.77193994438372,6.83575122170434,6.63564484518569,6.80601126813129,6.00490842506876,6.02725817986618,5.74402639133863
"GENE0220",4.3577216136768,4.25922592582695,5.50979240942014,4.89863543349259,4.20806849983989,4.31465226204918,4.45318019043714,3.80151713267723,4.30778738367409,4.16519411956722,4.41855260472085,4.56859374079285
"GENE0221",9.14731477703827,9.05002363561983,9.69131179990429,7.60267437898856,6.8182324469445,8.96015527278725,8.49106896669726,8.98301957603374,9.23047125092707,7.74351562857405,8.01590800796474,8.15572552105711
"GENE0222",5.89518809952742,6.08885644940613,5.62344470315804,5.41767630478048,4.80680779414595,5.39116578501052,5.69233409867065,6.43348704377245,5.74423178720393,4.26028533421001,4.606173645641,3.89918801372093
"GENE0223",5.68071852918215,4.88828303784405,4.81438547614811,4.60282355996089,4.96491268069176,4.58511941354377,4.0296868369848,4.54173721909216,4.30778738367409,4.56106826899732,4.30837276184222,4.02417826350125
"GENE0224",6.13700302636241,6.13463400001752,5.65039447043383,4.83180993558511,4.55277978931402,4.93378858587547,5.66898870327044,5.44358190719965,5.57393739993519,4.62346344389119,4.51688249385809,5.07150200490239
"GENE0225",6.43530421096138,6.54175171344005,7.67370868144271,5.18531255928563,5.84670458080484,5.44878424431868,6.09046257237503,7.24003517917188,6.57747844604202,4.6822891391766,5.08309620659538,5.45109849932398
"GENE0226",7.9899076689612,7.9190687270841,7.30904071334028,5.99401446746821,6.93626340191311,5.72705190699482,6.8559220097098,7.42283887040303,7.46122141407483,6.00490842506876,6.15645597035825,6.30987479792918
"GENE0227",8.77207849049105,8.1220604149865,9.05911405534393,7.58487132516992,7.34680594202356,7.73265977561039,7.73867347507255,8.41832421177876,8.21796140204103,7.05601019812458,6.63262528795985,6.72194803230264
"GENE0228",8.07753273908138,7.33344840311817,7.12692672371331,6.82230835009718,5.91885121189743,5.72705190699482,7.79689820164429,6.60390115791057,6.85482252612631,5.90196191531523,6.05408357705721,6.0205365393326
"GENE0229",8.63931337757034,7.60497074257856,7.71723860272064,7.44380075107211,7.10685558068713,7.09293587422562,8.06578341951881,7.85610795498842,7.7955999032631,6.2244883511112,6.22855786129242,6.05583879279751
"GENE0230",8.00488758395195,6.49034672287909,6.94990203252106,5.32977315665522,6.11494538895487,6.10334721091766,5.69233409867065,6.93197472332696,7.62418963698607,5.9849289832386,6.40437097453878,6.47401025531282
"GENE0231",5.04323840081973,4.69499358436409,5.31824579141467,4.51374221809768,4.55277978931402,4.58511941354377,5.88599012722789,4.45651341489076,5.229117083218,4.56106826899732,4.18163946874168,4.56859374079285
"GENE0232",10.2761719025255,9.53881544350932,9.33884201504759,8.69954833152945,7.88576503970507,7.55771708728961,9.95645985477664,9.96528319108662,8.86409484102778,8.02252376048623,7.74502992194276,7.94633316691846
"GENE0233",5.10552670264911,4.82751824920096,4.58121647782981,4.60282355996089,3.95654372834274,4.39004562113047,5.04631054532115,5.58557777829278,4.47808609970675,4.26028533421001,4.68826865985232,4.44457474590749
"GENE0235",4.57571107120738,4.76326395420319,4.70416965898469,4.0273271381528,4.20806849983989,4.89020448646291,5.28932474144339,4.76123395654334,4.47808609970675,4.16519411956722,4.18163946874168,4.50856753718945
"GENE0236",5.64139193388158,5.28667684964983,4.36234597151196,4.17933027955555,4.30773295942769,4.13959078537929,5.19097146363657,4.69304720704209,4.47808609970675,3.75359317195248,4.02923871711884,4.30140717159859
"GENE0237",5.99092554302756,5.94162310744823,6.15639054323778,5.32977315665522,4.91459706087536,5.29957473473025,5.04631054532115,5.61880370076047,5.34262576431803,4.49450516137223,4.90264323278714,4.6252228177491
"GENE0238",5.37704373556169,5.94162310744823,5.82521995424604,4.41564925474099,5.26800207479775,5.29957473473025,5.66898870327044,5.44358190719965,5.37831285249691,4.6822891391766,5.08309620659538,4.44457474590749
"GENE0239",4.4729759908335,4.62203258403176,5.0924714955971,4.17933027955555,4.20806849983989,3.33339683403742,5.40958719984467,4.1373247401923,4.96499831346795,4.34542727297923,4.41855260472085,4.82543978751269
"GENE0240",7.95947145029794,8.15508793519826,8.3665781277185,7.0864215340198,6.83048654886714,6.81942866563602,7.80723558162459,8.5102208719426,9.07047420118186,5.88040760563549,6.90353150003171,6.95142178163927
"GENE0241",8.49306146683219,7.76345976431276,8.1251175779994,6.57238971406068,6.32208432471725,6.29700098959436,8.39165479380997,7.2805083830249,8.06665494173466,7.20733249826174,6.3192277818942,6.30987479792918
"GENE0242",5.37704373556169,4.94597899121255,5.38531027680005,4.83180993558511,4.47802302603084,4.89020448646291,4.51761852880097,4.94373409540296,5.30591088547647,4.05619041015447,4.30837276184222,4.12858003749756
"GENE0243",5.75606304287901,5.86161000924083,5.53913863910085,4.83180993558511,4.20806849983989,4.69671045320522,4.6350661880597,5.74398528177613,5.18887737158306,4.16519411956722,4.606173645641,4.37586395102297
"GENE0244",8.24455669732302,7.86683317813922,7.56214901936739,6.96739374918076,6.8182324469445,6.70016438923242,8.23982854933138,7.80857899946252,8.14673200511876,6.59411451311753,6.79816884821722,6.35274639768852
"GENE0245",4.4729759908335,4.76326395420319,4.76066784415556,4.0273271381528,4.20806849983989,3.90712034034531,4.13488263429582,4.45651341489076,4.68748146497161,3.33339683403742,3.33339683403742,4.6252228177491
"GENE0246",4.3577216136768,4.76326395420319,4.8656317369195,3.33339683403742,3.77572694416895,4.03380234021967,4.6350661880597,4.82541118637765,4.74882339490588,4.26028533421001,4.18163946874168,3.89918801372093
"GENE0247",5.16477571414311,4.54349182563741,4.91466241217766,4.17933027955555,4.30773295942769,4.52437607466252,5.04631054532115,5.58557777829278,5.14728546522591,4.88996318035601,4.51688249385809,3.89918801372093
"GENE0248",5.27537882872743,5.51933612698998,5.53913863910085,4.96177923278654,4.47802302603084,4.64241390252082,4.78958910954703,5.85849086759404,5.44684439577657,4.73801220112087,4.51688249385809,4.77874383137617
"GENE0249",4.065144768198,4.36428639562465,5.67680935887743,4.0273271381528,3.33339683403742,4.69671045320522,3.90372802740782,4.45651341489076,5.01324141627604,3.75359317195248,3.82779185636717,4.37586395102297
"GENE0250",5.7189199947252,5.96728492689918,5.95895410833228,4.83180993558511,4.74874735738108,4.45960574336212,5.28932474144339,4.99864172506497,5.89534344555973,4.56106826899732,4.51688249385809,4.7299763856432
"GENE0251",9.08883445223604,9.38275663185432,9.42930774122951,7.79295781689303,7.72540842568478,7.80753582728723,8.24363590891483,9.68095927340314,9.26448488710705,7.34415603740576,8.15569117056843,8.15572552105711
"GENE0252",7.23478074006057,7.96326803550451,7.17243848771342,6.5904972783667,6.07371995318281,6.78788389872491,6.8559220097098,7.82914133252414,6.87861335624456,6.50003809042682,6.40437097453878,6.15662967311256
"GENE0254",5.7189199947252,4.69499358436409,5.28333916502146,4.0273271381528,3.33339683403742,3.90712034034531,3.73798597454736,3.99257800367954,4.86206514454115,3.92558082013892,3.33339683403742,4.02417826350125
"GENE0255",5.42499698288565,5.51933612698998,5.41757085400705,4.41564925474099,4.68740827512561,3.90712034034531,5.00726558384292,5.10137785357304,5.14728546522591,4.6822891391766,4.30837276184222,4.02417826350125
"GENE0256",4.3577216136768,5.32850403016816,4.64451109468011,4.76074593408714,3.77572694416895,4.39004562113047,4.22671357212381,4.25785257813314,4.55284654316695,4.6822891391766,4.51688249385809,4.02417826350125
"GENE0257",6.24368654132521,5.80552563371466,5.59593619666751,5.18531255928563,5.44673993994446,5.20082860798237,5.963917618579,5.93844328331662,6.13523133786866,4.8415720392666,4.90264323278714,5.39522024645591
"GENE0258",6.85773106129181,6.9609869548465,7.75948779176481,5.32977315665522,5.34252507624925,6.17094378821729,6.80494753353666,6.43348704377245,7.09691535704927,5.94407464442714,5.72531788539003,5.86946883702259
"GENE0259",5.7189199947252,4.25922592582695,4.70416965898469,3.82642089610471,3.95654372834274,4.52437607466252,4.30898946352127,4.94373409540296,4.91468052254992,4.16519411956722,3.33339683403742,4.21973032357518
"GENE0260",7.73522037534951,7.9061867031558,7.81776652384394,6.37722164527099,6.76812992816744,6.10334721091766,7.8276898718762,7.48471069957658,7.045394270084,6.58105323993821,5.97198377258729,6.09025914343158
"GENE0261",9.37164748094221,9.37577570550198,9.09248956240143,7.03474306184426,7.32108739685644,7.66521902725793,8.4120941890478,8.63209768898316,8.6055542934939,7.59683005249886,7.59215646892502,7.97367180877726
"GENE0262",8.75889775750431,8.85962848664775,9.136583409713,8.001740143434,7.63797538505582,7.15998720003404,8.78021420514065,8.98606995882274,8.64052468276951,7.09308535027785,6.5605726659908,6.77508448269432
"GENE0263",7.73522037534951,8.2549388340842,7.36493347335007,7.06081633429732,6.67595001426118,7.168151508594,7.95862894162746,7.27049694146321,7.78937192616587,5.59070241013539,6.44507836049987,6.6209688206372
"GENE0265",5.10552670264911,6.26354233018096,5.91581803415833,4.51374221809768,4.74874735738108,5.13035330148718,6.0376476877739,5.85849086759404,6.00959627469958,4.79100537130028,4.02923871711884,5.17775300157529
"GENE0266",7.11521450697877,6.38152941411876,6.72333647754536,6.37722164527099,6.30447610910422,5.93793102357782,6.98048790158959,7.19838294328222,6.92503312886489,5.4484781145317,5.50511782417126,5.69947582828021
"GENE0267",7.46935314688242,7.12626803727065,8.35483044057107,6.75985491690651,6.17456778079026,6.23539896953394,7.92581010211318,6.85342874234344,8.22719777936094,6.06316119013113,6.27462957656742,5.84935245414932
"GENE0268",6.68116507263921,5.68583791717479,5.87127352691975,5.18531255928563,5.18878254774675,4.69671045320522,6.28362171103306,5.88566646440782,6.07384366040205,4.49450516137223,5.13766140803494,4.7299763856432
"GENE0269",5.79220833066203,5.5884713191697,6.39270378659901,4.60282355996089,4.6222967045272,4.13959078537929,5.38056528187997,5.44358190719965,5.57393739993519,4.88996318035601,4.68826865985232,4.56859374079285
"GENE0270",5.42499698288565,5.19860617920382,4.64451109468011,4.51374221809768,4.80680779414595,4.52437607466252,5.08412192938595,5.83076037857321,5.01324141627604,4.62346344389119,4.51688249385809,4.21973032357518
"GENE0271",6.60387654406407,6.22188729485079,5.87127352691975,5.57738529836157,4.6222967045272,4.74836901933285,5.69233409867065,5.96408614432559,6.60636167878499,4.93638930206227,4.51688249385809,5.24381262475191
"GENE0272",5.16477571414311,5.77658684905942,5.82521995424604,4.17933027955555,4.8619839938629,5.13035330148718,5.32047101053023,5.55149445800918,5.54330126297226,4.8415720392666,4.83567457393778,4.50856753718945
"GENE0273",5.47123394390682,5.32850403016816,5.67680935887743,4.60282355996089,4.74874735738108,4.39004562113047,5.62103385748696,4.88610457922949,6.13523133786866,4.62346344389119,4.30837276184222,5.45109849932398
"GENE0274",4.97752596119384,5.2434159155023,4.44108581236596,3.82642089610471,3.95654372834274,4.58511941354377,5.78184960161745,5.05111048996905,6.03134699846857,4.42298469859371,4.68826865985232,4.7299763856432
"GENE0275",4.97752596119384,5.000948680323,4.44108581236596,3.82642089610471,4.09371013024599,4.03380234021967,4.83658026738577,5.55149445800918,5.229117083218,3.92558082013892,4.51688249385809,4.30140717159859
"GENE0276",6.34277418117912,6.57500853115782,6.77163453900892,5.07871890811883,5.5118269454012,4.79768253464048,6.22217161717912,6.57142739792876,6.6760872469506,5.18214848822356,5.69105863050171,5.07150200490239
"GENE0277",4.22498275163827,4.54349182563741,4.64451109468011,3.33339683403742,4.09371013024599,4.39004562113047,4.57805571918833,4.76123395654334,3.95657929776853,3.92558082013892,4.30837276184222,4.12858003749756
"GENE0278",9.2544807534779,8.92805027050404,8.93581116213697,8.36673855513809,7.19454783661132,8.15736260709313,8.71043657706142,9.02811113353269,9.36405446359529,7.38202883170726,7.49961748425929,7.92781429791797
"GENE0279",5.37704373556169,6.82995896121927,6.84113170204773,5.61445084273423,4.91459706087536,4.93378858587547,6.38505127317649,5.68286062317584,6.05275918502935,5.06554210962677,5.18989720613499,4.9549542106143
"GENE0280",7.91257400044076,8.30483579521602,7.67370868144271,7.13629357525293,6.03122441902519,6.32681128400571,7.49171902385612,8.07270050602268,7.52264638033603,6.54112775667379,6.54196953764744,6.33860140898618
"GENE0282",5.75606304287901,5.96728492689918,5.82521995424604,5.32977315665522,4.68740827512561,5.29957473473025,5.73783740527741,5.71377144839768,5.30591088547647,5.50723476179113,4.90264323278714,4.82543978751269
"GENE0284",8.8896123649717,9.36406519909453,9.93019755528531,8.29203389056684,7.81397057231205,8.35554408306608,9.04292845171523,8.68937604358544,8.68809974152561,7.55106200460951,7.40069103688959,7.90432515136445
"GENE0285",10.2684453291324,10.2004691648834,10.8850494459874,7.89031525915884,8.97218691215344,8.56709025499514,9.74866914949365,10.0139020750943,9.5575346091693,8.23561544078966,8.4796411600366,8.10307428675008
"GENE0286",6.36648584319312,6.6703216402367,7.00132061530002,6.17479543641974,5.91885121189743,6.41261052535818,7.05205754259534,7.11124884666032,6.72949450713945,5.14450255679525,5.08309620659538,5.53065117136758
"GENE0287",5.64139193388158,5.55435776560309,5.47977263785321,4.76074593408714,4.74874735738108,4.97579350093252,6.01958288741158,5.61880370076047,5.74423178720393,4.8415720392666,4.606173645641,4.30140717159859
"GENE0288",5.22130398880226,5.4833522013719,5.44904465981825,4.17933027955555,4.39688560685022,4.39004562113047,5.62103385748696,5.24084983880704,4.86206514454115,5.02403580464725,4.76445481120257,4.21973032357518
"GENE0289",6.58387521906872,6.26354233018096,5.91581803415833,5.90861586733418,4.68740827512561,5.44878424431868,6.50552494164073,6.46926061636698,6.96998631484982,5.38693173058729,4.606173645641,5.14335227951321
"GENE0290",5.32722718529249,4.62203258403176,4.96169205740668,3.82642089610471,3.95654372834274,3.90712034034531,4.68909793196672,4.1373247401923,5.229117083218,4.6822891391766,3.82779185636717,4.37586395102297
"GENE0291",3.33339683403742,5.65416792709915,5.53913863910085,3.82642089610471,4.09371013024599,4.74836901933285,3.73798597454736,4.1373247401923,5.05959906130947,4.05619041015447,4.51688249385809,4.21973032357518
"GENE0292",5.16477571414311,4.36428639562465,5.47977263785321,4.41564925474099,4.20806849983989,4.23192956916254,5.1207860294374,3.99257800367954,4.47808609970675,3.92558082013892,4.68826865985232,3.33339683403742
"GENE0293",9.82159045615608,9.54919430419337,10.2086600041063,8.70777939666088,6.68949163604924,8.13263528340974,9.10698361376225,9.71444253675761,9.07303575027116,7.62865016919706,8.44043270164982,8.53465863278596
"GENE0294",5.51588380404437,4.69499358436409,5.17238817225744,4.41564925474099,4.09371013024599,4.64241390252082,4.6350661880597,5.19608618402031,5.229117083218,4.73801220112087,4.18163946874168,4.44457474590749
"GENE0295",7.0147605760471,6.62346869553165,6.85239092422854,5.57738529836157,5.68973507758162,5.79383509563228,6.47963144704358,6.63564484518569,6.15510313840404,5.14450255679525,5.28820757240662,5.14335227951321
"GENE0296",5.82741119739648,5.2434159155023,5.80159265148916,4.51374221809768,5.05950945094439,4.64241390252082,4.51761852880097,5.61880370076047,5.14728546522591,4.16519411956722,4.90264323278714,4.37586395102297
"GENE0297",8.88152763999325,8.39051150318024,8.53565223705295,7.39351369101768,7.13668863183271,6.26654022089357,8.21289127394885,8.87526803557106,8.15159189207357,7.55769037558225,6.3192277818942,7.3850631057759
"GENE0298",6.24368654132521,5.83385791113941,5.75306049096556,5.07871890811883,4.74874735738108,4.31465226204918,6.07308141246836,5.61880370076047,5.60387807226552,5.06554210962677,5.08309620659538,5.4781589594365
"GENE0299",7.99741712955769,7.56450813523766,8.54257160291784,6.67770849243583,6.99179899534936,6.70016438923242,8.35341205730659,6.89324395568518,7.57431622116755,6.06316119013113,6.34100407783317,6.32431190112757
"GENE0300",8.07753273908138,8.70478329594539,9.78904700319504,8.47199630342314,7.25921660166315,7.3796567829359,8.81643273540357,8.84869968188141,9.33233542583833,7.13811455152016,6.79816884821722,7.51500937856362
"GENE0301",6.69984486076188,7.47998875186559,6.42342307231612,7.04783928646565,7.16591114265161,7.28532964669474,7.39895285707095,7.54402230627041,7.32123481012564,7.53771265689779,8.48446801514132,7.35759720035385
"GENE0302",9.70963675667858,9.62572359407138,9.51969830735686,9.45596980941723,8.87865151092343,8.53601603222684,10.7593072465177,10.789962013624,9.28672291517757,10.1155839378719,10.8939029091586,9.90076937658264
"GENE0303",5.51588380404437,5.32850403016816,6.00077224331542,5.49997071347815,5.41293052223172,5.74968320042272,6.77346050183009,5.61880370076047,5.14728546522591,6.30662940925271,5.91438525786674,6.8162053043689
"GENE0304",5.79220833066203,5.55435776560309,6.06120494144834,5.7531773193868,5.68973507758162,5.44878424431868,6.51829520622226,6.6198621607006,6.92503312886489,6.68231070385494,6.59705860858873,6.8162053043689
"GENE0305",4.57571107120738,5.10379764560079,5.2104797339222,5.28343957432089,4.80680779414595,5.36135958543197,5.32047101053023,5.98925762661564,5.44684439577657,5.41807173488789,5.58265951897939,6.29528692106071
"GENE0306",9.44203773523837,10.0868129406908,9.10889197595584,9.68367847804364,10.4001656307691,10.265222005972,10.375824523761,11.4492399835709,10.0860117532283,11.7670979857095,9.94879899826509,10.7761714117793
"GENE0307",7.78816526327183,7.69766579824607,8.0099345002576,8.08631818123461,8.65069334274625,8.33402101519597,8.61671031214886,8.6781010763754,9.26896001448678,8.58556019666136,8.32675781344331,9.21603846143742
"GENE0308",7.93621392458467,8.49305422343023,8.82669790934078,8.11137253706301,7.80164821099198,7.90815588084082,8.55065784626979,8.68937604358544,9.55936236665129,9.12015970776158,9.0670693582714,9.261053184909
"GENE0309",5.89518809952742,5.10379764560079,5.28333916502146,4.83180993558511,5.01315373799188,5.42029639220579,5.32047101053023,6.03825668873266,6.05275918502935,5.35501792835748,5.69105863050171,6.58563992052809
"GENE0310",6.56358632495771,7.10379701269371,7.31716025934176,6.80695076077186,6.48696601502547,6.73369863915588,7.09503045702979,7.41377786187105,6.64860831169786,7.32872188622233,7.48037090870302,7.45150855399747
"GENE0311",8.38278444285202,9.25922423929412,9.80925800233796,8.87424726262201,9.17654543539357,9.86766555296757,11.5551884816737,10.5181265829582,11.0790472087276,10.8779737135239,9.44415693901665,9.97693621285246
"GENE0312",7.83084271863281,8.26505753723087,7.92237911117585,8.23619585091877,7.18506589903853,7.64785197197456,9.35397479065591,8.5102208719426,9.02091949830051,8.92941378718637,7.9957492573475,8.14774966600563
"GENE0313",7.84756501519485,8.42701245604996,8.06867849102551,8.40774893726269,8.22243067166217,7.83846833838819,8.82153330324756,8.99215142828996,9.52983658006275,9.2945417213126,9.08306215963004,10.0955721381462
"GENE0314",4.83382022495936,5.000948680323,5.67680935887743,5.32977315665522,5.30581156458017,4.58511941354377,5.57128002485022,6.1086334931305,5.37831285249691,4.79100537130028,6.02725817986618,5.74402639133863
"GENE0315",5.47123394390682,5.05347560891206,4.58121647782981,5.45947522938127,5.01315373799188,5.33084216030771,6.17423474173109,5.24084983880704,6.03134699846857,6.33817828106011,5.37940981639276,5.33680315109659
"GENE0316",4.4729759908335,4.45815638711915,4.76066784415556,5.65050799972721,4.39688560685022,3.74040800239541,6.10762767549903,5.05111048996905,6.05275918502935,5.88040760563549,5.24001796341339,5.78714750479939
"GENE0317",5.37704373556169,5.000948680323,4.81438547614811,4.89863543349259,4.91459706087536,5.01634725588924,5.32047101053023,5.68286062317584,5.68984767667298,5.47818778485135,6.05408357705721,5.53065117136758
"GENE0318",5.04323840081973,4.45815638711915,3.93574756962721,4.96177923278654,4.09371013024599,5.13035330148718,5.25739083816715,4.88610457922949,4.74882339490588,4.79100537130028,5.02594913526056,5.86946883702259
"GENE0319",7.26004536094882,6.54175171344005,6.6346363603236,6.66069137061401,7.64489333207985,6.78788389872491,8.61377271907802,8.37241360052318,9.05500858648016,8.39187530339745,7.8610627413431,7.97817814195116
"GENE0320",4.90791694271948,5.000948680323,5.59593619666751,4.76074593408714,5.34252507624925,6.0682680412696,6.95269444975136,6.57142739792876,6.39051208989991,6.02460136057154,6.50400981704698,6.90459238863241
"GENE0321",7.44755103992302,6.91001492867377,7.1176476865719,6.69452339024463,7.25921660166315,7.29281044006494,8.37439752867166,8.30068074358785,7.85046931517638,8.74472031007447,8.80308006954841,8.46258108176293
"GENE0322",8.09862971762905,7.22322931411013,6.92880318517162,7.98827514144103,7.50738539502621,6.99527217268752,8.84175696290869,9.35269820895578,8.30776201167641,8.13301051490783,9.31470586257709,8.62068257351705
"GENE0323",5.92785141446124,6.3237805308535,7.35708115613501,6.17479543641974,6.5773431338527,6.70016438923242,7.27010944941662,7.51043093466347,7.49991929503963,7.04658886077008,7.29442227862062,7.34366412467535
"GENE0324",5.75606304287901,5.99247478376178,4.44108581236596,6.26840677259888,5.37821085544912,5.36135958543197,6.19039820223215,6.7702853662446,6.37374741731386,6.5678699365667,6.78245803572603,5.0339082578499
"GENE0325",10.0038861813076,9.23884906724071,10.1922645967438,9.51811082956538,9.65460893698207,9.23619611939202,10.170380768571,11.0058929705405,10.0617192958421,10.9860537010971,10.9163853867974,10.8861959535861
"GENE0326",9.51438801957897,8.72324073790905,9.64386789638803,9.44862429216558,9.95869121585419,9.89484748958629,10.5738655520666,11.4364788845474,10.1284869076066,11.2833567937392,11.2796915877669,10.5590999203015
"GENE0327",4.4729759908335,4.76326395420319,4.58121647782981,5.02168626161896,3.95654372834274,5.05556156577568,5.40958719984467,4.45651341489076,5.229117083218,5.41807173488789,5.75872401516255,5.86946883702259
"GENE0328",6.36648584319312,6.3237805308535,6.24545713501497,6.35612556523743,6.94754515928696,5.95732614876197,7.67798829696961,8.01407267352208,6.6896291242009,7.62865016919706,7.51860911704133,7.56985091459914
"GENE0329",4.3577216136768,5.000948680323,4.91466241217766,5.13317711387027,5.18878254774675,5.33084216030771,5.92550973723047,5.80245046367133,5.229117083218,5.81361419205601,4.96591931636746,6.36674984570314
"GENE0330",6.45751355912046,5.99247478376178,6.32916773000447,6.35612556523743,7.14649605374249,6.05038817813045,8.09979829830732,7.88257791406264,6.81837226734115,7.05601019812458,6.97428059046477,6.91408237348813
"GENE0331",6.5221111146563,6.94841405079413,7.34124613603305,6.93953635294465,7.00265091959463,6.23539896953394,8.15341281539737,8.39555185159659,7.95429780457676,8.5561357492334,8.15569117056843,8.43008178740327
"GENE0332",5.7189199947252,4.36428639562465,5.9375562490368,4.89863543349259,4.8619839938629,4.45960574336212,5.963917618579,5.44358190719965,5.57393739993519,5.64355255347913,5.37940981639276,6.49959273964185
"GENE0333",6.13700302636241,6.45500288176348,6.56768850247186,6.04812836537868,6.63452952699362,6.60664866537929,7.41257855613255,7.2502613609428,8.03016915095188,6.73034483720479,6.93225451287569,6.86598621131837
"GENE0334",7.46935314688242,6.89698141998566,7.52060820446278,7.36247166352785,7.97074197266134,7.168151508594,8.50382047606195,8.868671718593,7.3638464515757,8.86156066303681,8.4796411600366,8.10719349012165
"GENE0335",8.01971308528424,8.39512503684279,7.94868867576822,8.1602093018771,8.62298667400367,8.87085424625469,9.24433080978301,9.2549387380069,9.0262167268887,9.14451929561916,9.83821243406575,9.21603846143742
"GENE0336",4.57571107120738,5.05347560891206,5.28333916502146,4.96177923278654,4.6222967045272,4.52437607466252,4.96688950493872,5.65121746472458,5.37831285249691,5.53565047103937,5.24001796341339,5.62973620989044
"GENE0337",8.1800541138254,7.9190687270841,8.19268914296654,8.55647306233299,8.03001432358446,8.15327078020908,9.2613183936277,8.96458047309486,9.2073413916539,8.50571872494,8.8146221260137,8.96937295417843
"GENE0338",5.75606304287901,6.01721052143199,5.17238817225744,6.10019610490782,5.63304574559507,5.29957473473025,5.9448485209728,6.06211689030952,5.79650064335651,6.41407245891111,6.38356554838313,6.0205365393326
"GENE0339",7.9899076689612,8.11648136971542,8.03470335106415,8.55647306233299,8.10709502503615,8.95076354421186,9.38013091696812,9.75791098376712,9.6461982621585,9.1467135302419,9.31199452713929,9.71241583434663
"GENE0340",5.42499698288565,6.04150895137728,6.27954638789441,5.71982118703818,5.82177843488912,5.50395080240343,6.86590103315863,7.65575963528963,6.99194169649704,6.69447286788744,7.30541126893425,6.6209688206372
"GENE0341",5.79220833066203,5.74701329525877,5.84844210197022,5.78572635842586,5.82177843488912,6.54489278140739,6.59257793511579,7.29045025121583,7.07652965181,7.01794548402659,6.57893356949898,6.74344222253686
"GENE0342",8.94108587125395,9.7242728712952,9.21660282614418,9.3416535175085,9.09572596461344,9.74130452420896,10.3093318935926,11.3662500506215,10.1260226935057,10.6402356844241,10.3967391255178,10.7154875516225
"GENE0343",9.22922317020228,9.65484893492208,10.0171648840599,9.9408724483392,9.88628510386731,10.4397925171019,10.2319874440532,10.1587677849007,10.8644893382615,11.1260442232964,11.504677833101,10.4122179760553
"GENE0344",5.42499698288565,6.47278585795376,5.87127352691975,6.07440786992565,5.30581156458017,5.99531121690269,5.62103385748696,6.33984640299133,6.33960367635682,6.7184881759186,6.42487224659314,5.86946883702259
"GENE0345",5.32722718529249,5.4833522013719,5.53913863910085,5.37447816482985,5.05950945094439,5.60776759123199,6.10762767549903,6.01397554615519,5.89534344555973,6.27435136998513,5.85424719616166,6.10715272586554
"GENE0346",3.33339683403742,4.54349182563741,4.91466241217766,5.07871890811883,5.10414213213893,4.03380234021967,4.6350661880597,5.44358190719965,5.68984767667298,5.32228647894835,4.606173645641,5.86946883702259
"GENE0347",3.85356290445134,5.80552563371466,5.00690280338359,5.53924841248507,4.74874735738108,5.16609490762959,5.90589311944218,4.76123395654334,5.229117083218,5.50723476179113,5.75872401516255,6.10715272586554
"GENE0348",5.64139193388158,6.20058263512625,4.81438547614811,5.28343957432089,5.41293052223172,5.63249452458539,5.15637963915766,6.37805680183222,5.37831285249691,6.44331602302829,6.54196953764744,5.72193608848263
"GENE0349",5.04323840081973,4.88828303784405,4.8656317369195,4.83180993558511,4.91459706087536,5.29957473473025,4.83658026738577,5.32585270951707,5.05959906130947,5.14450255679525,6.18090827777129,5.60565275807301
"GENE0350",6.69984486076188,6.75961617047791,6.31282238525141,6.51662864149371,6.5773431338527,6.13755793665981,7.034499186383,7.20891033415216,7.19469354872249,7.51745272792899,7.34854242241547,7.31538442747027
"GENE0351",7.81392353902588,7.69766579824607,7.33326245720072,7.60267437898856,8.19445165798994,7.89350462535335,9.04292845171523,8.20436653019986,9.6288962411744,9.17923251949166,9.26229794060789,9.22363918603678
"GENE0352",9.06761461183451,8.64794858483394,9.24656035085648,8.86691637801485,8.80042857685826,9.51633288319452,10.3165722454516,9.32646828534047,10.6642204716847,10.2296643912172,9.13614776242025,9.6837755156695
"GENE0353",7.34511511346477,6.54175171344005,6.46827711145255,6.37722164527099,7.04525073944774,6.59451181389169,7.53594385853545,7.37694958575046,7.48456526905507,8.35816589484997,7.13099030564372,8.25186430388918
"GENE0354",7.0147605760471,6.59134744964897,6.17466666484704,6.62603018018064,6.21293819277411,7.35128938412136,8.0042506252842,7.36759262450017,7.09691535704927,7.14695244687631,7.65355615144875,7.67361961198276
"GENE0355",9.33067440388008,9.48792995077436,9.71751972584485,9.95130429814222,8.82190969635793,9.26678918365406,10.6104084363226,10.113472326124,10.6324545268639,10.3257314879145,10.1715141701316,10.8693400126608
"GENE0356",5.68071852918215,6.08885644940613,5.82521995424604,5.90861586733418,5.54319346808701,5.47665968096879,6.67457237209335,6.71201949198937,7.05584843127826,7.30525405378298,6.6673187797284,6.78547693994454
"GENE0357",5.51588380404437,5.44634641097134,5.56784334996378,6.02133764409921,5.91885121189743,5.95732614876197,6.69715187180808,6.41525260611602,6.59199393845749,5.88040760563549,7.36963028927937,7.09169982989027
"GENE0358",8.09862971762905,7.81262743988372,7.34918553831732,7.70509036862075,6.89022005864387,7.98387006678692,8.03094477022631,8.55611492454152,7.99814168572784,7.87129291590109,8.31053740977475,7.89958091458057
"GENE0359",6.38980265357328,5.32850403016816,6.4974038013245,6.07440786992565,6.53287914372848,5.09353462373327,6.07308141246836,7.13353580048458,7.25030183560505,6.35368973410198,6.68435152890062,7.34366412467535
"GENE0360",8.49306146683219,8.57664859218198,8.15704618124602,8.57459143288705,8.79423184484715,8.25605085010663,9.86064399784341,9.99586149132544,8.47212838409844,9.83727680657928,9.31741210946685,9.02481090983675
"GENE0361",9.09583888938477,9.29666861412533,8.74808120904152,9.46570599075825,9.65631759088039,9.18104481228639,9.47702673770084,10.4223250023136,9.88207429026373,10.1444121950933,10.1351691055769,10.603459737252
"GENE0362",4.97752596119384,4.76326395420319,5.17238817225744,4.89863543349259,4.39688560685022,4.74836901933285,5.73783740527741,5.32585270951707,5.37831285249691,5.06554210962677,5.75872401516255,4.9549542106143
"GENE0363",10.2668950356481,9.80270390067971,8.84639881874941,9.52976004338268,9.85240302607288,9.33514432279303,10.8095640795334,10.5555553069231,11.5331960009482,9.37347666248522,10.5345049245256,10.8175572551278
"GENE0364",8.77644541463826,8.73420278217159,8.8009659146752,8.39760530950905,8.91907677238903,8.62138873201483,9.90334865393448,9.32164751993321,8.68475312666247,9.26454825152251,9.74279903808631,9.75236850510498
"GENE0365",5.95975172097631,6.01721052143199,6.29628353333185,6.10019610490782,5.84670458080484,6.15435138174398,7.39209109432658,7.49333548030085,7.40522660013996,7.411622096784,7.16761902211815,6.77508448269432
"GENE0366",8.5088982541228,9.01450287377534,8.44253842812541,9.23182429953221,8.22243067166217,9.02199768019193,10.7147909737472,10.2325204980984,9.63410867680532,10.1812617559444,10.3339883623238,9.85868434510955
"GENE0367",5.51588380404437,5.77658684905942,6.32916773000447,5.99401446746821,5.34252507624925,5.20082860798237,6.31336025633163,6.17560013127502,6.63466596597726,7.51745272792899,6.22855786129242,6.3943435698788
"GENE0368",6.98470977203543,6.87055047230769,7.0113853210515,6.93953635294465,7.47667681450587,6.61868209397374,8.20119059779848,8.04368525248422,7.61717011270741,7.62234233895058,7.23817433596649,8.503762714991
"GENE0369",5.95975172097631,5.44634641097134,6.19270519356519,5.02168626161896,5.41293052223172,5.79383509563228,6.53095070518248,7.20891033415216,6.35677965584575,5.28868936701358,6.10621736432438,6.33860140898618
"GENE0370",5.89518809952742,5.86161000924083,6.45348432858436,6.47818907174912,6.33947345491757,6.78788389872491,7.79689820164429,6.35908197462979,6.84277606691808,6.88670356310395,7.41089672353346,6.8561685958852
"GENE0371",5.04323840081973,5.62172626825794,4.44108581236596,4.96177923278654,5.01315373799188,5.39116578501052,4.83658026738577,5.48055331725275,4.86206514454115,5.53565047103937,5.08309620659538,5.17775300157529
"GENE0372",8.6630942580984,8.26000707609995,7.5484353282276,8.12373799143236,7.83225822047092,7.42118143084605,8.12065634281947,8.06116453546954,8.49524200909333,9.00393196020335,8.77578360315275,8.8194111773422
"GENE0373",10.3556257232741,10.2083483708505,9.70678583956426,10.0820524506857,10.0794944005516,10.176382773803,11.1857342186559,11.0488128018305,11.4205842780104,11.0318708710146,10.7084607464339,11.9147657805192
"GENE0374",4.065144768198,4.13852865130535,5.13308268451435,4.17933027955555,4.55277978931402,4.45960574336212,5.43797005921605,4.25785257813314,5.74423178720393,4.56106826899732,5.42268344439262,4.9549542106143
"GENE0375",4.75447897304764,5.000948680323,4.64451109468011,5.32977315665522,5.18878254774675,5.09353462373327,4.22671357212381,4.94373409540296,4.62236681307091,5.28868936701358,4.41855260472085,6.23536026444404
"GENE0376",4.90791694271948,5.15211675089249,4.44108581236596,4.17933027955555,5.66169183274517,4.97579350093252,5.32047101053023,5.48055331725275,5.57393739993519,4.88996318035601,6.02725817986618,5.72193608848263
"GENE0377",8.78513976544149,8.15508793519826,8.95408483021406,8.09889989355872,8.60185132528265,7.97462096308001,9.86435434683352,9.91976047763395,9.88353394350483,9.39393926045169,9.62541788345087,9.66156609037174
"GENE0378",6.24368654132521,6.78817306623819,6.73556615912755,6.80695076077186,6.96984396208988,6.82978972796299,6.45325224434853,7.56052749575098,7.68586682323157,7.82263722002466,7.50914474309386,7.78075153563461
"GENE0379",9.34250027439027,9.92250267863416,9.75372672076893,9.80751204129478,10.0036768753966,10.2190442717987,11.0473482174355,10.280502172377,10.7068900788537,11.5435369215753,9.9798743570471,11.0760292474769
"GENE0380",4.66889628332048,5.5884713191697,5.53913863910085,5.96613618738869,4.68740827512561,6.13755793665981,6.78403400818519,5.40552449164539,5.98749561946715,6.93862282694309,5.99989914881159,5.76575950252519
"GENE0381",9.73003535657972,8.91847234233301,9.05911405534393,9.46570599075825,9.34917687118802,9.86141574107895,10.7459619412159,11.1863995214903,9.92523383988076,10.8207373066081,10.8793280391312,11.0932412910948
"GENE0382",5.16477571414311,5.80552563371466,6.02121292990129,5.32977315665522,5.74411748646959,5.8982945785359,6.67457237209335,6.19722237288945,5.77061962651983,6.15509528026171,6.87421648962601,6.63255143846491
"GENE0383",9.2544807534779,9.06167202721998,9.69906957214416,9.37044561423768,9.09572596461344,9.68295885986271,10.6323331756222,10.5799789367835,10.449445516679,11.1923165856547,10.3696209131285,10.8467596542806
"GENE0384",9.71873843710604,9.52205232025445,9.67252110438225,9.36525326623215,9.38052799290356,9.60579473559221,10.4858876879554,10.2066109845977,10.1863993049256,10.9311179676786,10.2171440102973,9.62329429609621
"GENE0385",8.33619529415911,7.39941142994642,8.25301621732008,7.88305594210509,7.80164821099198,8.44860491399744,9.45094056428633,9.37845952552238,8.49524200909333,9.64582149924853,9.9557627217804,9.13774264871323
"GENE0386",6.56358632495771,6.6703216402367,6.92880318517162,6.64346700432215,6.56267704608791,6.23539896953394,7.29240500776916,7.43184293605023,7.73207070128678,7.43342265051039,7.40069103688959,7.58175833596739
"GENE0387",4.75447897304764,4.76326395420319,5.2104797339222,5.13317711387027,4.39688560685022,5.33084216030771,5.1207860294374,6.01397554615519,5.18887737158306,5.10566377367428,6.18090827777129,5.92809301798095
"GENE0388",6.31865364886429,6.63925950851728,6.45348432858436,6.33470664520053,6.71619235027635,6.26654022089357,8.27745645460153,7.36759262450017,7.55239951394059,7.57739368170751,7.42103022030327,7.34366412467535
"GENE0389",6.29410944552017,4.76326395420319,5.59593619666751,6.12551183168539,5.41293052223172,5.95732614876197,7.11186368336883,6.7985443895651,6.83062658236547,6.02460136057154,6.3192277818942,6.29528692106071
"GENE0390",5.47123394390682,4.76326395420319,4.64451109468011,3.82642089610471,4.68740827512561,4.58511941354377,4.57805571918833,5.85849086759404,4.86206514454115,4.62346344389119,5.18989720613499,4.56859374079285
"GENE0391",5.55906080693802,6.22188729485079,5.59593619666751,6.79142519815636,6.48696601502547,6.31198565065982,7.74943683887027,7.04222033185733,7.12695813195442,7.48998638038088,6.61495389155671,6.96060557156542
"GENE0392",7.27251225523492,7.19163438183911,6.68600078930893,7.40371330429721,7.32108739685644,6.87049440091214,7.70035348518032,8.28589512801083,8.41266755331368,8.62702853801218,7.84612246061883,8.16365741527745
"GENE0393",9.14731477703827,8.75587984041251,9.28830514674017,9.39358255515651,9.08561451343674,9.22650112320781,10.0254682563757,9.754338233673,9.9449413616516,10.5577395495964,10.4120093899446,10.8614465852995
"GENE0394",6.47937734615328,7.31402982278201,6.04135415319609,5.90861586733418,6.03122441902519,6.37036786454994,7.01672189474449,7.32954105335029,6.81837226734115,7.19033983498949,7.11856893101818,8.1113009344675
"GENE0395",9.29764411261591,9.61785646442291,9.67566993744318,10.1470214380077,9.99695039863647,10.5433610498679,10.381876929147,11.5961651695948,10.9801940765795,11.1475625160139,11.2071431454669,10.6280044100256
"GENE0396",5.37704373556169,5.2434159155023,5.7027116488721,5.28343957432089,4.39688560685022,5.01634725588924,4.96688950493872,5.28406706308717,5.57393739993519,5.53565047103937,5.58265951897939,5.98430380004504
"GENE0397",9.38314337940725,8.84284742120193,8.75703119620635,9.05927826439057,9.3407001623759,8.44860491399744,9.9885462578446,9.83773246745742,9.68019178760361,9.85079600098304,9.96269298674335,9.04211006777946
"GENE0398",5.32722718529249,5.19860617920382,5.0924714955971,5.57738529836157,4.47802302603084,5.65676954152493,5.82447103745129,4.88610457922949,5.18887737158306,6.02460136057154,5.54446056462054,6.70012268230767
"GENE0399",7.02955165021014,6.15696716394997,6.71100030102118,5.84856185472356,6.30447610910422,6.26654022089357,7.1852498093578,7.15548023403262,6.59199393845749,7.33645976249335,7.2150407274333,6.40793935098966
"GENE0400",8.17344197275422,8.84284742120193,8.1158634678506,8.09889989355872,7.86222979833981,8.72971009803108,9.23862351395122,8.79404698412599,8.84623387771395,9.80430417424097,9.14531622626038,9.42660590587556
"GENE0401",4.57571107120738,4.25922592582695,4.58121647782981,4.30574182321017,4.39688560685022,4.89020448646291,4.83658026738577,5.24084983880704,5.60387807226552,4.6822891391766,5.24001796341339,5.62973620989044
"GENE0402",6.85773106129181,6.82995896121927,7.25087593072797,7.30919086456624,7.10685558068713,6.9294461938544,8.01765962409346,7.29045025121583,7.46904501572895,7.67813906395824,8.2091789366124,7.7120314737053
"GENE0403",9.35714751993593,9.93363613316652,9.76854876079157,10.2293312257609,9.20484623705515,9.77627505266534,9.87787787962339,10.925582493303,10.096119014895,10.5150766998049,11.153643098378,10.8510588100115
"GENE0404",6.89055401274206,7.0924274318274,7.27609381181281,6.39800474246707,6.39038072243363,7.36554332809262,7.85285499778016,7.35817412009465,8.64397548892934,6.7537646295858,7.52801143572846,8.43990880640452
"GENE0405",4.4729759908335,4.82751824920096,4.2758805597652,3.33339683403742,4.6222967045272,5.72705190699482,5.40958719984467,5.68286062317584,5.229117083218,4.98102908982467,4.68826865985232,4.91338726221614
"GENE0406",9.66795309061154,9.60994618508966,9.70986082440028,9.98892161315387,9.7758798597552,10.2699482579782,10.9788382088413,11.6785782517228,10.7792415965641,11.1075823371945,10.7063979309312,10.9052217665199
"GENE0407",6.05122677290855,6.74511913797402,6.48291585138621,6.72756568776119,6.39038072243363,7.14351723849681,7.07799630260311,6.7559418911419,7.91480619016688,6.69447286788744,7.65355615144875,7.45150855399747
"GENE0408",8.05612178248678,7.59696899256673,7.87925595666557,7.76952204502872,7.9596977204598,8.17361455560434,8.95051253248971,9.12261115782395,9.35145044904381,8.69759338629473,8.62222911602258,9.85746368523528
"GENE0409",7.97477007956625,7.76345976431276,7.86826995990396,7.80068555084825,8.18973515078149,7.32963879997698,8.63710745318128,9.25746526189071,8.75344990936827,8.31195620744248,9.17247690524735,8.38670572873912
"GENE0410",6.84103087243765,6.80223881488172,6.66055173926015,6.51662864149371,7.18506589903853,7.2082875997854,7.79170148660387,7.92139077988691,8.43276182633045,7.57739368170751,7.94758331130798,8.08229949415343
"GENE0411",4.83382022495936,5.28667684964983,5.77754490372973,5.02168626161896,4.80680779414595,4.93378858587547,6.12458224162565,5.80245046367133,5.26809996594856,5.59070241013539,5.37940981639276,5.4781589594365
"GENE0412",6.60387654406407,6.63925950851728,7.38051010143468,6.62603018018064,7.0241099570103,6.59451181389169,7.85285499778016,7.36759262450017,7.5597423512028,8.06959525500788,7.00162442812225,7.74415743442471
"GENE0413",9.08179581827762,9.34750905987119,9.5109099782724,9.0910819956232,9.24401136065499,9.29303580254311,10.8655522949369,11.1863995214903,10.8110358888311,9.57264587393153,10.7390541601598,10.4969647358981
"GENE0414",5.04323840081973,5.44634641097134,5.0924714955971,4.83180993558511,5.18878254774675,5.39116578501052,5.62103385748696,6.41525260611602,6.19401224361284,6.00490842506876,7.31631651630361,5.65339062366611
"GENE0415",4.90791694271948,4.45815638711915,4.64451109468011,4.83180993558511,4.30773295942769,5.33084216030771,5.38056528187997,5.51650434151614,6.03134699846857,5.90196191531523,5.75872401516255,5.82893339266767
"GENE0416",5.64139193388158,5.86161000924083,6.36129617255338,5.53924841248507,5.63304574559507,6.10334721091766,7.54833301111382,5.74398528177613,6.50257115714982,6.89724012204419,6.38356554838313,6.89503866352647
"GENE0417",9.42823187523611,9.73522248226139,9.64707984275773,9.82274313689518,9.59705675951902,8.63904280820511,10.5394702782917,10.4579024134608,10.9512565446839,10.0746921707916,9.70403453452689,10.8596188752721
"GENE0418",9.19701600252368,10.0710549814714,9.57302217735018,9.53439350852208,9.64086633881282,9.09627953271221,10.9277462591962,10.9778305381808,10.8799272888978,10.2573361452461,10.8318628024003,10.3212949080002
"GENE0419",6.10899850095817,6.08885644940613,6.24545713501497,6.22238843327479,5.14719229056659,6.17094378821729,7.27010944941662,7.11124884666032,6.66241451073872,7.32872188622233,7.33788085971478,7.32959411363535
"GENE0420",5.79220833066203,4.82751824920096,5.00690280338359,4.30574182321017,5.18878254774675,4.69671045320522,4.74050856541936,5.61880370076047,5.30591088547647,5.18214848822356,5.65589826360468,6.09025914343158
"GENE0421",10.1337419025883,10.0345879911629,10.5743797173452,9.61315845195006,10.4383994934686,9.8052173163498,10.4818681100564,10.9080053104355,11.3673352343664,9.90881964637863,10.2127907684887,11.2733520133258
"GENE0422",8.40552571083827,8.29499379198256,7.89557910604828,7.98827514144103,8.80351698000989,8.60351565570183,8.94818278280805,8.91101786109966,8.64052468276951,8.73600060820216,8.58226608900393,9.31363520134357
"GENE0423",8.13311815733484,8.30973168179485,8.86030783035083,8.94905109434242,8.59829842622931,8.56709025499514,10.7804062256806,9.78617878451778,9.66159457535309,10.8337298394137,9.67267758502499,8.98511169013038
"GENE0424",7.46935314688242,7.48866842710415,7.76542320811158,7.26509027561002,7.39689728737565,7.14351723849681,9.06029002172502,8.67432306334141,7.95429780457676,8.88541147279633,8.55039877709993,8.69366991659396
"GENE0425",5.47123394390682,5.36899923474729,5.41757085400705,5.7531773193868,5.54319346808701,4.74836901933285,6.01958288741158,5.14964543198099,5.9650330283611,6.04401625508699,6.29710676447597,5.69947582828021
"GENE0426",9.38885714334053,9.33796235805263,9.79195168626066,9.67111047461403,9.31712895715751,9.76024010174395,11.0764277061151,10.3590482912368,10.4104906210516,11.0330571527504,10.3903284964379,10.8602283692742
"GENE0427",9.07472265172858,9.27681935233837,8.96699706213076,7.95405052033316,8.65753755654675,8.99026256840664,10.0775401495869,10.4166859066551,10.1923002671452,10.1245156922051,9.74882561926703,10.2872521188303
"GENE0428",5.27537882872743,4.69499358436409,5.44904465981825,4.60282355996089,4.6222967045272,5.01634725588924,5.25739083816715,5.77353483694339,6.15510313840404,4.79100537130028,5.72531788539003,5.14335227951321
"GENE0429",10.0747121112136,9.38043340936411,9.91429088333054,9.08477712906774,9.40715831873185,9.83741636747416,10.9941581722409,10.4223250023136,10.4514151264619,11.4206645508638,10.0035895542223,10.2625661150533
"GENE0430",7.99741712955769,8.1220604149865,7.51356622993962,8.25317584349887,7.9031669917862,8.32677456766913,9.65894260072282,9.0574072020092,8.14185564996408,9.69312118650046,9.37569963875425,8.52545923558982
"GENE0431",4.57571107120738,4.25922592582695,4.70416965898469,4.51374221809768,4.55277978931402,4.31465226204918,4.45318019043714,4.69304720704209,5.66180353729039,5.85850633439521,4.606173645641,5.67663210729273
"GENE0432",4.4729759908335,5.05347560891206,4.96169205740668,5.07871890811883,5.47968994220484,5.20082860798237,5.59639087775452,5.58557777829278,5.18887737158306,5.59070241013539,5.50511782417126,4.87026432960211
"GENE0433",8.8976519957924,8.67853913686867,8.8009659146752,8.77590789969845,8.80042857685826,8.7103583470057,10.3981780196716,9.91015990216989,9.37447430307023,10.5074152177958,9.44415693901665,9.66575649243059
"GENE0434",9.22283903291404,9.11015383205051,8.77476612870772,9.50636675040338,9.2777069148795,8.8046186561464,10.4058357629123,10.3496087392063,10.3952233293263,9.74617119446552,10.4107430237865,10.2917776004828
"GENE0435",5.27537882872743,4.25922592582695,5.35221823605166,5.13317711387027,4.74874735738108,4.58511941354377,5.59639087775452,6.58775767456175,5.37831285249691,6.08204388695807,4.90264323278714,5.53065117136758
"GENE0436",4.065144768198,4.54349182563741,3.76085820161654,4.96177923278654,4.6222967045272,4.58511941354377,4.6350661880597,4.69304720704209,5.60387807226552,4.73801220112087,5.18989720613499,4.37586395102297
"GENE0437",8.5088982541228,8.52707625982723,8.2905041160173,8.001740143434,8.59473674400678,9.07049719969999,8.52586755532029,10.1078840443367,9.85851668114309,9.64426957257411,9.88091081175592,8.82441962985628
"GENE0438",8.98702178854587,9.59999693060857,8.88228678268018,9.10048789685164,9.81311796007861,8.84320207149212,9.6857526527148,9.95753624300824,9.56846656840476,10.4338747539387,10.1443415847609,10.3484836721281
"GENE0439",7.14266302429513,6.80223881488172,6.90738680792409,6.83750161744737,6.92489150364368,6.18734008926068,8.28486543880236,7.2502613609428,7.52264638033603,6.33817828106011,8.36390959795155,7.45150855399747
"GENE0440",5.27537882872743,4.94597899121255,5.17238817225744,4.60282355996089,4.80680779414595,5.01634725588924,5.90589311944218,5.61880370076047,5.10423357161015,6.13719080183395,5.33462522028504,6.58563992052809
"GENE0441",4.57571107120738,5.000948680323,5.47977263785321,4.76074593408714,4.68740827512561,4.93378858587547,5.51957478753055,4.45651341489076,5.8468219741038,4.8415720392666,5.33462522028504,4.56859374079285
"GENE0442",9.47464232478212,10.1108325097241,9.59314567948031,9.33370031777868,9.73926789843284,9.4243483718447,10.9477013980878,10.4256979088091,11.2724870336733,11.1933780505979,10.7571035494611,11.0564834985004
"GENE0443",9.73452946453389,9.33076062405789,10.3533156690756,10.1828736572196,9.84193109475661,9.18505492099304,10.7120483534181,11.2068006177987,11.2708150036192,10.1422149768011,10.8060872754302,11.118425602533
"GENE0444",7.23478074006057,7.37151277666106,7.47057223734563,6.82230835009718,6.64847160347034,7.78124012127407,7.80207618830122,8.2759530115414,8.25003271463515,8.17234952478242,8.75596465875141,8.45936395386753
"GENE0445",5.37704373556169,5.44634641097134,5.87127352691975,5.90861586733418,4.47802302603084,5.20082860798237,5.54568165838144,6.01397554615519,5.74423178720393,5.35501792835748,5.88464834901593,6.2505852324348
"GENE0446",5.10552670264911,6.13463400001752,5.35221823605166,6.04812836537868,5.89522464225048,5.7040323577261,6.8559220097098,6.53818841618034,6.93640521300598,5.79059724343991,5.99989914881159,5.98430380004504
"GENE0447",6.47937734615328,6.57500853115782,7.89015862524972,7.12398795478284,8.01408986763317,7.2550090379016,7.37130633279286,9.19820483080995,8.10725047576565,8.69759338629473,7.98215138395815,8.01372933027943
"GENE0448",7.32132106802785,6.94841405079413,6.82978252712813,7.66330132957236,7.38039408522749,7.27780953224929,7.87267457879622,8.17256208872284,8.66790246225194,8.42481366557068,7.71243694672492,7.98714866607149
"GENE0449",5.79220833066203,5.05347560891206,4.96169205740668,4.30574182321017,5.18878254774675,5.2675149887357,6.35681404605831,5.80245046367133,6.43963604363327,6.52756396052047,6.6673187797284,6.36674984570314
"GENE0450",8.55539002807668,8.68608636793916,8.54601886255652,8.6703636084347,8.70124967599992,8.16551152246693,9.29653701875939,9.37845952552238,10.1875814301437,10.1705210252044,9.05089715357042,9.24806842601351
"GENE0451",4.75447897304764,4.76326395420319,5.50979240942014,4.89863543349259,5.14719229056659,4.03380234021967,4.38398277762959,5.68286062317584,5.34262576431803,6.50003809042682,5.61978437036428,5.45109849932398
"GENE0452",9.00945223991277,8.91847234233301,8.60339437537005,8.15419457892608,8.08694059437101,8.44860491399744,10.3583906827307,10.193479594814,8.7566409017783,9.90234239139295,9.57429615380305,8.87598363802177
"GENE0453",6.62359850447336,6.82995896121927,6.48291585138621,7.20798074133443,5.54319346808701,6.85028782472227,7.12020643436252,7.64032001689611,7.71902058521481,7.86062199708379,8.36390959795155,8.05270139556099
"GENE0454",8.63931337757034,9.62964112442215,9.21660282614418,8.8107129783706,9.10326328432806,8.64196423815314,9.65466350277879,10.7732906012348,10.4255980200093,9.92807869549658,10.7481070832909,9.3189668676211
"GENE0455",7.64239588825751,8.78076440218951,8.59009837662716,8.15419457892608,7.499769693194,7.63615609259465,8.95979405946634,9.12261115782395,7.97089629926419,8.34675175665994,8.78754545092591,9.06132667394701
"GENE0456",9.55560976104315,8.87621642145479,9.86962081798696,8.85954801694844,9.91082655538564,10.1303432937118,10.534821649891,10.6990447000248,10.1086543059698,10.6417917695811,10.1670208034017,10.4171971210574
"GENE0457",6.43530421096138,6.60749939839222,6.55390920437292,6.89670041949108,7.10685558068713,6.81942866563602,7.55448768742466,7.38624580870289,7.43749105445615,6.64518405861117,7.08064278689796,7.25709113230389
"GENE0458",8.71861642166438,8.60877384202463,8.42766350607105,8.23049105022494,8.0716373019384,7.28532964669474,9.57990636350883,9.48793304580732,9.32590702523887,9.78612419041383,9.1961975526474,9.1417600819445
"GENE0459",8.25711747682112,8.57664859218198,9.28418463330655,9.75091053633744,9.20250893841971,8.66225005734622,9.91173993056497,10.2554477150478,9.58829577849834,10.2774968431964,10.5003845234438,10.3248320658523
"GENE0460",6.16445238022268,5.36899923474729,6.66055173926015,6.17479543641974,6.43950360001593,5.79383509563228,7.84785710153832,6.23948307151004,6.85482252612631,6.98871467013601,6.81370764338893,6.88542032386581
"GENE0461",6.10899850095817,5.83385791113941,5.59593619666751,4.83180993558511,5.37821085544912,6.12055832453363,5.98272480996944,6.21851323572876,6.92503312886489,5.88040760563549,5.24001796341339,6.5494038429155
"GENE0462",5.10552670264911,4.62203258403176,5.13308268451435,5.02168626161896,5.10414213213893,5.63249452458539,5.28932474144339,5.77353483694339,5.91897068972772,5.32228647894835,6.22855786129242,5.86946883702259
"GENE0463",10.0131631549739,9.54712449893895,9.92359108048255,9.61753196921974,10.2015274733134,10.1894140156925,10.7960303867492,11.313213831756,10.4631766429083,10.9582229867876,11.7794541227882,10.6869119474373
"GENE0464",9.50126079106073,8.91205151639342,9.00755574084639,9.01021716017523,8.84906602537252,9.01300156787538,9.05596919126943,9.92929757344653,10.1284869076066,9.82362969594169,10.2864479555182,10.6591605266829
"GENE0465",5.22130398880226,5.32850403016816,4.64451109468011,4.17933027955555,4.30773295942769,4.64241390252082,5.59639087775452,5.74398528177613,5.89534344555973,5.74335064878276,5.85424719616166,5.76575950252519
"GENE0466",5.95975172097631,6.75961617047791,6.60823688465687,6.24558767185246,6.63452952699362,6.65417944523995,7.9632567924216,8.14551071915606,7.30382851090585,7.37453398176934,7.63627977154345,7.85125692668905
"GENE0467",7.50144688429964,8.11648136971542,7.57573285019622,7.46343162450534,7.5448687773394,7.97462096308001,8.94117085604474,8.52707927366489,8.64052468276951,8.67039110915133,8.13741083988708,8.21035211208441
"GENE0468",4.22498275163827,4.25922592582695,4.44108581236596,4.83180993558511,4.55277978931402,4.74836901933285,4.78958910954703,4.62017751094195,5.41303377401106,5.38693173058729,4.96591931636746,5.07150200490239
"GENE0469",9.99642140247603,9.93838143167044,9.0125462715399,9.7348973357315,9.81005124357744,9.89851474333008,10.3075161130277,11.4364788845474,11.5262051368897,11.9584348717076,11.322744037427,10.9075824467726
"GENE0470",7.92049724274135,7.0924274318274,8.24878999033249,7.94012928961118,7.68571518717565,8.50425670788613,7.98617524945882,8.56021551113574,8.81596476309687,8.52609776144378,8.57775654616901,8.12355338170909
"GENE0471",4.4729759908335,4.62203258403176,5.0924714955971,4.60282355996089,5.05950945094439,4.45960574336212,5.19097146363657,5.10137785357304,5.18887737158306,5.32228647894835,4.83567457393778,5.10795797700064
"GENE0472",9.04607776784414,9.04122515833095,8.7055635399878,8.91035262750659,9.49189580037976,9.40040532223232,9.41428372574119,9.99283266784928,10.2813604614154,9.86018460205634,10.9279392570737,10.1809965425916
"GENE0473",5.79220833066203,6.89698141998566,5.91581803415833,5.49997071347815,5.89522464225048,6.86042702600481,6.34247894225749,7.44079077483173,7.69922032404519,7.2489508907517,6.8442841935716,7.53352386888709
"GENE0474",4.22498275163827,5.05347560891206,4.51367610562448,4.51374221809768,5.01315373799188,4.84489329067828,5.4657439999289,4.54173721909216,4.96499831346795,5.38693173058729,6.59705860858873,5.62973620989044
"GENE0475",4.75447897304764,5.86161000924083,5.2104797339222,5.68561402859022,4.6222967045272,4.52437607466252,5.38056528187997,6.13131743558802,5.9650330283611,6.06316119013113,6.93225451287569,5.82893339266767
"GENE0476",6.43530421096138,6.22188729485079,6.34532417802652,6.62603018018064,6.5024373765812,6.41261052535818,6.37100382298544,7.17709261734735,7.20411311999314,7.69024924347664,6.9604092742373,7.87562198837775
"GENE0477",5.75606304287901,6.34329617584645,5.9800226195781,5.87892020929913,6.47132260101465,6.01391646633047,6.34247894225749,7.73056119929581,6.7935416806508,6.45771255410179,7.60996891490601,7.11653234978535
"GENE0478",8.71407041461657,8.45379362289855,8.32704060415242,8.63195030613791,8.44056387032495,8.81759490020314,9.89490827374467,10.0139020750943,9.99306337509852,9.01598557582517,10.2571530094683,9.8228589243004
"GENE0479",6.85773106129181,7.13737229451437,6.37708799779376,7.13629357525293,6.74239902862789,7.56390547212359,7.37130633279286,7.67103495770754,6.94768715355463,7.64740901382693,7.81576771330555,8.16365741527745
"GENE0480",4.065144768198,4.62203258403176,3.93574756962721,5.37447816482985,4.6222967045272,4.64241390252082,5.86579180112308,5.51650434151614,5.10423357161015,3.92558082013892,5.72531788539003,5.53065117136758
"GENE0481",5.60086656600879,5.40825302561207,5.2104797339222,4.76074593408714,5.2290206892662,4.45960574336212,6.12458224162565,5.19608618402031,4.80688647693289,5.9849289832386,5.13766140803494,5.69947582828021
"GENE0482",5.75606304287901,6.08885644940613,6.64765342760234,5.07871890811883,6.2685791050512,4.93378858587547,5.62103385748696,6.58775767456175,7.42144964663241,5.28868936701358,6.42487224659314,5.9658221520715
"GENE0483",5.16477571414311,4.94597899121255,4.76066784415556,4.68473034113011,5.34252507624925,5.20082860798237,5.4657439999289,6.28049863983408,6.37374741731386,5.59070241013539,5.13766140803494,5.76575950252519
"GENE0484",8.12628628332718,8.11088060849752,8.01989328175027,7.82362246910882,8.46808180502006,7.43475975375666,8.61671031214886,8.29084055746542,8.71459648596621,8.30410832559162,8.61784312654263,8.78898936177906
"GENE0485",4.57571107120738,4.82751824920096,4.64451109468011,5.53924841248507,5.10414213213893,4.13959078537929,5.69233409867065,4.69304720704209,5.57393739993519,5.66920959612141,4.76445481120257,5.98430380004504
"GENE0486",7.19602647993332,6.13463400001752,7.42624868179027,7.43388354434105,7.77037186251193,7.94651127383617,7.86774524647168,8.0080762898749,8.13696271433623,8.63955157605208,9.09572988195622,8.98287379247161
"GENE0487",9.84255867520173,10.29105663861,10.033210121273,9.91977964349611,9.83741974469439,10.0302676604118,11.3442383529891,10.6246877279007,9.8071415178215,11.0163597766713,10.9953841740222,12.3004168247581
"GENE0488",7.12900472421512,7.75629640200165,6.42342307231612,7.03474306184426,6.68949163604924,7.61247446419583,8.28116571281418,8.36774100011027,7.81412347935958,8.22733893527511,8.87098535707615,8.03551069930269
"GENE0489",4.3577216136768,4.13852865130535,5.0924714955971,4.83180993558511,3.33339683403742,4.58511941354377,4.57805571918833,5.44358190719965,5.10423357161015,4.42298469859371,5.24001796341339,4.82543978751269
"GENE0490",6.92263640398234,6.91001492867377,6.74769120048147,6.89670041949108,7.32971168927786,6.42641329421864,7.49812098354797,7.92775892517409,8.13696271433623,7.10220554527582,8.08749654135897,8.11948081399734
"GENE0491",5.51588380404437,6.24287056861407,5.56784334996378,6.04812836537868,6.59185833681914,6.2195631912168,6.12458224162565,7.46730388957719,6.7682688613808,6.9985250510278,6.91796548739898,6.40793935098966
"GENE0492",7.35686545778226,7.14839086865409,6.53999390376011,6.10019610490782,6.83048654886714,6.20354503286153,8.40191075239064,7.33914918082814,7.72556046613703,7.70822513016572,8.20333307269681,7.53352386888709
"GENE0493",4.97752596119384,4.94597899121255,4.81438547614811,5.71982118703818,4.20806849983989,4.23192956916254,5.38056528187997,5.98925762661564,5.30591088547647,5.41807173488789,5.75872401516255,5.24381262475191
"GENE0494",4.22498275163827,5.10379764560079,5.38531027680005,4.96177923278654,4.68740827512561,5.2675149887357,5.35087168464298,5.55149445800918,5.60387807226552,5.28868936701358,5.08309620659538,5.67663210729273
"GENE0495",5.60086656600879,5.99247478376178,5.00690280338359,5.61445084273423,5.18878254774675,5.20082860798237,5.32047101053023,6.45148769049244,4.74882339490588,4.73801220112087,6.20493726932166,6.15662967311256
"GENE0496",8.37127770449608,8.9626347035641,8.43139666406613,8.89961566115776,8.26340518134799,8.98106557852218,9.7553454064944,9.17433636604254,8.9446388128202,9.7006069659754,8.27753787241477,9.5128759822565
"GENE0497",7.05868126447763,6.73047230184167,6.11909887416821,7.48279725904251,7.31241082270103,6.86042702600481,8.37092111926293,7.84941358810347,7.73855155941661,7.9639259300438,8.06187464504446,7.51500937856362
"GENE0498",7.94400830641611,7.79875038403558,8.21885379621641,7.8083719442315,8.12202771650236,8.29370651407356,9.71344550382893,8.65911116839926,9.2418985134201,8.89327483823447,8.78363549100846,9.16365806923282
"GENE0499",5.16477571414311,4.94597899121255,5.0924714955971,6.07440786992565,4.96491268069176,6.15435138174398,6.4263682738561,6.06211689030952,6.40707861077434,6.02460136057154,5.58265951897939,5.94708768278971
"GENE0500",8.42791344831311,8.24985268526676,8.7208928295394,7.47314714503794,7.78921925644914,8.07755556963474,8.9175483188755,9.67907610240614,9.85107531830742,9.12906543232941,9.64493893999912,9.27392205615371
"GENE0501",9.44752328276887,10.0107557919143,9.78613645859429,9.15566997412088,10.058974117403,9.88502231582918,11.6574458435613,9.68846746458476,10.8988148495572,10.4711135672233,11.3267780486348,10.9263300974372
"GENE0502",6.47937734615328,6.01721052143199,6.11909887416821,4.96177923278654,6.17456778079026,5.77193994438372,6.14133157439788,7.11124884666032,5.82189509075368,6.63258868610507,7.76899828604199,6.21996692452865
"GENE0503",9.36296501219865,8.28010347470005,9.64547476372114,9.57093487379772,9.4609442589678,10.1146643615657,10.522351569295,10.8771309713575,11.3201516608082,9.92040590637623,11.0378369998302,11.2418930041999
"GENE0504",8.1800541138254,7.68262633391933,7.30087483643585,8.21323972385957,7.46889577501866,6.94856618618857,7.95398614876915,8.53126322651987,8.57333836335542,8.25610087662549,8.9911273619293,8.4201872556113
"GENE0505",6.34277418117912,5.96728492689918,5.95895410833228,5.37447816482985,5.57382857406539,6.4934629543996,6.98963315247553,7.34869325145291,6.63466596597726,6.76533101410786,7.23817433596649,6.82630203760116
"GENE0506",4.22498275163827,3.80222998962402,4.58121647782981,3.82642089610471,5.44673993994446,4.31465226204918,4.57805571918833,5.36630838281794,5.74423178720393,4.98102908982467,4.18163946874168,5.42346148460052
"GENE0507",8.77644541463826,8.83268419119674,9.43489391871592,9.13750961211636,8.90476897808652,8.94131022462666,9.32912679800252,9.50504281666113,9.2418985134201,9.26454825152251,10.122847691389,9.48942513009716
"GENE0508",6.31865364886429,5.15211675089249,5.84844210197022,5.49997071347815,5.47968994220484,5.7040323577261,7.22444781463687,6.89324395568518,6.54799154927682,6.67004310935161,7.4510076739116,7.20405965617489
"GENE0509",8.68184035669599,8.00010105541219,8.7208928295394,7.87575977820065,8.09705309957898,8.15327078020908,9.86064399784341,9.86780275327288,8.99413738686808,9.67042786555958,10.0563748164252,8.96257482067965
"GENE0510",8.4662736384521,8.02414256478768,8.29460981455288,8.56102406216687,8.53280077803271,9.02647477154126,9.34868614747965,8.86536220502391,9.12085991774356,8.50571872494,9.51894633416098,9.55565607768867
"GENE0511",7.20906165858098,7.37151277666106,6.96033533597459,7.39351369101768,6.53287914372848,7.39363251075977,8.0042506252842,7.73783143885688,7.67238796254341,7.84987126019598,7.94758331130798,7.18071544607529
"GENE0512",6.58387521906872,7.18094559138275,6.66055173926015,6.22238843327479,6.99179899534936,6.64244576956415,7.12850071519245,7.39548208241863,7.45335487270789,8.02252376048623,8.30508974520148,7.95550392044062
"GENE0513",7.56355660096178,8.15508793519826,8.49698996535352,8.03486126112,8.16110683534123,8.92221554076723,9.69550574999939,9.43980677492957,8.91066953402271,9.54961747596633,9.60341334945436,9.14976152052006
"GENE0514",8.63931337757034,8.26000707609995,9.26549520566202,8.07362547038744,9.09320474249207,9.17299097931741,9.22521797541964,10.1641627349575,10.0809314395538,9.45364051687756,10.0788745301555,10.1829468505458
"GENE0515",9.11665030518783,7.81262743988372,8.45726129349592,8.46715467528357,8.61597595043801,7.81273770780753,9.29470469676091,10.0924036914846,8.84323541275293,9.70359043263065,9.86064747767001,9.366084998537
"GENE0516",5.16477571414311,4.62203258403176,4.44108581236596,4.41564925474099,4.20806849983989,4.79768253464048,5.49293693774556,4.82541118637765,5.82189509075368,5.21868168702726,5.42268344439262,5.8892918708274
"GENE0517",4.83382022495936,5.68583791717479,4.8656317369195,6.22238843327479,4.6222967045272,5.53068369428789,5.71527885752612,6.1086334931305,5.74423178720393,6.25792787137706,6.02725817986618,5.9088304410793
"GENE0518",6.43530421096138,6.43699195524172,6.59484977164761,6.35612556523743,6.89022005864387,6.46702567968607,7.88248281771451,7.58493458184002,7.15638175646038,7.46903569313679,7.72065479717393,7.25709113230389
"GENE0519",8.68184035669599,8.58877966007427,8.32704060415242,9.15265908764592,8.58399856076312,8.46849316859381,9.83566138028024,9.60165893642617,10.0771094274844,9.60332193321395,9.46138710484827,10.0945364186352
"GENE0520",6.9540113514196,7.41771315655409,6.58133448834426,6.96739374918076,7.00265091959463,6.74470262618717,7.1612043026458,7.57684493544787,6.98100630599043,6.95887150564948,7.31631651630361,6.26564559382991
"GENE0521",7.96714110947152,8.3625155363086,8.44253842812541,8.82591614278075,8.00874229392366,7.92746147563211,9.03416862571382,8.39555185159659,8.99143160491103,9.48172042876895,8.88199825891801,9.34533344416874
"GENE0522",6.13700302636241,6.47278585795376,6.92880318517162,6.37722164527099,6.42331964254991,6.25105661427605,8.17749995998588,6.82625169736574,7.8263411832194,7.46903569313679,7.89048532910429,7.37824585619674
"GENE0523",8.59549293331426,9.50722302740962,9.63094809735559,9.71870434880823,10.0997268511448,10.1713392433243,10.6822311027052,10.788216173341,10.6167441844163,10.9406311560328,10.9758222663657,9.73917353625578
"GENE0524",4.065144768198,5.32850403016816,4.91466241217766,5.18531255928563,3.95654372834274,4.97579350093252,6.29857016310033,5.36630838281794,4.20811770217306,5.59070241013539,5.28820757240662,4.77874383137617
"GENE0525",6.31865364886429,5.2434159155023,5.44904465981825,5.37447816482985,5.66169183274517,5.2675149887357,6.49263775991552,6.23948307151004,6.11507016701363,6.52756396052047,6.13156456906103,6.05583879279751
"GENE0526",7.18287131076948,7.15932508488617,7.53458925528696,6.07440786992565,7.32108739685644,7.65945332269676,8.20900160752998,7.96538663025172,7.58154801019905,8.11068169357111,7.48037090870302,7.72282017245253
"GENE0527",3.85356290445134,4.94597899121255,4.96169205740668,4.60282355996089,5.18878254774675,4.58511941354377,5.35087168464298,4.82541118637765,5.18887737158306,5.25417383302746,5.28820757240662,4.87026432960211
"GENE0528",9.51960563508393,8.80868751662386,9.46977923317925,8.87058648101232,8.80659877917769,8.92940572139395,10.0603908725883,9.90694545718125,9.58829577849834,9.85750837477135,9.94530448826473,9.60595307266094
"GENE0529",6.02140674109204,6.74511913797402,6.53999390376011,5.90861586733418,5.91885121189743,5.65676954152493,6.38505127317649,6.93197472332696,6.7935416806508,7.29734513797327,6.94640149760966,6.18865938633173
"GENE0530",7.90460684922436,8.2549388340842,7.84604279820711,7.39351369101768,8.49508385231097,8.3907160488003,9.19016315142974,8.97382950685278,9.04460522888287,8.5823203341751,9.72048359495727,8.98511169013038
"GENE0531",8.95656106072213,8.10525796116527,8.78938032634633,8.16619899116303,8.28124830607881,9.30044791593193,9.87051713014657,9.51563424970426,9.06276213228461,9.58240372451384,10.0547541842568,10.6758753595427
"GENE0532",8.69574160133615,8.89261562450649,8.4826696400422,8.12373799143236,8.41250991661533,8.81241841392566,9.69966554308377,9.90533554432845,9.82548360565582,9.96708400674808,9.91346696950721,9.5035413519557
"GENE0533",6.60387654406407,6.6703216402367,5.67680935887743,6.29085839056383,7.0967710514741,6.84007574915756,7.83275827386569,7.89563231738026,7.38054225173619,7.27335265438394,8.07474263148068,6.65543574576843
"GENE0534",4.065144768198,5.15211675089249,4.8656317369195,5.32977315665522,5.57382857406539,4.93378858587547,5.86579180112308,5.98925762661564,5.44684439577657,6.41407245891111,5.61978437036428,5.30655988068131
"GENE0535",6.99981439278922,6.45500288176348,7.22520537523972,6.92540051474549,6.40694687715487,6.46702567968607,6.71937689333497,6.91918126469472,7.44544491454523,7.67813906395824,6.08039663785972,7.49625270884689
"GENE0536",8.56552089348895,8.71956811395706,9.1297102535853,8.74424822619294,8.54392594060423,8.37675017882251,9.19802709629913,9.20345569989043,9.10842760891491,9.53294053891801,9.82305949199251,9.23120005405623
"GENE0537",5.10552670264911,4.54349182563741,4.58121647782981,4.89863543349259,4.6222967045272,4.74836901933285,5.54568165838144,5.98925762661564,4.47808609970675,5.21868168702726,5.7913210827584,5.36634491221722
"GENE0538",6.29410944552017,6.47278585795376,6.32916773000447,7.02152542511064,6.32208432471725,6.41261052535818,7.27010944941662,7.38624580870289,7.0027937912805,7.21575366608579,7.19152657335398,6.78547693994454
"GENE0539",7.26004536094882,7.41771315655409,7.34918553831732,7.58487132516992,7.0967710514741,7.90815588084082,8.07863342561036,8.60456805449773,8.54038552057924,8.85888604541849,9.13000290113702,8.62643013663597
"GENE0540",8.94108587125395,8.64407869465869,8.31496450015815,8.00842566416608,8.0716373019384,8.68225424341096,9.00980098024378,10.001900124759,9.63063581372875,9.29651927651205,9.29287107466579,9.08447102056783
"GENE0541",5.22130398880226,5.62172626825794,5.56784334996378,5.71982118703818,5.74411748646959,5.55688262416421,6.05547844755648,6.81246563675392,5.60387807226552,6.7537646295858,6.98801811246797,6.66674049373105
"GENE0542",5.27537882872743,5.40825302561207,4.58121647782981,5.65050799972721,4.55277978931402,5.77193994438372,5.84528873359858,6.33984640299133,5.89534344555973,5.74335064878276,5.75872401516255,6.60929045538049
"GENE0543",6.64304895209261,6.93572911571018,6.91813529213704,5.90861586733418,6.53287914372848,5.13035330148718,7.83275827386569,7.98993566247718,8.47600650357074,8.03206209244154,6.85932914672423,7.37139600002599
"GENE0544",6.64304895209261,5.88880650063069,6.69855572422256,5.84856185472356,6.64847160347034,5.79383509563228,6.56824923541444,7.44079077483173,6.7935416806508,6.64518405861117,7.06777338022848,7.11653234978535
"GENE0545",4.3577216136768,4.69499358436409,5.72812218279442,4.0273271381528,4.6222967045272,4.03380234021967,5.2246232706067,5.10137785357304,5.66180353729039,4.88996318035601,5.99989914881159,6.21996692452865
"GENE0546",8.44447878793966,8.85962848664775,8.69318160439699,8.48642430060288,7.8740455884556,9.00848237160918,9.39046195698517,10.0272859653521,10.8133350181788,9.77765551073503,10.0724817726587,9.40337085889782
"GENE0547",7.10128977230633,7.18094559138275,6.74769120048147,6.98112071047692,7.58859292685946,7.42798667660009,8.34634838285976,7.50190868636444,7.71902058521481,8.48157296054442,6.97428059046477,6.96973050860055
"GENE0548",4.83382022495936,5.5884713191697,5.87127352691975,6.12551183168539,5.37821085544912,5.09353462373327,6.17423474173109,6.66669119771065,6.66241451073872,6.41407245891111,5.88464834901593,5.98430380004504
"GENE0549",8.11942181790512,9.11295556065049,9.01999982337926,8.17810409826189,8.03001432358446,8.65359108232891,9.28919371894761,8.68562751510082,10.1049051435453,9.34509675871835,10.2069659342327,9.84150037782303
"GENE0550",4.22498275163827,5.36899923474729,4.44108581236596,5.07871890811883,4.91459706087536,4.58511941354377,5.57128002485022,5.51650434151614,5.98749561946715,5.85850633439521,5.02594913526056,5.74402639133863
"GENE0551",9.24190726554896,10.4051417499996,9.61463387068633,9.16765103525755,9.82986932875603,9.47762708487121,10.2613624764972,10.9007524582588,10.5594573501377,10.4203387196554,10.43212150036,10.5755240003693
"GENE0552",5.82741119739648,5.77658684905942,5.91581803415833,6.19879571503144,5.41293052223172,5.05556156577568,6.29857016310033,5.61880370076047,6.6760872469506,5.38693173058729,6.38356554838313,6.14033302751171
"GENE0553",9.36296501219865,9.87873583680345,9.22951805380122,9.20300820235947,9.06517633921789,9.23812732060357,10.5617298600646,9.83604337158897,11.453876454219,10.0850243033522,9.03782748655396,10.5233728241892
"GENE0554",4.3577216136768,4.94597899121255,4.8656317369195,5.13317711387027,4.74874735738108,4.23192956916254,5.15637963915766,4.94373409540296,4.68748146497161,4.88996318035601,5.13766140803494,5.10795797700064
"GENE0555",7.35686545778226,6.62346869553165,7.18136938490921,8.37192917867559,7.43734219002641,6.78788389872491,7.84284176410676,8.04368525248422,7.94312473257015,8.44636136889209,7.79257329846972,8.01372933027943
"GENE0556",7.12900472421512,7.60497074257856,7.82346646484716,7.06081633429732,7.32108739685644,7.87870250468784,8.76969664418112,8.17791187580067,7.52264638033603,8.27228188890483,7.72065479717393,8.63785693434954
"GENE0557",9.01685216431452,8.71588610610265,9.16375299351453,9.08477712906774,7.93171017225445,8.8979858898917,9.96224216825328,10.0420127407489,9.29771462708297,10.5863045762131,10.1259379260485,9.48942513009716
"GENE0558",8.35967827858992,9.70954286785497,8.86583406878615,8.99348527499956,9.52594025281644,9.25539271478149,9.19802709629913,10.5647626940227,10.4988491540959,10.2563206758193,10.0676685426896,9.13572972638591
"GENE0559",4.75447897304764,5.51933612698998,4.96169205740668,4.0273271381528,5.2290206892662,4.69671045320522,5.2246232706067,5.58557777829278,5.8468219741038,6.13719080183395,5.13766140803494,6.0205365393326
"GENE0560",9.12352121676265,9.51571557162352,9.85024379592387,9.5482052480633,9.23489128562308,10.0369379510023,11.2170223304607,11.313213831756,9.63063581372875,10.5269142661764,10.1305609002832,10.5866159775128
"GENE0561",7.68024880944429,7.32377204401269,7.48504730377809,7.34139671090057,7.45320581818558,7.58839547017555,8.49106896669726,8.42283579058622,9.27342129591822,7.54440286129061,7.91931775614437,8.48806265095619
"GENE0562",5.37704373556169,7.01019721037805,6.48291585138621,6.35612556523743,5.94207570761707,6.10334721091766,7.32880922487156,7.18777743077116,7.02425316271516,6.67004310935161,6.97428059046477,6.98780684525357
"GENE0563",9.39170555786281,9.77644239570007,9.62118172326084,9.81324256720763,9.91938950455242,10.1874168557453,10.8833360990908,11.0223235762971,11.0396605192789,11.1557540634664,11.6160032907652,10.7262263176499
"GENE0564",5.27537882872743,4.54349182563741,4.91466241217766,5.18531255928563,4.47802302603084,5.55688262416421,5.73783740527741,5.55149445800918,4.62236681307091,5.38693173058729,4.30837276184222,5.42346148460052
"GENE0565",4.66889628332048,4.76326395420319,4.96169205740668,3.82642089610471,4.55277978931402,4.45960574336212,5.66898870327044,6.1086334931305,5.63315652429458,6.13719080183395,5.33462522028504,5.24381262475191
"GENE0566",6.92263640398234,6.59134744964897,7.0989066823063,6.69452339024463,8.01408986763317,6.75562184297367,7.71690169823264,6.7702853662446,8.09216106268739,7.38948466433328,8.06832302559067,8.09480033152704
"GENE0567",7.39154880374634,7.62084161824101,7.61572933564183,7.97468287836127,7.73839938879241,7.92746147563211,9.48508283600715,8.62428560702193,8.96409072967507,8.81540305888585,8.08749654135897,8.93274004397975
"GENE0568",5.22130398880226,5.05347560891206,5.47977263785321,4.30574182321017,4.47802302603084,5.23461658439802,5.51957478753055,4.69304720704209,5.66180353729039,5.18214848822356,6.54196953764744,4.9549542106143
"GENE0569",4.83382022495936,5.65416792709915,4.64451109468011,5.07871890811883,5.26800207479775,5.65676954152493,6.60458680874935,5.96408614432559,6.4714557263892,6.38420631975391,5.42268344439262,5.74402639133863
"GENE0570",8.5088982541228,8.60080943485748,8.0099345002576,8.49120169526816,8.67112922060957,7.64785197197456,8.71866242668844,9.7844281855366,9.98356655298109,8.95217648028085,9.53995224178569,9.37634985410089
"GENE0571",5.16477571414311,4.62203258403176,4.17928166882704,4.51374221809768,5.26800207479775,3.90712034034531,5.35087168464298,5.19608618402031,4.96499831346795,5.47818778485135,4.606173645641,5.14335227951321
"GENE0572",4.90791694271948,5.5884713191697,5.91581803415833,5.71982118703818,5.71720204413545,5.60776759123199,5.64522737225206,6.28049863983408,6.43963604363327,5.61739078218998,6.70118172026319,5.33680315109659
"GENE0573",9.06761461183451,8.87291407161305,8.73606076728744,9.29326271851323,9.93636438937415,9.67157271922493,10.9771259044424,10.3136498594622,10.3314160126798,9.74761730875355,10.3001915531489,10.7612380812921
"GENE0574",6.08041492233309,6.26354233018096,6.00077224331542,6.37722164527099,5.63304574559507,6.28185374108108,6.47963144704358,6.6198621607006,6.96998631484982,6.64518405861117,6.27462957656742,7.0664275182899
"GENE0575",9.59073688960237,9.45959844622973,10.1201382552217,8.74424822619294,9.72793811316807,9.86391891646272,10.5058192702674,9.94662013523891,10.52620479589,10.1477017598399,10.827124172288,10.6415408148742
"GENE0576",7.3800807660653,7.67504711104378,8.17942626153515,6.60837548169445,6.51774051838371,7.32234855404274,8.12891563088695,8.47155222970654,8.05113134913758,7.68420692168087,8.82607248332692,8.45936395386753
"GENE0577",5.42499698288565,5.71677457354216,5.0924714955971,5.37447816482985,5.10414213213893,5.05556156577568,5.43797005921605,5.91231010814563,6.50257115714982,5.74335064878276,6.27462957656742,6.29528692106071
"GENE0578",7.29712476527457,7.10379701269371,6.93939170264276,6.66069137061401,6.62044854148035,7.03156492980097,8.11234937311859,7.69364746108391,7.58154801019905,8.44279239778967,8.2150011538137,8.21798937530845
"GENE0579",7.36852015670968,8.1220604149865,7.42624868179027,7.83871284138112,7.71229887803853,7.64201594503323,8.47820356486402,8.24570793551434,7.5450188944387,8.74181960114137,8.47479807544585,8.1113009344675
"GENE0580",9.86527701020436,9.28677813765764,9.54402447917558,9.0267570722827,9.33857317631472,8.66225005734622,9.89490827374467,9.83773246745742,10.1111483448105,9.89191789872016,10.6645098051824,9.71780723548475
"GENE0581",4.4729759908335,4.82751824920096,4.8656317369195,4.30574182321017,4.47802302603084,4.03380234021967,4.78958910954703,4.45651341489076,4.47808609970675,5.02403580464725,4.30837276184222,4.87026432960211
"GENE0582",6.5221111146563,6.13463400001752,6.40814752766727,6.51662864149371,6.78082238817846,6.99527217268752,7.39895285707095,6.23948307151004,7.09691535704927,6.42877039289478,7.01510205007229,7.55180238991754
"GENE0583",5.68071852918215,5.99247478376178,5.47977263785321,5.41767630478048,5.60376825248473,5.42029639220579,5.43797005921605,5.48055331725275,6.7425374961594,6.2244883511112,5.7913210827584,6.15662967311256
"GENE0584",8.29415533500991,8.62063850733295,8.02484693404595,9.07526782729059,8.73722856485526,8.24840006305746,9.32912679800252,8.44074209244755,8.6746663929194,9.60969773836225,8.76392497275759,9.44297611147267
"GENE0585",3.33339683403742,4.36428639562465,4.2758805597652,4.89863543349259,4.80680779414595,4.79768253464048,5.19097146363657,5.10137785357304,5.63315652429458,5.53565047103937,5.65589826360468,5.5811231366749
"GENE0586",7.92837705911155,8.44936453437253,8.10654945515538,8.9280717331127,8.6053954844371,9.37078681811369,9.1111544424391,9.30952462124555,9.73620322814006,9.2945417213126,9.55149132520523,9.70429075511234
"GENE0587",5.27537882872743,5.86161000924083,5.53913863910085,5.41767630478048,5.01315373799188,5.68061003498063,6.35681404605831,6.1086334931305,5.98749561946715,6.17277142885426,6.65007844110637,6.67795561388007
"GENE0588",8.71407041461657,9.49653653194859,9.07112277084907,9.15265908764592,9.02340965441588,9.30044791593193,9.5121417559566,9.42864131557208,9.61490360433974,9.71398423140778,9.80002734292189,10.3921277323112
"GENE0589",6.13700302636241,5.88880650063069,5.47977263785321,5.02168626161896,5.79638474795275,5.68061003498063,6.31336025633163,6.72681208464367,5.82189509075368,6.5138682890096,6.75050455945418,5.8892918708274
"GENE0590",4.83382022495936,5.77658684905942,5.84844210197022,6.26840677259888,5.34252507624925,6.18734008926068,5.80332831126727,6.08557110950421,6.85482252612631,6.42877039289478,6.71781420160232,6.07315632457102
"GENE0591",5.47123394390682,6.15696716394997,5.2104797339222,5.84856185472356,5.57382857406539,5.2675149887357,5.90589311944218,5.88566646440782,5.51193366996622,5.66920959612141,5.42268344439262,5.92809301798095
"GENE0592",9.85705714011957,9.67014525132721,9.5594488012709,9.72073844250437,9.12069861937043,9.41584284540948,10.8550244628274,10.9639786070083,10.1661535227754,10.8097047293588,10.8450487529306,10.2717584096964
"GENE0593",5.32722718529249,4.94597899121255,5.17238817225744,5.28343957432089,5.41293052223172,5.16609490762959,5.86579180112308,6.53818841618034,6.81837226734115,6.59411451311753,6.50400981704698,6.30987479792918
"GENE0594",4.75447897304764,5.44634641097134,5.35221823605166,4.17933027955555,5.47968994220484,5.58257021384029,6.01958288741158,6.17560013127502,5.60387807226552,5.25417383302746,7.04168090465883,5.36634491221722
"GENE0595",4.83382022495936,4.25922592582695,5.2474390419342,4.96177923278654,5.41293052223172,5.8982945785359,6.09046257237503,5.98925762661564,5.94219584084286,5.32228647894835,5.69105863050171,5.42346148460052
"GENE0596",8.70034570708425,9.20511276261622,9.203570866595,8.32987065736375,8.75648127285868,9.19104924910956,9.53094103051992,10.1328625615957,9.80251931649623,9.98313227997386,9.3362149471531,9.00289089188601
"GENE0597",8.26956960592635,7.71254937306585,7.92767967926419,7.93311780171924,8.08694059437101,8.1976534688517,8.25499793784081,8.94590244832334,8.66110663078967,8.98933331154542,9.02794688648186,8.67438032151843
"GENE0598",4.57571107120738,5.40825302561207,5.72812218279442,4.60282355996089,5.37821085544912,5.33084216030771,6.20637570058624,5.74398528177613,6.07384366040205,5.02403580464725,5.72531788539003,6.33860140898618
"GENE0599",7.81392353902588,8.31461097667618,7.9948658304585,7.80068555084825,8.57679504813429,8.11169955484138,8.77233323910535,8.91742363076807,8.13696271433623,9.19203749368009,8.97750180352883,9.02698469103387
"GENE0600",4.75447897304764,5.94162310744823,5.17238817225744,5.41767630478048,5.14719229056659,5.09353462373327,6.10762767549903,5.61880370076047,6.51787461707585,6.20746235163936,6.78245803572603,5.86946883702259
"GENE0601",9.75236715786312,9.19985177989746,10.0838615074573,8.80305083050293,9.49380839131382,9.03760704498656,10.844419235871,10.4479846336808,10.7435193773931,10.8405213020796,10.6824610858892,10.9517166534451
"GENE0602",10.2869200445305,9.59198781162907,10.3959377475395,9.98554210904111,9.97247199720091,9.80391428190227,11.2014630952066,11.2862554310162,10.9740418552165,10.6394570119472,10.7571035494611,10.7012705035394
"GENE0603",5.51588380404437,4.94597899121255,5.2104797339222,5.68561402859022,4.8619839938629,5.36135958543197,4.78958910954703,4.99864172506497,5.60387807226552,5.90196191531523,6.25178417146971,6.07315632457102
"GENE0604",8.07753273908138,7.59696899256673,7.94346513517675,8.45253136927627,7.50738539502621,8.14505205640521,7.82260353029951,9.50716733528622,9.54836091304715,9.45894731685546,8.31053740977475,7.97817814195116
"GENE0605",6.05122677290855,7.71254937306585,6.67333348395195,7.29829249528992,7.19454783661132,6.98605269729726,7.71140678846714,8.20959960834128,7.32985921378851,7.35942556914906,7.28334823856941,8.06968908518637
"GENE0606",5.82741119739648,5.91547036063218,5.53913863910085,5.65050799972721,5.5118269454012,5.58257021384029,6.49263775991552,6.71201949198937,6.40707861077434,7.27335265438394,6.75050455945418,6.0205365393326
"GENE0607",6.10899850095817,6.34329617584645,5.59593619666751,6.19879571503144,5.68973507758162,5.77193994438372,6.34247894225749,6.82625169736574,6.17469406767374,5.47818778485135,6.42487224659314,6.17273695555514
"GENE0608",4.66889628332048,5.91547036063218,5.59593619666751,4.89863543349259,4.55277978931402,5.42029639220579,5.69233409867065,6.08557110950421,5.30591088547647,5.61739078218998,4.96591931636746,6.10715272586554
"GENE0609",6.26912592751942,6.62346869553165,6.58133448834426,7.14849405573179,6.32208432471725,6.37036786454994,7.5108397797975,7.29045025121583,6.7935416806508,7.33645976249335,7.32713929740336,7.00565668875859
"GENE0610",9.53514616689715,9.35225881363228,8.71783998934052,8.69126997989948,9.16938257819352,9.37781080608785,10.8587489474772,10.362572258657,10.8071958451168,10.6503203632246,9.8038916663751,10.3212949080002
"GENE0611",7.42541212239543,7.48866842710415,6.84113170204773,6.89670041949108,7.30368132394364,7.2550090379016,8.6049238314173,7.06560292235522,7.58874352988958,7.67813906395824,7.67908701566924,8.87598363802177
"GENE0612",6.89055401274206,6.6703216402367,6.90738680792409,8.18991153363824,7.33828433110272,7.07566907746602,7.82260353029951,8.70056347389723,8.6335981772552,8.81815951924199,8.44539252740564,8.06546093189636
"GENE0613",4.90791694271948,4.88828303784405,5.56784334996378,4.0273271381528,3.95654372834274,4.84489329067828,5.54568165838144,5.77353483694339,5.63315652429458,5.85850633439521,5.46455409026317,5.53065117136758
"GENE0614",6.41273790426979,6.15696716394997,6.32916773000447,6.47818907174912,6.2685791050512,5.87803565145312,6.83575122170434,7.51890283102636,6.50257115714982,6.95887150564948,7.98896639166488,6.80603625444964
"GENE0615",4.66889628332048,4.25922592582695,5.35221823605166,4.76074593408714,4.68740827512561,4.93378858587547,5.57128002485022,6.17560013127502,6.05275918502935,4.62346344389119,5.65589826360468,5.33680315109659
"GENE0616",5.64139193388158,6.43699195524172,5.80159265148916,4.89863543349259,5.57382857406539,6.38459068643026,6.70830798260403,6.48681165274399,7.388817724827,7.31311949907129,6.93225451287569,6.10715272586554
"GENE0617",4.83382022495936,5.28667684964983,5.2104797339222,5.07871890811883,4.91459706087536,6.10334721091766,6.22217161717912,4.69304720704209,6.71633033639399,6.32249286255659,6.05408357705721,5.65339062366611
"GENE0618",8.02706892224217,7.36209113116368,7.62881754507911,7.42389722234322,6.89022005864387,7.35843409314265,8.50064316575311,8.68562751510082,7.87419905628004,8.61122010700351,8.79144483181836,7.72818427999694
"GENE0619",10.2512997677539,9.49868017554131,9.762638210657,8.91391391662598,9.7648351450159,9.13203284266361,10.4890953054895,11.2397483914003,11.0304671906484,11.1986736917757,10.5632849205396,10.5295168597754
"GENE0620",7.93621392458467,8.71588610610265,8.83517415176192,8.65767262152637,8.40031746383234,7.82823130617804,9.41428372574119,9.10307679709326,9.22126378387748,9.74906197455351,8.67806432509355,8.76574402592854
"GENE0621",6.08041492233309,6.38152941411876,5.28333916502146,5.53924841248507,5.82177843488912,6.60664866537929,6.14133157439788,6.50414640483489,5.89534344555973,6.30662940925271,5.7913210827584,6.8561685958852
"GENE0622",5.99092554302756,5.71677457354216,4.96169205740668,5.13317711387027,4.55277978931402,5.87803565145312,6.15788077277609,6.15363563279657,6.23186103826402,6.69447286788744,5.54446056462054,6.38061463797307
"GENE0623",7.29712476527457,7.0809665385898,6.90738680792409,6.74380224682556,6.98086377780064,6.37036786454994,7.4394472460759,8.11236318761907,7.5450188944387,6.98871467013601,7.9405688451493,8.17154583179432
"GENE0624",6.73648105590087,6.74511913797402,7.25933138956336,7.29829249528992,7.46107226597804,6.10334721091766,7.86774524647168,7.38624580870289,7.31255812346138,8.31586416523346,8.08749654135897,8.05696716131822
"GENE0625",6.13700302636241,5.5884713191697,4.8656317369195,5.61445084273423,5.91885121189743,5.63249452458539,6.25323544564354,6.33984640299133,6.4234517348088,5.64355255347913,7.06777338022848,6.72194803230264
"GENE0626",5.10552670264911,6.15696716394997,5.2104797339222,5.81750875605802,5.05950945094439,6.03227317169203,5.35087168464298,5.91231010814563,6.7682688613808,7.1644658437704,6.5231175575843,7.43846368995215
"GENE0627",8.78079914643824,8.56441450845296,8.90661899948333,8.77981689985412,7.46107226597804,8.25605085010663,9.82046143046781,9.34083463038894,9.6288962411744,9.37347666248522,9.3362149471531,9.91843658491207
"GENE0628",6.56358632495771,6.63925950851728,6.88564305999428,5.65050799972721,5.87118104645258,6.18734008926068,8.04846955947633,7.59297887189389,6.51787461707585,7.60964289037929,6.20493726932166,7.30103224270847
"GENE0629",4.75447897304764,4.88828303784405,4.8656317369195,5.28343957432089,4.96491268069176,5.13035330148718,5.69233409867065,5.80245046367133,5.10423357161015,6.00490842506876,5.69105863050171,5.36634491221722
"GENE0630",7.85585375932189,9.04709677222431,8.03960634787813,8.51953803237149,8.75966519886868,8.97875713357164,10.543332724831,9.93719726416718,10.1661535227754,10.3023078252161,10.6431006205761,10.1652984160302
"GENE0631",9.03153902498495,8.96573798412276,9.04213200963047,9.39613056033767,8.93042162542306,8.883250157709,9.50898457950804,9.83265923406018,10.2802527719685,9.57427677408263,10.2011174835804,9.24059572397478
"GENE0632",6.56358632495771,6.01721052143199,6.80680839617248,5.99401446746821,6.07371995318281,6.15435138174398,6.88565133297216,7.38624580870289,7.02425316271516,6.9487831667748,6.91796548739898,7.63415171152111
"GENE0633",5.27537882872743,5.28667684964983,5.0924714955971,5.87892020929913,5.05950945094439,5.01634725588924,6.19039820223215,6.90627172735592,6.05275918502935,5.66920959612141,6.44507836049987,6.63255143846491
"GENE0634",8.15342129710217,8.30483579521602,8.84919137974627,8.1602093018771,8.8698394544738,9.36549628316397,9.96915048487765,9.49008290137756,8.80983390120273,9.61287510207659,8.63096124276485,9.14776532003655
"GENE0635",7.32132106802785,6.88382736234036,7.90097922470514,7.29829249528992,7.80164821099198,7.15998720003404,8.4974588315719,8.79752417039995,8.8342024074034,8.95718641115826,8.61344374471036,8.67991803395013
"GENE0636",7.73522037534951,8.17669254888672,8.16155012643933,8.00842566416608,7.42934403119844,7.32234855404274,9.16229658278215,8.94590244832334,8.74061481021775,9.34700622820196,8.98773302723349,9.11952436759208
"GENE0637",6.58387521906872,5.94162310744823,6.31282238525141,5.93767861405064,5.89522464225048,6.08591904380891,5.2246232706067,7.07715202785638,6.83062658236547,6.96888886989161,6.59705860858873,6.71107740034224
"GENE0638",8.91755705135466,9.21557748775702,9.46977923317925,8.48642430060288,9.06260107383205,9.68720559416537,9.77519073475971,8.73723980451742,9.04460522888287,9.79033995626767,10.0318720429195,9.92427789064246
"GENE0639",4.57571107120738,4.62203258403176,4.81438547614811,5.02168626161896,4.39688560685022,4.93378858587547,5.00726558384292,4.94373409540296,4.62236681307091,5.76718106798891,5.02594913526056,5.21122135721986
"GENE0640",6.10899850095817,6.1119346667448,6.37708799779376,6.74380224682556,6.78082238817846,5.29957473473025,6.0376476877739,6.98202885739717,6.60636167878499,6.87608834340815,7.26093962567444,7.48361053880328
"GENE0641",5.37704373556169,6.08885644940613,5.35221823605166,5.65050799972721,6.47132260101465,5.47665968096879,6.58046601825008,7.06560292235522,6.25040618619454,6.48607063042107,5.99989914881159,6.67795561388007
"GENE0642",4.75447897304764,3.80222998962402,4.76066784415556,4.60282355996089,5.10414213213893,4.39004562113047,4.13488263429582,6.1086334931305,5.66180353729039,4.26028533421001,4.83567457393778,5.50466855113633
"GENE0643",7.19602647993332,6.91001492867377,6.82978252712813,7.23109899282477,6.66227753798405,6.35599911771369,8.40191075239064,7.52732497047856,8.17564815451568,7.29734513797327,7.43109254821764,7.95550392044062
"GENE0644",5.22130398880226,6.04150895137728,6.89655648839818,5.96613618738869,6.07371995318281,6.68880748404127,8.11650885264748,7.38624580870289,6.39051208989991,7.53771265689779,6.93225451287569,7.53352386888709
"GENE0645",5.42499698288565,5.4833522013719,5.84844210197022,6.29085839056383,4.96491268069176,6.41261052535818,7.23983093244971,6.21851323572876,6.80601126813129,5.9849289832386,5.33462522028504,6.77508448269432
"GENE0646",10.0001586208453,9.63938864645934,10.4196053445348,8.87424726262201,9.13302458967959,8.70198451850645,10.7940865957092,10.4568037991741,9.17432327906501,10.6846943280891,10.9226181975448,10.1916907507823
"GENE0647",6.38980265357328,6.68560060180227,6.13787023893301,6.91112284203522,5.98737422955495,6.48030643752507,7.5108397797975,8.18855215893196,8.15159189207357,8.07421878760127,7.11856893101818,7.84139405892956
"GENE0648",7.27251225523492,6.85714840003026,7.20783197684277,7.6289715522373,7.72540842568478,7.70494335952276,8.22449760135535,7.82231986242886,9.2418985134201,8.59844727699484,7.57412011268683,8.45290806007357
"GENE0649",7.26004536094882,6.28391199196743,6.93939170264276,7.63763127740912,6.48696601502547,7.168151508594,8.14121635099355,7.15548023403262,7.50753508489621,8.24384463094364,7.69585880199229,8.2555794452986
"GENE0650",8.59549293331426,8.22414883681045,8.75703119620635,7.24251942933045,8.24533812042347,8.55783816361152,8.84175696290869,8.37707108831525,8.73091290499348,9.25033488670571,9.19325372567723,8.34198247267239
"GENE0651",5.92785141446124,5.94162310744823,6.02121292990129,4.68473034113011,5.30581156458017,5.23461658439802,5.49293693774556,6.35908197462979,6.48709947121793,6.5138682890096,7.50914474309386,6.56158627232395
"GENE0652",10.2853894901202,9.97116846087622,9.57807943818915,8.99348527499956,8.58040130666085,9.03538745676787,10.1462016548229,10.715673066131,10.8002579020035,10.6718046846051,10.6431006205761,10.6724090377842
"GENE0653",8.55029775348359,7.92546671117478,8.25301621732008,8.57008315776356,7.66544935310453,7.94651127383617,9.56782000451763,9.45309220491992,9.30862318500677,8.82365667469261,9.09887949705847,9.29030075893702
"GENE0654",5.86172229049857,6.15696716394997,5.59593619666751,5.65050799972721,5.96491225803506,5.77193994438372,7.20105824583085,6.53818841618034,6.57747844604202,6.69447286788744,6.5605726659908,5.67663210729273
"GENE0655",5.10552670264911,5.28667684964983,4.8656317369195,4.41564925474099,4.8619839938629,4.79768253464048,5.1207860294374,4.54173721909216,4.55284654316695,5.21868168702726,5.08309620659538,4.82543978751269
"GENE0656",5.89518809952742,7.0924274318274,6.26260597736711,7.09905385643515,7.0967710514741,5.8982945785359,7.12850071519245,7.69364746108391,7.32123481012564,7.64118326649361,7.92643641008733,7.09169982989027
"GENE0657",8.56552089348895,8.84958331098023,9.71599119577024,9.83406182721981,10.2800882145727,9.59378019468018,11.4688770878014,10.2529181679555,10.8110358888311,10.2171933586226,10.7866929148369,11.2442296785218
"GENE0658",7.30927405384068,6.28391199196743,7.31716025934176,6.55404669454595,6.42331964254991,6.90027570910795,7.19317588668876,8.04368525248422,7.80797544939384,8.42119082946582,7.61879290459704,7.70660657665555
"GENE0659",6.56358632495771,6.5248243545699,6.58133448834426,6.45856803913137,6.72935627829843,6.39867059958643,7.61462441339729,7.88911993470479,6.7935416806508,7.98372501300483,7.94758331130798,7.39184805994009
"GENE0660",5.51588380404437,4.76326395420319,5.47977263785321,4.76074593408714,5.34252507624925,5.29957473473025,5.69233409867065,4.99864172506497,5.79650064335651,6.24130849611441,6.27462957656742,5.8892918708274
"GENE0661",6.56358632495771,7.98792789969623,7.49937767407093,7.19627987557019,7.1268133853913,7.82308531257036,7.85285499778016,8.26594175766305,8.42073893709438,8.15935564189005,7.57412011268683,8.45290806007357
"GENE0662",7.41421305340226,6.70071637702235,7.70493555121739,6.67770849243583,7.22262195205947,7.73265977561039,9.08382584779158,8.53543506266974,7.73855155941661,8.04153759112748,8.85616935951228,8.32440445106496
"GENE0663",5.32722718529249,5.05347560891206,5.38531027680005,4.89863543349259,5.18878254774675,5.16609490762959,6.14133157439788,6.26014173986711,4.62236681307091,5.28868936701358,5.54446056462054,6.44795367141063
"GENE0664",5.68071852918215,5.68583791717479,5.7027116488721,4.96177923278654,5.74411748646959,5.65676954152493,6.75207402889619,6.6198621607006,6.05275918502935,6.50003809042682,6.22855786129242,6.73273588197011
"GENE0665",9.27313776850838,9.76758121590191,9.87099498067338,9.89297233463852,10.6077766157632,9.72487378232554,11.617701499441,10.3412981542697,9.99846218865235,11.2937866207516,11.8794208434795,10.8891853270724
"GENE0666",6.13700302636241,6.24287056861407,6.17466666484704,6.33470664520053,6.23173334827019,7.1099962438396,7.63799074149337,7.32954105335029,6.39051208989991,8.23148313651027,7.04168090465883,7.3986010254017
"GENE0667",5.51588380404437,6.13463400001752,6.15639054323778,5.84856185472356,5.47968994220484,5.74968320042272,7.07799630260311,6.33984640299133,5.77061962651983,6.5545622499067,6.05408357705721,6.2505852324348
"GENE0668",7.9899076689612,7.81262743988372,7.92237911117585,7.50190477072054,8.13189743998517,7.71609419834281,8.0528175994401,8.41832421177876,8.25906622075782,9.35841024992993,8.32137129023601,8.45936395386753
"GENE0669",9.81524008448056,10.6358927777055,10.3394856749028,9.82652591146338,10.103489043787,10.0468859053748,10.1921944565407,10.7119944024483,10.7249139554124,10.7597033742273,11.2086013021386,10.6379908996249
"GENE0670",4.4729759908335,5.62172626825794,5.41757085400705,5.68561402859022,5.74411748646959,5.42029639220579,6.17423474173109,5.32585270951707,5.66180353729039,6.32249286255659,5.65589826360468,5.9658221520715
"GENE0671",9.06047135276874,9.70583674049601,8.7055635399878,9.49690213809281,9.11076140391333,9.52742912621416,10.074340152291,10.6594831580441,10.4699935017815,10.8493026728394,10.6824610858892,9.96224835451418
"GENE0672",7.62308840140165,7.33344840311817,7.30904071334028,7.8083719442315,6.66227753798405,8.03814935627342,8.69662161268652,9.13640398521564,7.7955999032631,8.67648059321148,9.06062222984596,8.05696716131822
"GENE0673",6.84103087243765,7.76345976431276,6.6346363603236,7.30919086456624,6.67595001426118,7.79181622573145,9.15221225332905,8.95838131672442,8.48373155789912,8.38816854493998,8.19746336875098,8.67160346401676
"GENE0674",7.40292575095958,7.35260708225606,7.90097922470514,7.30919086456624,6.99179899534936,6.63061388309502,8.12891563088695,7.94669585803698,8.02488052008854,8.68858289801652,9.06384939798489,8.78642498462934
"GENE0675",5.04323840081973,5.5884713191697,4.70416965898469,4.83180993558511,4.68740827512561,4.89020448646291,5.69233409867065,4.82541118637765,4.68748146497161,4.42298469859371,5.33462522028504,5.10795797700064
"GENE0676",5.68071852918215,5.4833522013719,5.38531027680005,6.22238843327479,5.05950945094439,5.13035330148718,5.00726558384292,6.43348704377245,5.79650064335651,5.53565047103937,6.08039663785972,6.03830084519476
"GENE0677",4.75447897304764,5.40825302561207,6.13787023893301,6.04812836537868,5.2290206892662,5.44878424431868,6.10762767549903,6.72681208464367,6.13523133786866,5.56346401585058,6.5231175575843,6.36674984570314
"GENE0678",5.10552670264911,4.94597899121255,5.91581803415833,5.32977315665522,5.84670458080484,4.89020448646291,6.38505127317649,6.33984640299133,6.7425374961594,6.36903114941177,5.72531788539003,5.33680315109659
"GENE0679",8.13311815733484,7.62871171964875,7.58918927045672,7.96783826528366,8.04053351948311,7.75445412342174,9.42101828678354,8.85872029307675,9.11341340444666,9.40497949075567,9.75282939547432,8.5285322334625
"GENE0680",8.12628628332718,9.30893706716767,8.95667654600005,9.28778433254421,8.53280077803271,9.29489240588943,10.1563255857866,9.80183928953703,10.0238341614829,9.0350641542568,10.1057320383725,9.87807570426551
"GENE0681",8.44447878793966,7.96947275850557,8.3665781277185,8.26995788366277,7.25921660166315,7.92746147563211,8.77233323910535,9.58163743135172,9.49205842963539,9.52284101693365,8.7992120846697,8.72614866384777
"GENE0682",8.11252444780044,8.01816975629123,7.94346513517675,7.36247166352785,8.04053351948311,7.64785197197456,8.56289483087074,8.45842850321713,8.93622124610288,8.30803761361865,9.00462533743514,9.09486959370512
"GENE0683",5.99092554302756,5.5884713191697,6.02121292990129,5.28343957432089,5.68973507758162,5.53068369428789,6.98963315247553,7.06560292235522,6.50257115714982,6.63258868610507,7.17962280118574,6.73273588197011
"GENE0684",4.97752596119384,4.94597899121255,5.38531027680005,5.81750875605802,4.91459706087536,5.53068369428789,5.88599012722789,5.36630838281794,5.98749561946715,6.15509528026171,5.50511782417126,6.10715272586554
"GENE0685",6.45751355912046,6.93572911571018,6.73556615912755,7.21958659901153,6.72935627829843,6.81942866563602,7.48528834842073,8.17791187580067,7.05584843127826,7.49690245175929,7.11856893101818,7.55180238991754
"GENE0686",10.1027919733669,8.60877384202463,8.54257160291784,9.05605896032022,9.17177415329337,9.27433709413613,10.0065658896085,10.0493201260846,10.2635345425525,10.6386779189332,10.0186316880451,10.2440039040581
"GENE0687",4.3577216136768,4.69499358436409,5.00690280338359,4.51374221809768,4.91459706087536,4.64241390252082,5.43797005921605,5.28406706308717,5.9650330283611,5.47818778485135,5.94348779339476,5.10795797700064
"GENE0688",6.5221111146563,6.04150895137728,6.36129617255338,6.22238843327479,5.82177843488912,5.95732614876197,6.81528986069787,7.14455016637805,6.21306542610004,6.7421031059059,7.34854242241547,6.43474189118222
"GENE0689",7.43652433597219,7.37151277666106,6.40814752766727,6.71114090112737,7.92604669022461,7.37261744208153,7.90190077671868,8.42733328059718,7.93750546918275,9.3431847574016,8.33212426063864,8.43664057785798
"GENE0690",8.48774360774776,7.9190687270841,8.25723007325942,8.19577912388137,8.92476035997439,7.65366436734386,9.5647825215324,10.0034058412797,9.42947624187053,10.3363415230877,8.81844902841105,9.66016657974168
"GENE0691",8.24455669732302,7.57269246356918,8.11121399787936,7.861055394589,8.03001432358446,8.21345921520152,9.21750133494562,8.70797379728776,8.43674725556835,9.01598557582517,9.29287107466579,8.94658671039914
"GENE0692",5.7189199947252,6.77396648370398,7.04115992154481,6.07440786992565,6.64847160347034,6.84007574915756,7.00774940787326,8.15096182579134,8.0195723722198,7.59038047281515,7.6874973976847,7.87078190649826
"GENE0693",5.16477571414311,4.76326395420319,5.28333916502146,5.45947522938127,4.74874735738108,5.2675149887357,6.58046601825008,6.15363563279657,6.72949450713945,5.90196191531523,5.50511782417126,5.98430380004504
"GENE0694",6.26912592751942,4.82751824920096,5.41757085400705,5.57738529836157,4.47802302603084,5.2675149887357,6.87581048179998,5.05111048996905,6.21306542610004,6.35368973410198,5.54446056462054,6.0205365393326
"GENE0695",5.42499698288565,5.19860617920382,6.08077390565727,5.41767630478048,6.2502780500481,5.68061003498063,6.82555739321178,6.52127026348588,7.46904501572895,6.02460136057154,7.29442227862062,6.23536026444404
"GENE0696",7.84756501519485,7.25414106172676,8.29870383805216,7.58487132516992,8.11706735172391,8.03370350301946,7.58487109961494,8.23548336402396,8.71131091506401,8.77908090636998,8.52251139924276,8.01372933027943
"GENE0697",8.44447878793966,7.95703642404684,7.729437148044,8.44269935932648,8.24533812042347,8.97180953541042,8.93176824477552,9.38309435496916,9.86148250987974,9.35651583167984,10.4519570563183,9.9405088078319
"GENE0698",5.7189199947252,5.74701329525877,5.77754490372973,5.7531773193868,6.2685791050512,5.97645027083461,6.93385941508645,6.43348704377245,6.84277606691808,5.66920959612141,6.38356554838313,6.75406829756989
"GENE0699",4.66889628332048,5.32850403016816,4.2758805597652,4.60282355996089,4.8619839938629,5.33084216030771,5.57128002485022,4.54173721909216,4.68748146497161,5.25417383302746,5.13766140803494,4.6252228177491
"GENE0700",7.48013108910424,7.93183635020681,7.39591913596837,7.84619901860758,7.79544717347865,7.80753582728723,8.45868740055775,8.36305318849877,8.33364513088383,8.87220977683824,8.73586935139728,9.47357665703727
"GENE0701",7.59363122388824,6.74511913797402,7.27609381181281,6.62603018018064,7.5448687773394,7.2550090379016,7.09503045702979,7.2297353371264,7.10700003517748,6.06316119013113,7.46086240789905,7.57581697890265
"GENE0702",4.57571107120738,4.94597899121255,4.36234597151196,4.51374221809768,5.30581156458017,5.01634725588924,5.00726558384292,5.48055331725275,4.20811770217306,5.02403580464725,5.58265951897939,5.27557692645215
"GENE0703",7.02955165021014,7.06941283803649,7.34124613603305,7.32000686468102,7.85628527681931,6.25105661427605,7.08653879842136,7.60893340840816,6.75546155229873,7.76084094618587,6.91796548739898,7.46443575148366
"GENE0704",5.04323840081973,4.94597899121255,5.17238817225744,4.83180993558511,5.60376825248473,4.74836901933285,5.04631054532115,4.36276907375499,5.05959906130947,5.47818778485135,4.96591931636746,5.14335227951321
"GENE0705",5.89518809952742,6.41874700020975,7.08944308260774,7.21958659901153,6.63452952699362,6.95803073316249,6.73035998071422,6.19722237288945,6.63466596597726,6.70653143130324,6.13156456906103,6.59751471288581
"GENE0706",7.43652433597219,7.02223872702932,7.7947379257751,7.12398795478284,7.88576503970507,7.81792082443,7.54833301111382,6.93197472332696,6.99194169649704,7.95893327080283,7.62756297066904,8.03982767155009
"GENE0707",6.71828140023147,5.99247478376178,5.9800226195781,6.33470664520053,6.43950360001593,6.23539896953394,5.92550973723047,5.71377144839768,5.34262576431803,6.33817828106011,5.7913210827584,6.35274639768852
"GENE0708",9.83211266883606,9.86218283277612,9.82210281337824,9.30686830862157,9.33644304825167,9.65287635099046,9.56933635033237,9.89725891558823,8.88465668912703,8.39926031945586,9.32550050905095,9.33484459538364
"GENE0709",9.49067228939757,9.78524946710615,9.66144573264174,9.762804832791,8.99127085403608,9.84757008046817,10.1472172513665,10.2376470199452,9.54651915049165,9.47475154249236,9.74078456870783,10.0883064356104
"GENE0710",6.34277418117912,6.20058263512625,6.04135415319609,6.88213023972817,6.19388547785541,6.53221030860859,6.15788077277609,5.85849086759404,6.6760872469506,5.90196191531523,5.82314965918915,6.18865938633173
"GENE0711",9.29764411261591,9.51783091638851,9.38189502894026,8.85584966250558,9.02340965441588,9.2458263633545,9.06459794087344,9.0102434022845,9.52983658006275,8.70654788227035,8.48927874933977,9.0160828579467
"GENE0712",6.85773106129181,6.13463400001752,6.46827711145255,6.37722164527099,5.84670458080484,6.60664866537929,6.77346050183009,6.33984640299133,6.89036110945495,6.1902252108994,4.90264323278714,6.38061463797307
"GENE0713",5.32722718529249,6.13463400001752,5.75306049096556,6.19879571503144,4.96491268069176,6.28185374108108,5.90589311944218,6.13131743558802,5.60387807226552,5.85850633439521,5.94348779339476,5.9088304410793
"GENE0714",8.03438733329332,8.71219466621411,8.35875699483,7.81601743876689,7.53745006626565,8.31949146592214,8.55678933144741,7.94041121847584,8.80058842928951,8.73308227670437,8.11267011979927,8.34198247267239
"GENE0715",6.90668565465062,6.78817306623819,7.94868867576822,6.93953635294465,6.66227753798405,7.6064924896493,7.41934311316538,7.56052749575098,7.07652965181,7.71416743171216,7.26093962567444,6.8757364769821
"GENE0716",9.34837703824123,9.79922987120597,8.90124722608853,9.26287071152265,9.64775400638975,8.51704458392453,9.36798374060786,8.45402721971054,8.74383431792284,9.23598001973688,9.21082720045023,8.91406845576039
"GENE0717",5.89518809952742,6.62346869553165,6.19270519356519,5.7531773193868,5.63304574559507,6.5194126319523,6.25323544564354,6.66669119771065,5.9650330283611,5.90196191531523,5.88464834901593,5.53065117136758
"GENE0718",9.60307779179007,9.69278977987564,9.43860605141988,9.93737833154603,9.7648351450159,9.35663536142589,8.69384265502556,9.12538029961294,9.61666012626585,9.30832798994793,9.40906642785743,9.63616473552925
"GENE0719",5.86172229049857,5.86161000924083,5.7027116488721,5.96613618738869,5.91885121189743,5.74968320042272,4.57805571918833,6.37805680183222,5.8468219741038,6.13719080183395,5.75872401516255,5.78714750479939
"GENE0720",9.63467850038599,9.71692667416617,10.101528723758,9.3730347939316,9.17177415329337,9.3169871653066,8.89110842519385,9.33606173435898,8.96409072967507,8.6855668376368,8.28862197306683,9.96224835451418
"GENE0721",5.7189199947252,5.2434159155023,5.2474390419342,5.13317711387027,4.80680779414595,5.13035330148718,4.96688950493872,5.55149445800918,5.60387807226552,5.02403580464725,5.18989720613499,5.53065117136758
"GENE0722",7.11521450697877,7.46247012773557,7.12692672371331,7.53937248334071,6.91342799254059,6.70016438923242,6.80494753353666,6.37805680183222,6.87861335624456,7.47605333219817,7.28334823856941,7.0320191304141
"GENE0723",9.23557916536143,8.89912341771362,8.5286994754707,8.45253136927627,9.06774701260208,9.02199768019193,8.92230389783047,8.97689937765005,9.02885805975254,7.7318482167867,9.16046861458879,8.46899386031662
"GENE0724",8.71407041461657,9.25922423929412,8.87682338509729,8.6703636084347,8.77862243487705,8.61545564109486,8.10399416657092,8.53543506266974,7.94872212096383,9.04450958855308,9.5000140412346,8.77353420504493
"GENE0725",6.24368654132521,5.55435776560309,5.62344470315804,5.90861586733418,5.57382857406539,5.47665968096879,5.86579180112308,4.54173721909216,5.34262576431803,5.47818778485135,5.61978437036428,5.42346148460052
"GENE0726",7.11521450697877,7.20224381657285,7.40356193306037,7.42389722234322,6.54785683237592,6.93903829477569,7.88248281771451,7.18777743077116,7.48456526905507,6.42877039289478,7.13099030564372,6.30987479792918
"GENE0727",4.065144768198,4.94597899121255,4.96169205740668,4.60282355996089,4.20806849983989,4.69671045320522,5.19097146363657,4.94373409540296,4.80688647693289,4.42298469859371,4.68826865985232,5.30655988068131
"GENE0728",6.21777374952482,5.80552563371466,5.80159265148916,7.14849405573179,6.95873821207038,7.21618130812215,6.0376476877739,5.74398528177613,6.33960367635682,6.36903114941177,6.38356554838313,6.32431190112757
"GENE0729",5.42499698288565,6.01721052143199,5.72812218279442,5.41767630478048,5.68973507758162,5.58257021384029,4.78958910954703,6.01397554615519,4.74882339490588,5.9849289832386,5.33462522028504,5.14335227951321
"GENE0730",9.69817828532108,10.0710549814714,10.0659752153915,9.49690213809281,9.64259134190973,10.1468817503537,10.4368973511668,9.1929347693605,10.6350563633969,8.78472886015499,9.43670909225587,9.65876570975208
"GENE0731",7.20906165858098,7.28439879042342,7.48504730377809,6.62603018018064,7.38039408522749,7.60048547402501,6.60458680874935,6.81246563675392,6.35677965584575,7.00826834826756,7.46086240789905,6.8561685958852
"GENE0732",8.74559535876904,9.06167202721998,8.61656879349256,8.47682171154552,8.09705309957898,9.06832771391771,8.38821984547403,8.48023541722854,9.13808699036764,8.5395253613651,9.23106249260785,9.06556246730728
"GENE0733",9.3600591997367,9.59799881678586,9.51443173915149,10.5300078946657,10.1767429055124,9.77494559466066,9.40582105412158,9.86780275327288,9.59543933510771,10.0098906305794,9.81733584345442,10.3879068141996
"GENE0734",9.49067228939757,9.25161724999626,9.86273029782586,9.13750961211636,9.69340476095711,10.0523830445965,9.35397479065591,10.7995265503542,9.66838497613523,10.0758438470487,10.0384469214526,9.24246753333485
"GENE0735",7.07302595401241,7.22322931411013,7.76542320811158,7.14849405573179,7.37207062037318,7.35843409314265,7.59684655940343,7.64806058478619,7.73855155941661,7.43342265051039,7.73695075788089,7.23460377245699
"GENE0736",8.65836937735528,9.69278977987564,9.48959687301365,9.97705854417106,9.5791533882584,8.49135428918581,9.6301725019049,9.17967472063859,9.00222439355143,9.10444108024768,9.09257337104493,8.65201416263961
"GENE0737",9.2823765241688,9.56155113886541,9.87921257681862,9.48258772383664,9.74087919826175,9.37430308874311,9.55103411926955,8.85872029307675,9.50728864981691,9.92424740287196,9.07987776064844,9.63474034548188
"GENE0738",9.51699918696079,9.16517935900308,9.1320049481746,9.18838127318871,9.2598339910918,10.2384649565214,8.99407705681979,9.28248996383764,10.252280432126,9.42138295594265,9.44663103121357,9.68652780006634
"GENE0739",6.47937734615328,7.14839086865409,6.84113170204773,6.29085839056383,6.93626340191311,6.75562184297367,6.83575122170434,6.82625169736574,7.67914321051099,6.9985250510278,6.59705860858873,6.40793935098966
"GENE0740",4.90791694271948,6.04150895137728,4.70416965898469,6.07440786992565,5.63304574559507,5.85747045082884,5.00726558384292,5.19608618402031,4.80688647693289,5.25417383302746,5.85424719616166,5.14335227951321
"GENE0741",5.04323840081973,4.25922592582695,4.96169205740668,5.18531255928563,4.6222967045272,4.69671045320522,4.83658026738577,4.82541118637765,4.09375320931323,5.14450255679525,4.83567457393778,4.50856753718945
"GENE0742",6.68116507263921,6.49034672287909,6.80680839617248,6.10019610490782,6.21293819277411,5.91825669772306,6.49263775991552,6.06211689030952,6.21306542610004,6.8437585720653,5.94348779339476,5.84935245414932
"GENE0743",5.64139193388158,5.40825302561207,4.81438547614811,4.68473034113011,5.5118269454012,4.69671045320522,5.71527885752612,4.54173721909216,5.34262576431803,5.74335064878276,5.82314965918915,6.03830084519476
"GENE0744",9.59073688960237,9.82337417021895,10.4594267532083,10.1024763686099,10.0023340871326,9.74945023139498,9.85940509079274,10.2990115099007,9.57028053227411,10.0689199561575,8.96374622540899,9.73386156184233
"GENE0745",4.75447897304764,5.40825302561207,5.44904465981825,5.23533893934653,4.91459706087536,4.84489329067828,5.08412192938595,4.82541118637765,4.55284654316695,4.79100537130028,5.18989720613499,4.99509121545252
"GENE0746",9.81311706542411,10.1136322249077,10.2514913318745,10.4128710354989,9.78371747910819,9.7629250039975,9.43272861622673,9.68846746458476,9.93230319120393,9.39946994096074,9.09572988195622,9.08863945432266
"GENE0747",6.9540113514196,7.02223872702932,7.04115992154481,7.27624352094072,7.36369849435266,7.68805304259286,7.47233980512738,7.51043093466347,6.66241451073872,7.53771265689779,6.65007844110637,6.9787973517498
"GENE0748",9.23874668700667,9.12132822632597,10.2409021375025,9.13140496775774,8.47971614744245,9.67442769263509,9.00980098024378,9.3854061953599,8.74061481021775,8.62388069731105,8.85616935951228,9.0160828579467
"GENE0749",7.34511511346477,6.99805308443257,5.7027116488721,6.49754010405531,7.04525073944774,7.4415009670404,6.79452929633882,6.08557110950421,6.84277606691808,7.56428825890714,6.18090827777129,6.80603625444964
"GENE0750",4.97752596119384,4.82751824920096,5.7027116488721,4.41564925474099,5.26800207479775,4.84489329067828,5.38056528187997,5.44358190719965,5.41303377401106,5.35501792835748,5.28820757240662,5.0339082578499
"GENE0751",4.57571107120738,4.82751824920096,5.67680935887743,5.78572635842586,4.6222967045272,4.89020448646291,5.2246232706067,5.36630838281794,4.74882339490588,5.10566377367428,4.90264323278714,5.27557692645215
"GENE0752",7.94400830641611,7.77058758239469,7.1176476865719,7.72147129479161,7.9596977204598,6.5194126319523,6.83575122170434,8.05536167415082,7.03486290137001,7.63493039780129,6.61495389155671,7.65683749410272
"GENE0753",5.22130398880226,5.5884713191697,5.9375562490368,5.37447816482985,4.8619839938629,5.39116578501052,5.66898870327044,5.93844328331662,5.30591088547647,5.90196191531523,5.61978437036428,5.82893339266767
"GENE0754",7.30927405384068,6.87055047230769,7.69252617895393,7.13629357525293,7.73839938879241,6.85028782472227,6.98048790158959,7.54402230627041,6.19401224361284,7.21575366608579,7.28334823856941,7.49625270884689
"GENE0755",8.00488758395195,8.33396446822357,7.741532955504,7.46343162450534,7.37207062037318,7.95123454758418,7.87267457879622,8.29576905740794,7.3384319656088,7.99839747119206,7.85361201433855,7.86592547125941
"GENE0756",5.64139193388158,6.01721052143199,5.80159265148916,6.10019610490782,5.37821085544912,5.2675149887357,5.08412192938595,5.88566646440782,5.74423178720393,5.9849289832386,6.15645597035825,5.53065117136758
"GENE0757",4.90791694271948,5.32850403016816,5.2474390419342,5.45947522938127,5.94207570761707,5.53068369428789,5.38056528187997,5.10137785357304,5.14728546522591,4.98102908982467,5.18989720613499,6.42140460861702
"GENE0758",6.93841032668263,6.60749939839222,6.99118431421597,7.09905385643515,6.90187135982939,6.71143092092651,7.29240500776916,6.35908197462979,7.21347101819295,6.97883626377075,6.38356554838313,6.47401025531282
"GENE0759",6.85773106129181,6.1119346667448,6.58133448834426,6.99471665039223,6.03122441902519,5.91825669772306,6.23779017466452,6.63564484518569,7.45335487270789,6.86539326232129,6.10621736432438,6.47401025531282
"GENE0760",9.78306193365519,9.5636003569274,9.56115247597198,10.2548207345433,9.56284809904468,9.42604347365714,8.74306194383972,9.23712801778538,9.68187061238135,8.78472886015499,8.33212426063864,7.9371035471379
"GENE0761",5.51588380404437,5.5884713191697,4.70416965898469,5.49997071347815,5.41293052223172,5.16609490762959,5.19097146363657,5.10137785357304,4.74882339490588,4.8415720392666,5.02594913526056,4.37586395102297
"GENE0762",8.5245628226678,9.35462783650665,9.04943453767129,7.87575977820065,9.03133363659894,8.97180953541042,9.34514957874548,9.18764537464401,8.8991661868564,9.2318522426499,9.23393020511031,8.75266607882165
"GENE0763",5.82741119739648,5.86161000924083,6.15639054323778,6.24558767185246,6.21293819277411,6.23539896953394,6.14133157439788,5.93844328331662,5.47979555464943,5.8362460895521,5.88464834901593,5.67663210729273
"GENE0764",7.32132106802785,6.88382736234036,6.4974038013245,7.13629357525293,6.5773431338527,7.35843409314265,6.69715187180808,7.49333548030085,6.99194169649704,6.67004310935161,5.82314965918915,6.32431190112757
"GENE0765",8.73216902473188,7.96947275850557,7.87925595666557,7.70509036862075,7.78296422488811,8.36971612198775,7.08653879842136,8.20436653019986,7.45335487270789,7.78362103908849,7.15551352488868,8.37309207517516
"GENE0766",7.14266302429513,8.1220604149865,8.33503543636413,7.84619901860758,7.76403404590087,7.63615609259465,6.80494753353666,8.43628634488499,7.58874352988958,7.34415603740576,7.23817433596649,7.10002543496532
"GENE0767",5.7189199947252,4.69499358436409,5.17238817225744,5.32977315665522,4.80680779414595,4.74836901933285,4.22671357212381,4.88610457922949,4.74882339490588,4.42298469859371,4.18163946874168,4.6252228177491
"GENE0768",6.77219393526232,6.73047230184167,8.27811629812492,7.861055394589,7.93735143315801,7.6937052525883,7.72782884225995,6.58775767456175,8.04068843375109,7.44777423780704,7.49961748425929,7.50878437789072
"GENE0769",8.1931879546373,8.52286718997274,8.3665781277185,7.55774555414454,8.2038385565972,7.56390547212359,8.42890818486056,7.70110651088743,8.03016915095188,7.68420692168087,7.72882589041725,8.36966845713936
"GENE0770",5.95975172097631,5.44634641097134,5.80159265148916,5.18531255928563,5.30581156458017,5.13035330148718,4.92507133570572,5.71377144839768,5.01324141627604,5.35501792835748,5.37940981639276,5.14335227951321
"GENE0771",5.37704373556169,4.82751824920096,4.44108581236596,4.68473034113011,4.55277978931402,4.79768253464048,4.8816839009191,4.45651341489076,4.86206514454115,5.32228647894835,5.18989720613499,4.56859374079285
"GENE0772",8.14668536194541,7.50587170615788,8.10186974137195,8.7992044265919,8.13189743998517,8.82275286086994,8.01765962409346,7.51890283102636,7.92620062645834,8.14624336621761,8.44539252740564,7.26450902381104
"GENE0773",5.22130398880226,5.80552563371466,5.77754490372973,6.02133764409921,5.01315373799188,5.68061003498063,5.76002336159876,5.71377144839768,6.17469406767374,6.48607063042107,5.72531788539003,6.10715272586554
"GENE0774",5.89518809952742,5.80552563371466,5.62344470315804,6.17479543641974,5.89522464225048,6.03227317169203,5.9448485209728,5.85849086759404,5.51193366996622,6.63258868610507,5.02594913526056,6.17273695555514
"GENE0775",7.74418115483821,6.97344981454782,8.05905290982191,7.30919086456624,6.89022005864387,7.14351723849681,7.07799630260311,7.57684493544787,7.52264638033603,8.09256574830182,8.00921976916286,6.05583879279751
"GENE0776",5.10552670264911,4.36428639562465,4.81438547614811,4.51374221809768,5.57382857406539,4.45960574336212,4.13488263429582,3.33339683403742,4.09375320931323,5.18214848822356,4.02923871711884,4.9549542106143
"GENE0777",7.26004536094882,7.11507673993519,7.0989066823063,8.04789907336494,7.62403864964383,6.85028782472227,7.49812098354797,7.12243581246028,6.6896291242009,7.19886142146149,7.19152657335398,6.8162053043689
"GENE0778",4.90791694271948,4.69499358436409,4.96169205740668,4.89863543349259,4.30773295942769,4.97579350093252,4.30898946352127,4.45651341489076,4.68748146497161,5.02403580464725,5.54446056462054,4.56859374079285
"GENE0779",5.16477571414311,5.5884713191697,5.05045087255743,5.65050799972721,5.60376825248473,4.45960574336212,5.35087168464298,5.98925762661564,5.30591088547647,5.18214848822356,5.69105863050171,4.82543978751269
"GENE0780",4.75447897304764,4.69499358436409,5.59593619666751,5.13317711387027,4.6222967045272,4.52437607466252,4.22671357212381,5.10137785357304,3.95657929776853,4.16519411956722,4.606173645641,4.77874383137617
"GENE0781",5.64139193388158,4.76326395420319,5.2474390419342,4.60282355996089,5.30581156458017,4.23192956916254,5.15637963915766,5.28406706308717,4.55284654316695,4.62346344389119,6.10621736432438,4.56859374079285
"GENE0782",5.82741119739648,5.91547036063218,6.43853414085476,6.15037272062609,6.17456778079026,6.31198565065982,5.66898870327044,5.65121746472458,6.25040618619454,5.14450255679525,5.46455409026317,5.0339082578499
"GENE0783",4.57571107120738,4.36428639562465,5.17238817225744,4.0273271381528,3.95654372834274,4.84489329067828,5.08412192938595,4.54173721909216,4.62236681307091,5.50723476179113,4.41855260472085,5.10795797700064
"GENE0784",5.86172229049857,5.40825302561207,5.50979240942014,5.96613618738869,5.91885121189743,5.72705190699482,5.38056528187997,5.88566646440782,6.56281206341653,5.50723476179113,5.54446056462054,6.30987479792918
"GENE0785",9.00945223991277,9.08469020777157,9.01503507319919,9.22036687516765,9.10326328432806,8.52339620143375,8.37439752867166,9.45088644873184,8.58055997204167,9.23803948541074,9.18734797875782,8.91641567388773
"GENE0786",7.53283794052708,7.39017212839713,9.17269692466728,8.6703636084347,8.34625707834365,8.47833525404346,8.48786337303367,8.2759530115414,7.6925590970243,7.84987126019598,7.6874973976847,8.17939124579549
"GENE0787",10.009459522253,9.48792995077436,9.89009704670258,9.61096670973901,9.29316603367079,9.66727963453055,9.58441276127705,9.04576011688617,9.22357116868538,9.9165541515005,9.1903038759504,9.34707419206681
"GENE0788",9.74124447865113,9.33556577423219,9.56455379949321,9.65843198837341,9.69838900999931,9.8104177140282,10.4344036111547,9.817331580658,9.72972543550322,8.89327483823447,9.43919598422153,9.53289609376045
"GENE0789",7.49082860194729,8.06527189356347,8.31091651896803,8.17810409826189,7.89158912846153,7.96531198742584,7.41934311316538,8.23548336402396,8.20399474713172,7.41892586723848,7.76899828604199,7.34366412467535
"GENE0790",6.31865364886429,6.30398853404465,6.17466666484704,6.07440786992565,5.91885121189743,5.77193994438372,6.05547844755648,6.1086334931305,6.43963604363327,5.76718106798891,6.78245803572603,5.50466855113633
"GENE0791",7.29712476527457,6.91001492867377,7.12692672371331,6.71114090112737,6.92489150364368,6.38459068643026,6.70830798260403,7.68614946064178,7.25030183560505,6.78818458906525,7.15551352488868,7.0320191304141
"GENE0792",4.97752596119384,4.25922592582695,5.59593619666751,4.68473034113011,5.05950945094439,4.58511941354377,4.6350661880597,4.25785257813314,5.54330126297226,5.21868168702726,4.41855260472085,4.9549542106143
"GENE0793",6.98470977203543,6.20058263512625,7.57573285019622,7.20798074133443,7.92036081071222,6.84007574915756,7.55448768742466,7.24003517917188,6.50257115714982,6.35368973410198,6.87421648962601,7.35064761137805
"GENE0794",7.27251225523492,8.0939463173888,7.6353171615808,7.32000686468102,7.33828433110272,7.42118143084605,6.9243475964793,7.3198679965527,7.47682614688346,7.01794548402659,7.29442227862062,7.0579029360233
"GENE0795",7.77073289017705,8.05946778280165,8.07824009738344,7.92607195429788,8.33348801887104,7.63615609259465,8.1081778345308,7.90856923832484,8.30340255731599,7.55769037558225,8.28862197306683,8.10719349012165
"GENE0796",7.71712932980331,8.02414256478768,7.91171898566042,7.74569759389949,7.56689742968159,8.58541807004551,8.28486543880236,7.41377786187105,7.7955999032631,7.2893922645086,7.34854242241547,7.74415743442471
"GENE0797",5.42499698288565,6.40026168583849,6.13787023893301,5.28343957432089,5.44673993994446,5.79383509563228,5.51957478753055,6.13131743558802,6.40707861077434,5.14450255679525,5.18989720613499,6.18865938633173
"GENE0798",4.66889628332048,4.13852865130535,4.70416965898469,5.18531255928563,4.74874735738108,4.74836901933285,4.13488263429582,4.1373247401923,4.3969446041571,3.92558082013892,4.76445481120257,4.6252228177491
"GENE0799",4.4729759908335,5.83385791113941,5.13308268451435,5.18531255928563,5.89522464225048,4.93378858587547,5.00726558384292,5.24084983880704,4.86206514454115,5.06554210962677,6.25178417146971,5.30655988068131
"GENE0800",4.83382022495936,4.13852865130535,4.76066784415556,5.13317711387027,4.55277978931402,4.69671045320522,5.64522737225206,4.88610457922949,4.96499831346795,4.88996318035601,5.50511782417126,4.7299763856432
"GENE0801",7.42541212239543,7.48866842710415,7.31716025934176,7.37289394698162,7.57416577701276,7.04049555490556,7.49171902385612,7.35817412009465,7.03486290137001,7.27335265438394,6.8442841935716,7.25709113230389
"GENE0802",6.75444994198908,8.08254503619828,7.81776652384394,7.7295922181172,7.84432196007763,8.18568420037213,8.29590791122576,7.04222033185733,8.13205308480693,7.74931398462993,7.67908701566924,7.96915131009601
"GENE0803",8.17344197275422,9.29666861412533,8.88501073536975,8.93859958026309,8.10709502503615,8.91015162567002,7.86774524647168,8.93647188794261,9.25323592457166,8.01292175385384,8.94985812019873,8.8516592740129
"GENE0804",9.94499767323132,9.94468430903312,10.1339395217901,10.0156763266746,10.0355343887533,9.67300091236463,10.3939060865796,10.528621236378,10.2249068364434,10.4437210718277,9.32818659141931,10.634432227152
"GENE0805",8.69574160133615,7.93183635020681,7.27609381181281,7.34139671090057,7.19454783661132,8.02477035944402,7.43277716086596,7.31012911988222,7.19469354872249,7.1731426749184,7.62756297066904,7.36451322153513
"GENE0806",4.66889628332048,5.15211675089249,4.17928166882704,4.0273271381528,4.39688560685022,4.58511941354377,3.90372802740782,4.36276907375499,4.74882339490588,4.98102908982467,4.41855260472085,4.12858003749756
"GENE0807",8.29415533500991,9.00849671506586,8.43883407542604,8.51485384985838,8.52158902884272,8.02477035944402,7.83780886285898,7.98383757967706,7.99273374461147,8.75338756867515,8.62222911602258,8.40019189127792
"GENE0808",7.87228920699518,6.62346869553165,7.90097922470514,7.27624352094072,7.50738539502621,7.20035005559824,6.89542454328529,6.23948307151004,7.78937192616587,7.33645976249335,7.02845341865132,7.69569490938351
"GENE0809",5.7189199947252,7.14839086865409,6.52593982629373,6.85253409466217,6.71619235027635,6.9294461938544,6.81528986069787,6.63564484518569,7.0135638649421,7.27335265438394,6.29710676447597,6.95142178163927
"GENE0810",5.82741119739648,5.19860617920382,5.13308268451435,5.07871890811883,5.10414213213893,4.84489329067828,4.74050856541936,4.62017751094195,5.229117083218,5.18214848822356,5.33462522028504,5.4781589594365
"GENE0811",5.60086656600879,5.62172626825794,5.95895410833228,5.37447816482985,4.8619839938629,4.31465226204918,5.78184960161745,6.23948307151004,5.26809996594856,4.88996318035601,5.82314965918915,5.07150200490239
"GENE0813",7.75308637751626,8.08254503619828,7.87377345413163,6.57238971406068,7.86222979833981,7.65366436734386,8.06578341951881,8.01407267352208,7.85046931517638,7.50378532144943,7.64494395359572,7.51500937856362
"GENE0814",5.10552670264911,6.08885644940613,6.15639054323778,6.02133764409921,4.80680779414595,6.5194126319523,5.49293693774556,5.68286062317584,6.26870767720187,6.08204388695807,5.54446056462054,5.92809301798095
"GENE0815",4.75447897304764,4.69499358436409,5.2474390419342,5.13317711387027,4.55277978931402,4.58511941354377,4.38398277762959,4.82541118637765,5.14728546522591,4.73801220112087,4.30837276184222,5.30655988068131
"GENE0816",5.79220833066203,6.17894622278844,6.26260597736711,5.84856185472356,6.1549773421257,6.32681128400571,5.51957478753055,6.19722237288945,6.6896291242009,6.1006717282986,5.46455409026317,6.43474189118222
"GENE0817",7.54315076620797,7.53129570883444,6.40814752766727,7.46343162450534,7.74485107074908,7.77058558150681,7.42607588161323,7.04222033185733,7.59590314418926,7.45489649218095,7.86847504361369,7.43846368995215
"GENE0818",8.07043110108114,7.86683317813922,7.9642464002378,7.6114937545137,8.08694059437101,8.33763060878422,7.37826815641712,7.88257791406264,8.04068843375109,7.81712792474521,7.23817433596649,7.94172576266253
"GENE0819",4.83382022495936,5.5884713191697,5.2104797339222,6.04812836537868,5.60376825248473,5.2675149887357,4.8816839009191,5.48055331725275,4.55284654316695,4.93638930206227,5.85424719616166,5.0339082578499
"GENE0820",5.10552670264911,5.000948680323,4.2758805597652,5.02168626161896,5.54319346808701,4.79768253464048,4.51761852880097,4.99864172506497,4.20811770217306,4.8415720392666,5.37940981639276,4.6252228177491
"GENE0821",7.36852015670968,7.31402982278201,7.38051010143468,7.81601743876689,7.77668184067163,7.32234855404274,7.39895285707095,7.90856923832484,7.53760009959579,8.18094739084454,7.06777338022848,7.63415171152111
"GENE0822",4.3577216136768,3.99357332622189,5.13308268451435,4.83180993558511,4.80680779414595,3.90712034034531,4.74050856541936,4.45651341489076,3.95657929776853,4.62346344389119,3.82779185636717,4.12858003749756
"GENE0823",9.20351524682411,9.15977035197322,8.81817152243057,9.12219926086864,8.39213143523376,8.72971009803108,8.20900160752998,9.34321516723197,9.25097556264175,8.85083228396887,8.95334271076707,8.88559959626432
"GENE0824",4.22498275163827,4.88828303784405,4.76066784415556,4.60282355996089,4.6222967045272,4.52437607466252,4.22671357212381,3.99257800367954,4.3969446041571,4.34542727297923,4.41855260472085,5.4781589594365
"GENE0825",7.14266302429513,6.99805308443257,7.49937767407093,6.79142519815636,6.86662706500915,7.48129563368987,6.84587241277564,6.91918126469472,7.31255812346138,6.52756396052047,6.88894953734041,6.5736643613249
"GENE0826",7.51198710828205,8.20325008208085,7.81204388280468,8.23619585091877,6.71619235027635,7.97462096308001,8.06578341951881,7.78069665359938,7.72556046613703,8.37699067622094,7.83859367183745,7.63415171152111
"GENE0827",5.47123394390682,5.77658684905942,5.47977263785321,5.61445084273423,6.07371995318281,5.09353462373327,5.78184960161745,5.10137785357304,5.66180353729039,6.25792787137706,5.91438525786674,6.07315632457102
"GENE0828",6.13700302636241,5.44634641097134,4.76066784415556,6.45856803913137,6.05263603429244,5.7040323577261,5.54568165838144,5.80245046367133,5.30591088547647,4.93638930206227,5.13766140803494,5.84935245414932
"GENE0829",5.37704373556169,5.44634641097134,5.47977263785321,4.17933027955555,5.47968994220484,5.23461658439802,4.74050856541936,4.88610457922949,5.68984767667298,4.98102908982467,5.46455409026317,4.6252228177491
"GENE0830",5.10552670264911,4.54349182563741,4.44108581236596,4.30574182321017,4.39688560685022,5.09353462373327,5.04631054532115,4.54173721909216,4.47808609970675,4.6822891391766,4.96591931636746,4.87026432960211
"GENE0831",4.3577216136768,5.44634641097134,5.38531027680005,6.07440786992565,4.80680779414595,5.05556156577568,5.86579180112308,5.58557777829278,5.34262576431803,5.28868936701358,4.90264323278714,5.24381262475191
"GENE0832",8.59054069413297,7.44473472855504,8.05421585923562,7.99502340049506,7.73191859546812,6.91978900027936,7.96786979733102,8.10676359291457,7.53014273010782,7.59038047281515,7.75306389613776,7.81643661978376
"GENE0833",5.7189199947252,5.44634641097134,5.2104797339222,5.65050799972721,6.2502780500481,5.58257021384029,5.25739083816715,5.40552449164539,4.3969446041571,4.93638930206227,5.18989720613499,5.17775300157529
"GENE0834",7.83084271863281,7.6674276639538,7.24237018199623,8.04139493841454,7.46107226597804,7.78653790537286,8.1247919127324,7.67861209866936,8.21796140204103,7.69626624438597,7.86847504361369,7.74944258649898
"GENE0835",6.19136894900477,5.32850403016816,6.6346363603236,6.15037272062609,6.33947345491757,5.33084216030771,5.98272480996944,5.98925762661564,5.87129915523179,5.14450255679525,5.91438525786674,6.33860140898618
"GENE0836",6.90668565465062,7.71254937306585,7.24237018199623,7.33074174106443,7.15623658563293,7.30025232476006,6.96201933661966,7.40465918057615,6.51787461707585,7.62865016919706,7.36963028927937,7.94633316691846
"GENE0837",7.61333637401274,7.74186160794387,8.0099345002576,7.27624352094072,7.80164821099198,7.98847240712478,7.67798829696961,8.31045413174661,8.21332089228643,8.35816589484997,7.73695075788089,7.74944258649898
"GENE0838",5.32722718529249,4.54349182563741,5.2104797339222,4.89863543349259,5.34252507624925,4.93378858587547,4.6350661880597,4.54173721909216,5.229117083218,5.25417383302746,4.96591931636746,4.91338726221614
"GENE0839",5.7189199947252,5.88880650063069,6.62149828534741,5.65050799972721,6.2685791050512,5.60776759123199,5.76002336159876,5.93844328331662,6.15510313840404,5.94407464442714,5.37940981639276,6.18865938633173
"GENE0840",5.16477571414311,5.55435776560309,5.59593619666751,5.81750875605802,4.74874735738108,5.87803565145312,4.74050856541936,5.44358190719965,5.44684439577657,5.71909005679616,5.08309620659538,5.4781589594365
"GENE0841",8.45541743769437,8.23448551854166,8.50409709178874,8.70777939666088,8.65411951338712,8.12847243509842,8.4974588315719,8.02004416179337,7.91480619016688,8.5395253613651,8.30508974520148,8.68818490236974
"GENE0842",7.53283794052708,6.74511913797402,7.76542320811158,7.14849405573179,6.91342799254059,7.066956678491,6.28362171103306,7.46730388957719,6.86676771823654,7.2489508907517,7.54663314423865,7.64553941949741
"GENE0843",6.43530421096138,6.34329617584645,5.95895410833228,6.22238843327479,6.56267704608791,5.97645027083461,6.32799541290924,5.93844328331662,6.45563595412749,5.92318065606637,5.46455409026317,6.44795367141063
"GENE0844",4.57571107120738,4.76326395420319,4.58121647782981,5.37447816482985,5.41293052223172,4.64241390252082,4.6350661880597,4.54173721909216,4.30778738367409,4.05619041015447,4.90264323278714,5.07150200490239
"GENE0845",7.10128977230633,7.02223872702932,7.1176476865719,7.92607195429788,6.30447610910422,6.54489278140739,7.34311554756645,7.16632729658032,7.21347101819295,7.10220554527582,6.94640149760966,7.27923038891314
"GENE0846",10.0131631549739,10.0390130213028,9.95243589095592,10.3759203751776,9.93213935991781,10.7550278227208,9.09860558313473,9.55518688519395,9.70517124982971,9.81261826746673,9.62104375329172,9.9405088078319
"GENE0847",7.22197903561354,7.58083036632778,8.08299717537804,7.16059119530326,7.63797538505582,7.73813944440024,7.65526919053196,7.93409898890164,7.61717011270741,7.96890131499573,8.00250028370385,7.44500096490783
"GENE0848",7.28487143651351,6.97344981454782,7.1176476865719,7.32000686468102,7.47667681450587,6.81942866563602,7.14494611911929,6.7559418911419,7.53014273010782,7.59038047281515,7.13099030564372,7.26450902381104
"GENE0849",4.065144768198,5.05347560891206,4.58121647782981,3.33339683403742,4.39688560685022,4.03380234021967,3.90372802740782,5.14964543198099,4.74882339490588,4.34542727297923,4.83567457393778,4.30140717159859
"GENE0850",4.97752596119384,5.000948680323,5.0924714955971,6.07440786992565,4.96491268069176,5.05556156577568,5.54568165838144,5.19608618402031,5.18887737158306,4.93638930206227,5.58265951897939,5.27557692645215
"GENE0851",8.18663601579344,8.30973168179485,8.35875699483,8.34578691000527,8.70124967599992,8.16551152246693,8.16550678085547,8.39095384746425,8.66110663078967,8.21901456591129,8.42042081067698,7.45150855399747
"GENE0852",4.66889628332048,5.36899923474729,5.75306049096556,5.49997071347815,6.00947428197951,5.29957473473025,5.2246232706067,5.48055331725275,5.57393739993519,5.02403580464725,5.08309620659538,5.30655988068131
"GENE0853",7.59363122388824,7.47998875186559,8.40125688697714,7.27624352094072,7.36369849435266,7.52636822774356,7.75478842540718,7.57684493544787,7.28620787612789,6.82178930899173,7.04168090465883,6.92350947454072
"GENE0854",6.02140674109204,6.30398853404465,5.38531027680005,5.87892020929913,5.66169183274517,6.08591904380891,6.12458224162565,5.58557777829278,5.44684439577657,6.45771255410179,6.48463910885948,5.92809301798095
"GENE0855",6.87423726847837,6.6703216402367,6.69855572422256,6.95353318365719,6.47132260101465,6.71143092092651,6.31336025633163,7.01844790449836,6.75546155229873,6.61988004660767,6.78245803572603,6.30987479792918
"GENE0856",5.10552670264911,5.28667684964983,4.8656317369195,4.41564925474099,4.6222967045272,5.63249452458539,5.15637963915766,4.94373409540296,4.62236681307091,5.21868168702726,4.76445481120257,5.21122135721986
"GENE0857",5.68071852918215,5.44634641097134,4.96169205740668,4.51374221809768,5.5118269454012,5.74968320042272,5.2246232706067,5.28406706308717,4.80688647693289,5.32228647894835,5.18989720613499,5.45109849932398
"GENE0858",7.24746884326167,7.20224381657285,6.4974038013245,7.6114937545137,7.1755206211175,6.31198565065982,7.1852498093578,6.95722173331582,6.35677965584575,6.33817828106011,7.34854242241547,7.0579029360233
"GENE0859",9.45571267701209,8.97192457485271,8.29460981455288,9.31497046594252,9.86279947555168,10.1914084143303,8.83420630596616,8.868671718593,9.18620244912285,9.32586169430019,9.70196514837532,9.35574654968528
"GENE0860",7.20906165858098,8.23962615681411,6.42342307231612,7.88305594210509,7.3886694553758,7.01353406952722,7.49812098354797,7.14455016637805,6.78096154857469,7.45489649218095,7.4510076739116,7.67917033778997
"GENE0861",7.97477007956625,7.80570566491179,7.67370868144271,7.75368306344869,7.44529595457347,7.85872620430697,7.034499186383,7.26041493756375,7.65878135429397,8.03206209244154,8.65684452125679,7.00565668875859
"GENE0862",9.02788131346491,9.27431887178419,9.80782371426851,8.89241299190947,8.52158902884272,9.15878760381373,9.1643050123137,8.40470405135516,9.20267055921995,8.73600060820216,8.83743258848435,9.27757787945999
"GENE0863",7.83084271863281,7.98792789969623,8.43139666406613,7.48279725904251,6.70290493031399,7.4415009670404,8.07007952041672,7.50190868636444,7.97089629926419,8.05563482657244,7.69585880199229,7.70660657665555
"GENE0864",5.16477571414311,5.5884713191697,5.38531027680005,5.41767630478048,5.60376825248473,5.44878424431868,4.74050856541936,6.08557110950421,5.05959906130947,5.28868936701358,5.02594913526056,5.17775300157529
"GENE0865",4.66889628332048,3.99357332622189,4.58121647782981,4.68473034113011,4.8619839938629,4.39004562113047,4.30898946352127,5.14964543198099,4.09375320931323,4.79100537130028,4.41855260472085,4.37586395102297
"GENE0866",7.54315076620797,7.69766579824607,7.6353171615808,7.76952204502872,8.1020828229811,8.07755556963474,7.29976031465469,6.96967930867904,7.77683438874588,7.7318482167867,7.11856893101818,8.24813954971295
"GENE0867",5.16477571414311,5.15211675089249,5.44904465981825,5.18531255928563,5.18878254774675,5.44878424431868,4.74050856541936,4.62017751094195,5.74423178720393,5.21868168702726,5.46455409026317,5.10795797700064
"GENE0868",8.16012585011552,8.24985268526676,8.68695050902793,8.2475380711208,8.99937297571621,8.0904547052026,8.03094477022631,8.37241360052318,7.92620062645834,7.25713115683978,7.76899828604199,8.03551069930269
"GENE0869",4.4729759908335,5.19860617920382,4.76066784415556,5.02168626161896,4.74874735738108,5.13035330148718,5.15637963915766,4.94373409540296,4.30778738367409,4.42298469859371,4.83567457393778,4.37586395102297
"GENE0870",9.37453005873258,9.07034696971792,10.034437008987,10.2019278556122,9.9669754740195,10.7942679073257,9.2613183936277,9.92612554297385,9.66159457535309,9.56774207836571,9.8882092829783,9.51752073700092
"GENE0871",7.24746884326167,7.26429825441583,7.47057223734563,7.21958659901153,7.35527713056505,6.76645760759829,7.2321600619177,7.17709261734735,7.17566606596346,7.90283844208119,7.23817433596649,6.60929045538049
"GENE0872",6.10899850095817,6.50769108912158,6.59484977164761,6.12551183168539,6.32208432471725,6.65417944523995,6.37100382298544,5.91231010814563,6.19401224361284,5.92318065606637,5.65589826360468,6.64403989733043
"GENE0873",6.21777374952482,5.80552563371466,5.31824579141467,5.84856185472356,5.84670458080484,6.13755793665981,5.9448485209728,6.48681165274399,6.09461072066725,5.8362460895521,6.05408357705721,6.56158627232395
"GENE0874",8.07043110108114,7.49729586895031,7.73549778525103,7.30919086456624,8.32060470763246,8.18968502663814,7.73867347507255,7.35817412009465,7.50753508489621,7.82263722002466,7.83102523314701,7.66804734224038
"GENE0875",7.14266302429513,7.69766579824607,7.20783197684277,6.62603018018064,7.50738539502621,7.37261744208153,6.69715187180808,7.40465918057615,7.23200501789556,6.64518405861117,6.71781420160232,7.2270287056069
"GENE0876",7.93621392458467,8.66714364978793,8.4126333481784,8.26438557947193,8.61948557635889,8.11169955484138,7.85285499778016,7.94669585803698,8.33364513088383,8.41391770223055,8.52251139924276,7.4708558891643
"GENE0877",5.55906080693802,4.94597899121255,5.28333916502146,5.81750875605802,4.74874735738108,5.44878424431868,5.28932474144339,5.85849086759404,5.01324141627604,5.90196191531523,5.82314965918915,4.82543978751269
"GENE0878",7.77947551749013,7.65976756130538,8.03470335106415,7.45364979893962,8.00874229392366,7.32963879997698,7.2550503179787,7.70852701451418,7.35542498140711,7.1112678315681,7.72882589041725,7.14898441298898
"GENE0879",5.47123394390682,5.55435776560309,5.05045087255743,5.49997071347815,4.55277978931402,5.16609490762959,4.96688950493872,4.62017751094195,5.66180353729039,5.14450255679525,5.28820757240662,4.56859374079285
"GENE0880",8.4983597654583,8.44492178384401,8.90124722608853,9.3730347939316,8.43658946429444,9.09627953271221,8.85922283921679,8.5102208719426,8.28583152679493,9.45894731685546,8.33747078120643,9.28849006332658
"GENE0881",6.10899850095817,5.91547036063218,4.70416965898469,4.83180993558511,5.01315373799188,5.63249452458539,5.08412192938595,5.14964543198099,5.18887737158306,5.47818778485135,5.28820757240662,5.10795797700064
"GENE0882",10.9564850863618,10.7228023845005,10.21948765379,10.369452798936,9.41323456282317,9.94772125591542,10.2491166626146,10.1438267810276,9.32375784079358,9.63648479052915,9.4976299329881,9.12359281566973
"GENE0883",5.37704373556169,6.22188729485079,5.28333916502146,6.80695076077186,6.07371995318281,5.68061003498063,6.10762767549903,5.55149445800918,6.33960367635682,5.35501792835748,5.94348779339476,5.45109849932398
"GENE0884",8.84040947314889,9.76045286477069,9.60144830064394,10.0725275970993,9.39697400147827,8.68508944808928,9.75933637711556,9.46188164567426,9.31296360585995,10.0884519664392,9.13000290113702,8.9187590760548
"GENE0885",5.42499698288565,6.08885644940613,5.50979240942014,7.16059119530326,6.19388547785541,6.60664866537929,6.07308141246836,6.7985443895651,6.59199393845749,5.9849289832386,6.25178417146971,6.56158627232395
"GENE0886",8.5088982541228,8.31947379215915,9.28830514674017,8.85584966250558,7.91465235524596,9.13410862037149,8.36044125014652,9.29484131354467,9.25774604597385,8.67648059321148,8.48446801514132,8.23314339975962
"GENE0887",8.32430860645338,9.33796235805263,8.9436711169557,9.39613056033767,8.89321959921981,9.30782212350923,9.3574898076633,9.2164998168252,9.6007738775039,9.22978391431283,9.13307860548142,9.94855628512308
"GENE0888",6.73648105590087,7.23360765938407,7.00132061530002,7.34139671090057,6.84263582363192,7.01353406952722,6.94330808487301,6.39677805517366,5.66180353729039,7.09308535027785,5.88464834901593,6.35274639768852
"GENE0889",6.10899850095817,6.08885644940613,7.05094819499987,6.72756568776119,6.2502780500481,6.55746215233833,5.90589311944218,6.86682477724643,6.39051208989991,6.02460136057154,5.99989914881159,6.49959273964185
"GENE0890",9.7119175671914,10.0623866159638,9.28211995259691,9.6413520821466,9.65118554434153,9.42095217890389,9.02314345695746,8.42733328059718,8.45651063802227,9.34700622820196,9.29287107466579,8.57682907844351
"GENE0891",6.89055401274206,6.3237805308535,6.37708799779376,6.04812836537868,6.91342799254059,7.01353406952722,6.56824923541444,6.7985443895651,6.13523133786866,5.59070241013539,6.20493726932166,6.33860140898618
"GENE0892",4.90791694271948,5.2434159155023,6.21051244752332,6.22238843327479,5.66169183274517,6.01391646633047,5.90589311944218,5.83076037857321,4.91468052254992,5.64355255347913,5.61978437036428,5.24381262475191
"GENE0893",6.89055401274206,6.70071637702235,6.94990203252106,6.29085839056383,7.11686935998565,7.23960423647,6.87581048179998,6.7702853662446,6.37374741731386,6.79947479517033,6.65007844110637,6.9787973517498
"GENE0894",5.47123394390682,5.80552563371466,6.04135415319609,6.07440786992565,5.71720204413545,5.91825669772306,5.84528873359858,5.19608618402031,5.44684439577657,6.06316119013113,5.61978437036428,5.69947582828021
"GENE0895",9.13376657573388,10.1590598261297,9.75670333947741,10.0613351872878,9.45898755202151,9.84503834553072,9.55716070674077,9.56337730533802,9.1356385466056,9.64892035169349,10.0269211414385,10.2998878610111
"GENE0896",7.08722784145793,7.69016575706398,8.30685712475866,7.23109899282477,7.73191859546812,7.27024967768269,7.94932831672644,8.0080762898749,7.72556046613703,7.19033983498949,6.59705860858873,7.86592547125941
"GENE0897",7.02955165021014,6.75961617047791,6.99118431421597,6.60837548169445,7.1268133853913,6.79847691031913,7.12850071519245,6.63564484518569,7.08675890930259,7.2489508907517,6.6673187797284,6.84628267969693
"GENE0898",8.74113379858146,8.9626347035641,9.2592111745172,8.79534772970821,9.0906791036109,9.09840739212488,9.03416862571382,8.95215538595924,8.77249073326928,8.73015802328525,8.23805734043493,8.60621254854053
"GENE0899",6.21777374952482,6.41874700020975,5.95895410833228,7.03474306184426,6.67595001426118,6.8089914417772,6.32799541290924,6.55490585733272,7.25936319949284,6.82178930899173,6.76657129043893,6.03830084519476
"GENE0900",7.69880747252517,8.16051957084071,7.6353171615808,8.2475380711208,7.96523044935045,7.73813944440024,6.80494753353666,7.3198679965527,7.84447515311661,7.3969018866683,7.41089672353346,7.75470836312542
"GENE0901",4.3577216136768,4.62203258403176,4.70416965898469,4.17933027955555,5.66169183274517,4.45960574336212,4.51761852880097,4.45651341489076,5.47979555464943,4.62346344389119,5.24001796341339,4.21973032357518
"GENE0902",8.76330474330963,8.02414256478768,8.44991867302803,8.93509883433986,8.12202771650236,8.11169955484138,8.75910176143366,8.19911435631183,7.80797544939384,8.22318276822786,7.6874973976847,7.69569490938351
"GENE0903",5.60086656600879,6.45500288176348,6.15639054323778,6.15037272062609,6.54785683237592,6.68880748404127,6.76280758287289,5.85849086759404,5.54330126297226,5.74335064878276,6.40437097453878,6.40793935098966
"GENE0904",5.51588380404437,5.40825302561207,4.58121647782981,5.28343957432089,5.98737422955495,4.64241390252082,5.04631054532115,4.69304720704209,5.57393739993519,5.06554210962677,5.28820757240662,4.30140717159859
"GENE0905",6.56358632495771,6.70071637702235,6.40814752766727,6.39800474246707,6.76812992816744,6.48030643752507,6.37100382298544,6.78448523457555,6.83062658236547,6.15509528026171,6.15645597035825,6.96060557156542
"GENE0906",5.75606304287901,6.68560060180227,6.62149828534741,5.99401446746821,5.63304574559507,6.38459068643026,5.51957478753055,6.03825668873266,5.8468219741038,6.5138682890096,5.13766140803494,5.82893339266767
"GENE0907",6.87423726847837,7.04602084684159,7.17243848771342,7.4138408082657,7.13668863183271,7.50078620833321,7.21669373774825,6.32034259917405,6.95888038687475,6.50003809042682,6.94640149760966,6.77508448269432
"GENE0908",8.55029775348359,8.19797763405007,8.54601886255652,8.57908564439791,8.88449642685529,8.74337538284586,8.09979829830732,6.86682477724643,8.11224531778343,8.74761519207195,8.83743258848435,8.08647852007188
"GENE0909",5.55906080693802,5.68583791717479,5.2104797339222,4.76074593408714,4.96491268069176,4.93378858587547,4.78958910954703,5.24084983880704,4.86206514454115,5.41807173488789,5.28820757240662,4.44457474590749
"GENE0910",5.55906080693802,6.57500853115782,5.59593619666751,5.45947522938127,5.30581156458017,5.60776759123199,5.54568165838144,6.13131743558802,5.54330126297226,5.50723476179113,5.02594913526056,5.74402639133863
"GENE0911",7.66144710878297,8.00614921214852,7.96939512712356,8.69954833152945,8.56955533644646,8.74065267284047,7.86279895079595,7.77364068936301,8.39638779680165,7.6659258667019,8.03578812562887,8.21035211208441
"GENE0912",9.10628214863145,9.19985177989746,9.28830514674017,9.63705031250906,9.58634142883241,9.60579473559221,8.52898977243477,9.22685080659552,9.13318593776754,8.75913691638105,9.41413193940214,8.97163189296051
"GENE0913",8.85699776464122,8.42701245604996,8.99500330247294,9.18838127318871,9.44323757696141,9.00621744969547,8.86664390645637,8.34889748607605,8.04591936780552,8.74181960114137,8.10013838497236,8.37991498908518
"GENE0914",8.78079914643824,8.49735118240355,8.06867849102551,8.711877365199,7.98715092431871,8.89063685460131,8.074362830397,8.28589512801083,7.46904501572895,8.02730083281589,6.87421648962601,8.50688229729117
"GENE0915",7.10128977230633,7.48866842710415,6.48291585138621,6.69452339024463,6.42331964254991,6.78788389872491,6.56824923541444,6.52127026348588,6.30460552420067,6.47196308846199,7.13099030564372,6.56158627232395
"GENE0916",5.22130398880226,5.55435776560309,6.17466666484704,5.71982118703818,5.47968994220484,5.16609490762959,4.22671357212381,5.40552449164539,5.229117083218,5.81361419205601,5.08309620659538,4.99509121545252
"GENE0917",5.89518809952742,5.44634641097134,6.00077224331542,5.28343957432089,5.98737422955495,5.74968320042272,6.01958288741158,4.62017751094195,5.57393739993519,5.59070241013539,6.50400981704698,5.9088304410793
"GENE0918",4.3577216136768,4.45815638711915,4.17928166882704,4.60282355996089,4.47802302603084,4.45960574336212,4.74050856541936,5.05111048996905,4.30778738367409,4.05619041015447,4.30837276184222,4.77874383137617
"GENE0919",8.34210204126152,8.08825697041412,8.28638667552839,8.53812391669007,7.83830274879914,8.15327078020908,8.54450015287299,8.43628634488499,8.29902986285409,8.39187530339745,8.65256280148392,8.5857072139072
"GENE0920",5.86172229049857,6.26354233018096,5.89372786888077,5.41767630478048,5.63304574559507,6.26654022089357,5.2246232706067,5.55149445800918,6.09461072066725,5.35501792835748,5.46455409026317,6.36674984570314
"GENE0921",5.86172229049857,6.36254330424983,6.43853414085476,5.68561402859022,5.94207570761707,6.45361825142616,6.6859071502482,6.37805680183222,6.3222141474068,6.24130849611441,6.13156456906103,5.98430380004504
"GENE0922",5.10552670264911,5.44634641097134,5.62344470315804,5.53924841248507,5.37821085544912,5.23461658439802,4.83658026738577,4.94373409540296,5.05959906130947,4.73801220112087,4.30837276184222,5.33680315109659
"GENE0923",6.31865364886429,7.0809665385898,7.0213794477982,6.12551183168539,6.96984396208988,6.29700098959436,6.09046257237503,6.26014173986711,6.23186103826402,6.67004310935161,6.3192277818942,5.76575950252519
"GENE0924",5.10552670264911,4.69499358436409,4.91466241217766,4.60282355996089,5.26800207479775,4.84489329067828,4.68909793196672,4.69304720704209,4.62236681307091,4.42298469859371,4.41855260472085,4.77874383137617
"GENE0925",9.05688640656382,8.89587319386138,9.11354430782865,9.64349816491329,9.24401136065499,9.69002981930598,9.07317535250751,8.94903230764814,8.77249073326928,9.94708397828085,9.35213879590991,9.11748583017942
"GENE0926",9.18721187380655,8.52707625982723,9.17936865053146,9.7940516018864,8.97766529556311,9.8052173163498,8.27373761481456,8.44961244560458,9.19798454657604,8.39926031945586,9.18141794237549,9.16168102958261
"GENE0927",6.34277418117912,6.24287056861407,5.82521995424604,5.57738529836157,5.57382857406539,5.01634725588924,5.88599012722789,5.40552449164539,5.57393739993519,5.92318065606637,6.27462957656742,5.4781589594365
"GENE0928",9.47195325479203,9.49653653194859,9.40674409093532,9.91800790702157,9.16218395847588,9.55712410081101,9.18423691709482,8.85872029307675,9.38275630173618,8.64577251396396,9.33888116341822,8.97388729743288
"GENE0929",8.84457447880597,9.53673067793624,9.19920057307644,9.15265908764592,8.77862243487705,8.13678612366221,8.24363590891483,8.9552717126002,9.01026628654918,9.32972928844981,8.43545573678843,8.67160346401676
"GENE0930",6.82413201714267,6.60749939839222,7.84043187778338,7.13629357525293,7.27716866916446,6.87049440091214,6.93385941508645,7.04222033185733,6.7935416806508,7.06536970865312,6.61495389155671,6.47401025531282
"GENE0931",8.76769829371922,8.97808472816397,9.86962081798696,9.50872322971534,8.90764192117029,8.92461625491801,8.96441250818875,8.60456805449773,7.42949279907894,8.25202704483103,9.11140959812242,8.80681336714245
"GENE0932",10.4932475773741,9.66442812722759,10.5445526770067,9.06569538593247,9.77430721208569,10.3876909908669,9.80509958958404,8.93647188794261,9.8994933874478,9.77198197273812,9.25101772979618,9.8228589243004
"GENE0933",7.73522037534951,7.68262633391933,6.53999390376011,8.39250657644436,7.46889577501866,7.73813944440024,8.36044125014652,7.61684464640059,7.94312473257015,7.78362103908849,6.68435152890062,8.01372933027943
"GENE0934",8.92544274159884,9.50935085660931,8.89044324591882,8.70366974108096,8.78488650111925,8.32677456766913,9.08170203386797,9.15278307001999,9.01293697910574,8.43203211239753,9.08623954046529,8.48806265095619
"GENE0935",6.92263640398234,7.0809665385898,6.32916773000447,5.96613618738869,6.21293819277411,6.99527217268752,6.45325224434853,6.06211689030952,5.79650064335651,5.71909005679616,5.88464834901593,5.76575950252519
"GENE0936",7.53283794052708,8.00010105541219,7.37274296579214,7.34139671090057,7.80164821099198,6.65417944523995,7.01672189474449,7.60097831410184,8.19930891550484,7.53771265689779,8.52251139924276,7.50878437789072
"GENE0937",6.75444994198908,5.51933612698998,6.02121292990129,6.22238843327479,6.56267704608791,7.0225780089366,6.07308141246836,6.50414640483489,6.25040618619454,5.76718106798891,6.25178417146971,6.28054498535343
"GENE0938",8.98702178854587,8.63240626749591,9.0274150362193,8.21901316956641,9.64947079595211,8.67371500382266,9.10698361376225,8.43628634488499,9.12826816797523,9.68710446208033,8.50361529606674,8.57385750024735
"GENE0939",5.04323840081973,4.94597899121255,4.76066784415556,4.96177923278654,5.57382857406539,3.74040800239541,4.13488263429582,4.76123395654334,4.09375320931323,4.79100537130028,3.82779185636717,5.10795797700064
"GENE0940",8.58058485376594,8.31461097667618,9.18600964656357,8.64914943619621,8.91050914950004,9.26489601634238,8.27373761481456,8.38634111557566,7.76418647028084,9.04686130914078,8.16775031325982,8.41022427533989
"GENE0941",7.42541212239543,6.9609869548465,6.97069274817836,7.04783928646565,7.18506589903853,6.42641329421864,6.98048790158959,7.56052749575098,6.75546155229873,6.82178930899173,7.13099030564372,7.45798672737091
"GENE0942",5.55906080693802,4.69499358436409,5.7027116488721,4.89863543349259,4.55277978931402,5.58257021384029,4.8816839009191,5.40552449164539,4.86206514454115,5.64355255347913,4.96591931636746,4.12858003749756
"GENE0943",4.90791694271948,5.10379764560079,5.05045087255743,4.83180993558511,4.8619839938629,5.72705190699482,4.45318019043714,4.76123395654334,5.05959906130947,4.49450516137223,5.28820757240662,5.30655988068131
"GENE0944",4.97752596119384,4.36428639562465,5.2474390419342,4.41564925474099,4.68740827512561,4.97579350093252,4.57805571918833,5.85849086759404,5.01324141627604,5.02403580464725,4.90264323278714,4.9549542106143
"GENE0945",5.82741119739648,4.69499358436409,5.95895410833228,5.28343957432089,5.94207570761707,5.53068369428789,5.43797005921605,5.32585270951707,5.30591088547647,5.14450255679525,5.13766140803494,4.6252228177491
"GENE0946",8.4662736384521,8.76659730971449,9.54057433328965,8.57008315776356,8.40845722401919,8.7515127837923,8.56289483087074,8.57244770233801,8.98055740223374,8.6301695164414,8.90377480013901,7.97817814195116
"GENE0947",7.34511511346477,6.78817306623819,6.37708799779376,7.84619901860758,7.05570474146826,6.8089914417772,7.41934311316538,6.90627172735592,7.72556046613703,7.24072356299528,6.71781420160232,7.30103224270847
"GENE0948",5.16477571414311,5.40825302561207,5.59593619666751,5.32977315665522,6.00947428197951,5.44878424431868,4.68909793196672,5.40552449164539,5.34262576431803,5.47818778485135,5.7913210827584,5.67663210729273
"GENE0949",5.79220833066203,5.000948680323,5.05045087255743,5.78572635842586,5.94207570761707,4.69671045320522,5.71527885752612,5.24084983880704,5.66180353729039,4.79100537130028,5.33462522028504,4.67889886967609
"GENE0950",6.64304895209261,6.49034672287909,6.74769120048147,6.41848425819186,6.33947345491757,6.78788389872491,6.55592571405555,7.01844790449836,5.87129915523179,6.25792787137706,5.72531788539003,5.4781589594365
"GENE0951",5.32722718529249,5.000948680323,5.05045087255743,4.17933027955555,4.6222967045272,4.64241390252082,4.13488263429582,5.32585270951707,3.77575238487384,4.6822891391766,4.18163946874168,4.6252228177491
"GENE0952",6.8070296362539,6.80223881488172,7.53458925528696,6.85253409466217,7.27716866916446,7.08432859437394,6.43987459101624,7.62471251149642,7.39704565866032,6.95887150564948,6.93225451287569,6.8162053043689
"GENE0953",5.51588380404437,5.32850403016816,5.47977263785321,5.49997071347815,5.18878254774675,5.23461658439802,5.49293693774556,5.40552449164539,4.47808609970675,5.35501792835748,4.68826865985232,5.30655988068131
"GENE0954",6.36648584319312,5.55435776560309,6.42342307231612,5.87892020929913,4.96491268069176,5.74968320042272,5.92550973723047,6.01397554615519,5.98749561946715,5.69438237210904,5.94348779339476,5.10795797700064
"GENE0955",7.8804369891477,7.81262743988372,7.47057223734563,8.31916123138009,8.3249119658069,7.97925295060045,7.22444781463687,8.29084055746542,8.13696271433623,8.45701552477724,8.11267011979927,8.7100007917002
"GENE0956",7.02955165021014,7.39941142994642,7.0113853210515,7.27624352094072,7.08661475461288,7.57620272653587,7.2321600619177,7.73056119929581,7.67914321051099,7.90802937864189,7.30541126893425,6.66674049373105
"GENE0957",5.04323840081973,3.80222998962402,5.00690280338359,4.51374221809768,4.74874735738108,4.64241390252082,4.51761852880097,3.99257800367954,5.18887737158306,4.62346344389119,5.02594913526056,4.77874383137617
"GENE0958",5.47123394390682,6.84361872658642,5.95895410833228,6.49754010405531,6.17456778079026,6.15435138174398,5.92550973723047,6.46926061636698,6.3222141474068,6.02460136057154,5.61978437036428,6.20440131244626
"GENE0959",6.5221111146563,6.36254330424983,6.92880318517162,6.43866916628439,6.28664303839689,6.31198565065982,7.51715711983456,6.08557110950421,6.6896291242009,6.25792787137706,6.20493726932166,6.96060557156542
"GENE0960",7.69880747252517,7.54799804941502,7.51356622993962,7.45364979893962,7.23185879053425,7.11845056552472,6.56824923541444,6.78448523457555,6.13523133786866,7.01794548402659,6.9604092742373,6.76461532193665
"GENE0961",4.66889628332048,4.36428639562465,4.76066784415556,4.51374221809768,5.01315373799188,4.97579350093252,5.54568165838144,4.54173721909216,4.3969446041571,4.49450516137223,5.02594913526056,4.9549542106143
"GENE0962",6.60387654406407,6.47278585795376,6.80680839617248,6.12551183168539,6.1549773421257,6.76645760759829,6.09046257237503,6.7985443895651,6.70304266957115,5.50723476179113,6.42487224659314,5.5811231366749
"GENE0963",8.72314813268376,8.74869032304399,8.88228678268018,8.01508025249495,8.55496584562318,8.31949146592214,8.37439752867166,8.19911435631183,8.84323541275293,8.16803125294082,9.0345414718415,7.81139269226666
"GENE0964",6.5430012826021,7.15932508488617,6.86356162941417,6.60837548169445,6.42331964254991,6.72260853178904,6.95269444975136,6.68196249920306,6.17469406767374,6.8437585720653,7.00162442812225,6.64403989733043
"GENE0965",5.04323840081973,5.68583791717479,5.2474390419342,5.32977315665522,5.54319346808701,5.7040323577261,5.82447103745129,5.32585270951707,4.86206514454115,5.56346401585058,5.99989914881159,5.17775300157529
"GENE0966",4.83382022495936,4.88828303784405,4.64451109468011,4.30574182321017,4.96491268069176,4.89020448646291,4.51761852880097,4.25785257813314,4.30778738367409,4.49450516137223,4.30837276184222,4.91338726221614
"GENE0967",8.34210204126152,8.39512503684279,8.65538433078646,8.61891487304433,8.61245775453671,8.20952402068826,7.98617524945882,7.95295314851675,8.64397548892934,8.17665487833474,8.7992120846697,7.4708558891643
"GENE0968",5.16477571414311,5.19860617920382,4.2758805597652,4.17933027955555,4.39688560685022,4.45960574336212,4.51761852880097,4.54173721909216,4.55284654316695,4.56106826899732,4.83567457393778,4.37586395102297
"GENE0969",7.44755103992302,7.35260708225606,8.11121399787936,7.66330132957236,7.62403864964383,8.10747560597838,8.0528175994401,8.18855215893196,7.69922032404519,7.51745272792899,7.8610627413431,7.3986010254017
"GENE0970",7.16959390003032,6.65487586115391,6.91813529213704,6.43866916628439,6.30447610910422,6.58226970777879,6.35681404605831,6.21851323572876,6.60636167878499,6.86539326232129,6.88894953734041,6.53711521306513
"GENE0971",10.09407559253,9.94939345823699,9.69441991795521,9.97365109776203,10.1635885426594,9.2985984564604,10.0997435352747,9.58767312157268,9.6852224107143,9.61762806092383,9.0345414718415,9.51132440039009
"GENE0972",5.16477571414311,4.88828303784405,5.67680935887743,5.61445084273423,5.10414213213893,5.09353462373327,5.69233409867065,5.80245046367133,5.8468219741038,5.53565047103937,5.82314965918915,5.21122135721986
"GENE0973",9.52220738098263,8.30973168179485,9.27798170083793,8.97995851935052,9.77430721208569,9.6801207407708,9.25567807383219,9.55313199148998,9.02885805975254,9.00150909558319,9.07987776064844,9.19492748332767
"GENE0974",6.47937734615328,5.99247478376178,6.59484977164761,6.37722164527099,6.2502780500481,6.35599911771369,5.963917618579,6.39677805517366,5.91897068972772,6.32249286255659,6.5231175575843,6.71107740034224
"GENE0975",9.61287504070812,9.29913066952616,8.61328646545583,9.02346423634144,9.12564166003504,8.3304023500913,8.48143070424113,9.17165975839898,9.62016676515744,8.46054946844945,8.93935352079049,9.31363520134357
"GENE0976",6.77219393526232,7.9061867031558,6.85239092422854,7.63763127740912,7.57416577701276,6.15435138174398,7.75478842540718,7.38624580870289,6.50257115714982,7.09308535027785,6.36244654342059,6.70012268230767
"GENE0977",9.6608871643445,9.7150842634718,9.29241391890882,9.39358255515651,9.61298194419662,9.14855598160667,9.15625445296253,9.83941958757943,9.69689273991659,9.15327626870448,9.83632699936737,9.48468884915956
"GENE0978",4.22498275163827,4.69499358436409,5.13308268451435,4.76074593408714,5.26800207479775,5.05556156577568,5.04631054532115,4.62017751094195,5.10423357161015,4.98102908982467,5.54446056462054,5.0339082578499
"GENE0979",4.66889628332048,4.62203258403176,4.36234597151196,4.30574182321017,5.60376825248473,4.89020448646291,4.57805571918833,4.54173721909216,5.05959906130947,4.98102908982467,4.51688249385809,4.30140717159859
"GENE0980",5.64139193388158,5.2434159155023,5.72812218279442,5.93767861405064,5.98737422955495,5.85747045082884,5.9448485209728,5.55149445800918,5.01324141627604,5.47818778485135,5.97198377258729,5.84935245414932
"GENE0981",9.49067228939757,10.3143635611584,9.86411103779893,10.2192957128801,9.2598339910918,9.79607125693652,10.2781484046632,9.68846746458476,10.2179814950658,9.27461555525369,9.61445758261414,9.46398329189878
"GENE0982",7.46935314688242,7.99402735703488,8.34694506390167,7.57588626898689,7.86222979833981,7.45488899928275,7.93526359991769,7.65575963528963,7.82024531626272,8.02730083281589,7.83102523314701,7.78590399082415
"GENE0983",8.83623239675465,8.54379062450457,7.80629835946981,8.52420703253962,8.89900585613476,8.63318211777594,8.20510140128268,7.56870941547997,8.56243761925043,7.99839747119206,8.16775031325982,7.14094027750562
"GENE0984",7.04419083872118,7.12626803727065,6.82978252712813,6.96739374918076,6.8182324469445,6.94856618618857,7.0433053899565,6.88009573261484,6.7935416806508,7.46903569313679,6.79816884821722,7.45150855399747
"GENE0985",5.10552670264911,4.88828303784405,5.31824579141467,4.96177923278654,5.18878254774675,4.03380234021967,5.25739083816715,4.45651341489076,4.86206514454115,4.93638930206227,5.42268344439262,5.10795797700064
"GENE0986",5.92785141446124,6.01721052143199,6.52593982629373,6.60837548169445,6.40694687715487,6.65417944523995,6.20637570058624,6.45148769049244,6.63466596597726,6.67004310935161,6.18090827777129,6.71107740034224
"GENE0987",4.66889628332048,4.25922592582695,4.17928166882704,4.89863543349259,4.6222967045272,4.89020448646291,4.30898946352127,4.62017751094195,4.30778738367409,3.92558082013892,4.96591931636746,4.82543978751269
"GENE0988",6.47937734615328,6.47278585795376,6.79518038503106,7.07367637883299,7.32108739685644,6.94856618618857,7.034499186383,6.39677805517366,6.85482252612631,7.21575366608579,6.87421648962601,6.94217836465433
"GENE0989",10.0568804974588,8.9626347035641,10.9791573503287,9.88755056266164,9.6041563379057,9.85890821393974,9.0187096715391,9.90533554432845,9.7713201957569,9.39024032051779,9.24249927976354,9.97581167237079
"GENE0990",8.85699776464122,8.85962848664775,8.85197854060052,8.34578691000527,9.17177415329337,8.68508944808928,8.49106896669726,8.75880575505147,8.74704664907975,8.12857238384615,7.72065479717393,8.64069953004885
"GENE0991",7.54315076620797,7.42677708570133,7.71110025254965,7.91899140776849,7.71229887803853,8.07755556963474,7.28501169439461,7.40465918057615,7.46122141407483,7.65360787523244,7.06777338022848,7.4053223044944
"GENE0992",4.75447897304764,5.000948680323,5.31824579141467,5.41767630478048,4.68740827512561,5.39116578501052,5.19097146363657,5.93844328331662,5.44684439577657,5.53565047103937,5.28820757240662,5.24381262475191
"GENE0993",5.86172229049857,5.32850403016816,5.17238817225744,6.02133764409921,5.60376825248473,5.81538091704007,6.05547844755648,4.94373409540296,6.33960367635682,5.18214848822356,5.18989720613499,5.39522024645591
"GENE0994",5.42499698288565,6.1119346667448,5.41757085400705,5.78572635842586,5.26800207479775,5.58257021384029,5.40958719984467,4.1373247401923,4.68748146497161,5.14450255679525,5.54446056462054,4.87026432960211
"GENE0995",8.85699776464122,8.39512503684279,8.0099345002576,8.29203389056684,7.499769693194,8.59449527897891,8.09559015818268,8.41379845547455,8.59845719472944,8.27228188890483,7.80034644691032,8.34895403322655
"GENE0996",5.27537882872743,5.32850403016816,4.36234597151196,4.89863543349259,5.05950945094439,4.89020448646291,4.8816839009191,4.54173721909216,5.26809996594856,4.56106826899732,5.54446056462054,4.9549542106143
"GENE0997",4.90791694271948,5.40825302561207,5.9375562490368,5.78572635842586,5.05950945094439,4.89020448646291,4.74050856541936,4.62017751094195,5.54330126297226,5.56346401585058,5.08309620659538,5.0339082578499
"GENE0998",5.47123394390682,5.44634641097134,4.70416965898469,4.89863543349259,4.39688560685022,5.05556156577568,4.74050856541936,5.10137785357304,4.55284654316695,4.56106826899732,5.37940981639276,4.50856753718945
"GENE0999",9.60553335058555,10.3155798716735,8.86030783035083,9.76477771393601,8.78175787132302,9.39002105654468,8.50064316575311,9.50078436695327,8.26356180489075,8.99908215199462,9.26790512546705,8.98063241524375
"GENE1000",6.71828140023147,7.11507673993519,6.24545713501497,6.98112071047692,6.89022005864387,6.56992046520231,6.50552494164073,6.43348704377245,6.56281206341653,7.22412551488286,6.59705860858873,6.49959273964185
"GENE1001",5.37704373556169,5.05347560891206,5.59593619666751,4.60282355996089,5.66169183274517,5.55688262416421,5.08412192938595,5.28406706308717,5.34262576431803,5.06554210962677,5.50511782417126,5.92809301798095
"GENE1002",6.10899850095817,5.2434159155023,6.60823688465687,5.61445084273423,5.89522464225048,6.05038817813045,5.43797005921605,5.44358190719965,5.41303377401106,5.69438237210904,5.37940981639276,5.10795797700064
"GENE1003",5.16477571414311,5.51933612698998,5.0924714955971,4.41564925474099,5.44673993994446,4.45960574336212,4.22671357212381,4.54173721909216,4.55284654316695,4.88996318035601,5.02594913526056,5.50466855113633
"GENE1004",5.92785141446124,6.22188729485079,5.84844210197022,5.65050799972721,6.13510604437463,5.85747045082884,6.79452929633882,5.44358190719965,5.51193366996622,6.17277142885426,5.28820757240662,5.86946883702259
"GENE1005",8.12628628332718,7.79176126995864,8.27396322445858,8.81452883071945,8.85503190463086,8.22520065599022,8.71043657706142,7.20891033415216,8.03016915095188,7.80047215382056,7.49961748425929,7.87562198837775
"GENE1006",8.86522086213583,8.59280075596895,8.3390162673401,8.43279976977113,8.4835734719384,9.27809628456258,8.26252310670954,8.09549859947995,8.31644151976071,8.30803761361865,8.61784312654263,8.20267410909365
"GENE1007",8.16679931276106,8.34354453022592,7.81204388280468,7.95405052033316,8.05097634917849,8.36971612198775,8.0353460242477,8.0784339871982,8.48757860403268,7.46198352767937,7.92643641008733,8.36279670502849
"GENE1008",10.2099449164689,9.43518308170489,10.3012646850258,9.74692387292009,10.4113379286293,10.163232734438,9.93897251797863,10.3317413436115,10.2868861856669,10.0792933689467,9.46627243260521,9.4671881764016
"GENE1009",8.12628628332718,9.53045823778715,8.42766350607105,8.88517415006029,9.03133363659894,9.53687270828642,8.79584801505466,9.01920495002775,7.96538472841608,8.71840130597781,9.07987776064844,9.20456171700643
"GENE1010",8.65362895218993,8.4757370453473,9.00505398188542,8.40774893726269,7.80164821099198,9.26300036013165,8.74306194383972,8.39555185159659,7.94872212096383,8.6915926587519,8.69481800867935,8.37991498908518
"GENE1011",4.97752596119384,4.62203258403176,5.17238817225744,4.30574182321017,3.95654372834274,4.84489329067828,5.25739083816715,4.82541118637765,4.47808609970675,5.14450255679525,4.30837276184222,4.91338726221614
"GENE1012",8.28191495211047,8.14416277122317,7.00132061530002,8.15419457892608,7.92036081071222,7.2082875997854,7.09503045702979,7.99600799744395,8.48757860403268,8.17234952478242,8.01590800796474,7.60528075208291
"GENE1013",5.37704373556169,5.55435776560309,6.00077224331542,5.57738529836157,5.18878254774675,5.44878424431868,5.82447103745129,5.71377144839768,5.229117083218,4.56106826899732,6.13156456906103,5.45109849932398
"GENE1014",6.10899850095817,5.19860617920382,5.53913863910085,5.84856185472356,6.43950360001593,6.25105661427605,5.38056528187997,5.71377144839768,5.77061962651983,4.98102908982467,6.05408357705721,6.10715272586554
"GENE1015",7.14266302429513,6.94841405079413,7.88471762761298,6.93953635294465,6.72935627829843,6.91006581231591,6.5434935299371,6.69707076142079,6.98100630599043,7.14695244687631,6.40437097453878,6.99675971897228
"GENE1016",5.32722718529249,6.04150895137728,5.44904465981825,5.49997071347815,5.18878254774675,5.39116578501052,5.49293693774556,5.61880370076047,5.63315652429458,5.18214848822356,4.68826865985232,5.67663210729273
"GENE1017",6.02140674109204,5.94162310744823,5.31824579141467,5.78572635842586,5.71720204413545,5.44878424431868,5.35087168464298,5.51650434151614,5.01324141627604,5.66920959612141,5.33462522028504,5.76575950252519
"GENE1018",9.28850297187569,9.14342050063743,9.3208521054889,9.1765719442347,9.36179923000998,8.96249367519589,9.50582047611993,9.6056300982638,8.26804339384561,9.84405224322713,9.06384939798489,9.25920536305017
"GENE1019",6.43530421096138,6.3237805308535,7.34124613603305,7.0864215340198,6.51774051838371,6.88049097459827,6.45325224434853,6.7985443895651,6.6760872469506,6.73034483720479,6.65007844110637,7.17284851760585
"GENE1020",7.98235879139951,7.41771315655409,8.1660400198521,8.4228316635695,8.33348801887104,7.66521902725793,7.68361233895124,8.01407267352208,8.09720847083846,7.90802937864189,8.0423542391301,8.08229949415343
"GENE1021",10.4392133479283,10.0623866159638,10.3968919446692,9.38847299839409,9.21647623320367,9.47926073820553,9.48508283600715,9.47930143038179,9.72972543550322,10.1422149768011,9.23393020511031,9.18328077909152
"GENE1022",6.98470977203543,8.11088060849752,7.81776652384394,7.70509036862075,7.83225822047092,7.95123454758418,8.02653000793821,7.50190868636444,7.42949279907894,7.94385043331096,7.63627977154345,7.99161303208904
"GENE1023",10.2402818845568,9.2693048645513,10.4428908893621,10.439049638614,9.24173674417111,7.8836535001867,9.60081678458834,10.0895711452092,9.78075099754468,10.1466060715904,10.4018471954668,10.0578096016656
"GENE1024",9.65378644986107,9.40349890470202,9.31480524559636,9.77655866326368,8.71115152359726,10.2614298232508,9.48668866927984,8.99820734985685,8.28583152679493,9.5595318491126,9.55378810395631,9.34184563150058
"GENE1025",5.95975172097631,5.71677457354216,5.87127352691975,5.13317711387027,5.41293052223172,4.64241390252082,5.43797005921605,4.94373409540296,5.01324141627604,4.98102908982467,5.24001796341339,5.62973620989044
"GENE1026",6.38980265357328,6.01721052143199,6.97069274817836,6.64346700432215,6.71619235027635,6.85028782472227,6.84587241277564,6.63564484518569,6.7425374961594,7.1731426749184,7.23817433596649,6.21996692452865
"GENE1027",4.66889628332048,3.99357332622189,5.05045087255743,4.68473034113011,4.74874735738108,4.58511941354377,4.13488263429582,4.36276907375499,5.10423357161015,4.26028533421001,5.08309620659538,4.9549542106143
"GENE1028",4.75447897304764,4.76326395420319,5.31824579141467,5.53924841248507,4.55277978931402,5.50395080240343,4.68909793196672,5.58557777829278,5.229117083218,5.25417383302746,4.96591931636746,5.07150200490239
"GENE1029",5.79220833066203,6.38152941411876,6.15639054323778,5.96613618738869,6.32208432471725,6.86042702600481,5.51957478753055,5.05111048996905,6.40707861077434,6.32249286255659,5.72531788539003,6.21996692452865
"GENE1030",8.67249779226533,8.2850840452114,8.0099345002576,9.17360443659039,8.46418271350897,8.38025436452827,8.45212280288087,7.08860839414503,8.42073893709438,8.95217648028085,9.07028214285377,8.91406845576039
"GENE1031",7.66144710878297,7.03417937407499,8.02484693404595,6.88213023972817,8.34201329449829,7.3796567829359,7.87758706414974,6.91918126469472,6.89036110945495,7.70822513016572,7.04168090465883,7.0664275182899
"GENE1032",6.29410944552017,5.94162310744823,6.37708799779376,5.99401446746821,6.17456778079026,6.38459068643026,6.46650372404664,5.83076037857321,5.94219584084286,6.24130849611441,5.54446056462054,6.3943435698788
"GENE1033",7.12900472421512,6.63925950851728,7.06066974353817,7.55774555414454,7.53745006626565,6.89041775012656,7.52344675120932,6.7702853662446,6.98100630599043,6.63258868610507,6.81370764338893,6.78547693994454
"GENE1034",5.68071852918215,5.71677457354216,5.67680935887743,5.93767861405064,4.91459706087536,5.55688262416421,5.54568165838144,4.45651341489076,5.26809996594856,6.02460136057154,5.02594913526056,5.72193608848263
"GENE1035",4.4729759908335,4.82751824920096,5.0924714955971,4.76074593408714,4.6222967045272,5.01634725588924,5.08412192938595,4.54173721909216,5.14728546522591,4.34542727297923,4.606173645641,4.87026432960211
"GENE1036",8.12628628332718,8.26000707609995,8.15704618124602,8.58803222613037,8.35048839158595,7.77592272875431,7.79170148660387,7.82914133252414,8.49524200909333,8.17234952478242,7.86847504361369,8.3968321721821
"GENE1037",5.37704373556169,5.71677457354216,6.67333348395195,6.24558767185246,6.5024373765812,5.7040323577261,6.62830247880857,5.96408614432559,5.98749561946715,6.29058370313366,6.20493726932166,5.94708768278971
"GENE1038",6.60387654406407,6.5248243545699,6.46827711145255,7.20798074133443,7.65177809761768,7.31502098533855,6.65162667978432,6.83990521169833,6.39051208989991,6.81067589599944,6.90353150003171,6.38061463797307
"GENE1039",5.10552670264911,5.000948680323,3.93574756962721,5.13317711387027,4.47802302603084,4.31465226204918,4.45318019043714,4.36276907375499,4.62236681307091,5.32228647894835,3.82779185636717,4.6252228177491
"GENE1040",5.32722718529249,5.36899923474729,4.58121647782981,5.02168626161896,4.68740827512561,5.23461658439802,4.6350661880597,5.51650434151614,5.18887737158306,5.21868168702726,5.13766140803494,4.6252228177491
"GENE1041",4.97752596119384,6.71567247776439,5.28333916502146,4.83180993558511,5.34252507624925,5.7040323577261,5.49293693774556,6.33984640299133,5.60387807226552,5.76718106798891,5.50511782417126,5.9088304410793
"GENE1042",7.41421305340226,7.82637175766674,7.1176476865719,7.49238284677187,6.96984396208988,7.32234855404274,6.15788077277609,6.89324395568518,6.89036110945495,7.18176712713889,7.33788085971478,6.32431190112757
"GENE1043",7.59363122388824,8.46699975166131,7.95389330917131,8.27550870242191,8.63690660532779,8.46849316859381,8.16148674119887,8.97075308455523,8.82814879828987,8.39926031945586,7.52801143572846,8.19495492833834
"GENE1044",5.32722718529249,5.19860617920382,5.2474390419342,4.68473034113011,5.30581156458017,4.52437607466252,5.78184960161745,4.76123395654334,5.34262576431803,4.98102908982467,4.68826865985232,4.82543978751269
"GENE1045",8.86111517765767,8.62063850733295,8.65857224929341,9.0910819956232,8.37146043889762,8.54852626875776,8.65436379935864,8.62036362455246,8.4247577290037,8.64887293974039,8.48927874933977,9.15573359254245
"GENE1046",5.42499698288565,5.10379764560079,5.13308268451435,4.96177923278654,5.63304574559507,4.45960574336212,5.32047101053023,5.19608618402031,5.41303377401106,5.32228647894835,5.18989720613499,5.30655988068131
"GENE1047",7.14266302429513,7.80570566491179,7.50648950209081,6.75985491690651,7.74485107074908,7.11845056552472,7.32880922487156,6.99427226000694,6.56281206341653,6.47196308846199,6.79816884821722,7.49625270884689
"GENE1048",9.41148846084307,9.19985177989746,9.69752135234704,9.65418093723567,9.19782294377118,9.14855598160667,9.06244559038478,9.47713542990364,8.68139872124946,9.25237396543687,10.1197508221877,9.37122655990802
"GENE1049",6.89055401274206,6.57500853115782,7.07032548082207,6.49754010405531,5.77050451575007,6.70016438923242,6.29857016310033,6.78448523457555,6.59199393845749,6.44331602302829,5.65589826360468,6.14033302751171
"GENE1050",7.87228920699518,7.70512686866037,7.56895701256258,7.75368306344869,7.28606092071994,7.94651127383617,7.78125132373706,7.3198679965527,7.6030272115686,7.86062199708379,7.62756297066904,7.3850631057759
"GENE1051",5.60086656600879,6.82995896121927,7.21654506924306,6.88213023972817,6.79340229672132,6.94856618618857,6.77346050183009,6.21851323572876,5.18887737158306,6.87608834340815,6.71781420160232,6.64403989733043
"GENE1052",7.12900472421512,6.68560060180227,7.00132061530002,6.24558767185246,6.64847160347034,6.66581655858354,6.32799541290924,6.7559418911419,7.50753508489621,6.90769919363076,6.6673187797284,7.52737889259549
"GENE1053",8.97567431037841,9.12965255007783,9.00755574084639,9.68784359224912,9.08561451343674,8.61842524055136,8.32134901579748,8.76236891120963,8.29464384745719,8.55943496757587,8.83365582687334,7.89482096903499
"GENE1054",9.62502874494658,9.25161724999626,9.762638210657,9.18543799649686,9.02075861849736,9.58318473471939,9.64893821766556,9.77034637158918,10.1186046917519,9.6916193568905,9.21082720045023,9.58545453667775
"GENE1055",8.88152763999325,8.87291407161305,8.63933807414844,8.30294623748894,7.91465235524596,8.26366119065609,7.73867347507255,8.28589512801083,7.32123481012564,9.03979460706086,8.93230768376521,8.75791150775257
"GENE1056",9.82159045615608,9.95408728297149,8.94105589112075,9.68992164735552,10.1551546919474,9.41242653823798,9.95645985477664,10.015395321418,8.83721970382262,9.70656774046638,9.30927808397178,10.017939631813
"GENE1057",9.03882672404673,10.0652818630672,9.70678583956426,9.29326271851323,10.4532171912851,9.4311168566488,9.54024956242401,9.42639781212093,9.10592823051541,9.25441016466815,9.4116014078211,9.24059572397478
"GENE1058",5.16477571414311,6.01721052143199,5.75306049096556,6.04812836537868,5.74411748646959,5.95732614876197,5.59639087775452,5.71377144839768,5.66180353729039,6.02460136057154,5.54446056462054,5.67663210729273
"GENE1059",5.42499698288565,4.62203258403176,4.2758805597652,4.68473034113011,5.14719229056659,5.16609490762959,4.45318019043714,5.24084983880704,5.74423178720393,5.18214848822356,5.24001796341339,4.91338726221614
"GENE1061",7.88853884726228,7.62871171964875,7.19024480675312,7.40371330429721,7.50738539502621,7.05819074028626,7.20105824583085,7.20891033415216,7.5450188944387,7.570855935328,7.33788085971478,7.18853929756692
"GENE1062",6.10899850095817,6.41874700020975,6.22809448830563,6.22238843327479,5.10414213213893,5.68061003498063,5.80332831126727,6.17560013127502,5.91897068972772,6.47196308846199,5.97198377258729,5.8892918708274
"GENE1063",10.0604644987503,9.72793198579609,9.93019755528531,9.53439350852208,9.82227917955771,9.98499291247242,9.56630206270577,9.48146418250062,9.8747537842662,9.31224283499164,8.91096114557526,9.52215058031844
"GENE1064",4.83382022495936,5.74701329525877,5.82521995424604,5.07871890811883,4.91459706087536,5.23461658439802,5.90589311944218,5.55149445800918,5.68984767667298,6.08204388695807,5.88464834901593,5.84935245414932
"GENE1065",4.66889628332048,3.80222998962402,4.70416965898469,4.83180993558511,5.18878254774675,5.01634725588924,4.13488263429582,3.80151713267723,4.55284654316695,4.42298469859371,5.37940981639276,4.56859374079285
"GENE1066",5.27537882872743,6.17894622278844,6.04135415319609,6.35612556523743,5.47968994220484,6.10334721091766,6.14133157439788,5.71377144839768,6.4234517348088,5.94407464442714,6.48463910885948,6.4868596524826
"GENE1067",5.95975172097631,4.94597899121255,4.51367610562448,5.41767630478048,5.2290206892662,5.44878424431868,5.08412192938595,5.48055331725275,5.51193366996622,4.79100537130028,5.7913210827584,4.77874383137617
"GENE1068",9.02053793080147,9.41034722042652,9.4625047590676,9.12834292514992,8.69461044090273,9.68295885986271,9.4393777843552,9.61944368136436,9.98492707604477,9.37347666248522,8.8856506064134,8.83934139989095
"GENE1069",10.2792509808341,9.09606293303146,9.78467898081426,9.14055226862468,9.31496689060844,10.447322773945,9.66178829561949,9.56541766299733,9.71176001421964,9.62708724385543,8.49407347012407,9.51906567019835
"GENE1070",5.47123394390682,5.62172626825794,5.28333916502146,5.68561402859022,4.91459706087536,5.42029639220579,6.05547844755648,4.76123395654334,5.66180353729039,5.14450255679525,5.24001796341339,5.65339062366611
"GENE1072",4.90791694271948,4.88828303784405,5.2474390419342,5.57738529836157,5.54319346808701,4.97579350093252,5.49293693774556,4.36276907375499,5.68984767667298,4.73801220112087,5.28820757240662,5.07150200490239
"GENE1073",7.82240802967652,8.31947379215915,8.35089314992376,8.23619585091877,6.93626340191311,8.11169955484138,7.08653879842136,7.44079077483173,6.99194169649704,7.21575366608579,8.41537408619344,6.6890825428247
"GENE1074",5.60086656600879,6.24287056861407,6.31282238525141,5.78572635842586,6.66227753798405,6.28185374108108,6.35681404605831,6.46926061636698,6.37374741731386,6.35368973410198,6.71781420160232,6.17273695555514
"GENE1075",4.97752596119384,4.69499358436409,4.44108581236596,4.51374221809768,4.91459706087536,4.79768253464048,4.68909793196672,4.94373409540296,5.60387807226552,4.56106826899732,4.96591931636746,3.7347449426157
"GENE1076",6.41273790426979,6.30398853404465,7.48504730377809,6.02133764409921,6.62044854148035,6.8089914417772,6.56824923541444,6.23948307151004,6.11507016701363,6.70653143130324,5.82314965918915,6.8162053043689
"GENE1077",7.5533899698042,6.9609869548465,6.55390920437292,7.56684458609587,7.69906855081579,6.67735871615434,6.55592571405555,6.52127026348588,6.80601126813129,6.60705604174574,6.8442841935716,6.4868596524826
"GENE1078",5.16477571414311,5.2434159155023,5.53913863910085,6.31295454149413,6.2685791050512,5.29957473473025,4.78958910954703,5.36630838281794,5.68984767667298,5.64355255347913,6.48463910885948,5.4781589594365
"GENE1079",7.50144688429964,7.23360765938407,7.28440193604588,7.53009692836381,6.78082238817846,7.04937059322695,7.29240500776916,7.13353580048458,7.07652965181,6.64518405861117,6.90353150003171,7.09169982989027
"GENE1080",5.89518809952742,5.2434159155023,5.59593619666751,5.49997071347815,5.30581156458017,5.72705190699482,5.15637963915766,5.32585270951707,5.68984767667298,4.8415720392666,5.37940981639276,5.80820184769705
"GENE1081",9.14055659019765,7.91264214365428,8.06387375089101,8.53812391669007,7.89158912846153,8.05579662438058,8.25122055041427,9.15006611157735,8.28140505610545,8.40660765800946,8.75995031198449,8.51929350337061
"GENE1082",4.57571107120738,5.55435776560309,6.06120494144834,4.51374221809768,5.94207570761707,5.47665968096879,4.6350661880597,5.32585270951707,5.82189509075368,4.79100537130028,6.13156456906103,5.55612909748223
"GENE1083",4.97752596119384,5.77658684905942,5.00690280338359,4.76074593408714,5.05950945094439,4.52437607466252,5.19097146363657,5.85849086759404,4.74882339490588,4.93638930206227,4.76445481120257,4.9549542106143
"GENE1084",6.13700302636241,5.44634641097134,4.44108581236596,5.32977315665522,4.55277978931402,5.91825669772306,5.35087168464298,5.68286062317584,5.01324141627604,5.69438237210904,6.05408357705721,4.91338726221614
"GENE1085",6.75444994198908,7.01019721037805,6.56768850247186,6.17479543641974,6.33947345491757,5.65676954152493,7.10347188635397,6.13131743558802,7.0135638649421,6.35368973410198,6.75050455945418,5.69947582828021
"GENE1086",8.37127770449608,8.22414883681045,8.25301621732008,7.37289394698162,7.62403864964383,7.58839547017555,7.84284176410676,8.18855215893196,7.88007077928797,7.80047215382056,7.67062707598478,7.2270287056069
"GENE1087",8.35967827858992,7.89970214434721,8.46820551306606,8.7680579467318,7.81397057231205,7.6937052525883,7.58487109961494,7.69364746108391,7.71902058521481,8.28429940258314,7.59215646892502,8.04413172693098
"GENE1088",4.75447897304764,4.62203258403176,5.44904465981825,5.18531255928563,4.39688560685022,5.33084216030771,4.57805571918833,5.85849086759404,4.80688647693289,4.93638930206227,4.96591931636746,4.87026432960211
"GENE1089",9.33955288662978,8.87621642145479,9.31883930168088,8.57459143288705,8.91337068578565,8.6907431767386,9.40071950991182,8.99820734985685,9.38893673437661,9.49555797891215,8.97064042195948,9.17937754370882
"GENE1090",6.5221111146563,6.97344981454782,6.62149828534741,6.80695076077186,6.94754515928696,6.39867059958643,6.49263775991552,7.00641134779031,6.78096154857469,6.70653143130324,7.19152657335398,6.89503866352647
"GENE1091",5.92785141446124,5.88880650063069,5.87127352691975,5.23533893934653,6.5773431338527,5.85747045082884,6.39895930246026,5.28406706308717,6.00959627469958,5.85850633439521,6.59705860858873,5.62973620989044
"GENE1092",4.3577216136768,5.000948680323,4.91466241217766,4.89863543349259,4.96491268069176,5.39116578501052,4.0296868369848,4.82541118637765,4.74882339490588,4.42298469859371,5.61978437036428,4.30140717159859
"GENE1093",8.4662736384521,8.39512503684279,8.07824009738344,8.9420918449341,8.32060470763246,8.84320207149212,7.90671455828324,8.11236318761907,8.37992189981185,7.86596735933093,8.2091789366124,8.281320395937
"GENE1094",4.22498275163827,4.54349182563741,4.70416965898469,4.30574182321017,4.39688560685022,4.13959078537929,4.13488263429582,3.99257800367954,4.47808609970675,4.6822891391766,4.30837276184222,5.27557692645215
"GENE1095",8.30023672118514,8.33396446822357,7.94868867576822,8.69126997989948,7.93171017225445,8.75421507188546,7.48528834842073,8.45842850321713,8.55878563143218,7.44061641042795,7.954563724871,7.95092585483797
"GENE1096",8.40552571083827,8.29499379198256,8.06387375089101,8.37192917867559,8.0664998154519,8.47178134174194,7.57279484298067,8.03781130636398,8.0195723722198,8.21483425826029,8.42042081067698,8.39346459670065
"GENE1097",7.49082860194729,7.41771315655409,8.39362234344642,7.59380046336217,8.29887298932313,7.49431874666231,7.92581010211318,7.38624580870289,7.29504531754328,7.69626624438597,7.48037090870302,7.42529898295559
"GENE1098",5.16477571414311,4.82751824920096,3.76085820161654,3.82642089610471,4.55277978931402,4.84489329067828,4.51761852880097,4.69304720704209,4.20811770217306,4.73801220112087,4.68826865985232,4.12858003749756
"GENE1099",7.41421305340226,6.98580456356309,8.28225742559096,7.3519729639813,7.11686935998565,7.1099962438396,7.45927322707912,7.38624580870289,7.30382851090585,6.7421031059059,7.43109254821764,7.14094027750562
"GENE1100",5.64139193388158,5.05347560891206,5.0924714955971,4.89863543349259,5.2290206892662,5.01634725588924,5.15637963915766,5.74398528177613,4.91468052254992,5.74335064878276,4.68826865985232,4.99509121545252
"GENE1101",7.59363122388824,6.93572911571018,7.53458925528696,7.28731048228825,7.71229887803853,7.50078620833321,6.79452929633882,7.20891033415216,6.71633033639399,6.90769919363076,8.06832302559067,7.14094027750562
"GENE1102",7.49082860194729,8.13866892724733,7.94346513517675,7.86842639009485,7.08661475461288,7.62436412343946,7.4394472460759,7.33914918082814,7.51511063817155,8.24384463094364,7.13099030564372,7.84139405892956
"GENE1103",7.14266302429513,6.62346869553165,6.78345630835291,6.41848425819186,6.67595001426118,6.76645760759829,6.87581048179998,6.68196249920306,6.902012604973,6.1006717282986,6.90353150003171,7.10002543496532
"GENE1104",5.99092554302756,5.32850403016816,4.70416965898469,5.37447816482985,5.63304574559507,6.26654022089357,5.4657439999289,5.80245046367133,6.13523133786866,6.30662940925271,5.69105863050171,5.17775300157529
"GENE1105",6.10899850095817,6.68560060180227,6.59484977164761,6.60837548169445,7.08661475461288,6.46702567968607,6.59257793511579,6.28049863983408,6.35677965584575,7.00826834826756,6.75050455945418,6.77508448269432
"GENE1106",9.19048732958478,8.22414883681045,8.39362234344642,8.71596371305441,8.38802090502133,8.1409250251092,8.8113140526207,8.88510625242505,9.22126378387748,8.68254445115447,9.52129549040436,8.53771208972138
"GENE1107",10.0853062202963,9.91128261840204,10.3572428638377,10.4816518137493,10.2678471819293,10.1814087313075,10.1951436549363,10.4007781459826,9.12580297839435,9.63022656814246,9.76873427412394,10.4221591388668
"GENE1108",7.96714110947152,6.97344981454782,7.0989066823063,8.08631818123461,8.39213143523376,6.8089914417772,7.1852498093578,6.85342874234344,7.0027937912805,6.9487831667748,7.44108470664426,7.20405965617489
"GENE1109",6.10899850095817,5.94162310744823,6.26260597736711,6.29085839056383,6.21293819277411,6.35599911771369,6.20637570058624,5.80245046367133,6.3222141474068,5.88040760563549,6.38356554838313,6.5494038429155
"GENE1110",7.95947145029794,7.33344840311817,7.35708115613501,7.28731048228825,8.26340518134799,7.42798667660009,7.67234213769157,7.62471251149642,7.49226283623236,6.95887150564948,6.82907820552092,7.62267292917439
"GENE1111",9.55560976104315,9.41716316733226,9.75967382770446,9.73690873560619,9.08307553087216,9.25539271478149,8.99407705681979,8.61643093698483,8.86999964692658,9.83046939193727,9.20791312187665,8.9918046133945
"GENE1112",5.86172229049857,6.47278585795376,6.48291585138621,6.29085839056383,6.1549773421257,5.50395080240343,6.73035998071422,6.43348704377245,6.6896291242009,5.96465416034047,6.78245803572603,6.60929045538049
"GENE1113",10.1252111000575,9.41716316733226,10.3978455110405,10.42664286936,10.6068934088632,10.1834142212587,9.71892083401073,9.84278791903916,10.0719976069211,8.70058440519501,9.77465367511039,10.4475278070786
"GENE1114",7.10128977230633,8.16051957084071,9.17046613789614,8.7876032354045,8.50270665585523,7.89840498718518,8.79065556590217,9.38077880233882,8.01424456232532,8.01773076975393,8.64396100122454,8.36966845713936
"GENE1115",6.96944327576633,7.15932508488617,7.56214901936739,8.11137253706301,6.79340229672132,7.08432859437394,7.54215181179332,6.88009573261484,7.25030183560505,7.76084094618587,7.42103022030327,7.19632054567975
"GENE1116",4.97752596119384,4.13852865130535,4.76066784415556,4.30574182321017,5.10414213213893,4.97579350093252,4.30898946352127,4.54173721909216,4.62236681307091,4.05619041015447,4.41855260472085,4.56859374079285
"GENE1117",5.16477571414311,4.69499358436409,4.91466241217766,4.51374221809768,5.01315373799188,5.55688262416421,5.25739083816715,4.62017751094195,4.86206514454115,4.73801220112087,5.24001796341339,4.77874383137617
"GENE1118",6.05122677290855,5.68583791717479,5.2474390419342,5.57738529836157,6.23173334827019,5.44878424431868,5.69233409867065,6.03825668873266,5.57393739993519,5.47818778485135,4.76445481120257,5.50466855113633
"GENE1119",7.19602647993332,6.77396648370398,6.56768850247186,7.34139671090057,6.71619235027635,7.42118143084605,6.98963315247553,6.81246563675392,7.15638175646038,6.78818458906525,6.5231175575843,6.2505852324348
"GENE1120",5.55906080693802,5.000948680323,5.72812218279442,5.13317711387027,5.74411748646959,5.33084216030771,4.68909793196672,4.82541118637765,5.8468219741038,5.76718106798891,5.58265951897939,5.30655988068131
"GENE1121",5.32722718529249,5.44634641097134,5.05045087255743,4.89863543349259,5.10414213213893,5.29957473473025,5.51957478753055,4.88610457922949,5.30591088547647,5.56346401585058,4.02923871711884,5.42346148460052
"GENE1122",5.27537882872743,5.15211675089249,5.17238817225744,4.17933027955555,4.20806849983989,4.45960574336212,4.45318019043714,5.19608618402031,5.18887737158306,5.21868168702726,4.68826865985232,4.7299763856432
"GENE1123",7.7079976218332,7.53967119202997,7.47782804113193,7.91187581747595,8.00337476356376,8.40454777922906,7.77072458924923,8.43628634488499,7.69922032404519,7.80604555711989,7.7610531853571,6.96060557156542
"GENE1124",5.04323840081973,5.36899923474729,4.91466241217766,4.68473034113011,5.01315373799188,5.36135958543197,5.04631054532115,5.10137785357304,3.95657929776853,4.56106826899732,4.606173645641,4.6252228177491
"GENE1125",9.29460350000291,8.39972383778965,8.61656879349256,9.01685591434221,8.98312293792368,8.93417932686185,8.38821984547403,8.45842850321713,7.80797544939384,8.00325521407002,8.59124304842557,8.61491199073056
"GENE1126",4.66889628332048,3.80222998962402,3.93574756962721,4.60282355996089,5.10414213213893,4.52437607466252,5.00726558384292,4.25785257813314,4.30778738367409,4.16519411956722,4.83567457393778,5.0339082578499
"GENE1127",9.88562404847128,9.92090514661338,9.91028665407432,10.1210759410276,9.37638701622038,9.82333726260014,9.49149546815023,9.4037686926621,9.19798454657604,9.51437038186014,8.82607248332692,9.83655283373874
"GENE1128",5.86172229049857,5.15211675089249,5.2104797339222,6.62603018018064,5.87118104645258,5.01634725588924,4.74050856541936,5.88566646440782,6.48709947121793,5.32228647894835,4.76445481120257,4.9549542106143
"GENE1129",9.44478311729973,9.70398009940828,9.90358813634539,9.82274313689518,8.58758685535688,9.21674049763727,9.64606702958531,9.72725672651834,9.95608307592291,9.59531233388369,8.96374622540899,9.24059572397478
"GENE1130",9.8673246790974,9.32593940808745,9.03724302607477,9.71870434880823,9.4765030655204,9.15674707979119,9.2855079975072,8.08414470988735,8.91066953402271,8.28030470053315,9.70196514837532,8.1871941247023
"GENE1131",5.37704373556169,5.15211675089249,4.8656317369195,5.57738529836157,5.77050451575007,5.29957473473025,5.49293693774556,5.10137785357304,4.96499831346795,4.6822891391766,5.54446056462054,5.27557692645215
"GENE1132",4.22498275163827,4.62203258403176,4.51367610562448,4.41564925474099,4.47802302603084,4.58511941354377,4.51761852880097,3.99257800367954,4.30778738367409,4.62346344389119,4.02923871711884,4.77874383137617
"GENE1133",4.75447897304764,4.62203258403176,4.96169205740668,5.23533893934653,4.6222967045272,4.64241390252082,4.6350661880597,4.76123395654334,4.09375320931323,4.49450516137223,4.68826865985232,4.67889886967609
"GENE1134",8.8896123649717,8.11088060849752,8.80959439360227,8.48642430060288,8.95284693137326,9.08773654973374,8.59899423463568,7.89563231738026,7.69922032404519,9.59209599726378,8.54578820973312,8.16760702836554
"GENE1135",7.62308840140165,7.95703642404684,8.11121399787936,7.66330132957236,8.27235438750961,7.29281044006494,7.54215181179332,7.89563231738026,7.29504531754328,7.62865016919706,7.71243694672492,7.0579029360233
"GENE1136",4.97752596119384,4.36428639562465,5.2474390419342,4.83180993558511,4.09371013024599,5.05556156577568,4.6350661880597,5.14964543198099,4.62236681307091,4.62346344389119,4.90264323278714,4.50856753718945
"GENE1137",3.85356290445134,4.82751824920096,4.2758805597652,4.68473034113011,3.77572694416895,4.93378858587547,5.04631054532115,4.94373409540296,4.68748146497161,4.16519411956722,4.41855260472085,5.14335227951321
"GENE1138",8.63450973695424,8.67475064567943,8.76000221592417,9.01354035880088,8.42860759772131,8.83556757745246,9.09017858191712,8.6818692097624,8.12218328445979,8.69459614613532,8.44043270164982,8.59453097425576
"GENE1139",10.0168573024077,9.14342050063743,9.04700446937339,9.59331182020042,9.42330508543605,8.45858336850385,8.35341205730659,9.13640398521564,9.39304235577248,8.49886113684035,8.81844902841105,9.12156002671492
"GENE1140",9.24506093137662,10.0739328990194,8.8931518423977,9.98723285085088,10.0170364506204,9.7289990493147,9.19802709629913,9.10868510281457,9.31729100097533,9.57753305188635,9.21663774836855,8.69913413163431
"GENE1141",7.87228920699518,8.53963017908984,9.07828027783609,8.38738972696142,7.7576681430521,8.02477035944402,7.58487109961494,7.73783143885688,8.11722288086546,7.98372501300483,7.67908701566924,7.54573539493925
"GENE1142",9.97379243810368,9.15434097624933,9.34478911993508,9.75686994567053,9.51844396911751,9.6028004706697,9.64030744854832,8.80099298753501,8.99683809966296,9.71841588892221,9.71228251462771,9.21603846143742
"GENE1143",6.73648105590087,6.13463400001752,6.06120494144834,6.29085839056383,6.40694687715487,5.79383509563228,6.90513104921066,6.41525260611602,5.77061962651983,5.94407464442714,6.59705860858873,6.38061463797307
"GENE1144",7.45849354880005,6.92293010791866,7.34124613603305,7.82362246910882,7.70569895145123,7.7598514293239,7.44608642823802,7.8627712854961,6.4714557263892,7.00826834826756,7.05478681200484,6.14033302751171
"GENE1145",5.27537882872743,4.69499358436409,5.53913863910085,5.57738529836157,5.37821085544912,4.79768253464048,5.4657439999289,4.82541118637765,5.82189509075368,5.28868936701358,4.68826865985232,4.91338726221614
"GENE1146",4.22498275163827,5.28667684964983,4.06851441067084,4.96177923278654,4.55277978931402,4.64241390252082,4.92507133570572,5.19608618402031,4.80688647693289,5.76718106798891,5.37940981639276,4.82543978751269
"GENE1148",9.69587562626295,9.83359927054199,8.67755305136425,10.175477574221,9.69838900999931,9.54000687688666,10.0965924713455,9.83096418308268,9.66499377205995,9.65509815290279,9.47356953309573,9.15771879872293
"GENE1149",8.12628628332718,7.99402735703488,8.14344914626647,7.07367637883299,8.35048839158595,7.96063480361471,7.2321600619177,7.52732497047856,7.5450188944387,7.90802937864189,7.27218781090631,7.50878437789072
"GENE1150",9.00201413442202,8.45820913332702,9.18600964656357,8.70366974108096,8.36729039321208,8.93179450017984,8.08713677294801,8.6781010763754,8.18041152727067,9.4195695358366,8.2150011538137,8.281320395937
"GENE1151",6.29410944552017,7.43578403749229,6.06120494144834,6.93953635294465,6.71619235027635,6.5194126319523,6.25323544564354,6.93197472332696,6.00959627469958,6.86539326232129,6.78245803572603,6.96973050860055
"GENE1152",8.59054069413297,8.49305422343023,8.82386138126485,9.16765103525755,9.46289831457105,9.02870811395842,7.73326139426523,8.48886657317972,9.03675314529668,8.73015802328525,8.63530754060395,9.4671881764016
"GENE1153",8.84457447880597,9.9509597642703,9.29855520816539,8.80305083050293,9.82227917955771,8.63024280875003,9.79087270952137,9.20607398090247,9.60785604491041,9.5888724716782,9.16948419574269,9.52215058031844
"GENE1154",4.3577216136768,4.94597899121255,4.44108581236596,5.02168626161896,5.10414213213893,4.97579350093252,4.38398277762959,5.24084983880704,4.91468052254992,4.8415720392666,5.28820757240662,4.91338726221614
"GENE1155",4.3577216136768,5.4833522013719,5.38531027680005,5.13317711387027,5.84670458080484,5.05556156577568,3.73798597454736,4.94373409540296,4.68748146497161,4.8415720392666,4.83567457393778,4.56859374079285
"GENE1156",5.04323840081973,5.10379764560079,4.44108581236596,4.51374221809768,4.80680779414595,4.39004562113047,5.43797005921605,4.99864172506497,4.55284654316695,5.10566377367428,3.82779185636717,5.45109849932398
"GENE1157",6.5430012826021,5.80552563371466,6.00077224331542,6.74380224682556,5.5118269454012,6.12055832453363,5.88599012722789,5.71377144839768,5.10423357161015,5.4484781145317,5.08309620659538,5.94708768278971
"GENE1158",5.10552670264911,4.45815638711915,5.41757085400705,6.22238843327479,5.66169183274517,5.53068369428789,4.78958910954703,5.19608618402031,5.82189509075368,5.79059724343991,5.61978437036428,6.10715272586554
"GENE1159",9.22283903291404,9.37344119982276,9.39914373103254,10.064541890305,9.83138257726499,9.6339344275473,9.25756063296055,9.90533554432845,9.44735371243547,9.53461693763522,9.88638812450828,10.4385770006838
"GENE1160",7.75308637751626,7.59696899256673,7.39591913596837,8.03486126112,7.71886861069716,7.43475975375666,7.43277716086596,6.85342874234344,7.48456526905507,7.65360787523244,6.48463910885948,7.35064761137805
"GENE1161",8.42234905586438,8.20325008208085,8.78646931827875,8.08631818123461,8.49890029650005,7.84863296412472,8.45868740055775,8.04368525248422,8.16126270479539,8.62072596424829,8.42042081067698,7.80633099669837
"GENE1162",9.75899982462937,8.59681066016017,9.00254787376693,9.65205070363406,8.79423184484715,8.62138873201483,9.25001560413409,9.24223928380642,8.43276182633045,8.45701552477724,9.24534435846672,8.64069953004885
"GENE1163",9.87548640783967,9.14615838382949,9.93283169584074,9.60877163165645,9.21647623320367,9.4038501931234,10.0265724837281,9.52195197233889,8.74383431792284,9.52789961886017,9.80966880801626,9.29391534317327
"GENE1164",5.60086656600879,5.71677457354216,5.50979240942014,5.81750875605802,5.2290206892662,5.47665968096879,4.96688950493872,5.05111048996905,5.37831285249691,5.41807173488789,5.13766140803494,6.0205365393326
"GENE1165",9.00573798443168,8.72324073790905,8.85476032217678,8.8521417939195,8.90189029740254,8.74880541902709,8.57200483641911,8.2759530115414,8.96409072967507,9.69011596179756,8.00921976916286,8.43664057785798
"GENE1166",9.73677127811271,9.69466087295861,9.86273029782586,10.1424766004473,9.45113406621057,9.47107390211393,9.84445460295427,9.23968591561591,10.2191380300045,9.51267026804241,9.5000140412346,10.0934999549142
"GENE1167",4.065144768198,4.94597899121255,5.13308268451435,4.0273271381528,4.6222967045272,4.64241390252082,4.30898946352127,5.48055331725275,4.80688647693289,4.88996318035601,4.18163946874168,4.82543978751269
"GENE1168",5.55906080693802,5.4833522013719,5.50979240942014,5.18531255928563,5.30581156458017,4.45960574336212,4.57805571918833,5.05111048996905,4.74882339490588,5.4484781145317,5.46455409026317,5.30655988068131
"GENE1169",8.4662736384521,9.55538595593695,9.3428094756222,9.13446052092461,8.7723310229887,9.00167690235507,8.33924988618536,8.68937604358544,9.01560273310362,8.89065847994632,8.77578360315275,9.0528175675456
"GENE1170",8.65836937735528,8.26000707609995,8.68069235186421,7.27624352094072,7.99257923130013,7.70494335952276,7.68921443706015,9.08611978149948,8.8342024074034,8.4850472352698,8.77184155855512,8.24066100273242
"GENE1171",6.45751355912046,6.3237805308535,5.87127352691975,6.24558767185246,5.77050451575007,5.8982945785359,5.98272480996944,5.51650434151614,6.17469406767374,5.61739078218998,5.33462522028504,6.2505852324348
"GENE1172",6.36648584319312,6.70071637702235,6.53999390376011,7.38324092676559,6.53287914372848,6.56992046520231,6.22217161717912,6.91918126469472,6.4234517348088,6.58105323993821,6.8442841935716,6.86598621131837
"GENE1173",7.40292575095958,8.15508793519826,7.25933138956336,8.30837155126128,7.65863000003229,8.07755556963474,7.01672189474449,8.14551071915606,7.98185647111683,7.97880073882043,7.31631651630361,7.39184805994009
"GENE1174",7.94400830641611,8.1220604149865,8.64898725595837,7.66330132957236,8.91622655260181,8.72144829111859,8.20119059779848,7.60893340840816,8.09216106268739,8.2397359163757,8.14353012164522,7.85125692668905
"GENE1175",4.90791694271948,5.05347560891206,4.96169205740668,4.17933027955555,4.8619839938629,4.03380234021967,4.78958910954703,4.69304720704209,5.14728546522591,5.4484781145317,5.18989720613499,5.0339082578499
"GENE1176",4.57571107120738,4.76326395420319,5.47977263785321,4.41564925474099,5.41293052223172,4.74836901933285,4.6350661880597,4.54173721909216,4.3969446041571,5.02403580464725,4.18163946874168,4.77874383137617
"GENE1177",9.29764411261591,9.11295556065049,9.68194705408032,9.69820405542096,9.69173950951981,9.85388004367188,9.90094215240012,8.68937604358544,9.2258748669604,8.8827807891378,9.41917971970043,9.54052273511694
"GENE1178",9.94887035022194,9.6432692833962,8.35089314992376,10.179919773136,10.1454552350317,9.90703558179826,8.60196208351956,10.1064835845398,9.55387213021854,9.80430417424097,10.2055060430789,9.89602134327157
"GENE1179",5.99092554302756,5.4833522013719,6.08077390565727,5.81750875605802,5.89522464225048,6.01391646633047,5.38056528187997,5.85849086759404,5.44684439577657,5.79059724343991,5.65589826360468,5.78714750479939
"GENE1180",6.08041492233309,6.94841405079413,7.14530582896251,7.12398795478284,7.04525073944774,7.24732738004422,6.5434935299371,6.83990521169833,7.44544491454523,6.02460136057154,6.87421648962601,7.10830275402822
"GENE1181",5.27537882872743,6.17894622278844,5.91581803415833,5.93767861405064,6.09448647119194,5.85747045082884,6.20637570058624,6.30056273879937,5.30591088547647,6.1902252108994,5.58265951897939,6.30987479792918
"GENE1182",4.66889628332048,5.68583791717479,4.8656317369195,5.45947522938127,5.98737422955495,6.31198565065982,5.15637963915766,4.62017751094195,5.44684439577657,6.17277142885426,4.90264323278714,4.7299763856432
"GENE1183",4.90791694271948,4.76326395420319,5.47977263785321,5.45947522938127,5.05950945094439,5.42029639220579,5.82447103745129,4.82541118637765,5.44684439577657,5.4484781145317,5.50511782417126,5.21122135721986
"GENE1184",6.47937734615328,5.99247478376178,5.89372786888077,6.12551183168539,5.87118104645258,5.87803565145312,6.39895930246026,5.68286062317584,6.23186103826402,6.02460136057154,5.37940981639276,5.74402639133863
"GENE1185",4.065144768198,4.45815638711915,4.96169205740668,5.32977315665522,4.80680779414595,4.39004562113047,4.92507133570572,3.80151713267723,5.01324141627604,4.6822891391766,4.41855260472085,4.37586395102297
"GENE1186",9.29460350000291,9.66442812722759,10.5289695079237,9.38847299839409,9.95314182527042,10.045783959089,9.19016315142974,9.10588367697974,9.50349614737466,9.86018460205634,9.02132199598301,9.84643100881946
"GENE1187",4.065144768198,4.82751824920096,4.8656317369195,4.17933027955555,4.74874735738108,4.89020448646291,4.38398277762959,4.25785257813314,4.09375320931323,4.6822891391766,4.51688249385809,4.12858003749756
"GENE1188",7.95176066425279,7.53129570883444,8.59676171385454,8.18991153363824,8.38802090502133,8.14916728561272,8.56289483087074,7.90856923832484,7.55239951394059,8.06959525500788,8.37954297524544,7.36451322153513
"GENE1189",7.23478074006057,7.70512686866037,6.51174410997243,5.32977315665522,6.51774051838371,7.12685511455538,6.94330808487301,6.91918126469472,6.87861335624456,7.10220554527582,7.13099030564372,6.83632749118693
"GENE1190",7.36852015670968,7.42677708570133,6.91813529213704,6.47818907174912,6.45550316620957,7.04937059322695,6.61649441385558,6.91918126469472,7.32985921378851,6.91808192485951,7.78475786644779,7.12471477506538
"GENE1191",7.72620333836583,7.21277507598687,7.47782804113193,7.04783928646565,7.67223646612108,6.65417944523995,6.84587241277564,7.67861209866936,7.34695368529996,7.63493039780129,7.44108470664426,6.66674049373105
"GENE1192",9.73452946453389,9.92728468584498,10.2578077359332,9.81133492055717,9.70335609360117,9.2893154089336,9.88884904746828,10.3051288849476,9.8629631404589,10.442828724032,9.64493893999912,9.58250224480241
"GENE1193",7.57365168691517,7.50587170615788,7.41116417007766,7.21958659901153,7.37207062037318,7.5389901131629,6.71937689333497,6.57142739792876,6.95888038687475,7.48303678342203,5.99989914881159,7.18853929756692
"GENE1194",5.68071852918215,6.50769108912158,5.91581803415833,5.61445084273423,5.82177843488912,6.86042702600481,6.58046601825008,6.37805680183222,5.47979555464943,5.94407464442714,5.82314965918915,5.53065117136758
"GENE1195",8.92936946804766,9.30649171291793,10.0968385837762,9.26566024422086,9.35339661240915,9.3530756906552,8.64576145961814,9.86117443548605,9.41137435906038,9.9036401714645,8.90377480013901,8.08229949415343
"GENE1196",6.19136894900477,6.41874700020975,6.4974038013245,6.04812836537868,7.37207062037318,5.91825669772306,5.84528873359858,6.58775767456175,6.48709947121793,5.92318065606637,6.48463910885948,5.67663210729273
"GENE1197",4.83382022495936,4.45815638711915,4.64451109468011,5.13317711387027,4.80680779414595,4.74836901933285,4.78958910954703,4.76123395654334,4.3969446041571,4.34542727297923,5.42268344439262,4.91338726221614
"GENE1198",8.86931488476595,8.30973168179485,7.56895701256258,8.03486126112,8.28567474561703,8.13678612366221,7.60872289999279,8.10114212089514,8.40455067874989,8.50913531526128,8.38471661178394,8.27767117640954
"GENE1199",7.66144710878297,7.86683317813922,7.83479896493169,7.71330418853353,8.41250991661533,7.52636822774356,7.98617524945882,6.53818841618034,7.58154801019905,6.64518405861117,7.6874973976847,7.69020782263745
"GENE1200",6.26912592751942,6.20058263512625,6.59484977164761,6.64346700432215,6.87847250271613,6.41261052535818,5.963917618579,6.65125323018557,6.23186103826402,7.1644658437704,6.44507836049987,6.90459238863241
"GENE1201",5.42499698288565,4.76326395420319,5.65039447043383,5.18531255928563,5.2290206892662,5.13035330148718,5.32047101053023,5.14964543198099,5.10423357161015,6.1006717282986,5.61978437036428,4.87026432960211
"GENE1202",6.78971868734855,6.34329617584645,6.73556615912755,6.92540051474549,6.5773431338527,6.5194126319523,6.5434935299371,5.83076037857321,6.56281206341653,6.36903114941177,6.9604092742373,5.8892918708274
"GENE1203",8.07043110108114,8.08254503619828,8.12049796242087,8.28103820114542,7.95414362164459,7.86374636795148,8.28486543880236,9.0574072020092,7.82024531626272,8.13743499987081,8.37435068451146,8.80681336714245
"GENE1204",7.85585375932189,7.35260708225606,6.75971340750608,6.92540051474549,6.86662706500915,6.86042702600481,7.11186368336883,7.13353580048458,7.37221868281206,6.92838943711634,7.24960227979195,7.37824585619674
"GENE1205",9.53256767980774,9.27931550427289,9.65348235528531,9.33635626124977,9.78684064040336,9.39349079370476,9.25756063296055,9.09462321957213,9.38687953194666,9.06321680557178,9.39632425079394,8.51310126700308
"GENE1206",5.42499698288565,5.15211675089249,4.96169205740668,4.89863543349259,4.39688560685022,4.97579350093252,5.1207860294374,4.36276907375499,4.62236681307091,4.79100537130028,4.68826865985232,5.07150200490239
"GENE1207",7.30927405384068,6.80223881488172,7.04115992154481,7.50190477072054,6.00947428197951,6.20354503286153,6.01958288741158,6.63564484518569,7.08675890930259,7.21575366608579,6.78245803572603,6.40793935098966
"GENE1208",7.77947551749013,7.96947275850557,7.28440193604588,7.32000686468102,7.45320581818558,7.87373439711608,7.84284176410676,7.47603371595492,7.3638464515757,7.2324486241128,7.09339714989876,7.26450902381104
"GENE1209",4.4729759908335,4.36428639562465,4.64451109468011,4.41564925474099,5.44673993994446,4.84489329067828,4.51761852880097,4.54173721909216,4.74882339490588,4.56106826899732,4.68826865985232,4.44457474590749
"GENE1210",7.32132106802785,6.24287056861407,7.18136938490921,7.73766748019951,7.39689728737565,7.33689210435259,7.12850071519245,7.01844790449836,7.19469354872249,7.98372501300483,7.19152657335398,7.91376691244582
"GENE1211",7.77947551749013,7.20224381657285,7.28440193604588,7.0864215340198,6.5024373765812,8.15327078020908,7.01672189474449,7.61684464640059,7.64504454158441,7.48303678342203,7.23817433596649,7.33664640538834
"GENE1212",6.5430012826021,6.36254330424983,6.40814752766727,6.55404669454595,6.28664303839689,5.55688262416421,6.23779017466452,6.43348704377245,6.62058470637448,5.74335064878276,6.02725817986618,6.26564559382991
"GENE1213",7.23478074006057,6.20058263512625,6.93939170264276,6.67770849243583,6.93626340191311,7.3796567829359,6.75207402889619,6.69707076142079,7.26836751661168,7.24072356299528,6.25178417146971,6.5122116535806
"GENE1214",9.32770271999277,9.12132822632597,9.2571103968074,8.58803222613037,9.0286971456709,8.96015527278725,8.47496917897253,8.41832421177876,8.71131091506401,9.0326930942953,8.89655244679513,7.80125140694531
"GENE1215",5.79220833066203,5.65416792709915,6.24545713501497,5.87892020929913,5.66169183274517,5.91825669772306,5.88599012722789,4.62017751094195,5.26809996594856,5.25417383302746,5.88464834901593,4.77874383137617
"GENE1216",8.40552571083827,8.14963572096524,7.99990628265232,9.0910819956232,8.24987618797617,8.14916728561272,8.1247919127324,7.93409898890164,8.56608037280482,8.27629888335997,8.30508974520148,8.16365741527745
"GENE1217",9.81947677070548,8.77015216049764,9.24444104689393,9.35481214235974,9.05225376201034,9.2534845152094,9.75667695744937,9.48577998054636,9.73296796855165,9.31809524593519,9.12073622263808,9.34533344416874
"GENE1218",8.86931488476595,9.25161724999626,8.92261524015843,9.0910819956232,7.83225822047092,9.75080338777787,8.99181671566027,9.30708776302626,8.44468518089482,10.1972243701478,8.78363549100846,8.13972935887714
"GENE1219",9.32770271999277,8.6047971417525,9.07589838829062,9.04959870493214,9.32789092933767,8.68791908524879,9.66178829561949,8.71534620858201,8.85816574517906,9.61920890605943,9.42922258027799,8.67715183798577
"GENE1220",8.40552571083827,8.20325008208085,7.57573285019622,7.80068555084825,8.18973515078149,8.06017482137711,8.15341281539737,7.19838294328222,7.82024531626272,7.67813906395824,8.36913960432542,6.5736643613249
"GENE1221",6.31865364886429,6.43699195524172,6.62149828534741,6.29085839056383,6.54785683237592,6.42641329421864,6.00127752962822,6.28049863983408,6.2867720367531,6.2244883511112,6.48463910885948,6.76461532193665
"GENE1222",10.1969780836825,9.53673067793624,9.11586485613908,9.60657320752897,9.61474060294086,9.83614211268188,9.33627002280365,10.0522327462243,9.71831881596102,9.73891879360399,9.29561857317316,9.45270977242732
"GENE1223",8.75004314889558,8.17132172516022,9.88194140431478,9.40374767383711,9.37845899097708,9.47926073820553,9.12771813595971,8.65144457109379,9.2396202945016,9.33358653695912,9.04110602826063,8.98957708987165
"GENE1224",4.90791694271948,5.5884713191697,5.35221823605166,5.61445084273423,4.6222967045272,5.44878424431868,4.45318019043714,4.45651341489076,5.30591088547647,5.32228647894835,4.83567457393778,4.9549542106143
"GENE1225",6.56358632495771,5.40825302561207,6.4974038013245,6.15037272062609,5.30581156458017,5.79383509563228,5.92550973723047,6.19722237288945,6.35677965584575,5.66920959612141,6.22855786129242,6.75406829756989
"GENE1226",6.82413201714267,6.24287056861407,6.04135415319609,5.61445084273423,5.10414213213893,6.63061388309502,5.82447103745129,5.74398528177613,6.13523133786866,5.02403580464725,5.69105863050171,5.86946883702259
"GENE1227",6.69984486076188,7.33344840311817,6.75971340750608,7.04783928646565,7.35527713056505,7.11845056552472,6.67457237209335,6.46926061636698,6.92503312886489,6.83281641753557,6.63262528795985,6.91408237348813
"GENE1228",7.40292575095958,6.62346869553165,7.19024480675312,7.29829249528992,7.2039672767039,6.58226970777879,7.16926452241506,6.7985443895651,6.86676771823654,7.82812547373125,6.78245803572603,6.90459238863241
"GENE1229",5.86172229049857,5.77658684905942,5.50979240942014,4.83180993558511,5.26800207479775,4.45960574336212,5.73783740527741,5.05111048996905,5.26809996594856,5.35501792835748,5.37940981639276,5.4781589594365
"GENE1230",5.37704373556169,4.62203258403176,5.0924714955971,5.23533893934653,5.57382857406539,5.05556156577568,4.8816839009191,4.69304720704209,5.57393739993519,5.14450255679525,5.33462522028504,5.10795797700064
"GENE1231",8.59549293331426,8.30483579521602,9.0125462715399,8.1602093018771,8.97492870634557,7.83335893775734,8.90077913911934,8.19911435631183,8.37161780641388,8.06495681527064,8.60903088838086,7.81139269226666
"GENE1232",5.10552670264911,5.05347560891206,5.31824579141467,6.37722164527099,5.47968994220484,5.33084216030771,5.90589311944218,5.44358190719965,5.14728546522591,5.88040760563549,5.54446056462054,4.50856753718945
"GENE1233",9.8996980971902,10.1399619521934,8.84079741225959,9.02016386190196,10.4344222657906,9.789502665754,10.0099196518567,8.79056138818955,9.60608876081783,9.20051139794847,9.29561857317316,9.38823389250849
"GENE1234",9.82370104861993,9.38970392617555,8.93318162424313,9.62840808792825,9.46679850043271,8.72144829111859,9.1111544424391,9.40148612692748,9.36614446356646,9.15327626870448,9.22242497444206,9.36092503919663
"GENE1235",5.04323840081973,4.88828303784405,5.17238817225744,5.37447816482985,4.68740827512561,4.52437607466252,4.78958910954703,4.82541118637765,5.05959906130947,4.79100537130028,4.83567457393778,4.7299763856432
"GENE1236",6.98470977203543,6.73047230184167,7.07032548082207,7.48279725904251,6.21293819277411,7.04937059322695,6.53095070518248,6.15363563279657,6.25040618619454,6.1006717282986,7.06777338022848,7.35064761137805
"GENE1237",9.96425791105808,10.0768050860659,9.55774311160618,10.179919773136,10.174360108464,9.90217269667244,9.79476670570915,10.5096755400811,10.2363756954602,9.56446359334685,10.8166440700396,9.94740939077287
"GENE1238",5.55906080693802,5.51933612698998,5.35221823605166,4.96177923278654,4.8619839938629,4.79768253464048,5.98272480996944,5.51650434151614,4.91468052254992,5.41807173488789,5.46455409026317,5.07150200490239
"GENE1239",4.75447897304764,5.44634641097134,3.76085820161654,4.96177923278654,5.44673993994446,4.74836901933285,4.45318019043714,4.1373247401923,5.79650064335651,5.02403580464725,4.51688249385809,4.56859374079285
"GENE1240",7.99741712955769,8.29499379198256,8.39362234344642,8.41279408402175,7.7576681430521,7.89840498718518,7.70035348518032,8.16719234091309,8.01424456232532,8.35437122622296,8.17970924754586,7.18853929756692
"GENE1241",9.33067440388008,8.99032662034378,8.59009837662716,8.15419457892608,8.1020828229811,8.70478120492165,8.02653000793821,8.02004416179337,7.67914321051099,8.17234952478242,7.63627977154345,7.88525353161424
"GENE1242",7.08722784145793,7.64432362875429,7.1990654445994,7.14849405573179,7.13668863183271,6.93903829477569,6.69715187180808,6.68196249920306,7.49226283623236,7.40428089935355,6.61495389155671,6.86598621131837
"GENE1243",3.85356290445134,4.25922592582695,4.06851441067084,4.60282355996089,4.47802302603084,4.03380234021967,4.92507133570572,5.10137785357304,4.86206514454115,4.26028533421001,4.18163946874168,4.77874383137617
"GENE1244",9.73228416098494,9.45076788504398,9.28005231127647,9.91623399157402,9.65118554434153,10.2161084853332,9.53249663088973,9.88750688202002,9.5575346091693,10.1178220667186,9.52598235417813,9.87204386234189
"GENE1245",6.77219393526232,6.1119346667448,6.56768850247186,6.55404669454595,6.72935627829843,5.97645027083461,6.00127752962822,5.68286062317584,7.0027937912805,6.79947479517033,5.75872401516255,6.72194803230264
"GENE1246",6.66223540625398,6.77396648370398,6.94990203252106,6.83750161744737,6.62044854148035,6.86042702600481,7.60279701639254,6.30056273879937,6.96998631484982,6.83281641753557,6.68435152890062,6.46104234936283
"GENE1247",9.46925916119823,9.57583489230613,9.09484422041149,9.20591586603274,9.28435255620349,8.57933466815662,8.84926826974315,8.95215538595924,9.24417313839262,9.38095124632907,8.78754545092591,8.15572552105711
"GENE1248",4.75447897304764,5.4833522013719,4.8656317369195,6.02133764409921,5.01315373799188,4.64241390252082,5.04631054532115,4.76123395654334,4.96499831346795,4.8415720392666,5.54446056462054,5.0339082578499
"GENE1249",9.44478311729973,8.80522657035442,8.84919137974627,9.00354769203915,9.29096770945172,9.13618141378311,9.48668866927984,8.831842274298,9.58291479421698,9.46071191936396,9.18141794237549,9.20839745758424
"GENE1250",7.27251225523492,7.47998875186559,7.92237911117585,7.84619901860758,7.51496086115386,7.46153640633081,7.48528834842073,7.36759262450017,7.25936319949284,7.25713115683978,7.02845341865132,7.0579029360233
"GENE1251",6.8070296362539,6.26354233018096,5.9800226195781,5.78572635842586,5.71720204413545,6.37036786454994,6.22217161717912,6.50414640483489,6.75546155229873,6.78818458906525,6.71781420160232,5.42346148460052
"GENE1252",8.30023672118514,8.22414883681045,8.02978358493536,8.35105347017062,8.49125726962334,8.91015162567002,8.5475822896145,8.29084055746542,8.00352936821709,8.38816854493998,8.67806432509355,7.98714866607149
"GENE1253",7.45849354880005,7.50587170615788,8.18386081589949,7.21958659901153,8.39623026599488,8.16144283259186,8.11650885264748,7.85610795498842,7.37221868281206,7.81159742528091,8.27753787241477,8.77353420504493
"GENE1254",9.31275173826611,8.90883034595705,8.51820700517918,9.19424986297514,8.87865151092343,8.91015162567002,8.91277699845166,8.56838183434025,9.18383443198882,8.92941378718637,8.88199825891801,8.77870436145528
"GENE1255",7.30927405384068,7.47998875186559,7.41872627821719,7.20798074133443,7.53745006626565,7.84355963774661,7.5788456774264,7.32954105335029,8.25906622075782,8.11068169357111,7.15551352488868,7.43189645521719
"GENE1256",7.65195310379904,7.99402735703488,8.15704618124602,8.22476355036498,8.14169992928445,7.87870250468784,8.0528175994401,8.18324185035153,7.94312473257015,8.07882750882748,8.19746336875098,7.75995490645835
"GENE1257",4.75447897304764,4.69499358436409,4.58121647782981,4.89863543349259,4.8619839938629,4.79768253464048,4.6350661880597,4.94373409540296,5.14728546522591,4.73801220112087,4.90264323278714,4.91338726221614
"GENE1258",5.42499698288565,5.28667684964983,5.0924714955971,5.37447816482985,3.95654372834274,4.69671045320522,4.83658026738577,4.99864172506497,4.47808609970675,4.16519411956722,4.41855260472085,4.37586395102297
"GENE1259",7.02955165021014,6.93572911571018,6.45348432858436,6.26840677259888,6.56267704608791,6.66581655858354,6.79452929633882,6.65125323018557,7.52264638033603,6.61988004660767,6.42487224659314,6.07315632457102
"GENE1260",9.77217434953532,8.2549388340842,8.82669790934078,9.65630802906328,9.38465711231881,9.17097047204498,8.61964192803008,8.75165290391087,9.45129656501349,8.54951455873432,9.21373540138886,8.59746025927099
"GENE1261",10.1673693743325,9.68339772897508,9.6374224640779,10.4488987938604,9.88628510386731,8.77565287706747,9.11738814885224,10.0938178814908,10.0796585604322,10.0549716629544,9.60119431743569,8.84428118938425
"GENE1262",6.8070296362539,6.24287056861407,6.22809448830563,6.19879571503144,6.11494538895487,7.2550090379016,6.32799541290924,6.26014173986711,6.23186103826402,5.9849289832386,6.22855786129242,5.86946883702259
"GENE1263",5.86172229049857,5.62172626825794,6.22809448830563,6.10019610490782,5.98737422955495,6.05038817813045,5.84528873359858,5.74398528177613,5.8468219741038,6.29058370313366,5.46455409026317,5.60565275807301
"GENE1264",4.97752596119384,5.10379764560079,5.9375562490368,4.96177923278654,5.5118269454012,5.8982945785359,5.2246232706067,5.61880370076047,4.62236681307091,4.98102908982467,5.65589826360468,5.55612909748223
"GENE1265",7.20906165858098,7.41771315655409,6.94990203252106,7.56684458609587,6.48696601502547,7.71609419834281,7.37130633279286,8.0080762898749,7.25030183560505,7.70822513016572,7.38005889782184,7.27923038891314
"GENE1266",7.51198710828205,7.60497074257856,7.19024480675312,7.60267437898856,8.44056387032495,8.24070839633754,7.41257855613255,7.20891033415216,7.10700003517748,7.44061641042795,7.20333200667251,6.89503866352647
"GENE1267",7.51198710828205,6.65487586115391,6.90738680792409,6.71114090112737,6.70290493031399,6.70016438923242,5.40958719984467,5.96408614432559,6.23186103826402,6.15509528026171,6.81370764338893,6.2505852324348
"GENE1268",7.74418115483821,7.85347220780958,7.95389330917131,7.7295922181172,7.59575246284605,8.1409250251092,8.39850020853099,7.33914918082814,7.42144964663241,7.35181115927338,7.8610627413431,7.39184805994009
"GENE1269",6.75444994198908,6.26354233018096,7.0989066823063,6.43866916628439,6.42331964254991,7.10149155018082,6.78403400818519,7.01844790449836,6.26870767720187,6.9985250510278,5.99989914881159,6.12384233411092
"GENE1270",10.1920853118268,10.0910808563427,9.91695420711311,9.35219000588821,9.40105636347375,9.90824874568434,9.92127056257601,9.46407066090139,9.68187061238135,9.79733896493437,9.51187581816544,9.91960674006216
"GENE1271",5.47123394390682,5.2434159155023,5.38531027680005,5.32977315665522,4.91459706087536,5.65676954152493,5.73783740527741,4.69304720704209,5.30591088547647,5.02403580464725,4.51688249385809,5.86946883702259
"GENE1272",5.37704373556169,6.30398853404465,5.2474390419342,5.41767630478048,5.41293052223172,6.15435138174398,5.2246232706067,5.40552449164539,5.05959906130947,5.64355255347913,5.50511782417126,5.45109849932398
"GENE1273",4.66889628332048,4.45815638711915,4.17928166882704,5.02168626161896,4.91459706087536,4.52437607466252,4.74050856541936,5.05111048996905,4.91468052254992,3.75359317195248,4.02923871711884,5.17775300157529
"GENE1274",5.60086656600879,6.17894622278844,6.08077390565727,6.04812836537868,6.37361642375756,6.23539896953394,5.9448485209728,6.1086334931305,6.26870767720187,5.69438237210904,6.15645597035825,6.17273695555514
"GENE1275",5.79220833066203,5.74701329525877,5.72812218279442,5.81750875605802,5.05950945094439,5.42029639220579,4.96688950493872,5.19608618402031,4.62236681307091,4.98102908982467,5.61978437036428,5.10795797700064
"GENE1276",9.33363997624216,9.15161860204494,8.98234060317413,8.98673776305171,9.52780825116552,9.1628600086085,9.73116485315311,9.28991346220603,9.19798454657604,8.85620645541195,9.42169699935563,8.82941073810628
"GENE1277",9.03518747958861,9.1678762719345,9.11122001846415,8.95251816025091,9.15010580882711,9.79213369305732,8.83672758932275,9.53450498979559,10.0065227085144,9.85482717262845,9.05738782148972,8.83934139989095
"GENE1278",8.56552089348895,7.84674485446965,8.40885117099873,7.65479554936856,8.17549217597998,8.40454777922906,7.89222458431589,8.74806312072589,8.49524200909333,8.81264131656702,7.19152657335398,7.54573539493925
"GENE1279",5.04323840081973,5.74701329525877,5.9375562490368,6.10019610490782,6.56267704608791,6.63061388309502,6.4127307263555,6.01397554615519,6.13523133786866,5.02403580464725,5.97198377258729,6.28054498535343
"GENE1280",7.23478074006057,7.18094559138275,6.39270378659901,7.23109899282477,6.92489150364368,6.58226970777879,7.22444781463687,7.17709261734735,7.52264638033603,6.45771255410179,7.02845341865132,6.75406829756989
"GENE1281",7.53283794052708,6.30398853404465,7.49937767407093,7.03474306184426,7.55224931388597,6.81942866563602,6.98048790158959,6.57142739792876,6.03134699846857,7.09308535027785,6.70118172026319,6.9787973517498
"GENE1282",5.95975172097631,5.74701329525877,5.59593619666751,5.81750875605802,6.03122441902519,5.99531121690269,5.66898870327044,5.55149445800918,5.26809996594856,5.71909005679616,5.58265951897939,5.8892918708274
"GENE1283",7.78816526327183,7.81951603150273,7.86826995990396,8.001740143434,8.4835734719384,7.94177243357646,7.14494611911929,7.75226243933001,7.40522660013996,8.30016828471155,7.71243694672492,7.02328571205466
"GENE1284",7.96714110947152,8.14963572096524,8.21885379621641,7.861055394589,7.49211332330114,6.90027570910795,8.13712778297903,7.27049694146321,7.12695813195442,7.93878745643154,7.8610627413431,7.67361961198276
"GENE1285",5.27537882872743,5.28667684964983,5.13308268451435,5.81750875605802,4.80680779414595,5.36135958543197,4.74050856541936,5.14964543198099,5.34262576431803,4.8415720392666,5.72531788539003,5.72193608848263
"GENE1286",9.13035953912372,9.43069916911472,9.52669061335355,9.2232397778243,8.5911662350222,8.74065267284047,8.78283164582583,9.33366934901426,8.71459648596621,9.40681133950644,9.3678887192889,8.73415524803838
"GENE1287",5.16477571414311,5.4833522013719,4.70416965898469,4.30574182321017,4.74874735738108,4.52437607466252,5.08412192938595,4.69304720704209,4.09375320931323,4.62346344389119,5.33462522028504,4.56859374079285
"GENE1288",4.66889628332048,4.45815638711915,4.91466241217766,5.02168626161896,4.30773295942769,4.13959078537929,4.45318019043714,4.82541118637765,5.05959906130947,4.79100537130028,4.18163946874168,4.12858003749756
"GENE1289",6.56358632495771,6.43699195524172,6.02121292990129,5.90861586733418,7.30368132394364,6.15435138174398,5.88599012722789,6.72681208464367,5.91897068972772,6.82178930899173,6.13156456906103,6.20440131244626
"GENE1290",9.23874668700667,9.48577025586436,9.62281405192416,10.0820524506857,9.32359577406509,9.76426558318371,9.84445460295427,9.54488301159374,9.75227155642194,9.78471619238847,9.54919088281404,10.0986748420883
"GENE1291",9.49332671217907,8.97500794204479,8.36267287120394,8.78371532605251,9.30846117205369,8.89554037235657,8.29956999425147,9.04868072159264,9.06276213228461,8.65813438876524,9.18141794237549,9.24433691594022
"GENE1292",8.86931488476595,9.48360732179057,9.99842660653319,10.1620683025906,9.17892516853487,9.60579473559221,9.49149546815023,9.71260260885155,9.54836091304715,9.1770872570306,9.32550050905095,8.73946836361197
"GENE1293",8.61024832949122,9.25415737478286,8.89044324591882,8.4026860542141,8.20850914810117,8.90286451273539,8.72412035542376,7.58493458184002,9.05759773785272,8.42119082946582,8.40522727052674,9.1134000878246
"GENE1294",5.42499698288565,5.77658684905942,5.87127352691975,4.96177923278654,5.68973507758162,5.05556156577568,5.40958719984467,5.80245046367133,5.18887737158306,4.98102908982467,5.33462522028504,5.4781589594365
"GENE1295",7.78816526327183,8.57258209681353,8.38594711050209,8.77590789969845,8.37976447725841,8.1776490276206,8.23218348555308,8.54374266456722,9.03937526130629,8.64887293974039,7.59215646892502,8.85655709793465
"GENE1296",4.83382022495936,4.82751824920096,5.9800226195781,5.45947522938127,4.8619839938629,4.79768253464048,5.19097146363657,4.94373409540296,4.62236681307091,5.71909005679616,5.02594913526056,6.40793935098966
"GENE1297",5.92785141446124,5.99247478376178,5.41757085400705,5.49997071347815,5.54319346808701,5.39116578501052,5.28932474144339,6.15363563279657,5.79650064335651,4.8415720392666,5.99989914881159,5.74402639133863
"GENE1298",6.71828140023147,6.97344981454782,6.81834192798366,7.4138408082657,6.99179899534936,7.52001538152261,6.94330808487301,6.30056273879937,7.10700003517748,5.90196191531523,7.08064278689796,6.70012268230767
"GENE1299",6.38980265357328,6.22188729485079,6.92880318517162,6.29085839056383,6.67595001426118,6.0682680412696,7.35021545049071,6.03825668873266,6.25040618619454,7.18176712713889,6.7342536458367,6.4868596524826
"GENE1300",10.1234988685958,9.55538595593695,9.85858012961404,9.6413520821466,9.93072826207985,9.59528749732646,9.56326137762247,9.8411047365728,9.26448488710705,10.4048427470862,9.82496233855478,10.1858673771455
"GENE1301",5.27537882872743,4.13852865130535,5.13308268451435,5.45947522938127,5.05950945094439,5.55688262416421,4.74050856541936,5.05111048996905,5.60387807226552,5.64355255347913,5.18989720613499,5.14335227951321
"GENE1302",3.85356290445134,4.54349182563741,4.70416965898469,4.0273271381528,5.14719229056659,4.58511941354377,4.78958910954703,3.99257800367954,4.55284654316695,4.56106826899732,4.51688249385809,4.02417826350125
"GENE1303",8.53491202874709,8.63630759257544,8.12049796242087,8.4622967175379,8.52158902884272,8.8979858898917,8.22449760135535,8.68937604358544,9.07047420118186,8.03206209244154,7.55585411300705,7.89482096903499
"GENE1304",6.99981439278922,7.70512686866037,7.64178747778531,7.66330132957236,7.47667681450587,7.40747319245043,7.32160208510307,7.29045025121583,7.63117499558934,6.92838943711634,7.19152657335398,6.65543574576843
"GENE1305",8.04891339199637,8.1220604149865,8.0099345002576,8.26438557947193,8.67787727630432,8.65069315510688,7.76543215387102,7.91499430230909,7.045394270084,8.46759144955083,8.61344374471036,8.40019189127792
"GENE1306",4.75447897304764,4.62203258403176,4.96169205740668,4.60282355996089,4.80680779414595,4.52437607466252,5.08412192938595,4.25785257813314,4.80688647693289,4.34542727297923,4.18163946874168,4.6252228177491
"GENE1307",9.04607776784414,8.44492178384401,8.43883407542604,7.51136387610199,8.92476035997439,8.4552648922421,8.66575427497518,9.10307679709326,7.90332072383734,7.9935232651277,8.31596453994284,8.07810829402899
"GENE1308",7.18287131076948,7.32377204401269,7.25933138956336,7.46343162450534,7.07638565001566,7.5389901131629,6.8559220097098,7.15548023403262,7.0027937912805,7.19886142146149,6.44507836049987,7.1649380305433
"GENE1309",5.99092554302756,5.5884713191697,5.47977263785321,4.68473034113011,5.26800207479775,5.23461658439802,4.83658026738577,4.76123395654334,5.79650064335651,5.41807173488789,5.46455409026317,4.9549542106143
"GENE1310",6.41273790426979,6.50769108912158,6.60823688465687,5.53924841248507,5.60376825248473,6.46702567968607,6.75207402889619,6.13131743558802,6.03134699846857,6.2244883511112,6.46499790961624,5.9088304410793
"GENE1311",5.42499698288565,4.62203258403176,5.65039447043383,5.02168626161896,5.2290206892662,4.69671045320522,5.35087168464298,4.62017751094195,4.80688647693289,4.93638930206227,4.96591931636746,4.50856753718945
"GENE1312",8.39987397209651,9.15705821978728,8.87955767245122,8.92101020695566,8.42460001439041,8.31217133651338,8.395081568537,8.03191327556183,7.96538472841608,8.68254445115447,7.61879290459704,7.79615379552055
"GENE1313",7.79680276602458,7.95077768930195,7.49223039378435,7.52076099130985,7.34680594202356,7.79707522542876,7.68361233895124,7.05395954683765,7.37221868281206,8.10617404619753,7.2150407274333,7.84139405892956
"GENE1314",9.19048732958478,9.24141176491961,9.203570866595,8.88154105041,8.90189029740254,8.38375004396184,8.75910176143366,8.78706734177171,8.02488052008854,8.8958864560379,8.60903088838086,8.87356959119382
"GENE1315",8.60042820847878,9.19985177989746,8.55972599840419,8.84469731744,8.91050914950004,9.03316444591822,8.73497458692611,8.57244770233801,8.52174734668947,8.30803761361865,9.15139630405537,8.15969693288753
"GENE1316",5.42499698288565,5.000948680323,4.51367610562448,4.68473034113011,4.96491268069176,3.90712034034531,4.78958910954703,4.54173721909216,5.01324141627604,4.88996318035601,4.90264323278714,4.7299763856432
"GENE1317",4.57571107120738,4.69499358436409,4.2758805597652,5.02168626161896,4.39688560685022,4.64241390252082,4.57805571918833,4.82541118637765,3.95657929776853,4.49450516137223,5.28820757240662,4.9549542106143
"GENE1318",7.3800807660653,7.95703642404684,6.73556615912755,7.70509036862075,7.77668184067163,7.96997400780868,6.20637570058624,8.09549859947995,6.98100630599043,7.57739368170751,7.08064278689796,7.50878437789072
"GENE1319",8.53491202874709,8.48442165845319,7.81204388280468,7.43388354434105,7.96523044935045,8.49135428918581,8.51331057238535,8.23034371438182,7.92051469648194,7.00826834826756,8.1496234921868,8.50688229729117
"GENE1320",7.29712476527457,6.43699195524172,7.07991630167636,6.96739374918076,6.17456778079026,6.5194126319523,6.71937689333497,6.58775767456175,6.91356942913283,7.1644658437704,7.08064278689796,6.89503866352647
"GENE1321",8.85286855582197,8.97500794204479,8.90929739762309,8.94905109434242,8.39213143523376,8.0112657493615,8.17351332814442,9.03106767616302,8.87588036126589,7.48303678342203,8.60903088838086,8.10307428675008
"GENE1322",10.2387010088622,9.36171164244643,9.63903652463688,9.81514769411419,9.16938257819352,9.7110370477292,8.57502874823902,9.24223928380642,8.84023069683673,9.04686130914078,9.00798017554626,8.98734611901535
"GENE1323",6.26912592751942,6.59134744964897,6.27954638789441,5.99401446746821,6.39038072243363,5.95732614876197,6.25323544564354,6.53818841618034,7.05584843127826,6.88670356310395,6.25178417146971,6.17273695555514
"GENE1324",6.62359850447336,6.9609869548465,6.74769120048147,6.41848425819186,7.1755206211175,7.07566907746602,6.90513104921066,6.83990521169833,6.70304266957115,7.32094195285651,7.01510205007229,6.71107740034224
"GENE1325",5.10552670264911,5.36899923474729,4.64451109468011,5.41767630478048,5.37821085544912,5.39116578501052,4.78958910954703,4.45651341489076,4.91468052254992,5.59070241013539,5.37940981639276,5.36634491221722
"GENE1326",6.24368654132521,5.88880650063069,5.87127352691975,7.09905385643515,6.00947428197951,6.26654022089357,6.0376476877739,5.68286062317584,5.30591088547647,5.64355255347913,5.85424719616166,6.30987479792918
"GENE1327",4.75447897304764,3.99357332622189,5.2104797339222,4.83180993558511,5.05950945094439,5.01634725588924,4.8816839009191,4.69304720704209,4.96499831346795,4.6822891391766,4.41855260472085,4.44457474590749
"GENE1328",10.1756551640448,9.36171164244643,9.05911405534393,8.81452883071945,9.84493084130228,9.37605801397336,9.19213316231072,9.13640398521564,10.1334027425084,9.64582149924853,8.82607248332692,8.9373703940107
"GENE1329",8.54005888331409,7.24391121541972,7.73549778525103,7.65479554936856,8.56955533644646,8.03814935627342,8.04846955947633,8.15639236188639,7.63812652118573,7.46903569313679,6.94640149760966,7.86105257136516
"GENE1330",5.32722718529249,5.05347560891206,6.10006926566075,5.07871890811883,5.47968994220484,5.01634725588924,5.54568165838144,4.99864172506497,5.34262576431803,5.25417383302746,4.90264323278714,5.07150200490239
"GENE1331",4.97752596119384,5.19860617920382,5.05045087255743,5.45947522938127,5.47968994220484,4.52437607466252,4.0296868369848,4.82541118637765,5.77061962651983,4.42298469859371,4.606173645641,5.67663210729273
"GENE1332",4.75447897304764,4.13852865130535,4.70416965898469,4.76074593408714,3.95654372834274,4.79768253464048,5.38056528187997,4.99864172506497,5.8468219741038,4.8415720392666,4.96591931636746,4.50856753718945
"GENE1333",6.85773106129181,7.36209113116368,7.61572933564183,6.92540051474549,7.1268133853913,7.3866616933042,6.73035998071422,6.91918126469472,7.63812652118573,7.03710486481018,6.88894953734041,7.4053223044944
"GENE1334",5.47123394390682,5.62172626825794,6.06120494144834,5.53924841248507,4.96491268069176,5.53068369428789,6.10762767549903,5.68286062317584,5.63315652429458,5.64355255347913,4.96591931636746,5.5811231366749
"GENE1335",8.5141387266335,8.70106326742788,8.77476612870772,8.3822546316268,8.85205205172266,8.64196423815314,8.21289127394885,9.34083463038894,8.45651063802227,9.2318522426499,8.73991089278327,8.48806265095619
"GENE1336",8.55539002807668,9.35462783650665,8.8575367452189,8.74824393112545,8.75648127285868,8.83811690472879,8.92704383893213,8.83860891533161,9.48630537219202,9.31028674103677,8.42042081067698,9.02698469103387
"GENE1337",10.3409655764716,10.6426926681134,9.9996834268015,9.65418093723567,9.49762598038358,10.1914084143303,9.8318763835892,9.43311787860266,9.82851807023972,9.35461892139811,9.99516453051107,8.89038362512448
"GENE1338",5.22130398880226,5.05347560891206,5.31824579141467,4.76074593408714,5.79638474795275,4.84489329067828,4.78958910954703,5.24084983880704,5.30591088547647,4.93638930206227,5.69105863050171,5.14335227951321
"GENE1339",5.75606304287901,4.54349182563741,4.8656317369195,5.23533893934653,5.54319346808701,4.93378858587547,5.08412192938595,5.74398528177613,5.51193366996622,4.8415720392666,5.24001796341339,5.27557692645215
"GENE1340",6.05122677290855,5.44634641097134,5.50979240942014,5.7531773193868,5.66169183274517,5.87803565145312,5.08412192938595,5.71377144839768,5.60387807226552,6.45771255410179,5.85424719616166,6.15662967311256
"GENE1341",8.69112273785874,9.00246542791134,8.2905041160173,9.344294866057,8.63690660532779,8.61247990838185,8.02653000793821,8.63986764279383,7.92051469648194,8.77624860739669,8.87098535707615,8.69640461413699
"GENE1342",6.69984486076188,7.48866842710415,7.58918927045672,6.82230835009718,6.74239902862789,7.74903646080683,7.22444781463687,6.48681165274399,7.19469354872249,7.61600666209712,7.40069103688959,7.74415743442471
"GENE1343",5.04323840081973,4.36428639562465,4.17928166882704,4.0273271381528,4.30773295942769,4.64241390252082,4.68909793196672,5.10137785357304,5.14728546522591,4.62346344389119,4.18163946874168,4.82543978751269
"GENE1344",8.25711747682112,8.04191360767797,8.17051594910559,7.98149506818097,8.34625707834365,8.74609295845829,8.77233323910535,8.16180248249321,8.78816814370638,9.07248016453346,8.707256667949,8.20651823026969
"GENE1345",4.90791694271948,4.25922592582695,5.05045087255743,5.32977315665522,4.96491268069176,5.33084216030771,4.96688950493872,4.36276907375499,4.62236681307091,4.8415720392666,4.96591931636746,4.91338726221614
"GENE1346",8.10559385519441,7.40859151954866,7.68628104242952,8.30294623748894,8.10709502503615,7.50078620833321,7.98617524945882,7.0303836679997,7.92051469648194,8.19374864424906,7.48037090870302,7.83146303546379
"GENE1347",4.83382022495936,4.94597899121255,4.81438547614811,4.17933027955555,5.82177843488912,4.64241390252082,4.38398277762959,4.45651341489076,4.20811770217306,5.28868936701358,4.18163946874168,4.56859374079285
"GENE1348",9.8996980971902,9.52626140347537,10.1856538969305,8.99348527499956,9.25081375959539,9.66871208312225,9.30384311145477,10.2260866181599,9.58829577849834,9.04215402538873,9.70610095575978,8.4943632260452
"GENE1349",6.16445238022268,6.08885644940613,5.62344470315804,6.07440786992565,5.68973507758162,5.2675149887357,5.43797005921605,6.1086334931305,5.79650064335651,5.28868936701358,5.75872401516255,6.29528692106071
"GENE1350",4.3577216136768,4.36428639562465,5.13308268451435,5.32977315665522,5.01315373799188,4.31465226204918,4.57805571918833,4.82541118637765,4.55284654316695,4.8415720392666,5.37940981639276,4.21973032357518
"GENE1351",6.47937734615328,6.73047230184167,6.77163453900892,7.14849405573179,7.21332504532195,6.98605269729726,7.29976031465469,6.86682477724643,7.06622652142257,7.09308535027785,7.14330455350228,6.20440131244626
"GENE1352",9.75899982462937,9.22596680930127,9.47521110858623,9.34956309265906,10.1430201456151,9.56791204197104,10.092380316329,8.88183430241147,9.49014329275398,9.67954808681112,9.50239421462867,9.46398329189878
"GENE1353",6.43530421096138,6.89698141998566,7.73549778525103,7.6289715522373,7.51496086115386,8.06889144335716,7.20889737085065,7.61684464640059,7.46122141407483,6.9487831667748,7.66211698825747,7.12471477506538
"GENE1354",8.40552571083827,8.14963572096524,8.28225742559096,8.49120169526816,8.18500313658106,9.20888414311764,8.85425414840592,7.69364746108391,8.10223823410917,8.09711616355073,8.06187464504446,8.09480033152704
"GENE1355",8.4389781508061,8.61273959634672,8.1251175779994,8.49596329740554,8.21316463284933,8.82275286086994,8.62548732530045,7.37694958575046,8.56971393874195,8.43921456088315,8.40522727052674,8.61491199073056
"GENE1356",10.4043843916202,9.97732998630183,9.1297102535853,9.71053916461385,10.057681854996,9.85513873050324,8.73767541859844,10.0824653484886,9.70682126490521,9.63648479052915,9.73876728176117,9.29210918365528
"GENE1357",8.5245628226678,7.83998586248879,8.01989328175027,8.79534772970821,8.12202771650236,7.45488899928275,7.16926452241506,7.51890283102636,7.31255812346138,6.92838943711634,7.86847504361369,7.48994555887025
"GENE1358",7.54315076620797,6.85714840003026,6.58133448834426,7.36247166352785,7.19454783661132,7.04937059322695,7.65526919053196,7.2297353371264,6.87861335624456,7.18176712713889,6.87421648962601,7.51500937856362
"GENE1359",9.49862094516589,9.28677813765764,9.9589118555657,9.13140496775774,9.22110209222908,8.38025436452827,8.36044125014652,9.35033328866391,8.04591936780552,9.4712544298665,8.75596465875141,8.8516592740129
"GENE1360",9.54028935168871,9.21296841824168,9.16599418308157,9.07208407037942,8.54761531725743,8.8979858898917,9.16229658278215,9.00423793744152,8.35064561877043,8.95968486222085,8.86359639545129,9.22174275783776
"GENE1361",8.28191495211047,7.91264214365428,8.78938032634633,8.36152915386572,8.85503190463086,7.94651127383617,8.03094477022631,7.70110651088743,7.73855155941661,7.49690245175929,8.24944841068526,8.11948081399734
"GENE1362",4.3577216136768,4.13852865130535,4.44108581236596,4.96177923278654,5.26800207479775,5.20082860798237,4.30898946352127,3.99257800367954,5.05959906130947,4.79100537130028,4.18163946874168,5.33680315109659
"GENE1363",8.65836937735528,8.50590683630374,9.39150310096634,9.4313378319813,8.79423184484715,9.04203599560548,9.22714069994855,9.02811113353269,8.15159189207357,8.61756430853558,9.14835947015389,9.24620387807866
"GENE1364",6.16445238022268,5.2434159155023,6.24545713501497,6.49754010405531,5.68973507758162,5.81538091704007,5.92550973723047,6.33984640299133,5.10423357161015,5.74335064878276,6.13156456906103,5.69947582828021
"GENE1365",7.56355660096178,7.58892237011276,7.90097922470514,7.34139671090057,7.32971168927786,7.85872620430697,7.41257855613255,7.16632729658032,7.83241130049605,6.63258868610507,7.9405688451493,7.64553941949741
"GENE1366",7.65195310379904,7.32377204401269,8.57667852919856,7.23109899282477,7.6099652493555,7.95594235708983,7.5108397797975,7.93409898890164,7.3384319656088,7.32872188622233,7.57412011268683,7.77558053489679
"GENE1367",5.10552670264911,6.06538593363143,5.00690280338359,4.76074593408714,4.8619839938629,4.93378858587547,5.62103385748696,5.71377144839768,5.44684439577657,5.32228647894835,5.65589826360468,5.84935245414932
"GENE1368",8.5141387266335,7.82637175766674,8.21018498526683,8.84096061014925,8.51783230342756,8.43519185090649,7.30707800694993,8.48023541722854,8.14673200511876,8.02252376048623,8.43545573678843,7.53964262831939
"GENE1369",6.82413201714267,6.20058263512625,6.00077224331542,5.99401446746821,5.96491225803506,7.00443237461406,6.77346050183009,6.26014173986711,6.35677965584575,6.08204388695807,5.61978437036428,6.0205365393326
"GENE1370",7.28487143651351,8.38588314193195,8.2274707113495,6.82230835009718,7.43734219002641,7.83335893775734,7.54833301111382,8.05536167415082,7.75782050479916,8.06959525500788,6.70118172026319,7.5994362001474
"GENE1371",5.16477571414311,5.44634641097134,4.64451109468011,5.28343957432089,4.47802302603084,4.79768253464048,4.96688950493872,4.36276907375499,5.05959906130947,4.79100537130028,4.02923871711884,4.9549542106143
"GENE1372",6.34277418117912,7.03417937407499,7.42624868179027,7.68852041850691,6.42331964254991,8.5732254698127,7.86774524647168,7.49333548030085,7.58874352988958,7.7200852458129,6.9604092742373,6.91408237348813
"GENE1373",8.91359796945323,9.27681935233837,9.16599418308157,8.19577912388137,9.10576699291787,8.70478120492165,8.76175779330711,8.8553878241113,9.07047420118186,8.61122010700351,8.56414260074995,8.06546093189636
"GENE1374",3.85356290445134,4.62203258403176,4.81438547614811,3.82642089610471,5.14719229056659,3.90712034034531,4.0296868369848,4.1373247401923,4.55284654316695,4.34542727297923,4.96591931636746,4.37586395102297
"GENE1375",10.1439127126118,9.72793198579609,10.3265237173621,9.66478516315266,9.6041563379057,9.61176468000299,8.51646009481987,9.8258670450487,9.07303575027116,9.41775383246185,9.45648517110779,9.58545453667775
"GENE1376",5.10552670264911,5.10379764560079,5.38531027680005,5.71982118703818,5.26800207479775,5.44878424431868,5.40958719984467,5.80245046367133,5.01324141627604,5.61739078218998,6.15645597035825,5.10795797700064
"GENE1377",8.5297467195373,8.37190813008572,9.58646899584043,8.53349987787437,7.64489333207985,8.17361455560434,8.61082912436192,8.63209768898316,7.80180100035011,7.99839747119206,7.23817433596649,8.06968908518637
"GENE1378",6.89055401274206,6.74511913797402,6.22809448830563,6.85253409466217,7.03471953208699,7.15177595937716,6.43987459101624,6.88009573261484,6.13523133786866,6.63258868610507,6.44507836049987,6.0205365393326
"GENE1379",4.22498275163827,5.10379764560079,5.38531027680005,3.82642089610471,4.8619839938629,5.47665968096879,5.28932474144339,4.76123395654334,5.01324141627604,4.62346344389119,4.83567457393778,4.91338726221614
"GENE1380",8.46085576631615,8.96883459835153,7.99990628265232,8.52420703253962,7.84432196007763,8.5701611283243,8.1247919127324,8.20436653019986,8.32506901923421,8.6301695164414,7.38005889782184,8.06968908518637
"GENE1381",8.75004314889558,8.62849435017349,8.55288873293433,7.42389722234322,8.68794047442758,8.77565287706747,8.36394302104273,9.20345569989043,9.20500786681011,7.06536970865312,8.78363549100846,7.26450902381104
"GENE1382",7.33326752873485,7.49729586895031,8.02484693404595,8.02829777109077,8.51406575520662,7.71052960226473,8.13302756519352,8.61248748564225,7.8564385810798,7.74931398462993,7.33788085971478,8.33848399373816
"GENE1383",4.57571107120738,4.54349182563741,4.36234597151196,5.28343957432089,5.2290206892662,5.36135958543197,4.38398277762959,5.19608618402031,4.80688647693289,5.41807173488789,4.90264323278714,4.6252228177491
"GENE1384",10.4460793543831,9.92728468584498,10.668254826931,10.440284466839,10.7465654532639,8.4816010611511,9.92482837636943,9.47061784032812,10.1911220043149,9.04450958855308,9.34419885206691,9.64750949396898
"GENE1385",7.27251225523492,7.13737229451437,6.21051244752332,7.37289394698162,6.2685791050512,6.39867059958643,6.28362171103306,7.53569793749921,6.6760872469506,6.54112775667379,6.93225451287569,6.89503866352647
"GENE1386",6.02140674109204,6.22188729485079,6.45348432858436,6.17479543641974,6.42331964254991,6.28185374108108,5.963917618579,6.15363563279657,5.89534344555973,6.1902252108994,5.28820757240662,6.46104234936283
"GENE1387",5.82741119739648,4.88828303784405,5.67680935887743,5.37447816482985,5.47968994220484,6.03227317169203,4.78958910954703,5.14964543198099,5.89534344555973,5.69438237210904,6.20493726932166,5.78714750479939
"GENE1388",5.68071852918215,4.76326395420319,5.59593619666751,5.41767630478048,4.6222967045272,4.52437607466252,4.30898946352127,3.99257800367954,4.20811770217306,4.34542727297923,5.46455409026317,5.39522024645591
"GENE1389",6.99981439278922,6.34329617584645,7.43373179836923,6.77572788592976,6.07371995318281,7.36554332809262,6.93385941508645,6.28049863983408,6.89036110945495,6.67004310935161,6.65007844110637,6.60929045538049
"GENE1390",5.92785141446124,5.40825302561207,6.02121292990129,5.68561402859022,5.47968994220484,5.44878424431868,5.9448485209728,5.44358190719965,5.57393739993519,5.35501792835748,5.42268344439262,5.27557692645215
"GENE1391",8.96805939427084,9.48792995077436,9.03724302607477,9.90375511882062,9.59527639063562,9.8130108983653,9.04728848500606,9.77740446419625,9.02357054568636,9.80430417424097,9.56293881482672,9.3189668676211
"GENE1392",6.8070296362539,6.17894622278844,6.77163453900892,6.22238843327479,6.2685791050512,6.32681128400571,5.78184960161745,5.61880370076047,6.4714557263892,5.28868936701358,6.05408357705721,6.5494038429155
"GENE1393",6.36648584319312,6.50769108912158,6.36129617255338,5.7531773193868,6.28664303839689,6.54489278140739,5.9448485209728,5.65121746472458,6.48709947121793,6.45771255410179,6.8442841935716,5.8892918708274
"GENE1394",6.85773106129181,6.41874700020975,6.88564305999428,5.90861586733418,5.54319346808701,7.00443237461406,6.07308141246836,6.82625169736574,7.0135638649421,6.29058370313366,6.87421648962601,7.27923038891314
"GENE1395",8.56552089348895,8.68608636793916,8.96956568713666,8.18991153363824,8.58399856076312,8.27876223076852,8.03094477022631,8.14003888515092,8.04591936780552,8.47809028554405,8.17374220200357,8.15174311914573
"GENE1396",9.87955001835371,10.7062052976951,9.73724459411226,10.3668576272689,10.2224376329448,9.9964455220917,9.9725922750372,9.41512763937997,9.9407409300679,10.3582771257114,9.0345414718415,9.75892099577581
"GENE1397",7.65195310379904,8.06527189356347,8.07346723771754,7.6114937545137,8.71771515648715,7.90815588084082,7.56671837981159,7.68614946064178,7.98185647111683,7.68420692168087,7.88318595084042,8.13166410012417
"GENE1398",4.75447897304764,4.76326395420319,3.76085820161654,4.60282355996089,4.55277978931402,4.58511941354377,4.51761852880097,4.25785257813314,4.47808609970675,3.75359317195248,4.41855260472085,4.6252228177491
"GENE1399",6.56358632495771,7.31402982278201,7.17243848771342,6.39800474246707,6.6062257929597,6.95803073316249,7.09503045702979,7.53569793749921,6.71633033639399,6.83281641753557,6.57893356949898,7.26450902381104
"GENE1400",6.56358632495771,6.63925950851728,6.75971340750608,6.60837548169445,5.57382857406539,6.05038817813045,6.05547844755648,6.30056273879937,6.4234517348088,6.35368973410198,5.75872401516255,6.05583879279751
"GENE1401",5.22130398880226,6.73047230184167,6.26260597736711,6.12551183168539,6.2502780500481,5.20082860798237,6.22217161717912,6.55490585733272,6.26870767720187,6.69447286788744,5.72531788539003,5.60565275807301
"GENE1402",9.02421429790021,9.0323726530923,9.34478911993508,9.15566997412088,9.73280463744933,9.54157141064721,8.25499793784081,7.84268789325525,9.20267055921995,8.96217899042322,8.8892937225574,10.0768144421859
"GENE1403",5.75606304287901,5.5884713191697,6.31282238525141,6.31295454149413,6.53287914372848,6.35599911771369,5.90589311944218,6.21851323572876,5.05959906130947,5.4484781145317,5.91438525786674,6.09025914343158
"GENE1404",10.0187008343035,10.4345477997852,10.2440870658666,9.83029879102344,8.82190969635793,9.37430308874311,9.56630206270577,10.6527827874563,10.0304374791355,9.60651335909449,10.0931554798185,9.5942753232006
"GENE1405",9.88764305429325,9.98652320345039,9.4010475797197,9.7348973357315,10.5446079796503,10.0774034999841,9.93662477188991,9.84614840271693,9.72321841765557,10.1032117666792,9.81542290206384,9.54356213437054
"GENE1406",4.83382022495936,4.88828303784405,5.38531027680005,5.37447816482985,4.39688560685022,4.69671045320522,4.6350661880597,5.14964543198099,4.62236681307091,4.79100537130028,4.96591931636746,4.56859374079285
"GENE1407",7.57365168691517,8.16051957084071,7.34918553831732,7.45364979893962,7.55224931388597,7.71609419834281,6.81528986069787,7.44968308925835,7.58874352988958,7.80047215382056,7.52801143572846,7.0320191304141
"GENE1408",7.40292575095958,8.16051957084071,7.95907917221357,8.5007092112426,8.55129526956557,8.51066483629476,8.18147557923587,8.68937604358544,8.23637526753613,8.00809660493981,7.91216367932449,8.13570238000483
"GENE1409",4.83382022495936,4.25922592582695,4.2758805597652,4.30574182321017,4.8619839938629,5.05556156577568,4.92507133570572,4.99864172506497,4.91468052254992,4.42298469859371,4.76445481120257,4.50856753718945
"GENE1410",7.94400830641611,8.95640802811911,8.6521893434939,8.64914943619621,8.72098579587895,8.42504943618147,8.91992806953654,8.11236318761907,7.53014273010782,8.11068169357111,8.28309058980313,8.59746025927099
"GENE1411",9.53256767980774,8.64019838269129,9.55090010758334,8.62761825242817,9.06774701260208,8.88077948921681,9.00532590412714,7.90856923832484,7.37221868281206,9.09991838622572,8.66961386570823,9.58545453667775
"GENE1412",5.51588380404437,6.06538593363143,6.08077390565727,5.93767861405064,5.96491225803506,5.79383509563228,6.26851135987232,5.71377144839768,5.9650330283611,5.53565047103937,6.13156456906103,6.12384233411092
"GENE1413",9.37740688582304,9.39891522577692,8.93843591195618,9.89116734081969,8.7078584619347,9.7289990493147,9.7257358953059,9.55313199148998,9.01293697910574,8.63955157605208,9.22818906524247,9.75761287695424
"GENE1414",4.57571107120738,5.000948680323,5.77754490372973,5.18531255928563,5.41293052223172,4.69671045320522,4.51761852880097,5.36630838281794,5.14728546522591,5.35501792835748,5.37940981639276,4.9549542106143
"GENE1415",8.97187188055601,8.99640880100062,8.21018498526683,6.98112071047692,8.17549217597998,8.30112088445679,8.31412588464198,8.65911116839926,8.12712664677692,7.85525668073925,8.53186730486265,8.62355922103565
"GENE1416",7.72620333836583,8.42250010923998,6.96033533597459,7.00818407671977,7.98715092431871,8.09899032493954,7.7223756629014,7.49333548030085,7.53014273010782,7.70822513016572,8.24944841068526,7.4708558891643
"GENE1417",7.57365168691517,7.41771315655409,7.64178747778531,7.80068555084825,7.93171017225445,8.34482276289476,7.9399671418289,7.72325396973651,7.05584843127826,7.51063530864436,8.03578812562887,7.70116110766546
"GENE1418",9.10628214863145,8.70478329594539,9.54746639086532,9.0784445688296,9.46874464496062,9.10053211562019,9.61115939136589,8.97382950685278,9.25999582752092,8.61122010700351,9.7903209939077,9.28486183655398
"GENE1419",6.60387654406407,6.81616653842362,6.58133448834426,6.33470664520053,6.1549773421257,6.87049440091214,6.22217161717912,6.41525260611602,6.26870767720187,6.33817828106011,6.78245803572603,6.30987479792918
"GENE1420",8.39419996585415,8.14416277122317,8.69006942478375,8.80305083050293,8.5911662350222,8.28251286973907,8.51960274617989,8.41832421177876,8.01424456232532,8.47109957128087,8.18565165553568,8.45936395386753
"GENE1421",5.68071852918215,5.96728492689918,5.17238817225744,5.99401446746821,5.18878254774675,4.79768253464048,5.25739083816715,4.76123395654334,5.63315652429458,5.4484781145317,5.46455409026317,5.5811231366749
"GENE1422",4.66889628332048,4.69499358436409,4.17928166882704,4.60282355996089,5.18878254774675,5.01634725588924,4.78958910954703,4.36276907375499,5.01324141627604,4.79100537130028,4.41855260472085,4.6252228177491
"GENE1423",8.4167630813734,7.8331949317097,7.60914019558654,7.7295922181172,8.70455785762631,8.59449527897891,7.9632567924216,7.98993566247718,8.00352936821709,8.36572536382089,8.2265754096393,7.84633395353021
"GENE1424",4.57571107120738,4.45815638711915,4.70416965898469,5.49997071347815,5.37821085544912,4.39004562113047,4.92507133570572,4.76123395654334,4.62236681307091,4.98102908982467,5.33462522028504,4.77874383137617
"GENE1425",8.84040947314889,8.00614921214852,7.729437148044,8.75222858796466,7.88576503970507,8.63904280820511,8.48465062955368,7.82231986242886,8.35486456300954,8.85620645541195,8.4796411600366,8.51620071246066
"GENE1426",7.95947145029794,9.25415737478286,9.15700844597354,9.01021716017523,8.25439999442464,8.7103583470057,8.38132527106989,8.77653408694979,9.06018224757938,8.12857238384615,9.15745084956402,8.43008178740327
"GENE1427",7.93621392458467,7.57269246356918,7.83479896493169,8.07362547038744,7.31241082270103,7.72163731563265,7.54215181179332,7.51043093466347,8.13205308480693,7.78926006620909,7.67062707598478,7.73885276315956
"GENE1428",5.68071852918215,5.80552563371466,6.31282238525141,5.61445084273423,6.33947345491757,6.01391646633047,6.62830247880857,6.03825668873266,6.54799154927682,5.90196191531523,5.65589826360468,5.42346148460052
"GENE1429",4.4729759908335,4.69499358436409,5.0924714955971,4.89863543349259,5.71720204413545,4.31465226204918,4.57805571918833,4.99864172506497,5.34262576431803,5.02403580464725,5.18989720613499,5.27557692645215
"GENE1430",9.64665060280641,10.0623866159638,9.06872901673351,9.65843198837341,9.55003751729665,9.60579473559221,8.8862486276458,9.75612571498375,9.08831019756094,8.98443405620086,9.26790512546705,9.62185713154053
"GENE1431",5.32722718529249,5.86161000924083,6.11909887416821,5.41767630478048,5.84670458080484,5.68061003498063,5.08412192938595,5.88566646440782,4.80688647693289,5.4484781145317,5.37940981639276,5.84935245414932
"GENE1432",4.97752596119384,5.96728492689918,5.53913863910085,5.13317711387027,5.94207570761707,4.52437607466252,5.08412192938595,5.44358190719965,5.82189509075368,5.61739078218998,4.41855260472085,5.10795797700064
"GENE1433",7.12900472421512,7.30422082945932,7.41872627821719,6.64346700432215,6.56267704608791,7.01353406952722,6.78403400818519,7.04222033185733,6.7682688613808,6.77680382505098,7.44108470664426,7.41201219525674
"GENE1434",5.89518809952742,6.43699195524172,6.64765342760234,5.65050799972721,6.21293819277411,6.88049097459827,6.49263775991552,6.21851323572876,5.79650064335651,6.44331602302829,5.85424719616166,6.23536026444404
"GENE1435",7.42541212239543,7.53967119202997,7.91171898566042,8.001740143434,7.53745006626565,7.81273770780753,8.0353460242477,7.84268789325525,7.78311683403686,8.08342151354061,7.77689968637193,7.15698349507238
"GENE1436",8.12628628332718,8.22414883681045,7.6673809726197,8.18991153363824,7.49211332330114,8.35554408306608,7.35021545049071,8.00205480176293,8.0354384082269,7.21575366608579,7.34854242241547,7.70660657665555
"GENE1437",7.18287131076948,7.77768020872578,7.00132061530002,8.06723687336837,6.98086377780064,7.27780953224929,7.56671837981159,6.26014173986711,7.40522660013996,7.1731426749184,7.22665432156455,6.60929045538049
"GENE1438",5.27537882872743,4.69499358436409,4.70416965898469,5.02168626161896,4.20806849983989,4.58511941354377,4.30898946352127,4.1373247401923,4.80688647693289,4.42298469859371,4.02923871711884,4.7299763856432
"GENE1439",9.04245680477633,8.67095216760483,8.43139666406613,9.26007577173755,9.31496689060844,8.94367937291319,9.00308314582028,8.28093265209281,9.57390162959456,8.93957494171677,8.89655244679513,8.20267410909365
"GENE1440",6.05122677290855,5.77658684905942,5.2474390419342,5.84856185472356,5.2290206892662,5.20082860798237,5.62103385748696,6.15363563279657,5.68984767667298,6.2244883511112,5.28820757240662,5.50466855113633
"GENE1441",7.95176066425279,9.23370996709536,9.31480524559636,8.93509883433986,9.06260107383205,9.61027450906649,8.85674063487617,9.27253213875412,8.58774556228518,8.43562781394055,8.71137914176284,9.49728452804572
"GENE1442",4.22498275163827,4.54349182563741,4.70416965898469,4.17933027955555,4.30773295942769,5.01634725588924,4.78958910954703,3.80151713267723,4.20811770217306,4.26028533421001,4.606173645641,4.56859374079285
"GENE1443",5.55906080693802,4.36428639562465,4.70416965898469,4.0273271381528,4.91459706087536,4.03380234021967,4.6350661880597,4.88610457922949,4.30778738367409,4.49450516137223,4.83567457393778,4.7299763856432
"GENE1444",6.92263640398234,7.62084161824101,7.22520537523972,7.6289715522373,6.75532285000889,6.74470262618717,7.02563825221521,7.54402230627041,6.62058470637448,6.77680382505098,7.8610627413431,6.94217836465433
"GENE1445",4.83382022495936,4.45815638711915,4.8656317369195,4.89863543349259,5.87118104645258,4.74836901933285,4.83658026738577,4.88610457922949,5.18887737158306,4.98102908982467,4.90264323278714,4.99509121545252
"GENE1446",8.86522086213583,8.50163536139084,9.23593254340402,8.66191538230963,8.21780510847406,8.407985053765,8.23601109281602,8.39555185159659,8.428765338026,7.7665699244556,8.57323284354173,8.21798937530845
"GENE1447",8.16679931276106,8.05364015984084,7.97963760580792,7.59380046336217,7.66544935310453,8.5074643354849,7.32880922487156,8.44961244560458,8.11224531778343,8.33524641674558,7.43109254821764,8.29942902318007
"GENE1448",10.0038861813076,8.59280075596895,9.73422750192503,10.4241486591905,10.1491001787535,10.1115080200712,9.81918750775478,9.16897817261259,9.64102941545414,10.0941466999351,9.69781744718775,9.43153650929233
"GENE1449",5.86172229049857,5.65416792709915,5.17238817225744,4.83180993558511,5.18878254774675,5.60776759123199,4.57805571918833,5.14964543198099,5.14728546522591,4.62346344389119,4.83567457393778,5.14335227951321
"GENE1450",7.39154880374634,8.568504090718,8.46091861426281,7.42389722234322,7.98170205047918,7.84863296412472,8.31774197974687,7.34869325145291,7.5597423512028,8.02730083281589,7.28334823856941,7.81139269226666
"GENE1451",8.6441010565853,9.83868476550489,9.07112277084907,8.68711290104832,8.04053351948311,8.9174020839902,7.61462441339729,8.72633458396547,8.99413738686808,9.10444108024768,7.90497382408815,8.37991498908518
"GENE1452",6.13700302636241,5.99247478376178,6.15639054323778,5.49997071347815,5.5118269454012,5.93793102357782,6.05547844755648,5.36630838281794,5.229117083218,5.38693173058729,6.05408357705721,5.0339082578499
"GENE1453",4.90791694271948,4.88828303784405,5.41757085400705,5.37447816482985,4.09371013024599,4.52437607466252,4.6350661880597,3.80151713267723,4.68748146497161,4.42298469859371,4.02923871711884,5.24381262475191
"GENE1454",4.4729759908335,5.19860617920382,4.36234597151196,5.61445084273423,4.20806849983989,4.69671045320522,4.68909793196672,3.33339683403742,5.18887737158306,4.6822891391766,4.30837276184222,3.7347449426157
"GENE1455",5.47123394390682,5.71677457354216,5.00690280338359,4.17933027955555,4.68740827512561,5.33084216030771,5.04631054532115,4.76123395654334,4.09375320931323,5.50723476179113,4.68826865985232,4.82543978751269
"GENE1456",7.42541212239543,7.77768020872578,7.20783197684277,7.86842639009485,6.79340229672132,6.88049097459827,7.49171902385612,7.2297353371264,7.49226283623236,6.36903114941177,6.75050455945418,6.76461532193665
"GENE1457",6.71828140023147,6.80223881488172,6.06120494144834,6.75985491690651,5.96491225803506,6.23539896953394,6.76280758287289,6.57142739792876,6.45563595412749,6.7184881759186,6.5231175575843,6.64403989733043
"GENE1458",8.80664890298524,8.40430799998163,9.26340357007944,8.97314724379334,9.50712597273132,9.48089254300836,8.93412465376054,8.90458349683321,9.46306085139241,9.40497949075567,9.1903038759504,8.5857072139072
"GENE1459",8.75004314889558,7.8331949317097,9.04457029798959,8.711877365199,8.86393467689517,8.44860491399744,8.92940797738842,8.36305318849877,9.30862318500677,8.86156066303681,8.36913960432542,8.10307428675008
"GENE1460",8.28804815206721,8.04191360767797,9.5214495647663,8.09262279041264,8.84007064829683,8.59449527897891,8.62548732530045,8.28093265209281,7.37221868281206,8.55943496757587,8.1496234921868,7.3850631057759
"GENE1461",4.4729759908335,5.10379764560079,4.36234597151196,4.89863543349259,4.74874735738108,4.58511941354377,4.6350661880597,4.76123395654334,4.55284654316695,4.49450516137223,4.90264323278714,4.37586395102297
"GENE1462",5.51588380404437,5.28667684964983,5.82521995424604,4.89863543349259,5.66169183274517,5.55688262416421,5.40958719984467,4.99864172506497,5.87129915523179,5.71909005679616,5.54446056462054,5.86946883702259
"GENE1463",7.3800807660653,7.8331949317097,8.1660400198521,7.62025925976358,7.499769693194,7.21618130812215,7.68361233895124,7.91499430230909,7.41336108672196,7.06536970865312,7.6874973976847,6.64403989733043
"GENE1464",7.10128977230633,7.47125620284685,7.03130399013482,7.76952204502872,7.60287645264789,7.23183915265191,7.49171902385612,7.29045025121583,6.4714557263892,7.33645976249335,7.41089672353346,7.55784383159839
"GENE1465",6.16445238022268,5.74701329525877,5.47977263785321,6.10019610490782,6.59185833681914,6.29700098959436,6.55592571405555,5.51650434151614,6.53301355447318,6.06316119013113,5.91438525786674,6.05583879279751
"GENE1466",8.87339731167057,8.71956811395706,9.04457029798959,7.81601743876689,9.50523097411228,8.86836221966233,8.79065556590217,9.0574072020092,8.92208180494756,8.47809028554405,8.94985812019873,7.9371035471379
"GENE1467",9.4086788935084,8.50590683630374,9.49673629682919,9.36525326623215,8.49508385231097,9.1648919056356,9.4277215431526,8.96767008271145,8.77249073326928,8.77908090636998,8.46506277795981,9.08238227534358
"GENE1468",7.16959390003032,7.28439879042342,7.16345141051677,8.00842566416608,6.59185833681914,7.72715912005587,7.52344675120932,7.47603371595492,7.07652965181,6.9487831667748,7.19152657335398,7.30103224270847
"GENE1469",6.5221111146563,7.11507673993519,5.95895410833228,5.87892020929913,6.33947345491757,7.168151508594,6.01958288741158,6.21851323572876,6.23186103826402,6.69447286788744,6.36244654342059,5.65339062366611
"GENE1470",6.29410944552017,5.10379764560079,5.28333916502146,5.96613618738869,6.03122441902519,5.47665968096879,4.83658026738577,4.62017751094195,5.01324141627604,6.35368973410198,5.58265951897939,4.44457474590749
"GENE1471",5.04323840081973,5.77658684905942,5.13308268451435,4.83180993558511,4.47802302603084,4.64241390252082,5.19097146363657,4.94373409540296,5.10423357161015,4.79100537130028,5.54446056462054,5.14335227951321
"GENE1472",6.45751355912046,8.23962615681411,7.83479896493169,8.63195030613791,7.7576681430521,8.12011043424925,7.06075631123919,7.26041493756375,7.6519293798298,7.92349066887935,7.85361201433855,7.88044582706514
"GENE1473",9.01315695021664,8.64794858483394,8.57667852919856,8.62327313444309,8.19445165798994,9.51155108952797,8.33211622158076,8.51867473444099,8.25906622075782,7.9935232651277,8.27753787241477,8.70729179939537
"GENE1474",7.88853884726228,7.39941142994642,7.71723860272064,7.16059119530326,7.10685558068713,7.64785197197456,7.42607588161323,7.17709261734735,7.22276805294502,7.570855935328,6.8442841935716,8.02683769152814
"GENE1475",5.79220833066203,6.50769108912158,6.56768850247186,5.93767861405064,6.07371995318281,6.72260853178904,6.38505127317649,6.72681208464367,6.62058470637448,6.2244883511112,6.42487224659314,6.18865938633173
"GENE1476",9.26072661954151,10.58636697686,9.93677390877746,9.12834292514992,9.8613188486113,9.80911937139323,9.2613183936277,9.49008290137756,9.20500786681011,9.64892035169349,10.5228302081925,10.2071057832986
"GENE1477",9.33955288662978,8.74869032304399,9.14569694448543,9.32837371000686,9.83440431967314,9.39522253657181,9.20584838311423,8.89487777317318,9.53169975748247,8.91918049584468,9.45893822078165,8.98287379247161
"GENE1478",6.89055401274206,5.96728492689918,6.26260597736711,6.24558767185246,5.63304574559507,6.10334721091766,5.9448485209728,6.03825668873266,6.13523133786866,6.45771255410179,6.87421648962601,6.46104234936283
"GENE1479",5.68071852918215,5.62172626825794,5.59593619666751,6.07440786992565,5.94207570761707,6.10334721091766,6.61649441385558,6.69707076142079,5.54330126297226,6.54112775667379,5.58265951897939,6.56158627232395
"GENE1480",7.65195310379904,8.96883459835153,8.60999664269619,9.55049439902974,8.25890962931428,7.98387006678692,8.77233323910535,8.43628634488499,7.75782050479916,8.15499814464897,7.90497382408815,8.92809477217877
"GENE1481",5.10552670264911,5.74701329525877,5.56784334996378,4.51374221809768,4.39688560685022,4.84489329067828,5.38056528187997,3.33339683403742,4.3969446041571,4.05619041015447,4.606173645641,4.50856753718945
"GENE1482",5.10552670264911,4.94597899121255,5.95895410833228,5.57738529836157,5.34252507624925,5.39116578501052,5.49293693774556,5.44358190719965,4.55284654316695,5.21868168702726,4.606173645641,5.0339082578499
"GENE1483",7.63277461048778,7.26429825441583,7.34124613603305,7.84619901860758,7.75127390284197,7.11845056552472,7.63799074149337,6.7985443895651,7.46904501572895,6.90769919363076,8.0811337190863,8.0181120710886
"GENE1484",9.68894550865249,9.87708905882391,9.90761097884004,10.0549003150912,9.4899806695476,9.60130100375835,9.38702649413971,9.22427001720408,9.60431930844174,9.29651927651205,8.64396100122454,10.0233922995384
"GENE1485",5.64139193388158,4.88828303784405,5.75306049096556,5.49997071347815,4.80680779414595,4.64241390252082,4.6350661880597,5.19608618402031,5.34262576431803,5.38693173058729,5.02594913526056,5.36634491221722
"GENE1486",9.77871675746059,8.65565732296792,8.88228678268018,8.78371532605251,9.30628606018512,8.67941344923516,9.15423476973097,9.43311787860266,9.50918116755177,7.62234233895058,9.50714280868412,8.99402870022952
"GENE1487",8.69574160133615,9.65099937209313,8.98234060317413,9.66267054626324,9.44323757696141,9.74130452420896,9.16028535160662,9.65436845645996,8.88173718001327,9.47824019517692,8.60016441984568,9.93357505286753
"GENE1488",7.68024880944429,7.11507673993519,7.52060820446278,7.70509036862075,7.11686935998565,7.4415009670404,7.56671837981159,7.12243581246028,7.1368335216276,6.61988004660767,8.06187464504446,7.79615379552055
"GENE1489",4.66889628332048,4.36428639562465,5.38531027680005,4.89863543349259,4.74874735738108,5.42029639220579,4.0296868369848,4.99864172506497,4.74882339490588,4.79100537130028,4.18163946874168,4.21973032357518
"GENE1490",5.92785141446124,4.54349182563741,5.2104797339222,5.02168626161896,4.6222967045272,4.58511941354377,5.32047101053023,5.05111048996905,4.74882339490588,4.73801220112087,4.96591931636746,4.37586395102297
"GENE1491",7.74418115483821,8.24985268526676,7.40356193306037,7.48279725904251,8.0716373019384,7.49431874666231,7.1852498093578,7.82231986242886,7.58874352988958,7.67813906395824,7.34854242241547,7.89482096903499
"GENE1492",5.86172229049857,7.13737229451437,6.84113170204773,6.71114090112737,7.34680594202356,6.82978972796299,6.45325224434853,6.13131743558802,6.59199393845749,6.15509528026171,7.1060385296162,6.52471847146242
"GENE1493",7.95176066425279,7.68262633391933,7.741532955504,7.67175700984915,7.51496086115386,7.7652285315743,8.51331057238535,6.90627172735592,7.70585079236511,7.24072356299528,7.84612246061883,7.56385993554747
"GENE1494",8.82784175019133,9.63938864645934,9.23806438090891,9.62406747777294,9.93776998679329,8.20162120721375,8.46522221440461,8.34889748607605,8.86999964692658,8.24384463094364,8.92167392964378,8.35934849256398
"GENE1495",5.16477571414311,5.19860617920382,4.36234597151196,4.41564925474099,4.30773295942769,5.13035330148718,4.51761852880097,3.99257800367954,3.33339683403742,4.73801220112087,5.46455409026317,4.21973032357518
"GENE1496",9.12694443224928,9.64520569325241,9.56455379949321,9.5459124577641,9.76641814901622,9.53687270828642,8.70492647438597,9.16897817261259,9.95885510880555,9.65663847729116,8.74796013024569,9.29030075893702
"GENE1497",9.95850679549261,9.54505171882863,10.0307532107336,10.3031302852256,9.89788605383016,10.2219740954172,9.34691894730829,10.001900124759,10.1086543059698,9.16414821676492,9.71022493737837,10.0288244326335
"GENE1498",6.93841032668263,6.94841405079413,6.90738680792409,7.02152542511064,7.21332504532195,7.00443237461406,6.88565133297216,6.7702853662446,6.37374741731386,6.77680382505098,5.85424719616166,6.5122116535806
"GENE1499",4.57571107120738,5.36899923474729,4.64451109468011,4.60282355996089,4.47802302603084,4.93378858587547,5.00726558384292,5.14964543198099,3.95657929776853,4.26028533421001,4.30837276184222,4.02417826350125
"GENE1500",9.80031290557523,9.52626140347537,9.79340183708826,8.36673855513809,9.45702818652454,8.8979858898917,9.17031356887518,8.35363153250876,9.01560273310362,8.51933673249795,8.98773302723349,8.21035211208441
"GENE1501",8.04891339199637,7.36209113116368,7.69252617895393,8.05437393268941,7.35527713056505,7.6937052525883,7.1852498093578,7.86940386714555,7.80180100035011,7.29734513797327,7.76899828604199,7.5994362001474
"GENE1502",6.13700302636241,5.71677457354216,6.15639054323778,6.04812836537868,6.21293819277411,5.93793102357782,5.57128002485022,5.51650434151614,5.229117083218,5.8362460895521,6.3192277818942,6.0205365393326
"GENE1503",5.04323840081973,5.19860617920382,4.51367610562448,5.02168626161896,5.41293052223172,5.29957473473025,5.15637963915766,4.69304720704209,5.14728546522591,5.06554210962677,4.96591931636746,5.27557692645215
"GENE1504",9.2823765241688,9.19457153069639,8.9436711169557,8.89961566115776,8.84906602537252,9.17702351926097,8.71866242668844,9.10026444186254,8.67803648888698,8.00809660493981,8.66111355530245,9.47357665703727
"GENE1505",6.93841032668263,7.02223872702932,7.05094819499987,7.14849405573179,7.32108739685644,6.78788389872491,7.43277716086596,6.91918126469472,7.71245078604592,7.05601019812458,7.01510205007229,6.58563992052809
"GENE1506",5.99092554302756,5.10379764560079,5.38531027680005,5.65050799972721,5.10414213213893,6.08591904380891,5.54568165838144,4.94373409540296,5.71731550811546,5.92318065606637,5.28820757240662,4.99509121545252
"GENE1507",5.75606304287901,5.36899923474729,6.29628353333185,5.90861586733418,6.23173334827019,6.64244576956415,6.80494753353666,6.15363563279657,6.03134699846857,5.8362460895521,5.13766140803494,5.33680315109659
"GENE1508",6.13700302636241,5.000948680323,5.62344470315804,5.78572635842586,5.18878254774675,6.35599911771369,5.66898870327044,5.77353483694339,5.77061962651983,5.35501792835748,5.42268344439262,5.78714750479939
"GENE1509",8.04166869846185,8.90236632914485,8.15252809582153,8.15419457892608,8.39623026599488,8.62729749123806,8.73767541859844,8.10114212089514,8.13696271433623,8.01773076975393,7.16761902211815,7.94172576266253
"GENE1510",6.62359850447336,6.41874700020975,7.04115992154481,6.22238843327479,6.70290493031399,5.60776759123199,6.19039820223215,6.91918126469472,6.45563595412749,6.35368973410198,5.94348779339476,6.2505852324348
"GENE1511",4.90791694271948,4.76326395420319,6.08077390565727,5.87892020929913,4.80680779414595,5.29957473473025,5.71527885752612,5.88566646440782,5.18887737158306,5.25417383302746,5.61978437036428,5.14335227951321
"GENE1512",7.3800807660653,7.29434413493732,6.56768850247186,7.19627987557019,6.48696601502547,6.67735871615434,7.17727952151987,6.39677805517366,7.10700003517748,6.11905177844504,7.00162442812225,7.12471477506538
"GENE1513",6.62359850447336,6.45500288176348,7.26773715472612,6.17479543641974,7.10685558068713,7.04937059322695,6.5434935299371,6.6198621607006,6.80601126813129,6.86539326232129,7.17962280118574,7.02328571205466
"GENE1514",8.42791344831311,7.88007109160692,8.30685712475866,7.82362246910882,7.41321251502623,8.08186814428658,8.6049238314173,8.76946890275961,8.74704664907975,8.43203211239753,8.17970924754586,7.92781429791797
"GENE1515",9.28544300173526,9.30404220466935,8.91996149721843,9.17063080870224,9.44323757696141,9.0812959266663,8.61377271907802,7.36759262450017,8.34641427698156,8.42842741135398,9.13614776242025,9.5736089335364
"GENE1516",9.35714751993593,9.17056814969058,9.75521579801488,8.57908564439791,9.16698702952448,8.62729749123806,8.99407705681979,8.93331460726435,8.99143160491103,9.27461555525369,9.1903038759504,8.30660917706146
"GENE1517",6.58387521906872,7.25414106172676,7.30087483643585,6.88213023972817,7.31241082270103,7.12685511455538,6.74125858856918,6.86682477724643,6.21306542610004,7.10220554527582,6.22855786129242,6.73273588197011
"GENE1518",10.4488166326792,10.4948452297324,10.7623280846921,10.004032154814,9.67834782406166,10.251905520284,10.5192171328425,10.0738919266881,9.16714851249295,9.84405224322713,10.1443415847609,10.030991570755
"GENE1519",6.66223540625398,5.000948680323,5.38531027680005,4.89863543349259,6.07371995318281,5.77193994438372,4.68909793196672,5.77353483694339,5.60387807226552,5.8362460895521,5.72531788539003,6.03830084519476
"GENE1520",7.07302595401241,6.6703216402367,6.97069274817836,6.83750161744737,7.06608267457419,6.90027570910795,7.01672189474449,7.0303836679997,6.6896291242009,6.33817828106011,6.65007844110637,6.3943435698788
"GENE1521",5.51588380404437,5.94162310744823,4.70416965898469,5.78572635842586,5.68973507758162,4.69671045320522,5.19097146363657,4.94373409540296,5.57393739993519,5.35501792835748,5.24001796341339,5.5811231366749
"GENE1522",4.22498275163827,5.05347560891206,4.64451109468011,4.76074593408714,4.47802302603084,4.58511941354377,4.22671357212381,5.10137785357304,4.3969446041571,4.49450516137223,5.02594913526056,4.7299763856432
"GENE1523",9.69587562626295,8.66714364978793,9.91429088333054,9.16765103525755,9.42931381438637,8.5391537911549,9.22521797541964,8.82163237124494,9.6734568780448,8.93957494171677,9.04110602826063,9.5942753232006
"GENE1524",6.38980265357328,5.86161000924083,7.15440743502933,6.10019610490782,6.5024373765812,6.29700098959436,5.66898870327044,5.83076037857321,6.2867720367531,5.61739078218998,6.59705860858873,6.17273695555514
"GENE1525",4.57571107120738,5.5884713191697,4.81438547614811,4.96177923278654,3.33339683403742,4.64241390252082,4.22671357212381,4.45651341489076,4.47808609970675,4.16519411956722,4.68826865985232,4.91338726221614
"GENE1526",5.22130398880226,4.36428639562465,5.56784334996378,6.10019610490782,4.68740827512561,5.72705190699482,5.49293693774556,5.51650434151614,5.9650330283611,5.35501792835748,6.10621736432438,5.36634491221722
"GENE1527",4.57571107120738,5.000948680323,5.56784334996378,4.76074593408714,5.57382857406539,4.89020448646291,4.74050856541936,4.76123395654334,4.62236681307091,4.34542727297923,5.46455409026317,5.36634491221722
"GENE1528",7.79680276602458,7.77768020872578,8.51820700517918,7.53009692836381,7.65177809761768,8.27123151101368,8.1081778345308,8.5520026327543,7.63812652118573,7.38948466433328,8.2719636553469,7.0320191304141
"GENE1529",5.10552670264911,5.10379764560079,5.41757085400705,4.51374221809768,5.44673993994446,4.52437607466252,4.74050856541936,4.88610457922949,5.26809996594856,5.18214848822356,5.61978437036428,4.87026432960211
"GENE1530",6.34277418117912,7.60497074257856,6.04135415319609,6.31295454149413,6.5773431338527,6.58226970777879,6.79452929633882,6.94465419971232,6.6760872469506,6.1902252108994,6.29710676447597,6.26564559382991
"GENE1531",6.84103087243765,7.20224381657285,7.51356622993962,7.25384937864295,7.83830274879914,7.71609419834281,7.034499186383,7.19838294328222,7.20411311999314,7.49690245175929,7.08064278689796,6.70012268230767
"GENE1532",5.27537882872743,4.82751824920096,4.96169205740668,4.60282355996089,4.74874735738108,4.13959078537929,4.38398277762959,4.25785257813314,3.95657929776853,4.16519411956722,4.83567457393778,4.12858003749756
"GENE1533",6.43530421096138,5.51933612698998,6.62149828534741,5.87892020929913,6.30447610910422,6.56992046520231,6.28362171103306,6.28049863983408,5.63315652429458,6.08204388695807,6.22855786129242,5.69947582828021
"GENE1534",5.64139193388158,5.55435776560309,5.50979240942014,5.81750875605802,6.19388547785541,6.13755793665981,6.37100382298544,6.1086334931305,5.30591088547647,5.32228647894835,5.97198377258729,5.94708768278971
"GENE1535",7.72620333836583,7.41771315655409,7.66102524992633,7.67175700984915,7.93171017225445,7.4415009670404,7.49171902385612,8.5102208719426,7.73207070128678,7.00826834826756,7.72882589041725,8.0989432566491
"GENE1536",4.57571107120738,4.45815638711915,5.00690280338359,4.83180993558511,4.55277978931402,5.13035330148718,4.83658026738577,4.99864172506497,4.55284654316695,4.79100537130028,4.606173645641,5.21122135721986
"GENE1537",7.68955812547904,6.98580456356309,7.28440193604588,6.77572788592976,7.58139748622816,8.03370350301946,6.80494753353666,7.94669585803698,7.75782050479916,7.26526490118147,7.2150407274333,6.80603625444964
"GENE1538",5.42499698288565,4.25922592582695,4.51367610562448,5.23533893934653,5.05950945094439,4.84489329067828,4.68909793196672,4.25785257813314,5.34262576431803,4.34542727297923,4.51688249385809,5.10795797700064
"GENE1539",9.49862094516589,10.0939191340462,9.74475982733088,10.447671320718,10.5288403260127,9.60878279681604,9.95530060523955,10.389307088682,10.2168240321152,9.71102220991472,9.37829390483913,10.0934999549142
"GENE1540",7.75308637751626,7.9061867031558,7.07032548082207,7.60267437898856,7.56689742968159,7.29281044006494,7.99524133374293,6.53818841618034,7.71902058521481,7.71416743171216,7.59215646892502,6.99675971897228
"GENE1541",4.75447897304764,4.82751824920096,4.36234597151196,5.23533893934653,5.01315373799188,3.33339683403742,4.78958910954703,4.1373247401923,4.55284654316695,4.73801220112087,5.58265951897939,4.50856753718945
"GENE1542",4.3577216136768,4.88828303784405,5.2104797339222,4.83180993558511,4.68740827512561,5.20082860798237,4.92507133570572,5.58557777829278,5.05959906130947,4.16519411956722,4.51688249385809,4.44457474590749
"GENE1543",8.02706892224217,8.99640880100062,8.5563114219004,8.78371532605251,8.93042162542306,9.12787229987686,7.83275827386569,9.28744320677197,8.27696493361395,8.54951455873432,8.60016441984568,9.12764981539082
"GENE1544",4.97752596119384,6.34329617584645,5.53913863910085,5.18531255928563,5.71720204413545,5.44878424431868,6.17423474173109,4.69304720704209,5.71731550811546,5.85850633439521,4.51688249385809,5.33680315109659
"GENE1545",5.55906080693802,5.15211675089249,4.96169205740668,5.23533893934653,5.18878254774675,5.36135958543197,5.1207860294374,6.08557110950421,5.98749561946715,5.10566377367428,6.20493726932166,5.30655988068131
"GENE1546",8.19971020256622,7.73458944407574,7.85719934661089,7.25384937864295,7.86222979833981,7.85368844445047,8.0528175994401,8.04953531039077,8.29024442954773,8.46407476260549,7.44108470664426,8.0484229427357
"GENE1547",9.82159045615608,9.98957463442038,10.1911649151872,10.0305105968373,10.4072852793376,9.24005593871471,9.70794930839303,9.52405174449696,9.50349614737466,10.1065965329659,10.0035895542223,9.26289864180698
"GENE1548",5.60086656600879,5.77658684905942,5.87127352691975,6.35612556523743,6.09448647119194,6.08591904380891,6.15788077277609,5.98925762661564,5.44684439577657,5.53565047103937,6.3192277818942,6.03830084519476
"GENE1549",6.47937734615328,5.86161000924083,6.67333348395195,6.57238971406068,7.11686935998565,6.55746215233833,6.87581048179998,7.08860839414503,6.72949450713945,6.48607063042107,6.46499790961624,6.79579382765499
"GENE1551",4.75447897304764,4.69499358436409,5.62344470315804,5.61445084273423,5.01315373799188,5.09353462373327,4.8816839009191,4.25785257813314,4.74882339490588,4.79100537130028,5.33462522028504,4.91338726221614
"GENE1552",7.68024880944429,7.23360765938407,7.71723860272064,7.19627987557019,8.33775696618291,7.57006727565813,7.85783557417424,7.51043093466347,7.05584843127826,8.43203211239753,7.31631651630361,6.98780684525357
"GENE1553",9.97189056801403,9.03532953226599,9.87373938470471,9.21171366139465,9.92081173342117,10.731920456539,9.84945533725188,9.89401555828747,9.02091949830051,9.94708397828085,9.59451666185393,9.44947251317982
"GENE1554",3.85356290445134,4.88828303784405,3.33339683403742,4.0273271381528,4.55277978931402,4.31465226204918,4.38398277762959,4.76123395654334,5.14728546522591,4.26028533421001,3.82779185636717,4.91338726221614
"GENE1555",7.14266302429513,7.47125620284685,7.90635913416766,7.03474306184426,7.6099652493555,6.98605269729726,7.51715711983456,7.27049694146321,6.6760872469506,7.69024924347664,7.30541126893425,8.16760702836554
"GENE1556",7.96714110947152,7.64432362875429,7.68000862345063,7.29829249528992,7.2039672767039,7.98387006678692,6.86590103315863,7.39548208241863,6.6896291242009,6.35368973410198,8.18565165553568,7.56985091459914
"GENE1557",5.55906080693802,5.15211675089249,5.13308268451435,5.02168626161896,5.77050451575007,4.84489329067828,5.43797005921605,5.40552449164539,4.96499831346795,5.14450255679525,4.68826865985232,5.39522024645591
"GENE1558",10.3483142734102,10.541331793108,9.74775499029637,10.1164484836173,9.54451224042228,9.75485525642947,9.90695089467211,9.69965696921954,10.0935988312589,10.0666045871125,10.0153025217224,9.59720363717592
"GENE1559",10.1472871082963,9.37577570550198,10.3184888473544,10.4816518137493,10.3118707700725,9.45123376419875,9.96224216825328,10.198746504104,10.2016918814631,9.93062724848401,9.02132199598301,9.28849006332658
"GENE1560",5.92785141446124,6.17894622278844,6.22809448830563,6.39800474246707,5.5118269454012,5.2675149887357,5.1207860294374,5.24084983880704,5.14728546522591,4.93638930206227,5.50511782417126,5.69947582828021
"GENE1561",8.61513340375481,8.76303366857887,9.14569694448543,9.639202801195,9.09824278540628,9.05961697543092,9.6815524790344,9.84278791903916,9.23505302924728,9.79873470027789,8.99451372302577,9.16957297424576
"GENE1562",9.81099091681617,9.18395266441205,8.84360083662354,9.70438479704584,9.97521242415984,9.35129255463167,9.7553454064944,10.0609354844035,9.47472994418025,9.67651441659788,9.85320783650373,9.61320393907043
"GENE1563",8.19971020256622,9.11295556065049,8.79807823720122,8.29750040264102,8.37976447725841,8.82532493548493,8.11650885264748,8.53959485219454,8.69476974393495,7.86062199708379,9.01799809894867,8.72078611999694
"GENE1564",6.62359850447336,7.05776479780487,7.17243848771342,7.24251942933045,6.40694687715487,6.61868209397374,7.06940235042649,7.15548023403262,5.63315652429458,6.32249286255659,7.50914474309386,6.46104234936283
"GENE1565",6.8070296362539,7.02223872702932,6.75971340750608,6.43866916628439,7.2501553597984,6.54489278140739,6.76280758287289,6.60390115791057,7.56704779325245,7.26526490118147,8.13126542503503,8.07390484836226
"GENE1566",4.4729759908335,4.94597899121255,4.36234597151196,4.41564925474099,4.68740827512561,4.45960574336212,4.30898946352127,4.1373247401923,4.62236681307091,4.05619041015447,4.30837276184222,4.67889886967609
"GENE1567",6.16445238022268,5.80552563371466,5.35221823605166,6.12551183168539,5.66169183274517,5.87803565145312,6.55592571405555,5.65121746472458,6.23186103826402,5.81361419205601,6.25178417146971,5.14335227951321
"GENE1568",5.51588380404437,4.82751824920096,4.06851441067084,5.23533893934653,5.37821085544912,5.42029639220579,5.40958719984467,4.62017751094195,5.34262576431803,5.35501792835748,5.13766140803494,4.44457474590749
"GENE1569",8.76330474330963,8.59280075596895,8.90124722608853,9.19424986297514,9.00474920215215,8.72420749301253,8.29590791122576,9.0102434022845,8.14673200511876,8.52272121352232,8.77971489444769,8.7045777048201
"GENE1570",4.4729759908335,5.2434159155023,4.96169205740668,5.23533893934653,5.37821085544912,4.93378858587547,4.83658026738577,5.32585270951707,3.95657929776853,4.49450516137223,4.83567457393778,4.9549542106143
"GENE1571",9.03518747958861,8.43151070941383,9.19262019471608,9.04310936981431,8.84607379992342,8.7515127837923,8.57502874823902,8.96767008271145,8.80058842928951,9.30636657449281,9.34685036062655,8.77094215472764
"GENE1572",4.83382022495936,5.55435776560309,5.38531027680005,6.02133764409921,5.44673993994446,5.05556156577568,5.88599012722789,4.69304720704209,5.229117083218,5.64355255347913,5.75872401516255,5.24381262475191
"GENE1573",5.37704373556169,4.69499358436409,4.17928166882704,4.51374221809768,5.2290206892662,4.79768253464048,4.8816839009191,3.99257800367954,4.47808609970675,5.64355255347913,4.96591931636746,4.44457474590749
"GENE1574",8.17344197275422,9.02346545177629,9.19701044881314,8.14208918671168,8.93887205140817,8.3084972681669,8.37786556583984,8.39095384746425,8.18041152727067,8.67951571194407,8.07474263148068,8.8516592740129
"GENE1575",6.41273790426979,6.24287056861407,6.66055173926015,6.26840677259888,6.86662706500915,6.41261052535818,6.19039820223215,6.17560013127502,6.11507016701363,5.56346401585058,5.97198377258729,5.50466855113633
"GENE1576",6.45751355912046,6.15696716394997,6.24545713501497,6.41848425819186,5.74411748646959,5.29957473473025,6.0376476877739,5.77353483694339,6.05275918502935,4.88996318035601,6.27462957656742,5.60565275807301
"GENE1577",6.78971868734855,6.01721052143199,6.58133448834426,5.61445084273423,6.47132260101465,6.63061388309502,6.56824923541444,5.51650434151614,6.6896291242009,5.59070241013539,6.65007844110637,6.10715272586554
"GENE1578",7.04419083872118,8.26000707609995,7.83479896493169,8.31377649834305,8.40439309470697,7.8836535001867,7.10347188635397,7.57684493544787,7.39704565866032,7.46903569313679,7.30541126893425,7.75470836312542
"GENE1579",5.27537882872743,5.000948680323,4.96169205740668,5.57738529836157,5.34252507624925,5.87803565145312,5.32047101053023,4.69304720704209,5.10423357161015,4.56106826899732,5.54446056462054,5.24381262475191
"GENE1580",6.08041492233309,5.99247478376178,5.67680935887743,5.68561402859022,6.47132260101465,6.20354503286153,5.69233409867065,5.77353483694339,6.25040618619454,6.11905177844504,6.10621736432438,5.62973620989044
"GENE1581",5.7189199947252,6.26354233018096,6.10006926566075,7.12398795478284,6.32208432471725,6.45361825142616,6.75207402889619,6.06211689030952,5.79650064335651,6.13719080183395,6.22855786129242,6.91408237348813
"GENE1582",4.75447897304764,4.69499358436409,4.51367610562448,4.68473034113011,4.68740827512561,4.84489329067828,4.22671357212381,4.99864172506497,4.91468052254992,5.02403580464725,4.30837276184222,4.67889886967609
"GENE1583",6.24368654132521,5.77658684905942,6.51174410997243,6.04812836537868,6.03122441902519,6.01391646633047,5.80332831126727,6.01397554615519,5.71731550811546,5.94407464442714,6.08039663785972,6.0025396791975
"GENE1584",8.55539002807668,8.00010105541219,8.26143163052042,7.99502340049506,8.0664998154519,8.0904547052026,7.9632567924216,8.61643093698483,7.47682614688346,7.80604555711989,7.15551352488868,7.70660657665555
"GENE1585",4.75447897304764,4.82751824920096,4.91466241217766,5.02168626161896,4.6222967045272,5.53068369428789,4.83658026738577,5.44358190719965,4.09375320931323,4.8415720392666,3.82779185636717,4.12858003749756
"GENE1586",7.33326752873485,7.61292812048074,8.09717475725487,7.43388354434105,7.14649605374249,7.87373439711608,7.92105994117513,7.70110651088743,7.47682614688346,6.77680382505098,8.12509365234222,6.71107740034224
"GENE1587",8.73216902473188,8.79479358387436,8.33503543636413,8.12373799143236,8.96393010062528,9.01975390965314,8.0528175994401,8.44961244560458,9.18383443198882,8.30803761361865,8.84870385446754,8.87598363802177
"GENE1588",9.6490331435772,10.1631195375223,9.78613645859429,9.9990128755148,9.58095375986604,10.2112021909855,9.5993331959386,10.0079135829883,9.65989196796828,9.36784518878506,9.95228506252553,10.1404228767729
"GENE1589",7.92049724274135,8.69733361059373,7.69874427044337,8.5007092112426,8.1020828229811,8.27876223076852,8.01765962409346,7.94041121847584,8.55878563143218,7.94889564512211,8.8449565509723,8.96257482067965
"GENE1590",7.60351762293909,7.13737229451437,7.12692672371331,7.59380046336217,7.42934403119844,6.84007574915756,6.86590103315863,6.85342874234344,7.25030183560505,6.98871467013601,6.50400981704698,7.0579029360233
"GENE1591",5.10552670264911,5.05347560891206,4.8656317369195,5.23533893934653,5.63304574559507,4.74836901933285,5.38056528187997,5.24084983880704,4.62236681307091,4.56106826899732,4.76445481120257,4.6252228177491
"GENE1592",6.82413201714267,6.36254330424983,5.82521995424604,6.60837548169445,6.47132260101465,5.95732614876197,6.01958288741158,5.68286062317584,6.50257115714982,5.61739078218998,5.65589826360468,6.23536026444404
"GENE1593",9.57076912926184,9.54505171882863,9.22737353354135,9.48018811325268,9.39492847843669,8.51704458392453,9.06244559038478,8.97996272481394,9.95746975828328,9.06089163571173,9.48564991040525,8.9373703940107
"GENE1594",4.83382022495936,4.36428639562465,5.13308268451435,4.51374221809768,4.91459706087536,5.29957473473025,4.83658026738577,4.45651341489076,4.68748146497161,4.56106826899732,4.83567457393778,5.76575950252519
"GENE1595",8.47167120766915,8.63240626749591,8.54601886255652,8.01508025249495,8.81274267822537,7.52001538152261,7.29240500776916,7.64806058478619,7.95429780457676,8.07882750882748,8.00250028370385,7.66804734224038
"GENE1596",7.08722784145793,6.91001492867377,7.0113853210515,7.06081633429732,6.96984396208988,7.27780953224929,7.39209109432658,6.89324395568518,6.64860831169786,6.47196308846199,6.48463910885948,7.14898441298898
"GENE1597",5.16477571414311,5.10379764560079,5.2104797339222,5.02168626161896,4.6222967045272,5.33084216030771,4.78958910954703,5.19608618402031,4.68748146497161,4.8415720392666,5.18989720613499,4.87026432960211
"GENE1598",5.37704373556169,6.06538593363143,5.67680935887743,5.32977315665522,5.68973507758162,5.83658902810604,5.49293693774556,5.48055331725275,4.91468052254992,5.4484781145317,5.88464834901593,6.18865938633173
"GENE1599",4.97752596119384,5.83385791113941,4.96169205740668,5.53924841248507,5.57382857406539,4.74836901933285,5.51957478753055,4.99864172506497,5.37831285249691,5.94407464442714,4.30837276184222,5.0339082578499
"GENE1600",7.16959390003032,5.65416792709915,6.15639054323778,6.37722164527099,6.47132260101465,5.50395080240343,6.20637570058624,6.19722237288945,6.09461072066725,6.04401625508699,5.94348779339476,6.66674049373105
"GENE1601",5.75606304287901,5.05347560891206,4.51367610562448,5.18531255928563,5.63304574559507,4.69671045320522,5.57128002485022,4.82541118637765,5.05959906130947,5.25417383302746,4.90264323278714,5.27557692645215
"GENE1602",6.64304895209261,6.5248243545699,6.4974038013245,6.91112284203522,6.00947428197951,6.56992046520231,6.5434935299371,7.01844790449836,6.93640521300598,6.33817828106011,6.8442841935716,6.38061463797307
"GENE1603",8.83623239675465,8.61273959634672,8.72393921601418,8.28103820114542,8.97218691215344,8.25223053930512,8.71318374753026,8.74085661613253,8.46043097925202,8.61439569968426,8.85244144054244,7.74944258649898
"GENE1604",7.18287131076948,7.55627684556821,7.31716025934176,7.14849405573179,7.83830274879914,6.341481330542,7.1612043026458,7.2297353371264,7.45335487270789,7.15573598728026,6.22855786129242,7.30103224270847
"GENE1605",9.50915145843797,8.98421866922657,9.67724177968994,8.37710115961247,9.44916399384323,8.79415287945016,8.61964192803008,9.01323677896932,8.7598248442008,8.41026731819226,8.77578360315275,9.04854410617986
"GENE1606",5.10552670264911,5.19860617920382,4.64451109468011,5.18531255928563,5.98737422955495,4.79768253464048,4.68909793196672,4.36276907375499,4.86206514454115,5.10566377367428,5.18989720613499,5.10795797700064
"GENE1607",6.56358632495771,5.88880650063069,5.72812218279442,6.26840677259888,6.23173334827019,6.12055832453363,6.15788077277609,6.58775767456175,5.77061962651983,5.9849289832386,5.18989720613499,6.29528692106071
"GENE1608",6.02140674109204,5.96728492689918,5.72812218279442,6.15037272062609,5.84670458080484,6.03227317169203,6.01958288741158,5.48055331725275,6.00959627469958,5.9849289832386,6.42487224659314,5.72193608848263
"GENE1609",4.90791694271948,5.36899923474729,5.31824579141467,5.02168626161896,4.74874735738108,4.64241390252082,4.30898946352127,4.99864172506497,4.30778738367409,5.18214848822356,4.30837276184222,4.9549542106143
"GENE1610",7.48013108910424,7.21277507598687,8.30685712475866,7.40371330429721,7.97623245284267,7.04049555490556,7.26259970244681,7.46730388957719,6.98100630599043,6.76533101410786,7.57412011268683,7.46443575148366
"GENE1611",6.21777374952482,5.44634641097134,6.10006926566075,6.41848425819186,5.94207570761707,6.2195631912168,6.35681404605831,6.39677805517366,5.94219584084286,6.32249286255659,6.15645597035825,5.65339062366611
"GENE1612",6.08041492233309,5.74701329525877,5.82521995424604,5.57738529836157,5.71720204413545,6.18734008926068,5.57128002485022,6.17560013127502,5.87129915523179,5.66920959612141,5.08309620659538,5.24381262475191
"GENE1613",7.16959390003032,7.43578403749229,8.05905290982191,7.48279725904251,8.31195134176714,7.69933530025632,6.70830798260403,7.14455016637805,7.3638464515757,7.15573598728026,7.59215646892502,7.20405965617489
"GENE1614",6.93841032668263,6.98580456356309,6.04135415319609,7.51136387610199,7.16591114265161,6.46702567968607,6.77346050183009,6.68196249920306,6.78096154857469,6.89724012204419,6.40437097453878,5.92809301798095
"GENE1615",6.69984486076188,6.84361872658642,8.10186974137195,7.42389722234322,6.92489150364368,7.78653790537286,7.66667368561947,7.92775892517409,7.85046931517638,7.22412551488286,7.53735251237758,7.12471477506538
"GENE1616",4.065144768198,3.99357332622189,5.0924714955971,4.51374221809768,4.39688560685022,5.20082860798237,4.57805571918833,4.88610457922949,4.80688647693289,5.02403580464725,5.13766140803494,4.12858003749756
"GENE1617",6.02140674109204,5.32850403016816,5.56784334996378,5.61445084273423,4.47802302603084,6.28185374108108,5.40958719984467,5.77353483694339,5.98749561946715,4.42298469859371,5.08309620659538,5.42346148460052
"GENE1618",4.75447897304764,4.62203258403176,3.76085820161654,4.89863543349259,5.01315373799188,4.64241390252082,4.92507133570572,3.99257800367954,4.3969446041571,4.8415720392666,4.96591931636746,4.21973032357518
"GENE1619",5.16477571414311,5.77658684905942,6.04135415319609,5.49997071347815,5.47968994220484,5.29957473473025,5.04631054532115,5.65121746472458,5.44684439577657,5.06554210962677,5.02594913526056,5.60565275807301
"GENE1620",4.065144768198,5.32850403016816,5.13308268451435,4.89863543349259,5.63304574559507,5.42029639220579,4.0296868369848,5.24084983880704,4.96499831346795,4.26028533421001,4.96591931636746,4.67889886967609
"GENE1621",6.38980265357328,5.86161000924083,6.43853414085476,5.93767861405064,6.62044854148035,6.03227317169203,6.79452929633882,6.03825668873266,6.30460552420067,5.81361419205601,6.7342536458367,6.46104234936283
"GENE1622",9.79601946754838,9.88857721558884,10.4438145381613,10.2660064195931,10.0641316208331,10.3560357172455,9.40412254389288,9.83604337158897,9.87034358002583,9.67651441659788,9.63412654490299,9.91843658491207
"GENE1623",6.69984486076188,7.01019721037805,6.85239092422854,6.37722164527099,6.74239902862789,6.55746215233833,6.82555739321178,6.19722237288945,6.3222141474068,6.85461709111352,6.13156456906103,6.03830084519476
"GENE1624",4.66889628332048,4.76326395420319,4.44108581236596,4.30574182321017,4.20806849983989,4.64241390252082,4.68909793196672,4.36276907375499,4.30778738367409,3.92558082013892,4.90264323278714,4.6252228177491
"GENE1625",6.69984486076188,6.17894622278844,6.93939170264276,6.99471665039223,6.47132260101465,6.31198565065982,6.20637570058624,6.50414640483489,5.91897068972772,6.08204388695807,6.08039663785972,6.03830084519476
"GENE1626",5.22130398880226,4.76326395420319,5.72812218279442,4.83180993558511,5.87118104645258,4.97579350093252,5.76002336159876,6.03825668873266,5.51193366996622,5.28868936701358,5.91438525786674,5.72193608848263
"GENE1627",8.38278444285202,8.1873744393088,7.9170589287111,7.45364979893962,7.94297064720989,8.47178134174194,8.18939402273735,7.40465918057615,8.4407216868789,7.44777423780704,7.86847504361369,8.42349299165651
"GENE1628",4.22498275163827,5.10379764560079,4.64451109468011,5.13317711387027,4.39688560685022,5.13035330148718,4.57805571918833,4.25785257813314,4.62236681307091,4.8415720392666,4.51688249385809,4.30140717159859
"GENE1629",9.83420793119328,9.88530421126982,9.79918790402253,10.0305105968373,9.42330508543605,9.50033152275089,9.68714999682201,9.58163743135172,9.78075099754468,9.93951188875901,9.00462533743514,9.78483727115558
"GENE1630",9.42823187523611,9.84712094626064,9.66620273863302,9.48976269131753,10.1647893631445,9.88132055209632,10.0732719070113,10.2299503887055,9.2073413916539,8.96715433795109,9.47356953309573,10.0945364186352
"GENE1631",8.88152763999325,8.29499379198256,8.92261524015843,9.30415744125647,7.98715092431871,9.4038501931234,9.5121417559566,9.53450498979559,9.41339693707833,9.16847414490527,9.3362149471531,9.52830067407049
"GENE1632",6.90668565465062,7.17017623760986,6.34532417802652,6.98112071047692,7.31241082270103,7.27024967768269,6.99872007176384,7.50190868636444,6.2867720367531,6.78818458906525,7.34854242241547,6.59751471288581
"GENE1633",8.94108587125395,8.02414256478768,8.84919137974627,9.05283245128269,8.81580483398717,8.34482276289476,7.94932831672644,8.32016162451766,9.18620244912285,8.62702853801218,8.82986914259696,8.74476196235302
"GENE1634",7.61333637401274,7.63653890049613,7.25933138956336,7.69682929508737,7.73839938879241,7.65945332269676,7.13674709153358,7.58493458184002,7.94872212096383,7.77795979114874,7.90497382408815,7.0579029360233
"GENE1635",8.17344197275422,8.35306127524439,8.14799578087536,8.8521417939195,8.19915275974709,8.85079633914451,8.4974588315719,8.835229565856,7.75782050479916,8.33139078298418,7.80807776868295,8.76574402592854
"GENE1636",4.97752596119384,5.71677457354216,5.0924714955971,4.83180993558511,5.14719229056659,4.31465226204918,5.32047101053023,4.94373409540296,4.62236681307091,4.73801220112087,5.37940981639276,4.67889886967609
"GENE1637",7.35686545778226,6.97344981454782,7.6353171615808,7.57588626898689,7.1755206211175,7.82308531257036,7.0433053899565,7.79470546244497,7.42949279907894,7.57739368170751,7.49961748425929,7.31538442747027
"GENE1638",7.46935314688242,7.15932508488617,7.0213794477982,6.80695076077186,6.8546820762888,7.64785197197456,7.62050175727636,6.48681165274399,7.42144964663241,6.42877039289478,7.04168090465883,6.5736643613249
"GENE1639",7.91257400044076,7.48866842710415,8.0049291316181,7.78518829341729,7.21332504532195,8.76497383641783,6.77346050183009,7.88911993470479,8.61261660376376,7.6659258667019,8.04889051702007,7.42529898295559
"GENE1640",7.15619193210094,6.97344981454782,7.61572933564183,6.82230835009718,6.5773431338527,7.74903646080683,7.35728031877629,7.14455016637805,6.84277606691808,6.89724012204419,7.33788085971478,7.14898441298898
"GENE1641",7.07302595401241,6.73047230184167,7.1361458456595,7.23109899282477,6.68949163604924,6.93903829477569,7.02563825221521,6.35908197462979,6.94768715355463,7.30525405378298,6.25178417146971,6.20440131244626
"GENE1642",8.5141387266335,9.64713950668819,8.66809390355231,9.11911758337953,9.22801317271195,9.07049719969999,8.41884336155428,8.48023541722854,7.71902058521481,8.60165111600702,8.74796013024569,8.42679115736952
"GENE1643",4.97752596119384,4.94597899121255,5.59593619666751,5.49997071347815,4.91459706087536,5.50395080240343,5.28932474144339,4.25785257813314,5.44684439577657,5.56346401585058,4.30837276184222,5.27557692645215
"GENE1644",8.5451874148304,9.28180734255638,8.96699706213076,8.96630363199651,9.31063300784869,8.64196423815314,9.87665369368439,8.9552717126002,8.64397548892934,8.78472886015499,7.92643641008733,9.02263384588951
"GENE1645",4.83382022495936,5.62172626825794,4.58121647782981,5.28343957432089,5.74411748646959,5.33084216030771,4.74050856541936,4.25785257813314,5.60387807226552,4.88996318035601,5.54446056462054,4.67889886967609
"GENE1646",5.64139193388158,5.68583791717479,5.41757085400705,6.07440786992565,6.2502780500481,4.79768253464048,5.71527885752612,5.51650434151614,5.8468219741038,5.47818778485135,5.75872401516255,5.27557692645215
"GENE1647",8.99078451792392,9.13517551728012,8.90124722608853,9.27122317180321,9.04183164634664,8.78889135233319,8.47820356486402,8.41832421177876,8.68139872124946,9.08168438274563,8.84119947934719,8.97388729743288
"GENE1648",4.83382022495936,5.83385791113941,5.38531027680005,4.76074593408714,4.47802302603084,4.84489329067828,5.78184960161745,5.14964543198099,5.01324141627604,5.02403580464725,5.08309620659538,4.87026432960211
"GENE1649",5.04323840081973,5.68583791717479,4.70416965898469,5.37447816482985,5.18878254774675,5.39116578501052,4.96688950493872,5.14964543198099,4.74882339490588,4.42298469859371,5.08309620659538,4.50856753718945
"GENE1650",6.47937734615328,6.04150895137728,5.17238817225744,5.49997071347815,6.13510604437463,6.25105661427605,5.69233409867065,6.01397554615519,5.8468219741038,6.02460136057154,5.42268344439262,5.67663210729273
"GENE1651",10.4972197103235,9.57583489230613,9.24656035085648,10.1333437395638,9.88628510386731,10.1220024098435,9.10907053633713,10.1050817637332,9.68187061238135,9.38281385427279,10.5993048121633,9.47516936500146
"GENE1652",9.42823187523611,9.22855248488792,8.72393921601418,9.14055226862468,9.56466892811259,9.46449080470235,7.88736195349137,9.46407066090139,9.28672291517757,8.69459614613532,9.82305949199251,9.76022792925523
"GENE1653",5.16477571414311,5.51933612698998,5.2104797339222,5.84856185472356,5.47968994220484,5.13035330148718,5.28932474144339,6.26014173986711,5.51193366996622,5.61739078218998,5.88464834901593,5.24381262475191
"GENE1654",6.68116507263921,6.82995896121927,6.80680839617248,6.29085839056383,5.98737422955495,5.81538091704007,6.4127307263555,6.46926061636698,6.00959627469958,6.04401625508699,6.40437097453878,6.99675971897228
"GENE1655",5.32722718529249,4.88828303784405,5.13308268451435,5.57738529836157,5.63304574559507,5.95732614876197,5.1207860294374,4.69304720704209,5.41303377401106,5.25417383302746,5.24001796341339,4.50856753718945
"GENE1656",9.13376657573388,8.32915042844939,8.50054791181778,8.32987065736375,8.41655123679393,8.66512485744332,8.1081778345308,8.14003888515092,8.37992189981185,9.06553823136623,8.27753787241477,7.67361961198276
"GENE1657",9.30672766879664,8.97500794204479,8.16155012643933,8.52420703253962,9.04965528813808,9.27245381737166,8.59005382906975,9.02514851502114,8.82206965569536,8.33139078298418,8.88199825891801,8.8418134109089
"GENE1658",6.13700302636241,5.28667684964983,5.56784334996378,6.35612556523743,6.2685791050512,5.79383509563228,5.19097146363657,6.23948307151004,6.21306542610004,5.94407464442714,5.88464834901593,5.8892918708274
"GENE1659",7.57365168691517,7.63653890049613,7.9170589287111,7.6289715522373,7.01342082508696,6.68880748404127,6.65162667978432,6.6198621607006,6.60636167878499,7.04658886077008,6.50400981704698,7.14094027750562
"GENE1660",6.38980265357328,5.96728492689918,6.02121292990129,5.37447816482985,6.32208432471725,4.69671045320522,5.2246232706067,5.74398528177613,5.47979555464943,5.4484781145317,5.50511782417126,5.74402639133863
"GENE1661",4.22498275163827,5.32850403016816,5.2104797339222,4.60282355996089,3.95654372834274,5.13035330148718,4.68909793196672,5.28406706308717,4.74882339490588,4.16519411956722,4.02923871711884,5.24381262475191
"GENE1662",5.10552670264911,5.86161000924083,5.67680935887743,4.96177923278654,6.13510604437463,4.97579350093252,4.45318019043714,4.69304720704209,5.05959906130947,5.02403580464725,5.08309620659538,5.45109849932398
"GENE1663",4.75447897304764,4.25922592582695,4.17928166882704,4.51374221809768,5.60376825248473,4.89020448646291,4.45318019043714,4.45651341489076,4.3969446041571,4.8415720392666,4.41855260472085,4.37586395102297
"GENE1664",10.0442658969729,10.0910808563427,9.34874027394065,9.72276967149934,9.59527639063562,8.8979858898917,9.15423476973097,9.59767680969042,9.16954407056059,10.1769750559708,9.16348007645961,9.58250224480241
"GENE1665",9.17072204169694,9.20511276261622,9.64064878085656,8.83345800605484,9.40105636347375,9.01074374062327,9.29836701534126,9.16090336024228,9.26672418691274,9.5595318491126,9.08623954046529,9.63616473552925
"GENE1666",7.60351762293909,7.31402982278201,6.89655648839818,7.49238284677187,7.30368132394364,7.08432859437394,7.01672189474449,6.78448523457555,7.8263411832194,7.64740901382693,6.65007844110637,7.3225069044087
"GENE1667",9.95658464993175,9.12410834460998,10.5114551242217,9.78046435898983,9.18840501701199,8.54228473050352,9.4277215431526,9.9481846462978,9.54836091304715,8.92686226713179,9.6873957070021,8.8194111773422
"GENE1668",7.8804369891477,8.23962615681411,8.8210192596701,7.94710675257526,8.29448700452876,8.66225005734622,8.80360177979704,7.84941358810347,8.82814879828987,7.76084094618587,8.03578812562887,7.67361961198276
"GENE1669",8.0916317079161,7.25414106172676,7.47782804113193,7.29829249528992,7.45320581818558,7.27024967768269,7.80723558162459,7.44968308925835,7.32985921378851,6.9985250510278,7.40069103688959,7.60528075208291
"GENE1670",6.69984486076188,6.78817306623819,6.59484977164761,6.29085839056383,7.05570474146826,6.42641329421864,6.37100382298544,6.13131743558802,6.35677965584575,6.5138682890096,6.27462957656742,5.42346148460052
"GENE1671",9.99642140247603,9.91289083767432,9.87373938470471,9.4313378319813,10.6901417800036,10.0501867022299,9.2309784742881,9.54281337316568,10.1049051435453,9.0350641542568,9.63846123501585,9.67132482321216
"GENE1672",6.05122677290855,5.5884713191697,5.17238817225744,5.90861586733418,5.74411748646959,5.65676954152493,5.57128002485022,5.65121746472458,5.66180353729039,4.73801220112087,5.42268344439262,5.65339062366611
"GENE1673",7.95947145029794,7.70512686866037,7.54152899995498,7.53937248334071,7.71886861069716,7.04049555490556,7.0433053899565,6.91918126469472,7.06622652142257,7.18176712713889,6.76657129043893,6.88542032386581
"GENE1674",5.55906080693802,5.10379764560079,4.2758805597652,4.51374221809768,4.47802302603084,5.50395080240343,4.6350661880597,4.94373409540296,5.01324141627604,5.14450255679525,4.18163946874168,4.50856753718945
"GENE1675",9.2823765241688,10.0551229711998,10.2313049411614,8.88154105041,10.1393597863836,9.49388093297124,10.18528945371,9.66392155434296,9.79012053498292,9.81399930217733,9.52832008646899,10.3079527778521
"GENE1676",8.62485414215021,9.81307606369191,8.56313250086569,8.83721418991261,9.17177415329337,9.05304920735181,8.76705521676706,9.14461678644986,9.45326395608254,8.60803749959862,9.16948419574269,9.19492748332767
"GENE1677",5.42499698288565,5.74701329525877,5.50979240942014,5.32977315665522,4.55277978931402,4.69671045320522,5.32047101053023,5.28406706308717,5.54330126297226,4.73801220112087,5.13766140803494,4.91338726221614
"GENE1678",6.13700302636241,5.99247478376178,6.04135415319609,6.02133764409921,6.00947428197951,5.97645027083461,5.98272480996944,6.32034259917405,5.30591088547647,5.76718106798891,6.34100407783317,6.20440131244626
"GENE1679",4.57571107120738,4.36428639562465,4.70416965898469,4.41564925474099,4.47802302603084,4.58511941354377,4.74050856541936,4.69304720704209,4.68748146497161,4.05619041015447,4.30837276184222,4.30140717159859
"GENE1680",8.77644541463826,9.53673067793624,8.27396322445858,9.28228505311829,9.49571844908045,8.61247990838185,8.92940797738842,8.18855215893196,8.62663821320282,9.18778179218536,8.96374622540899,8.29582547342387
"GENE1681",4.3577216136768,4.62203258403176,4.64451109468011,3.82642089610471,4.8619839938629,5.05556156577568,4.92507133570572,4.25785257813314,4.86206514454115,4.05619041015447,4.51688249385809,4.02417826350125
"GENE1682",9.63227210776105,10.5444474394346,10.4054514343761,10.1710216529937,10.1393597863836,10.1693168831163,10.3147655616237,9.86945508421776,9.69689273991659,9.08854918752779,9.64278293607558,10.0768144421859
"GENE1683",5.75606304287901,6.50769108912158,5.95895410833228,5.18531255928563,5.79638474795275,5.91825669772306,5.15637963915766,5.48055331725275,5.82189509075368,5.79059724343991,6.25178417146971,5.39522024645591
"GENE1684",8.62485414215021,8.94701729167127,9.27383153839347,9.24884151960606,8.55496584562318,9.33874847896748,7.90190077671868,8.94590244832334,8.10223823410917,8.87485980703469,7.79257329846972,7.64553941949741
"GENE1685",6.05122677290855,6.6703216402367,6.39270378659901,6.15037272062609,7.0241099570103,5.85747045082884,6.14133157439788,5.80245046367133,5.98749561946715,6.48607063042107,5.75872401516255,6.83632749118693
"GENE1686",7.78816526327183,7.53129570883444,7.76542320811158,6.15037272062609,7.39689728737565,7.28532964669474,6.90513104921066,7.18777743077116,6.85482252612631,6.89724012204419,7.15551352488868,6.72194803230264
"GENE1687",5.55906080693802,5.05347560891206,4.76066784415556,4.60282355996089,4.96491268069176,5.39116578501052,5.64522737225206,5.36630838281794,5.14728546522591,5.14450255679525,4.68826865985232,5.33680315109659
"GENE1688",7.33326752873485,7.14839086865409,6.62149828534741,6.57238971406068,6.76812992816744,7.12685511455538,6.12458224162565,6.99427226000694,7.05584843127826,6.64518405861117,6.94640149760966,6.2505852324348
"GENE1689",8.65362895218993,8.79129907069089,8.47183518450838,8.7876032354045,8.8340423883539,8.86586587701977,7.77599759830903,8.7190183181721,8.72766436718248,8.57581866938847,9.07668631242712,8.73681425442962
"GENE1690",7.18287131076948,6.87055047230769,6.73556615912755,7.11157534736412,6.72935627829843,6.48030643752507,6.34247894225749,6.72681208464367,6.59199393845749,7.04658886077008,6.10621736432438,6.88542032386581
"GENE1691",9.00945223991277,9.20773607290732,9.42557156481339,9.07208407037942,9.51090851611015,9.3459298784781,9.01426220754278,9.36446498038276,9.38275630173618,9.83046939193727,9.3678887192889,9.09900811307277
"GENE1692",8.67717664618402,9.09322815116585,8.8009659146752,8.78371532605251,8.52907321556523,9.15060812296564,8.75110416817987,8.4001352218876,7.77683438874588,7.98372501300483,8.17970924754586,8.31375370111264
"GENE1693",5.82741119739648,6.50769108912158,5.67680935887743,6.22238843327479,5.98737422955495,6.08591904380891,5.69233409867065,5.48055331725275,6.53301355447318,5.4484781145317,6.88894953734041,6.17273695555514
"GENE1694",6.31865364886429,6.70071637702235,6.22809448830563,6.74380224682556,6.35664904421004,6.08591904380891,6.59257793511579,6.03825668873266,6.11507016701363,6.1902252108994,6.5231175575843,6.2505852324348
"GENE1695",8.11942181790512,8.37658155258124,9.08776867772277,9.08793300889832,8.16591794342473,8.72971009803108,8.83168060433283,9.01920495002775,9.2622421042624,7.28139493795442,7.82341672305996,8.1153966869101
"GENE1696",5.51588380404437,6.17894622278844,6.19270519356519,6.37722164527099,6.66227753798405,5.65676954152493,6.17423474173109,5.51650434151614,5.60387807226552,6.1902252108994,5.61978437036428,5.82893339266767
"GENE1697",4.4729759908335,4.62203258403176,5.31824579141467,4.96177923278654,4.39688560685022,5.47665968096879,4.83658026738577,5.14964543198099,5.10423357161015,4.8415720392666,5.42268344439262,5.14335227951321
"GENE1698",7.86409497526777,8.05946778280165,8.39744467435864,8.29203389056684,8.14657624688145,7.97925295060045,7.88736195349137,8.68937604358544,8.1660738494736,7.38948466433328,8.58226608900393,8.14374509997598
"GENE1699",8.78079914643824,8.92805027050404,9.33087419510955,8.77981689985412,8.66774330493511,8.47506202552734,9.369725328818,9.48146418250062,9.28892797080628,9.15763489051205,9.59228388812481,8.05270139556099
"GENE1700",8.13311815733484,9.07034696971792,8.23603634970445,8.62327313444309,8.34625707834365,8.66512485744332,7.55448768742466,8.31045413174661,8.08709588508092,7.97880073882043,8.25511032125397,7.58175833596739
"GENE1701",4.3577216136768,4.69499358436409,4.96169205740668,3.33339683403742,3.33339683403742,4.58511941354377,4.13488263429582,4.62017751094195,4.47808609970675,5.25417383302746,4.41855260472085,4.7299763856432
"GENE1702",6.78971868734855,7.28439879042342,7.00132061530002,6.39800474246707,7.10685558068713,7.2082875997854,7.37130633279286,6.55490585733272,7.20411311999314,7.09308535027785,6.93225451287569,6.84628267969693
"GENE1703",4.83382022495936,4.62203258403176,4.81438547614811,4.30574182321017,4.6222967045272,4.69671045320522,4.30898946352127,4.36276907375499,4.80688647693289,4.88996318035601,4.02923871711884,4.44457474590749
"GENE1704",5.75606304287901,5.05347560891206,4.36234597151196,5.45947522938127,5.05950945094439,5.01634725588924,5.49293693774556,4.62017751094195,4.74882339490588,5.38693173058729,4.90264323278714,5.24381262475191
"GENE1705",5.7189199947252,5.4833522013719,6.26260597736711,6.60837548169445,6.45550316620957,5.7040323577261,5.43797005921605,5.14964543198099,6.07384366040205,5.94407464442714,5.61978437036428,5.67663210729273
"GENE1706",4.75447897304764,4.54349182563741,4.81438547614811,4.51374221809768,5.2290206892662,4.52437607466252,4.22671357212381,4.82541118637765,4.74882339490588,4.6822891391766,4.96591931636746,5.74402639133863
"GENE1707",5.68071852918215,5.91547036063218,5.56784334996378,5.32977315665522,5.91885121189743,5.33084216030771,6.00127752962822,5.51650434151614,5.9650330283611,5.32228647894835,6.36244654342059,5.24381262475191
"GENE1708",4.75447897304764,5.36899923474729,4.70416965898469,5.07871890811883,4.96491268069176,5.74968320042272,5.28932474144339,4.94373409540296,5.229117083218,4.42298469859371,6.20493726932166,4.87026432960211
"GENE1709",7.87228920699518,7.18094559138275,7.71110025254965,7.58487132516992,7.32971168927786,7.3796567829359,6.32799541290924,7.7594239318402,6.71633033639399,7.61600666209712,7.72065479717393,7.17284851760585
"GENE1710",10.0150114113136,10.4165228190307,10.0307532107336,10.8904223965411,10.4620352970912,10.176382773803,10.0506540432868,10.312435654711,10.2075307404397,10.1801912746459,9.44910088606253,9.67825513993099
"GENE1711",3.33339683403742,5.000948680323,4.70416965898469,4.60282355996089,4.55277978931402,5.16609490762959,4.96688950493872,5.05111048996905,4.68748146497161,4.49450516137223,5.08309620659538,5.10795797700064
"GENE1712",8.62485414215021,8.29499379198256,8.32704060415242,9.02016386190196,8.46808180502006,8.48485948048054,9.00756517866348,8.26594175766305,7.8263411832194,8.00809660493981,8.55957587937166,7.56385993554747
"GENE1713",9.93136083051206,10.3131462241994,9.48421901417989,9.61753196921974,10.0679876825252,9.30044791593193,9.71892083401073,9.17700801400327,9.10842760891491,9.55458318217859,9.39632425079394,9.8228589243004
"GENE1714",4.97752596119384,4.94597899121255,4.36234597151196,4.41564925474099,5.47968994220484,4.31465226204918,4.51761852880097,4.62017751094195,5.01324141627604,4.79100537130028,4.51688249385809,4.82543978751269
"GENE1715",7.42541212239543,7.49729586895031,6.91813529213704,7.3519729639813,6.8182324469445,7.75445412342174,8.02210165396066,6.88009573261484,7.19469354872249,7.03710486481018,7.89048532910429,7.94633316691846
"GENE1716",8.58557137375141,6.81616653842362,7.93296077756347,7.23109899282477,8.07675650748625,8.28625376293174,7.78125132373706,7.50190868636444,8.13205308480693,7.77227614583119,8.47479807544585,8.28496038894357
"GENE1717",4.4729759908335,4.76326395420319,4.17928166882704,4.96177923278654,5.18878254774675,4.03380234021967,4.8816839009191,4.36276907375499,4.86206514454115,4.16519411956722,5.08309620659538,4.56859374079285
"GENE1718",4.90791694271948,4.69499358436409,4.2758805597652,4.60282355996089,4.68740827512561,4.31465226204918,4.6350661880597,4.88610457922949,4.91468052254992,4.34542727297923,4.606173645641,5.10795797700064
"GENE1719",5.10552670264911,4.36428639562465,5.0924714955971,5.18531255928563,5.44673993994446,4.79768253464048,4.83658026738577,4.45651341489076,4.3969446041571,4.62346344389119,4.30837276184222,4.7299763856432
"GENE1720",5.10552670264911,5.2434159155023,4.51367610562448,4.41564925474099,4.6222967045272,4.23192956916254,4.6350661880597,4.1373247401923,4.74882339490588,4.26028533421001,4.76445481120257,4.87026432960211
"GENE1721",9.8976959071597,9.6663363544616,10.5272276076689,9.46570599075825,9.30192596856853,9.70406858059337,8.95051253248971,9.30952462124555,9.4394355184741,10.442828724032,9.49524187685254,10.13035129009
"GENE1722",5.92785141446124,5.19860617920382,6.15639054323778,5.7531773193868,5.37821085544912,5.7040323577261,5.88599012722789,6.52127026348588,5.79650064335651,6.32249286255659,5.99989914881159,5.82893339266767
"GENE1723",8.55029775348359,8.74508206915869,7.86274531201563,8.98673776305171,7.86222979833981,8.74880541902709,8.87647959840917,7.78069665359938,8.81596476309687,9.04450958855308,7.05478681200484,7.35759720035385
"GENE1724",5.10552670264911,5.36899923474729,5.56784334996378,5.61445084273423,5.87118104645258,5.7040323577261,5.04631054532115,5.14964543198099,5.82189509075368,5.88040760563549,4.96591931636746,5.10795797700064
"GENE1725",9.34544165009794,9.04122515833095,8.87133920011187,9.22036687516765,9.07543164389402,9.35841190702404,9.1663106480006,9.40832301373593,8.9020506416534,9.24624805806855,9.36527564911808,8.73415524803838
"GENE1726",7.67087873792687,6.92293010791866,8.07346723771754,7.72147129479161,7.10685558068713,6.78788389872491,7.1612043026458,6.98202885739717,6.66241451073872,6.36903114941177,7.36963028927937,7.48361053880328
"GENE1727",6.73648105590087,5.55435776560309,6.26260597736711,6.45856803913137,6.13510604437463,6.53221030860859,6.14133157439788,5.61880370076047,6.50257115714982,6.00490842506876,5.99989914881159,6.5494038429155
"GENE1728",8.74113379858146,10.1725479989907,9.37416221118744,9.52044821235614,8.62298667400367,9.50835439584192,9.48508283600715,9.4486773135645,8.96960054691249,8.78190765003187,9.02794688648186,8.83934139989095
"GENE1729",6.45751355912046,6.22188729485079,5.7027116488721,6.10019610490782,6.70290493031399,6.98605269729726,5.35087168464298,5.24084983880704,6.07384366040205,5.10566377367428,6.02725817986618,6.90459238863241
"GENE1730",5.32722718529249,5.99247478376178,5.35221823605166,5.96613618738869,5.05950945094439,4.45960574336212,6.29857016310033,6.03825668873266,5.63315652429458,5.50723476179113,5.58265951897939,5.80820184769705
"GENE1731",7.79680276602458,9.50722302740962,8.5699214359809,9.16167294965918,9.12564166003504,8.47833525404346,8.74574767507876,8.44074209244755,8.32076173151204,8.91145756729746,8.28309058980313,8.8516592740129
"GENE1732",6.21777374952482,5.96728492689918,6.22809448830563,6.24558767185246,6.28664303839689,6.2195631912168,6.29857016310033,5.51650434151614,6.3222141474068,6.60705604174574,6.42487224659314,6.07315632457102
"GENE1733",6.31865364886429,6.71567247776439,5.2104797339222,4.30574182321017,5.96491225803506,5.97645027083461,5.51957478753055,5.19608618402031,6.09461072066725,6.25792787137706,5.37940981639276,5.27557692645215
"GENE1734",5.32722718529249,6.08885644940613,5.05045087255743,5.45947522938127,5.79638474795275,5.33084216030771,4.96688950493872,5.83076037857321,5.01324141627604,5.4484781145317,6.02725817986618,4.6252228177491
"GENE1735",10.101052905784,9.80270390067971,9.33486360840878,9.20591586603274,8.78175787132302,9.74538312839024,8.85425414840592,9.11427167688023,9.37031539795804,9.70359043263065,9.5329842133092,8.78642498462934
"GENE1736",7.66144710878297,7.50587170615788,7.92767967926419,6.77572788592976,7.38039408522749,7.83846833838819,7.93526359991769,5.96408614432559,7.21347101819295,7.01794548402659,7.66211698825747,6.66674049373105
"GENE1737",6.9540113514196,6.75961617047791,7.24237018199623,6.80695076077186,7.00265091959463,7.00443237461406,6.75207402889619,6.68196249920306,6.35677965584575,6.90769919363076,7.27218781090631,6.82630203760116
"GENE1738",7.0147605760471,7.45362986199507,7.66102524992633,7.34139671090057,7.10685558068713,6.8089914417772,8.06578341951881,7.37694958575046,7.24118269113498,7.24072356299528,7.44108470664426,6.95142178163927
"GENE1739",8.94108587125395,9.71876673431541,9.69441991795521,8.66191538230963,8.38802090502133,9.4759915788109,9.59487325100637,9.20868751596448,8.7566409017783,9.23803948541074,8.42042081067698,9.49414590689819
"GENE1740",5.22130398880226,4.25922592582695,4.06851441067084,5.41767630478048,5.10414213213893,4.79768253464048,4.8816839009191,4.54173721909216,3.95657929776853,4.49450516137223,4.83567457393778,4.82543978751269
"GENE1741",10.2450141429582,10.2213854886085,10.4120738784428,10.4464428022191,9.92223256131492,10.4006783819737,10.0463053762257,10.5483531542702,9.59008498760651,9.54296982504599,9.9365309931457,9.95655911254628
"GENE1742",7.90460684922436,8.33396446822357,8.1251175779994,8.07998582323525,6.71619235027635,8.2290932820205,7.8970708218742,7.65575963528963,7.97638682663492,7.38202883170726,8.23232782331053,8.22179286447316
"GENE1743",5.16477571414311,4.54349182563741,5.00690280338359,5.07871890811883,4.39688560685022,4.23192956916254,5.00726558384292,4.54173721909216,4.20811770217306,4.98102908982467,4.30837276184222,4.44457474590749
"GENE1744",7.83084271863281,8.50590683630374,7.87925595666557,7.11157534736412,7.78296422488811,7.96997400780868,7.83780886285898,7.67861209866936,7.19469354872249,8.3505665312348,6.82907820552092,6.5736643613249
"GENE1745",7.95947145029794,7.27438382687529,6.91813529213704,7.48279725904251,7.46107226597804,7.23960423647,7.02563825221521,8.02004416179337,8.29024442954773,7.65978008307408,8.37435068451146,7.3986010254017
"GENE1746",7.83922818938625,7.79176126995864,7.38823534056814,7.57588626898689,7.66544935310453,6.93903829477569,7.29976031465469,7.88911993470479,8.2317938375157,7.60964289037929,7.38005889782184,8.12761445546366
"GENE1747",5.75606304287901,5.40825302561207,5.41757085400705,4.83180993558511,5.05950945094439,5.23461658439802,5.57128002485022,5.05111048996905,5.47979555464943,4.88996318035601,5.18989720613499,5.4781589594365
"GENE1748",5.32722718529249,5.44634641097134,5.2474390419342,5.41767630478048,6.32208432471725,6.2195631912168,5.90589311944218,5.80245046367133,4.86206514454115,5.41807173488789,5.46455409026317,5.5811231366749
"GENE1749",5.32722718529249,5.15211675089249,5.31824579141467,5.99401446746821,5.71720204413545,5.8982945785359,5.25739083816715,5.19608618402031,5.37831285249691,6.15509528026171,5.65589826360468,5.30655988068131
"GENE1750",6.13700302636241,6.28391199196743,6.79518038503106,6.5904972783667,6.35664904421004,5.68061003498063,5.69233409867065,5.19608618402031,5.44684439577657,5.76718106798891,6.36244654342059,5.67663210729273
"GENE1751",5.99092554302756,5.55435776560309,4.8656317369195,4.76074593408714,4.96491268069176,4.79768253464048,4.38398277762959,5.88566646440782,4.30778738367409,5.38693173058729,5.37940981639276,4.9549542106143
"GENE1752",9.79386794632161,9.84880227742662,9.98833242479584,9.86381782183436,10.1307826524284,10.3007590727427,9.77650409809545,8.68562751510082,9.56846656840476,8.88541147279633,10.2156943889294,10.5086749984376
"GENE1753",6.71828140023147,6.91001492867377,6.56768850247186,6.17479543641974,6.87847250271613,6.86042702600481,6.9243475964793,6.82625169736574,6.15510313840404,6.1006717282986,7.11856893101818,7.0320191304141
"GENE1754",5.99092554302756,5.40825302561207,5.59593619666751,5.41767630478048,6.2502780500481,5.42029639220579,5.35087168464298,5.65121746472458,5.44684439577657,5.02403580464725,5.37940981639276,5.0339082578499
"GENE1755",8.61513340375481,7.96326803550451,7.12692672371331,8.07362547038744,7.9596977204598,7.91300663776473,7.08653879842136,7.90856923832484,8.25003271463515,7.96890131499573,8.34279752286674,7.32959411363535
"GENE1756",6.99981439278922,7.13737229451437,6.68600078930893,7.48279725904251,6.33947345491757,6.78788389872491,6.53095070518248,7.35817412009465,6.4234517348088,6.69447286788744,6.34100407783317,6.30987479792918
"GENE1757",7.24746884326167,8.17669254888672,7.05094819499987,7.5485884367915,7.38039408522749,8.17361455560434,7.87267457879622,7.37694958575046,7.41336108672196,6.92838943711634,7.38005889782184,6.99675971897228
"GENE1758",8.709510020952,8.01816975629123,8.52521047009177,7.98149506818097,7.67223646612108,7.91784108291316,7.4394472460759,8.61248748564225,8.18989123632441,8.66733668937934,7.64494395359572,8.49121638340422
"GENE1759",8.02706892224217,7.98792789969623,8.6521893434939,7.99502340049506,7.5448687773394,8.09899032493954,7.1612043026458,8.51445400481191,7.43749105445615,7.15573598728026,7.52801143572846,7.86105257136516
"GENE1760",4.75447897304764,5.05347560891206,6.11909887416821,5.65050799972721,5.18878254774675,6.23539896953394,5.43797005921605,5.10137785357304,5.34262576431803,5.4484781145317,5.02594913526056,5.4781589594365
"GENE1761",5.95975172097631,5.65416792709915,5.59593619666751,6.47818907174912,6.62044854148035,5.42029639220579,6.38505127317649,5.85849086759404,5.79650064335651,5.90196191531523,6.13156456906103,5.76575950252519
"GENE1762",5.7189199947252,5.96728492689918,5.82521995424604,5.61445084273423,5.05950945094439,5.58257021384029,5.1207860294374,4.94373409540296,5.41303377401106,4.62346344389119,4.51688249385809,4.44457474590749
"GENE1763",7.7079976218332,8.39512503684279,7.47057223734563,8.05437393268941,8.39213143523376,8.41483508876453,8.25122055041427,8.22000903056332,7.15638175646038,7.67813906395824,8.26636777110597,8.30302357609154
"GENE1764",4.57571107120738,4.88828303784405,4.51367610562448,5.68561402859022,4.09371013024599,4.31465226204918,5.59639087775452,4.94373409540296,4.86206514454115,5.02403580464725,4.83567457393778,4.67889886967609
"GENE1765",5.60086656600879,4.76326395420319,4.81438547614811,5.02168626161896,5.18878254774675,4.13959078537929,4.74050856541936,4.45651341489076,5.18887737158306,4.26028533421001,4.18163946874168,5.07150200490239
"GENE1766",5.82741119739648,6.30398853404465,6.02121292990129,6.22238843327479,6.83048654886714,5.91825669772306,6.09046257237503,6.03825668873266,5.66180353729039,5.64355255347913,6.08039663785972,5.76575950252519
"GENE1767",8.25711747682112,7.05776479780487,7.88471762761298,8.26438557947193,7.46107226597804,8.02028289633359,8.01765962409346,7.81546585578136,7.64504454158441,7.64118326649361,7.44108470664426,6.72194803230264
"GENE1768",6.36648584319312,6.38152941411876,6.02121292990129,6.69452339024463,5.94207570761707,5.72705190699482,5.84528873359858,6.03825668873266,5.8468219741038,5.41807173488789,6.38356554838313,5.50466855113633
"GENE1769",8.86931488476595,9.25415737478286,8.88228678268018,8.11137253706301,8.91622655260181,8.04700005167454,8.61082912436192,7.11124884666032,8.38405605809905,8.64577251396396,8.34810463169996,7.76518235708674
"GENE1770",4.75447897304764,5.55435776560309,4.64451109468011,5.02168626161896,5.57382857406539,4.45960574336212,5.57128002485022,4.94373409540296,4.55284654316695,5.71909005679616,5.85424719616166,5.69947582828021
"GENE1771",5.55906080693802,3.33339683403742,4.81438547614811,4.60282355996089,4.30773295942769,4.31465226204918,4.57805571918833,4.76123395654334,4.86206514454115,4.49450516137223,4.606173645641,4.12858003749756
"GENE1772",5.89518809952742,6.5248243545699,6.11909887416821,6.07440786992565,6.48696601502547,5.39116578501052,5.62103385748696,6.7559418911419,5.91897068972772,5.32228647894835,6.20493726932166,6.07315632457102
"GENE1773",8.81091247615049,9.69278977987564,9.18600964656357,9.6413520821466,10.4775800564625,10.1489357881909,9.65894260072282,8.5102208719426,9.08831019756094,9.28461305793024,8.97407519506541,8.29221288158037
"GENE1774",5.95975172097631,5.15211675089249,5.05045087255743,4.51374221809768,5.41293052223172,4.84489329067828,6.05547844755648,5.24084983880704,5.66180353729039,5.8362460895521,5.72531788539003,5.4781589594365
"GENE1775",5.86172229049857,5.10379764560079,5.7027116488721,5.28343957432089,6.07371995318281,5.65676954152493,5.54568165838144,6.71201949198937,5.66180353729039,5.85850633439521,6.18090827777129,5.82893339266767
"GENE1776",10.0604644987503,9.43741982057645,9.27383153839347,9.91089911761992,9.71979057057607,10.1030571869214,9.25379305362037,9.18764537464401,9.47472994418025,9.26858361153241,8.8449565509723,9.65595988111012
"GENE1777",5.95975172097631,5.83385791113941,5.59593619666751,6.10019610490782,5.60376825248473,5.99531121690269,5.43797005921605,5.51650434151614,6.13523133786866,5.90196191531523,5.72531788539003,5.60565275807301
"GENE1778",7.45849354880005,7.89970214434721,8.01989328175027,6.91112284203522,7.52249651703425,7.28532964669474,6.98963315247553,7.35817412009465,7.42144964663241,7.40428089935355,7.86847504361369,6.5122116535806
"GENE1779",6.31865364886429,6.26354233018096,5.53913863910085,6.51662864149371,5.63304574559507,6.0682680412696,5.82447103745129,5.65121746472458,6.70304266957115,6.70653143130324,6.18090827777129,6.17273695555514
"GENE1780",4.4729759908335,4.88828303784405,5.13308268451435,4.41564925474099,5.2290206892662,5.42029639220579,5.00726558384292,5.10137785357304,4.47808609970675,5.06554210962677,4.18163946874168,4.7299763856432
"GENE1781",4.22498275163827,5.32850403016816,4.96169205740668,4.89863543349259,4.30773295942769,5.39116578501052,4.96688950493872,5.10137785357304,4.91468052254992,4.73801220112087,5.13766140803494,4.82543978751269
"GENE1782",5.22130398880226,5.19860617920382,4.44108581236596,4.17933027955555,4.55277978931402,4.93378858587547,4.6350661880597,4.1373247401923,4.62236681307091,4.16519411956722,4.51688249385809,4.7299763856432
"GENE1783",4.4729759908335,4.36428639562465,4.44108581236596,4.51374221809768,4.68740827512561,4.13959078537929,4.83658026738577,4.88610457922949,4.80688647693289,5.14450255679525,4.83567457393778,4.9549542106143
"GENE1784",6.93841032668263,6.9609869548465,7.41872627821719,6.83750161744737,7.28606092071994,6.8089914417772,6.51829520622226,6.78448523457555,6.91356942913283,6.13719080183395,6.71781420160232,6.82630203760116
"GENE1785",6.58387521906872,6.73047230184167,7.34124613603305,7.26509027561002,7.53745006626565,7.27024967768269,7.47233980512738,7.13353580048458,7.43749105445615,7.27335265438394,7.79257329846972,7.21175708714907
"GENE1786",6.24368654132521,5.51933612698998,5.53913863910085,5.68561402859022,5.94207570761707,6.32681128400571,5.1207860294374,5.68286062317584,5.60387807226552,5.25417383302746,5.75872401516255,5.62973620989044
"GENE1787",6.89055401274206,7.19163438183911,7.00132061530002,6.24558767185246,6.8546820762888,6.58226970777879,6.69715187180808,7.14455016637805,6.89036110945495,6.9985250510278,6.88894953734041,7.14094027750562
"GENE1788",9.05688640656382,9.30404220466935,8.85476032217678,9.2000946631878,9.53153700475186,9.80391428190227,9.10907053633713,7.61684464640059,8.75344990936827,8.8880373639172,8.62660179454523,8.37650757299085
"GENE1789",5.89518809952742,5.91547036063218,5.62344470315804,5.81750875605802,5.37821085544912,5.36135958543197,5.64522737225206,5.98925762661564,5.66180353729039,5.53565047103937,5.13766140803494,5.72193608848263
"GENE1790",8.6630942580984,9.03532953226599,8.9436711169557,8.11756854731559,8.93606074353686,7.50078620833321,8.76175779330711,8.52707927366489,8.49524200909333,8.62072596424829,8.39500845603254,8.96257482067965
"GENE1791",8.78079914643824,8.65565732296792,9.44415639508618,7.89031525915884,8.77548016206834,9.2458263633545,8.70768415938216,8.97075308455523,8.30340255731599,7.52423788936889,8.96028672305417,8.79154918413888
"GENE1792",10.1673693743325,9.46837526338999,10.0490788367503,9.53670467051677,9.02340965441588,9.3151588112006,9.39046195698517,10.0507771713139,9.42947624187053,9.89191789872016,9.20206723639932,9.89602134327157
"GENE1793",9.56068060955387,10.4980627995132,9.63256941585263,10.4671866463442,10.1418010576273,8.90529764601276,8.56289483087074,9.48146418250062,10.4155440207294,10.0455972997633,9.92060295277371,10.1191907129054
"GENE1794",7.08722784145793,7.37151277666106,7.46327951822329,7.02152542511064,5.82177843488912,6.9674327831867,7.2550503179787,7.15548023403262,6.7425374961594,6.76533101410786,6.46499790961624,7.14898441298898
"GENE1795",6.21777374952482,6.93572911571018,7.15440743502933,6.53546187415806,7.08661475461288,6.54489278140739,6.19039820223215,6.7559418911419,6.4234517348088,7.38948466433328,6.36244654342059,5.76575950252519
"GENE1796",4.83382022495936,4.76326395420319,5.72812218279442,4.30574182321017,4.47802302603084,4.64241390252082,4.8816839009191,4.88610457922949,4.86206514454115,4.34542727297923,4.83567457393778,4.30140717159859
"GENE1797",5.16477571414311,5.77658684905942,5.47977263785321,5.71982118703818,5.79638474795275,5.29957473473025,5.1207860294374,5.24084983880704,5.63315652429458,5.59070241013539,5.33462522028504,4.87026432960211
"GENE1798",6.36648584319312,5.83385791113941,5.2474390419342,5.65050799972721,5.41293052223172,6.03227317169203,5.69233409867065,5.68286062317584,6.03134699846857,5.92318065606637,6.29710676447597,5.53065117136758
"GENE1799",8.66780369615531,9.04709677222431,10.3205017644876,10.4804519078063,9.03659219730378,8.50104192163905,10.1522845359447,9.20345569989043,9.62016676515744,8.77908090636998,8.41030961463601,9.34184563150058
"GENE1800",6.69984486076188,7.75629640200165,6.73556615912755,6.93953635294465,7.08661475461288,7.26264965715862,6.6859071502482,6.60390115791057,6.99194169649704,6.39921890917909,7.2150407274333,6.5494038429155
"GENE1801",9.1607368523998,9.21296841824168,8.84079741225959,8.81452883071945,9.09572596461344,9.41584284540948,9.5993331959386,9.25746526189071,9.10091643728307,9.06321680557178,8.19156962907304,9.159701275236
"GENE1802",4.3577216136768,4.76326395420319,4.96169205740668,4.68473034113011,5.30581156458017,4.52437607466252,4.96688950493872,5.55149445800918,5.34262576431803,5.02403580464725,4.606173645641,5.82893339266767
"GENE1803",6.41273790426979,5.94162310744823,5.56784334996378,5.57738529836157,6.07371995318281,5.39116578501052,5.84528873359858,5.74398528177613,6.50257115714982,5.47818778485135,5.18989720613499,5.69947582828021
"GENE1804",5.22130398880226,4.36428639562465,4.70416965898469,3.82642089610471,4.47802302603084,4.69671045320522,3.73798597454736,4.1373247401923,4.30778738367409,4.16519411956722,4.83567457393778,3.89918801372093
"GENE1805",5.22130398880226,4.94597899121255,6.02121292990129,5.13317711387027,5.01315373799188,5.16609490762959,5.00726558384292,5.74398528177613,5.63315652429458,4.49450516137223,5.13766140803494,5.14335227951321
"GENE1806",6.77219393526232,7.26429825441583,7.25087593072797,6.26840677259888,6.86662706500915,7.55771708728961,7.29240500776916,6.37805680183222,7.02425316271516,6.90769919363076,7.15551352488868,6.89503866352647
"GENE1807",8.19971020256622,8.47137502355549,8.40505903482444,8.38738972696142,8.88157693159449,7.50078620833321,8.55678933144741,8.8553878241113,8.78816814370638,8.8958864560379,8.32137129023601,8.08647852007188
"GENE1808",8.9527078105187,8.91205151639342,9.43675117951272,8.2475380711208,8.33348801887104,9.10477219176066,8.05715253691823,9.14734402352673,9.08323667494079,7.85525668073925,8.63964076726207,8.51620071246066
"GENE1809",8.0916317079161,8.37658155258124,8.09717475725487,8.29750040264102,7.89158912846153,8.69637480946409,8.86417446038315,8.17256208872284,8.52174734668947,8.27228188890483,7.90497382408815,7.50253223438684
"GENE1810",8.69112273785874,8.75587984041251,8.24030013051505,8.33519564713868,7.94297064720989,8.26366119065609,8.81643273540357,7.7594239318402,8.96409072967507,8.37699067622094,8.55499463575164,7.12471477506538
"GENE1811",4.90791694271948,5.10379764560079,4.06851441067084,5.57738529836157,5.57382857406539,5.20082860798237,4.8816839009191,5.80245046367133,5.82189509075368,4.79100537130028,4.76445481120257,5.69947582828021
"GENE1812",9.2823765241688,8.97500794204479,8.77770084783372,8.81452883071945,9.16698702952448,9.41242653823798,9.4226970242991,8.722681094173,8.71131091506401,9.15545722665176,9.42420989250527,8.27401268336919
"GENE1813",7.45849354880005,7.19163438183911,6.81834192798366,7.50190477072054,7.25921660166315,7.40056956790124,6.82555739321178,6.94465419971232,7.26836751661168,6.42877039289478,6.9604092742373,6.73273588197011
"GENE1814",8.45541743769437,8.51441197418395,9.02494753413024,9.29326271851323,8.85205205172266,8.56401282188021,8.81898527566784,8.2759530115414,8.8551920258541,8.39926031945586,9.10515815997604,9.08655674398194
"GENE1815",8.16012585011552,7.30422082945932,7.69874427044337,7.48279725904251,8.34625707834365,8.2329754097641,8.37092111926293,7.01844790449836,7.91480619016688,8.33139078298418,8.2719636553469,7.5994362001474
"GENE1816",5.22130398880226,5.55435776560309,5.59593619666751,5.18531255928563,5.71720204413545,5.01634725588924,5.49293693774556,5.83076037857321,5.34262576431803,5.38693173058729,5.50511782417126,4.87026432960211
"GENE1818",5.92785141446124,5.71677457354216,6.29628353333185,5.68561402859022,5.77050451575007,6.12055832453363,6.20637570058624,5.93844328331662,5.79650064335651,5.66920959612141,5.54446056462054,5.36634491221722
"GENE1819",5.16477571414311,4.69499358436409,5.17238817225744,5.37447816482985,5.26800207479775,5.05556156577568,4.51761852880097,5.40552449164539,4.68748146497161,4.8415720392666,4.90264323278714,3.89918801372093
"GENE1820",8.73665838271052,9.17593687468341,8.63286919877255,9.07208407037942,8.08185756209307,8.41141414396014,8.98955282476905,8.89487777317318,9.36405446359529,8.87220977683824,8.43545573678843,9.08447102056783
"GENE1821",7.87228920699518,8.14963572096524,8.4126333481784,7.95405052033316,8.24987618797617,7.58839547017555,7.71690169823264,7.71590937013025,8.21332089228643,7.83903949754945,8.02919190208181,8.22179286447316
"GENE1822",8.09862971762905,7.84674485446965,8.33503543636413,8.61891487304433,7.25921660166315,8.15327078020908,8.95051253248971,7.80165897579321,8.17086896380436,7.60325077218747,8.23805734043493,8.10719349012165
"GENE1823",8.28191495211047,8.08254503619828,8.31091651896803,8.29203389056684,8.1020828229811,8.74337538284586,8.26627099118908,7.37694958575046,7.90332072383734,8.05563482657244,8.16173337307368,8.06546093189636
"GENE1824",7.81392353902588,7.15932508488617,7.44117603893035,8.14208918671168,7.55224931388597,7.84355963774661,7.05205754259534,7.21936075630978,7.045394270084,7.38948466433328,7.75306389613776,6.98780684525357
"GENE1825",5.55906080693802,5.94162310744823,5.80159265148916,6.04812836537868,5.87118104645258,5.50395080240343,5.80332831126727,5.48055331725275,5.18887737158306,5.69438237210904,5.54446056462054,6.14033302751171
"GENE1826",10.0905742386485,9.60199227996539,9.32486930387445,10.1530590319109,9.66822182212078,9.26489601634238,9.11531324003982,9.62532352511341,10.0132055699525,9.92935353486998,9.59674598421888,9.97693621285246
"GENE1827",8.31232297031362,8.21373738865625,7.95907917221357,8.78371532605251,8.94727322676418,8.42843818340539,7.92581010211318,8.37707108831525,7.57431622116755,8.5823203341751,8.60903088838086,9.0356471855014
"GENE1828",4.3577216136768,4.62203258403176,5.00690280338359,4.83180993558511,4.6222967045272,4.64241390252082,4.0296868369848,4.94373409540296,5.14728546522591,4.56106826899732,4.96591931636746,4.02417826350125
"GENE1829",8.50363864721733,8.38123985730694,8.930547280759,7.92607195429788,8.14657624688145,8.2750017950007,7.35728031877629,7.36759262450017,8.28140505610545,8.29621743184381,8.4304615137574,8.19881969358769
"GENE1830",7.27251225523492,6.91001492867377,6.75971340750608,7.16059119530326,7.32108739685644,6.50649758898495,7.49171902385612,7.0303836679997,6.05275918502935,6.9985250510278,6.87421648962601,6.30987479792918
"GENE1831",6.47937734615328,6.91001492867377,7.27609381181281,6.51662864149371,7.05570474146826,7.23183915265191,7.96786979733102,7.11124884666032,7.06622652142257,7.58390177109874,7.19152657335398,6.52471847146242
"GENE1832",5.27537882872743,5.32850403016816,5.28333916502146,5.81750875605802,5.37821085544912,5.55688262416421,5.49293693774556,4.88610457922949,4.96499831346795,5.02403580464725,5.28820757240662,5.45109849932398
"GENE1833",6.9540113514196,7.68262633391933,8.06867849102551,7.81601743876689,6.99179899534936,7.46153640633081,7.12020643436252,6.30056273879937,7.8859186144527,7.12922161738707,8.16173337307368,6.88542032386581
"GENE1834",6.29410944552017,7.72728027150885,6.92880318517162,6.53546187415806,6.42331964254991,6.63061388309502,6.29857016310033,6.41525260611602,6.54799154927682,6.7537646295858,6.9604092742373,6.07315632457102
"GENE1835",5.55906080693802,5.2434159155023,6.17466666484704,5.71982118703818,5.44673993994446,5.58257021384029,5.19097146363657,5.68286062317584,4.91468052254992,5.28868936701358,4.51688249385809,4.82543978751269
"GENE1836",7.62308840140165,8.13315402847884,7.68000862345063,7.50190477072054,7.68571518717565,8.0021917141781,7.41934311316538,7.46730388957719,7.49226283623236,7.53099109859692,7.7610531853571,7.44500096490783
"GENE1837",8.6630942580984,8.72690402572244,9.78467898081426,8.66614568694093,9.07031311034314,8.59750835066404,8.26252310670954,7.92139077988691,8.63706559218617,8.5823203341751,8.33212426063864,8.52237966828941
"GENE1838",6.38980265357328,6.01721052143199,6.22809448830563,5.45947522938127,6.39038072243363,6.10334721091766,6.19039820223215,5.96408614432559,5.91897068972772,5.59070241013539,5.94348779339476,6.05583879279751
"GENE1839",9.96807928817631,10.561976779668,9.87236783541661,10.007368663901,9.64947079595211,10.4041220289315,10.1921944565407,9.8411047365728,10.1840321442255,9.89322508797706,10.3393231206755,9.95883750284294
"GENE1840",8.29415533500991,8.40430799998163,7.97963760580792,8.26438557947193,8.21780510847406,8.83301373298513,8.31412588464198,8.76592327934955,8.46043097925202,8.60803749959862,8.06187464504446,7.9231470696863
"GENE1841",8.5451874148304,8.32915042844939,8.25301621732008,8.4178216185406,9.14767798955134,8.6361154428121,8.43890315949776,8.58054517542998,8.40861483446182,7.97880073882043,7.96151041594449,8.09480033152704
"GENE1842",5.99092554302756,5.65416792709915,5.67680935887743,5.32977315665522,5.47968994220484,5.79383509563228,5.82447103745129,4.54173721909216,5.66180353729039,5.18214848822356,5.18989720613499,4.99509121545252
"GENE1843",5.55906080693802,5.000948680323,5.67680935887743,4.89863543349259,6.28664303839689,5.44878424431868,5.28932474144339,5.05111048996905,5.30591088547647,5.06554210962677,5.02594913526056,4.7299763856432
"GENE1844",10.3686936660739,9.95876588267114,9.76115678077069,10.1164484836173,9.98612236153097,9.83868949750618,9.37667072376849,9.7070686997897,9.42947624187053,9.81261826746673,9.83065586214761,10.112043302373
"GENE1845",8.25085078700258,7.81951603150273,8.39744467435864,7.19627987557019,7.56689742968159,8.07755556963474,8.09136967400658,7.29045025121583,7.6030272115686,7.06536970865312,7.28334823856941,7.11653234978535
"GENE1846",6.60387654406407,6.01721052143199,5.82521995424604,6.35612556523743,6.09448647119194,6.54489278140739,5.84528873359858,5.14964543198099,5.47979555464943,6.1902252108994,5.91438525786674,5.55612909748223
"GENE1847",5.16477571414311,4.62203258403176,5.00690280338359,4.83180993558511,5.05950945094439,5.2675149887357,4.83658026738577,5.40552449164539,4.62236681307091,4.73801220112087,5.18989720613499,4.91338726221614
"GENE1848",8.39987397209651,9.14615838382949,8.83798852442484,8.57008315776356,8.93606074353686,8.61545564109486,8.92940797738842,8.46281637845633,8.13205308480693,7.95392321650865,8.71137914176284,7.7120314737053
"GENE1849",4.66889628332048,4.13852865130535,5.62344470315804,4.68473034113011,5.37821085544912,4.89020448646291,4.68909793196672,5.05111048996905,4.62236681307091,5.28868936701358,4.96591931636746,4.02417826350125
"GENE1850",8.5088982541228,7.40859151954866,7.96939512712356,8.5473277037654,8.82798880897353,8.45858336850385,7.88736195349137,8.41379845547455,8.47212838409844,7.74931398462993,8.26636777110597,8.42349299165651
"GENE1851",8.64887287985638,8.65565732296792,7.52761576735997,8.2475380711208,8.26788673839667,8.98796881595171,7.93054462068358,8.34414782431009,7.95985195163651,8.02252376048623,8.34279752286674,7.77558053489679
"GENE1852",5.95975172097631,5.86161000924083,5.9800226195781,6.26840677259888,6.07371995318281,6.48030643752507,6.14133157439788,5.96408614432559,5.8468219741038,6.30662940925271,6.88894953734041,5.69947582828021
"GENE1853",9.60061804494102,9.28677813765764,9.87784622461222,9.5459124577641,9.47456736994455,9.71935500760353,8.00873419594331,9.41059479179831,8.48757860403268,9.07708961896563,9.3362149471531,9.05494955720464
"GENE1854",9.92940214263837,10.5873743403066,9.31278397752561,9.79211838619661,9.93636438937415,9.88008451663731,10.0419435590865,9.77740446419625,10.3952233293263,10.2213623607709,9.94705280153986,10.0374735175759
"GENE1855",4.3577216136768,4.76326395420319,4.17928166882704,5.28343957432089,4.20806849983989,4.97579350093252,4.6350661880597,4.88610457922949,5.229117083218,4.34542727297923,5.18989720613499,4.77874383137617
"GENE1856",5.82741119739648,5.5884713191697,5.28333916502146,5.78572635842586,6.00947428197951,6.44008164958473,5.64522737225206,6.41525260611602,5.8468219741038,5.47818778485135,6.10621736432438,6.2505852324348
"GENE1857",5.10552670264911,5.36899923474729,5.7027116488721,5.07871890811883,5.66169183274517,5.53068369428789,5.00726558384292,4.45651341489076,5.05959906130947,5.25417383302746,5.02594913526056,4.82543978751269
"GENE1858",8.13311815733484,8.39051150318024,8.29870383805216,8.36152915386572,8.52158902884272,7.94177243357646,7.88736195349137,8.04368525248422,7.73855155941661,7.77227614583119,7.97530392717854,7.3986010254017
"GENE1859",5.89518809952742,5.55435776560309,5.28333916502146,5.49997071347815,5.30581156458017,5.85747045082884,5.15637963915766,6.30056273879937,5.87129915523179,6.02460136057154,5.94348779339476,5.9088304410793
"GENE1860",7.48013108910424,7.93183635020681,7.20783197684277,8.11137253706301,7.71229887803853,7.73265977561039,7.88736195349137,7.56052749575098,8.11722288086546,7.28139493795442,7.33788085971478,7.66245335985081
"GENE1861",4.57571107120738,5.15211675089249,5.53913863910085,5.7531773193868,5.2290206892662,5.44878424431868,5.28932474144339,5.77353483694339,5.05959906130947,4.98102908982467,5.50511782417126,5.55612909748223
"GENE1862",7.78816526327183,8.46261114879103,7.75352774871947,8.23619585091877,7.40507812811295,8.36971612198775,8.37786556583984,7.48471069957658,7.7955999032631,8.06959525500788,8.00250028370385,7.70660657665555
"GENE1863",9.00945223991277,8.13315402847884,8.63286919877255,8.42782434057767,8.23621883954638,7.85872620430697,8.24743322495424,8.0080762898749,8.35907118227135,8.08342151354061,8.62222911602258,7.9600674568449
"GENE1864",6.38980265357328,5.83385791113941,6.10006926566075,5.84856185472356,5.66169183274517,5.58257021384029,5.963917618579,5.71377144839768,5.41303377401106,6.1902252108994,5.50511782417126,5.84935245414932
"GENE1865",3.85356290445134,5.15211675089249,4.81438547614811,4.68473034113011,5.10414213213893,5.09353462373327,4.96688950493872,5.05111048996905,5.54330126297226,4.93638930206227,4.41855260472085,4.50856753718945
"GENE1866",9.33363997624216,8.57664859218198,10.1108635001477,9.3807745559365,9.9036517256268,9.78290402310008,9.71070002420497,8.82844700320231,9.59721970922928,9.79174247770693,8.72775210507472,8.88320161422362
"GENE1867",10.185535692714,9.15434097624933,9.07589838829062,9.45352545857336,9.72793811316807,9.7289990493147,9.45914329698936,9.38309435496916,9.60962116602878,9.24624805806855,9.01132722446854,10.0903860877742
"GENE1868",5.60086656600879,4.69499358436409,4.64451109468011,5.02168626161896,5.96491225803506,4.74836901933285,5.57128002485022,5.65121746472458,5.54330126297226,5.32228647894835,5.28820757240662,5.72193608848263
"GENE1869",9.68430686118153,8.0939463173888,8.97212974331279,9.26287071152265,9.53525614237569,9.17702351926097,8.30686633408306,8.63209768898316,9.41339693707833,8.76486341840443,9.04110602826063,8.20651823026969
"GENE1870",7.27251225523492,6.13463400001752,7.55530856221524,7.1725867468328,6.64847160347034,7.2240316664863,7.36431049905255,7.3198679965527,7.32985921378851,7.35181115927338,7.13099030564372,7.63415171152111
"GENE1871",5.60086656600879,6.40026168583849,6.29628353333185,5.96613618738869,6.5773431338527,7.37261744208153,6.86590103315863,6.15363563279657,5.87129915523179,6.08204388695807,6.5231175575843,6.70012268230767
"GENE1872",6.10899850095817,5.86161000924083,4.81438547614811,5.45947522938127,4.74874735738108,5.36135958543197,5.66898870327044,5.58557777829278,5.37831285249691,5.21868168702726,6.20493726932166,5.14335227951321
"GENE1873",8.38850351563481,7.96326803550451,8.71783998934052,8.47682171154552,9.32144338922505,8.58845016531284,8.32134901579748,8.22518564748408,8.58055997204167,8.41391770223055,8.75995031198449,7.75995490645835
"GENE1874",4.75447897304764,5.86161000924083,6.42342307231612,4.89863543349259,5.98737422955495,5.33084216030771,5.71527885752612,5.51650434151614,5.79650064335651,5.74335064878276,5.82314965918915,5.94708768278971
"GENE1875",5.55906080693802,5.2434159155023,5.87127352691975,5.65050799972721,6.33947345491757,5.7040323577261,5.82447103745129,5.24084983880704,5.05959906130947,4.93638930206227,5.54446056462054,5.86946883702259
"GENE1876",8.34210204126152,9.3873918782815,8.78646931827875,9.10672457816239,9.35339661240915,8.92940572139395,9.18225608035074,9.33606173435898,8.98055740223374,9.5075578680412,9.29287107466579,9.46558662445086
"GENE1877",6.21777374952482,6.20058263512625,6.6346363603236,5.81750875605802,5.54319346808701,5.93793102357782,5.64522737225206,6.15363563279657,6.43963604363327,6.1902252108994,5.97198377258729,6.14033302751171
"GENE1878",9.94111457050504,8.87621642145479,9.44415639508618,9.43382004917081,9.45310145090064,8.98567140794836,9.90814964516373,9.85618313071487,8.2317938375157,8.93196079879628,8.44539252740564,9.66436104409126
"GENE1879",6.8070296362539,6.34329617584645,6.74769120048147,6.45856803913137,6.33947345491757,7.94651127383617,7.69479476267876,7.07715202785638,7.14664108494723,7.13811455152016,6.90353150003171,6.8561685958852
"GENE1880",8.20620302808817,8.1220604149865,8.4126333481784,8.19577912388137,8.46027303830043,7.99306006617987,7.64953278584787,8.28589512801083,8.5254943230202,8.3505665312348,7.1060385296162,7.86592547125941
"GENE1881",5.42499698288565,5.19860617920382,5.13308268451435,5.23533893934653,5.14719229056659,5.2675149887357,4.8816839009191,6.03825668873266,5.05959906130947,4.42298469859371,5.46455409026317,5.0339082578499
"GENE1882",5.64139193388158,5.68583791717479,6.08077390565727,5.53924841248507,5.66169183274517,5.36135958543197,5.51957478753055,5.28406706308717,6.07384366040205,5.74335064878276,5.46455409026317,6.3943435698788
"GENE1883",8.11252444780044,8.2850840452114,8.26562096083843,8.09262279041264,8.23621883954638,7.72163731563265,7.15309834397516,7.85610795498842,7.7955999032631,7.59038047281515,7.30541126893425,7.684699686406
"GENE1884",5.75606304287901,5.40825302561207,6.32916773000447,6.15037272062609,5.57382857406539,5.33084216030771,5.54568165838144,5.24084983880704,5.18887737158306,5.14450255679525,4.68826865985232,5.53065117136758
"GENE1885",6.38980265357328,5.77658684905942,6.52593982629373,6.22238843327479,6.33947345491757,6.39867059958643,6.75207402889619,6.46926061636698,6.6760872469506,6.08204388695807,5.91438525786674,5.94708768278971
"GENE1886",8.4662736384521,8.708493745788,8.86858926274637,8.65341733092827,8.68123949041239,8.28625376293174,9.06244559038478,8.02599096116858,8.8611333418423,8.95968486222085,8.55957587937166,9.25735517015801
"GENE1887",5.55906080693802,5.32850403016816,5.65039447043383,5.99401446746821,5.2290206892662,5.60776759123199,5.28932474144339,5.96408614432559,5.9650330283611,5.10566377367428,5.13766140803494,5.36634491221722
"GENE1888",7.12900472421512,8.568504090718,7.91171898566042,8.28654654332293,7.499769693194,7.15998720003404,6.39895930246026,7.29045025121583,7.69922032404519,7.79487704698124,7.50914474309386,7.29380180727933
"GENE1889",4.83382022495936,4.94597899121255,4.36234597151196,4.30574182321017,5.18878254774675,4.23192956916254,4.96688950493872,4.25785257813314,4.86206514454115,5.32228647894835,4.76445481120257,4.12858003749756
"GENE1890",8.13311815733484,7.97565082483437,8.68695050902793,8.33519564713868,8.72098579587895,8.4816010611511,8.32494703815947,8.17791187580067,7.96538472841608,8.14624336621761,8.02256529023918,8.50688229729117
"GENE1891",7.96714110947152,7.53967119202997,6.77163453900892,8.49596329740554,7.52999278137274,8.50104192163905,7.2550503179787,7.37694958575046,8.02488052008854,7.97880073882043,7.08064278689796,7.77039085405726
"GENE1892",4.97752596119384,5.36899923474729,4.70416965898469,4.41564925474099,5.14719229056659,4.79768253464048,5.32047101053023,5.32585270951707,4.68748146497161,5.25417383302746,3.82779185636717,4.44457474590749
"GENE1893",5.51588380404437,6.06538593363143,5.13308268451435,4.96177923278654,5.91885121189743,4.93378858587547,4.96688950493872,4.54173721909216,4.80688647693289,5.4484781145317,5.18989720613499,5.39522024645591
"GENE1894",4.57571107120738,4.76326395420319,5.05045087255743,4.83180993558511,3.95654372834274,4.23192956916254,5.38056528187997,4.54173721909216,4.30778738367409,4.42298469859371,4.68826865985232,4.44457474590749
"GENE1895",5.89518809952742,6.26354233018096,6.04135415319609,5.96613618738869,5.71720204413545,6.64244576956415,5.62103385748696,5.61880370076047,5.66180353729039,6.30662940925271,6.71781420160232,5.4781589594365
"GENE1896",8.67717664618402,9.2311335319692,9.85719408229328,10.0804693364045,9.4609442589678,9.42773658528485,9.7856643067999,9.12538029961294,8.95022333939047,9.03979460706086,8.97750180352883,8.53465863278596
"GENE1897",5.42499698288565,4.88828303784405,5.13308268451435,4.96177923278654,4.47802302603084,5.05556156577568,5.00726558384292,4.62017751094195,4.47808609970675,4.42298469859371,4.18163946874168,4.50856753718945
"GENE1898",9.86527701020436,9.48577025586436,9.53364918061666,9.71870434880823,8.56592179174453,9.5586701846987,10.3389669181299,8.93331460726435,10.2283570787914,9.90881964637863,10.0947335593987,9.75236850510498
"GENE1899",5.89518809952742,5.94162310744823,5.89372786888077,6.37722164527099,6.43950360001593,6.03227317169203,5.76002336159876,6.45148769049244,5.8468219741038,5.69438237210904,5.7913210827584,5.45109849932398
"GENE1900",8.34210204126152,9.16247739201269,8.07824009738344,8.74424822619294,8.81886049753204,9.52426747341103,8.55678933144741,9.12814413297818,8.15159189207357,8.68858289801652,9.08623954046529,8.52237966828941
"GENE1901",9.55814741399954,9.04416395455911,9.04943453767129,9.63705031250906,9.86427858413821,9.82205050295893,9.74464851097794,8.94276577844936,9.28008744363806,8.58879278970268,9.02132199598301,8.85411026640667
"GENE1902",4.90791694271948,4.36428639562465,4.17928166882704,5.13317711387027,4.55277978931402,4.23192956916254,5.76002336159876,4.45651341489076,4.20811770217306,4.16519411956722,4.90264323278714,4.50856753718945
"GENE1903",8.89363778566141,9.69091625621812,9.27590811273726,9.57093487379772,9.25758421785197,8.31217133651338,9.29103305280954,9.41512763937997,9.68856643757141,9.42319409851771,9.94879899826509,9.29391534317327
"GENE1904",9.38885714334053,9.45959844622973,8.54945789281076,9.55049439902974,9.06517633921789,8.60650994134463,8.85176336499196,8.60456805449773,8.79128326429629,8.77056725577996,9.04110602826063,8.62643013663597
"GENE1905",6.21777374952482,6.22188729485079,6.17466666484704,6.22238843327479,5.74411748646959,5.95732614876197,5.59639087775452,5.91231010814563,6.35677965584575,5.96465416034047,5.85424719616166,6.32431190112757
"GENE1906",5.55906080693802,4.94597899121255,5.50979240942014,5.02168626161896,4.91459706087536,5.13035330148718,5.51957478753055,5.36630838281794,5.68984767667298,5.06554210962677,4.83567457393778,5.65339062366611
"GENE1907",5.51588380404437,5.000948680323,5.2474390419342,5.07871890811883,4.47802302603084,5.16609490762959,4.13488263429582,4.36276907375499,4.47808609970675,5.18214848822356,5.18989720613499,4.87026432960211
"GENE1908",7.61333637401274,6.65487586115391,7.34124613603305,6.79142519815636,7.32108739685644,7.5389901131629,6.93385941508645,6.35908197462979,7.388817724827,7.51063530864436,7.35912517723518,6.38061463797307
"GENE1909",6.5430012826021,6.65487586115391,6.00077224331542,5.84856185472356,6.74239902862789,6.88049097459827,6.70830798260403,6.06211689030952,6.35677965584575,5.47818778485135,6.71781420160232,6.38061463797307
"GENE1910",9.73003535657972,9.53673067793624,9.73422750192503,9.83968803718809,9.69173950951981,9.76560491750091,9.6899406301132,10.1273490403802,9.74586569072415,10.2854828829222,9.59451666185393,9.21984383206987
"GENE1911",4.83382022495936,5.44634641097134,5.2104797339222,4.83180993558511,5.63304574559507,5.23461658439802,5.49293693774556,5.65121746472458,5.14728546522591,5.14450255679525,4.68826865985232,5.33680315109659
"GENE1912",4.75447897304764,4.25922592582695,5.0924714955971,4.68473034113011,4.39688560685022,5.05556156577568,4.0296868369848,4.76123395654334,4.30778738367409,4.79100537130028,4.18163946874168,5.14335227951321
"GENE1913",6.75444994198908,6.70071637702235,7.17243848771342,7.32000686468102,7.08661475461288,7.31502098533855,7.27010944941662,6.60390115791057,6.7935416806508,6.5678699365667,7.46086240789905,7.18071544607529
"GENE1914",5.16477571414311,4.94597899121255,5.9800226195781,5.49997071347815,5.44673993994446,5.44878424431868,4.96688950493872,6.03825668873266,5.10423357161015,5.25417383302746,5.50511782417126,5.86946883702259
"GENE1915",4.66889628332048,5.80552563371466,4.81438547614811,5.28343957432089,5.18878254774675,4.84489329067828,5.00726558384292,4.94373409540296,4.86206514454115,5.4484781145317,5.65589826360468,4.44457474590749
"GENE1916",5.37704373556169,6.06538593363143,5.00690280338359,5.65050799972721,6.35664904421004,5.74968320042272,5.25739083816715,6.06211689030952,5.82189509075368,5.41807173488789,4.96591931636746,6.07315632457102
"GENE1917",6.24368654132521,6.6703216402367,5.56784334996378,5.90861586733418,6.1549773421257,6.48030643752507,6.61649441385558,5.98925762661564,5.91897068972772,6.00490842506876,6.48463910885948,6.2505852324348
"GENE1918",9.00573798443168,9.47927169716841,8.95148844632285,9.18248869926309,9.07031311034314,8.59147589271489,8.12065634281947,9.28991346220603,8.74704664907975,9.17493879790961,8.99451372302577,9.42495861800309
"GENE1919",5.47123394390682,4.76326395420319,4.36234597151196,4.30574182321017,5.01315373799188,5.47665968096879,4.13488263429582,5.44358190719965,4.09375320931323,4.73801220112087,5.50511782417126,5.0339082578499
"GENE1920",3.85356290445134,4.45815638711915,5.2104797339222,4.76074593408714,4.80680779414595,4.58511941354377,4.6350661880597,4.54173721909216,5.14728546522591,4.16519411956722,3.33339683403742,4.77874383137617
"GENE1921",4.22498275163827,4.54349182563741,4.06851441067084,4.83180993558511,4.74874735738108,4.64241390252082,4.8816839009191,4.45651341489076,4.20811770217306,3.92558082013892,4.51688249385809,4.99509121545252
"GENE1922",9.69587562626295,10.57726890974,10.0767335832756,9.86197594888851,9.79306674748988,9.2985984564604,9.40412254389288,9.54901339937717,9.38481939053761,10.0074784620009,9.98838890008809,10.3510878495584
"GENE1923",8.33619529415911,8.13866892724733,8.39362234344642,7.62025925976358,8.44056387032495,7.80231504596546,7.87758706414974,7.41377786187105,7.05584843127826,8.08342151354061,8.08749654135897,7.97367180877726
"GENE1924",9.59321353255395,9.32835203101208,8.58675511557181,8.51015438578949,9.18840501701199,9.30965979797599,9.40921208462932,8.73723980451742,8.59845719472944,9.43401344442172,7.98215138395815,8.71540354606986
"GENE1925",6.08041492233309,5.88880650063069,6.13787023893301,5.45947522938127,5.44673993994446,5.20082860798237,5.84528873359858,6.15363563279657,5.66180353729039,6.39921890917909,5.50511782417126,5.86946883702259
"GENE1926",4.3577216136768,4.69499358436409,5.13308268451435,3.82642089610471,4.74874735738108,4.23192956916254,4.74050856541936,4.76123395654334,4.3969446041571,4.6822891391766,4.76445481120257,4.77874383137617
"GENE1927",9.2544807534779,10.3408883091154,9.29241391890882,9.31227480195388,9.80389817941353,9.17702351926097,9.31292397607252,9.63701178262417,9.59187197975484,9.60651335909449,9.56293881482672,9.49728452804572
"GENE1928",5.82741119739648,6.36254330424983,6.55390920437292,6.88213023972817,6.93626340191311,6.95803073316249,6.4263682738561,5.77353483694339,6.72949450713945,6.50003809042682,6.18090827777129,6.0025396791975
"GENE1929",4.57571107120738,5.28667684964983,5.13308268451435,4.96177923278654,5.44673993994446,6.15435138174398,5.00726558384292,4.69304720704209,5.34262576431803,4.79100537130028,5.02594913526056,4.87026432960211
"GENE1930",7.28487143651351,6.5248243545699,7.34124613603305,7.44380075107211,6.89022005864387,6.17094378821729,7.62635512981927,6.57142739792876,6.85482252612631,6.9985250510278,6.79816884821722,6.43474189118222
"GENE1931",7.49082860194729,7.42677708570133,7.52761576735997,6.82230835009718,7.41321251502623,7.2550090379016,6.59257793511579,7.80857899946252,7.34695368529996,6.90769919363076,6.90353150003171,7.30822632724449
"GENE1932",5.92785141446124,6.13463400001752,5.77754490372973,6.45856803913137,4.91459706087536,6.31198565065982,5.84528873359858,5.68286062317584,5.10423357161015,5.47818778485135,5.94348779339476,5.9658221520715
"GENE1933",8.5451874148304,8.33396446822357,8.71171483786003,8.3822546316268,8.75648127285868,8.43519185090649,8.65721987089573,7.66341761358831,7.67238796254341,8.66427578119332,8.85244144054244,9.11544440632062
"GENE1934",8.38850351563481,8.04191360767797,7.95907917221357,8.67876259087039,8.14657624688145,6.97677316664885,7.52344675120932,7.69364746108391,7.32123481012564,7.2893922645086,8.07474263148068,8.02683769152814
"GENE1935",8.54005888331409,8.38123985730694,8.42392064632877,8.32452590130521,7.71229887803853,7.70494335952276,7.71140678846714,8.22518564748408,8.56971393874195,8.54286279596354,8.01590800796474,7.61689892520288
"GENE1936",5.42499698288565,6.20058263512625,5.87127352691975,6.93953635294465,6.00947428197951,5.85747045082884,6.83575122170434,5.58557777829278,6.84277606691808,6.02460136057154,7.01510205007229,6.29528692106071
"GENE1937",4.4729759908335,3.80222998962402,4.58121647782981,4.89863543349259,4.55277978931402,4.79768253464048,4.45318019043714,5.14964543198099,4.20811770217306,3.75359317195248,4.68826865985232,4.99509121545252
"GENE1938",6.68116507263921,6.65487586115391,6.87464521876906,6.35612556523743,6.59185833681914,6.28185374108108,6.15788077277609,6.48681165274399,6.78096154857469,6.30662940925271,6.05408357705721,6.12384233411092
"GENE1939",5.22130398880226,5.94162310744823,6.92880318517162,6.5904972783667,6.39038072243363,6.15435138174398,6.10762767549903,6.30056273879937,6.6760872469506,6.39921890917909,5.33462522028504,5.42346148460052
"GENE1940",4.22498275163827,4.25922592582695,4.91466241217766,4.89863543349259,4.09371013024599,4.79768253464048,4.83658026738577,4.54173721909216,4.80688647693289,4.8415720392666,4.90264323278714,4.82543978751269
"GENE1941",7.30927405384068,7.37151277666106,7.68000862345063,7.49238284677187,6.72935627829843,7.58839547017555,7.06940235042649,7.07715202785638,7.02425316271516,7.37453398176934,7.09339714989876,7.35759720035385
"GENE1942",6.8070296362539,7.96947275850557,5.84844210197022,7.47314714503794,6.51774051838371,6.74470262618717,7.64377336496219,6.30056273879937,6.75546155229873,6.68231070385494,6.78245803572603,6.95142178163927
"GENE1943",5.32722718529249,5.74701329525877,6.45348432858436,6.39800474246707,5.2290206892662,6.5194126319523,6.0376476877739,6.17560013127502,6.13523133786866,6.41407245891111,5.75872401516255,6.6890825428247
"GENE1944",9.63467850038599,10.3563357934285,9.6740963802564,9.60216628021235,9.36598224911043,9.98384263428647,9.83313915309548,8.50171710293463,9.22126378387748,9.01838425190822,9.41665803819204,8.77870436145528
"GENE1945",7.49082860194729,7.64432362875429,7.90097922470514,7.76162438464264,7.93171017225445,7.1762694236578,6.56824923541444,7.42283887040303,7.29504531754328,7.9935232651277,7.80034644691032,7.30103224270847
"GENE1946",7.02955165021014,7.41771315655409,6.84113170204773,7.20798074133443,6.80587166423009,6.87049440091214,7.51715711983456,7.14455016637805,6.11507016701363,7.44777423780704,6.65007844110637,6.80603625444964
"GENE1947",7.24746884326167,6.80223881488172,6.31282238525141,6.41848425819186,6.07371995318281,6.59451181389169,6.28362171103306,6.21851323572876,6.57747844604202,6.27435136998513,6.71781420160232,6.66674049373105
"GENE1948",7.90460684922436,7.99402735703488,8.26562096083843,8.05437393268941,8.49890029650005,7.49431874666231,7.9399671418289,8.12349742337836,8.58415724696813,8.14184592260753,8.00250028370385,8.44316963552726
"GENE1949",4.66889628332048,5.65416792709915,5.0924714955971,5.41767630478048,4.8619839938629,4.89020448646291,5.963917618579,4.69304720704209,5.77061962651983,5.47818778485135,5.08309620659538,4.99509121545252
"GENE1950",6.26912592751942,5.68583791717479,6.31282238525141,5.99401446746821,5.74411748646959,5.83658902810604,6.12458224162565,6.06211689030952,5.82189509075368,5.56346401585058,5.13766140803494,5.74402639133863
"GENE1951",6.02140674109204,4.82751824920096,5.56784334996378,4.83180993558511,4.74874735738108,4.74836901933285,5.32047101053023,5.32585270951707,4.62236681307091,4.79100537130028,4.83567457393778,4.44457474590749
"GENE1952",4.75447897304764,5.2434159155023,4.96169205740668,5.49997071347815,4.30773295942769,5.60776759123199,5.38056528187997,5.80245046367133,4.80688647693289,5.32228647894835,5.37940981639276,6.15662967311256
"GENE1953",4.83382022495936,5.28667684964983,5.2104797339222,6.33470664520053,5.66169183274517,5.7040323577261,5.59639087775452,5.96408614432559,5.37831285249691,6.1902252108994,5.88464834901593,4.99509121545252
"GENE1954",8.00488758395195,8.06527189356347,7.73549778525103,8.82213036000712,8.03528353725642,7.95123454758418,7.62050175727636,7.2805083830249,7.87419905628004,7.75508902799511,7.70417179838497,7.29380180727933
"GENE1955",8.5088982541228,8.71219466621411,8.07346723771754,7.71330418853353,8.2038385565972,8.60949801699155,8.0353460242477,8.21481372940797,8.15643542196244,7.93370658850996,8.28309058980313,8.55589815335225
"GENE1956",5.86172229049857,5.55435776560309,5.17238817225744,5.45947522938127,5.41293052223172,5.16609490762959,5.4657439999289,6.08557110950421,4.80688647693289,5.50723476179113,5.58265951897939,4.12858003749756
"GENE1957",4.57571107120738,4.82751824920096,4.2758805597652,4.51374221809768,4.55277978931402,5.42029639220579,4.78958910954703,4.94373409540296,4.74882339490588,4.79100537130028,4.76445481120257,4.50856753718945
"GENE1958",8.92936946804766,9.33316520067147,9.30263491799263,8.07362547038744,8.00874229392366,9.24198198063013,8.72955769050424,9.54901339937717,9.20032945659231,9.6658460361709,9.05089715357042,9.33484459538364
"GENE1959",9.31275173826611,8.63240626749591,8.37435701091419,8.86691637801485,8.50650298361555,9.26489601634238,8.98046153957946,8.5228831334105,8.68139872124946,7.88188519743771,8.60903088838086,8.02248149787568
"GENE1960",6.85773106129181,6.40026168583849,6.82978252712813,6.41848425819186,7.1268133853913,6.79847691031913,6.84587241277564,6.17560013127502,6.51787461707585,6.5678699365667,6.65007844110637,6.6890825428247
"GENE1961",5.75606304287901,5.77658684905942,5.31824579141467,5.32977315665522,4.80680779414595,5.50395080240343,5.49293693774556,5.19608618402031,5.229117083218,4.88996318035601,5.13766140803494,6.32431190112757
"GENE1962",4.83382022495936,5.28667684964983,4.58121647782981,5.18531255928563,5.10414213213893,4.97579350093252,4.92507133570572,4.94373409540296,5.229117083218,5.14450255679525,4.18163946874168,5.36634491221722
"GENE1963",5.92785141446124,6.50769108912158,5.56784334996378,5.87892020929913,5.98737422955495,6.15435138174398,5.80332831126727,6.26014173986711,6.80601126813129,6.25792787137706,5.46455409026317,5.60565275807301
"GENE1964",6.77219393526232,7.64432362875429,7.44117603893035,7.82362246910882,6.98086377780064,7.04049555490556,6.49263775991552,7.11124884666032,6.62058470637448,6.90769919363076,7.35912517723518,7.62842379606861
"GENE1965",7.3800807660653,7.0809665385898,5.95895410833228,7.44380075107211,7.00265091959463,6.2195631912168,7.79170148660387,6.08557110950421,6.64860831169786,6.8437585720653,6.63262528795985,7.0664275182899
"GENE1966",5.27537882872743,5.65416792709915,5.17238817225744,6.02133764409921,6.13510604437463,5.13035330148718,5.43797005921605,5.14964543198099,6.45563595412749,5.53565047103937,5.13766140803494,6.21996692452865
"GENE1967",8.77644541463826,9.79050801171448,8.81531814728863,9.39867407130337,9.58992205892587,9.51951195984732,8.90077913911934,8.72633458396547,8.59845719472944,8.54951455873432,8.98092028610416,9.563163612435
"GENE1968",6.85773106129181,7.69016575706398,7.86826995990396,7.76952204502872,7.64489333207985,7.64785197197456,7.49812098354797,7.31012911988222,7.34695368529996,6.61988004660767,6.76657129043893,7.57581697890265
"GENE1969",5.60086656600879,5.28667684964983,5.17238817225744,5.18531255928563,4.80680779414595,4.69671045320522,5.15637963915766,4.99864172506497,4.91468052254992,5.69438237210904,4.68826865985232,5.10795797700064
"GENE1970",7.35686545778226,7.06941283803649,7.43373179836923,7.07367637883299,7.72540842568478,7.57620272653587,6.51829520622226,7.0303836679997,6.60636167878499,7.00826834826756,7.28334823856941,7.10830275402822
"GENE1971",9.45571267701209,10.2861015635877,9.76115678077069,10.1902320113148,9.01277613395433,9.11531814509157,9.82934752306732,9.43311787860266,9.72647559620765,9.83999080175349,9.94530448826473,10.6577588423393
"GENE1972",9.12008985404178,9.1678762719345,9.5214495647663,9.16167294965918,9.24173674417111,9.88502231582918,8.02653000793821,9.01920495002775,8.40047502133037,9.4659928084467,8.46506277795981,8.9918046133945
"GENE1973",5.22130398880226,5.83385791113941,5.17238817225744,5.23533893934653,5.30581156458017,5.83658902810604,5.69233409867065,5.71377144839768,5.41303377401106,5.92318065606637,5.61978437036428,5.10795797700064
"GENE1974",6.08041492233309,6.24287056861407,6.10006926566075,5.23533893934653,6.28664303839689,6.03227317169203,5.28932474144339,5.88566646440782,5.60387807226552,6.02460136057154,5.61978437036428,5.74402639133863
"GENE1975",5.99092554302756,6.45500288176348,6.21051244752332,6.80695076077186,4.80680779414595,5.99531121690269,6.31336025633163,5.93844328331662,6.30460552420067,6.17277142885426,6.29710676447597,5.74402639133863
"GENE1976",6.5221111146563,6.34329617584645,6.51174410997243,6.02133764409921,5.84670458080484,5.50395080240343,5.90589311944218,5.05111048996905,5.82189509075368,5.61739078218998,6.54196953764744,5.60565275807301
"GENE1977",8.58058485376594,8.73055802479688,9.31480524559636,8.97655690447662,8.68459387765379,8.9125724995963,8.94584926167706,8.56838183434025,8.99143160491103,8.21901456591129,8.11889529414245,8.45936395386753
"GENE1978",4.97752596119384,4.54349182563741,4.51367610562448,4.96177923278654,4.47802302603084,4.69671045320522,4.83658026738577,4.88610457922949,4.96499831346795,4.79100537130028,5.13766140803494,4.37586395102297
"GENE1979",5.79220833066203,5.36899923474729,4.81438547614811,5.23533893934653,5.87118104645258,4.69671045320522,5.4657439999289,5.05111048996905,4.55284654316695,5.41807173488789,5.18989720613499,5.21122135721986
"GENE1980",7.22197903561354,6.47278585795376,7.51356622993962,7.47314714503794,7.2948982456909,7.05819074028626,7.73326139426523,7.77364068936301,7.03486290137001,7.6659258667019,7.54663314423865,7.83146303546379
"GENE1981",7.43652433597219,7.49729586895031,6.97069274817836,7.36247166352785,7.31241082270103,7.45488899928275,7.38519630139165,7.42283887040303,7.24118269113498,7.2893922645086,7.49002649405954,6.73273588197011
"GENE1982",5.22130398880226,4.54349182563741,4.44108581236596,4.60282355996089,4.68740827512561,4.03380234021967,4.57805571918833,4.54173721909216,4.47808609970675,4.49450516137223,5.08309620659538,4.02417826350125
"GENE1983",4.90791694271948,4.94597899121255,4.96169205740668,4.96177923278654,4.39688560685022,4.64241390252082,4.57805571918833,5.44358190719965,4.62236681307091,4.62346344389119,4.76445481120257,4.99509121545252
"GENE1984",6.50090642001555,5.71677457354216,6.82978252712813,6.91112284203522,6.83048654886714,5.63249452458539,5.57128002485022,5.44358190719965,7.02425316271516,6.13719080183395,6.65007844110637,5.8892918708274
"GENE1985",7.69880747252517,7.93183635020681,7.18136938490921,7.6289715522373,7.35527713056505,7.066956678491,7.60872289999279,7.44968308925835,6.98100630599043,8.11068169357111,8.01590800796474,7.21175708714907
"GENE1986",6.16445238022268,5.32850403016816,5.89372786888077,5.96613618738869,6.00947428197951,6.08591904380891,6.25323544564354,5.61880370076047,5.37831285249691,5.9849289832386,5.18989720613499,6.18865938633173
"GENE1987",5.32722718529249,5.000948680323,5.67680935887743,5.71982118703818,5.30581156458017,5.91825669772306,5.92550973723047,5.58557777829278,5.71731550811546,5.59070241013539,5.24001796341339,5.80820184769705
"GENE1988",5.60086656600879,4.76326395420319,5.84844210197022,5.41767630478048,5.10414213213893,5.60776759123199,5.57128002485022,4.94373409540296,5.63315652429458,5.79059724343991,5.58265951897939,5.07150200490239
"GENE1989",6.50090642001555,5.55435776560309,6.27954638789441,6.07440786992565,6.19388547785541,5.79383509563228,5.90589311944218,6.17560013127502,5.57393739993519,5.8362460895521,6.05408357705721,5.50466855113633
"GENE1990",5.68071852918215,6.20058263512625,5.35221823605166,6.69452339024463,5.87118104645258,5.58257021384029,6.39895930246026,5.74398528177613,6.2867720367531,5.66920959612141,6.36244654342059,6.07315632457102
"GENE1991",4.065144768198,5.05347560891206,4.70416965898469,4.76074593408714,4.20806849983989,4.97579350093252,5.40958719984467,4.94373409540296,5.71731550811546,5.14450255679525,4.30837276184222,4.77874383137617
"GENE1992",10.3291292330545,9.48577025586436,9.35857105184283,9.70026724703767,8.67450719867454,9.89851474333008,9.08170203386797,9.49865041729758,9.40732067272168,9.41775383246185,9.69989278878218,8.98734611901535
"GENE1993",5.82741119739648,5.91547036063218,5.44904465981825,6.07440786992565,5.66169183274517,5.36135958543197,4.96688950493872,5.74398528177613,5.05959906130947,4.8415720392666,4.83567457393778,5.55612909748223
"GENE1994",7.41421305340226,7.39941142994642,6.74769120048147,7.1725867468328,7.35527713056505,6.60664866537929,7.28501169439461,5.68286062317584,6.92503312886489,7.45489649218095,7.56501618522785,6.05583879279751
"GENE1995",8.0845994940438,7.89970214434721,7.97963760580792,8.61454338837133,8.17549217597998,8.84320207149212,8.4974588315719,8.21481372940797,8.31644151976071,8.12857238384615,7.39041211706793,8.88079963608281
"GENE1996",9.17403512992396,8.82586867047639,9.52843340543343,8.33519564713868,9.66991443391316,8.88571659847813,9.25944073742693,9.2549387380069,8.79439166615497,9.64892035169349,9.63412654490299,8.84428118938425
"GENE1997",6.84103087243765,6.5248243545699,6.34532417802652,6.45856803913137,6.86662706500915,6.81942866563602,6.0376476877739,6.28049863983408,6.81837226734115,6.58105323993821,6.25178417146971,6.38061463797307
"GENE1998",9.55560976104315,9.76935781247407,9.11122001846415,10.022288177241,9.73926789843284,9.35663536142589,8.80360177979704,9.72725672651834,9.65818734823868,9.75913431996354,9.16648526146836,9.05494955720464
"GENE1999",4.57571107120738,5.000948680323,5.13308268451435,4.60282355996089,4.68740827512561,4.89020448646291,4.45318019043714,5.77353483694339,4.68748146497161,4.34542727297923,4.51688249385809,4.21973032357518
"GENE2000",7.27251225523492,7.98792789969623,6.98097537909333,6.91112284203522,7.16591114265161,7.44821061683842,6.71937689333497,7.82231986242886,6.40707861077434,7.21575366608579,7.11856893101818,6.95142178163927
"GENE2001",5.32722718529249,6.1119346667448,5.41757085400705,5.68561402859022,5.74411748646959,5.33084216030771,5.86579180112308,5.28406706308717,4.47808609970675,5.41807173488789,5.82314965918915,5.74402639133863
"GENE2002",7.35686545778226,7.81951603150273,8.24030013051505,7.58487132516992,7.95414362164459,8.20952402068826,7.52970891736584,7.97771352906611,7.95429780457676,8.03680764400944,7.53735251237758,7.83146303546379
"GENE2003",8.26956960592635,9.43294286815663,9.32286210361517,8.99348527499956,9.49189580037976,9.25729839241195,9.23862351395122,8.44961244560458,9.42747610619646,8.58556019666136,8.7992120846697,9.24620387807866
"GENE2004",8.84040947314889,9.25415737478286,9.49495475168529,9.03659069179492,8.96393010062528,8.51704458392453,9.38185790498687,8.91742363076807,8.67128839643269,7.95392321650865,8.76788870160332,8.99402870022952
"GENE2005",8.77207849049105,8.2293264561535,8.92526410647466,8.93859958026309,8.25439999442464,8.02477035944402,8.32494703815947,7.44968308925835,8.46434067894697,8.05095108133582,8.48446801514132,8.03118073219638
"GENE2006",8.00488758395195,8.03601428770517,7.73549778525103,7.36247166352785,7.36369849435266,6.93903829477569,7.51715711983456,7.44079077483173,7.59590314418926,8.26016321236488,6.54196953764744,7.30822632724449
"GENE2007",6.34277418117912,5.86161000924083,6.24545713501497,6.39800474246707,5.18878254774675,6.65417944523995,6.95269444975136,5.58557777829278,6.60636167878499,6.85461709111352,6.3192277818942,6.21996692452865
"GENE2008",9.09234092461693,9.02048411271668,9.1297102535853,8.89241299190947,8.37146043889762,8.9125724995963,9.52313775918334,8.87526803557106,8.40047502133037,9.3957851784882,8.67806432509355,8.60621254854053
"GENE2009",7.68024880944429,7.81262743988372,7.46327951822329,7.12398795478284,7.66544935310453,8.07323002879912,6.45325224434853,7.2297353371264,7.49991929503963,7.22412551488286,7.38005889782184,7.39184805994009
"GENE2010",8.94108587125395,9.16247739201269,8.64898725595837,8.29203389056684,8.56227905953002,8.46189421665951,8.66007029247471,8.24060472775451,7.83241130049605,7.7318482167867,7.94758331130798,8.21417580906631
"GENE2011",7.05868126447763,7.58083036632778,7.25087593072797,7.46343162450534,7.57416577701276,6.73369863915588,6.98963315247553,6.89324395568518,7.65878135429397,7.13811455152016,7.20333200667251,7.39184805994009
"GENE2012",8.4824060430125,8.81558457550503,8.95667654600005,8.51015438578949,9.05225376201034,8.6907431767386,7.4526949942681,7.97771352906611,8.59489549208192,8.77908090636998,8.55957587937166,9.07399690027318
"GENE2013",9.00201413442202,9.35935423821381,9.79340183708826,8.91035262750659,10.0249932034241,8.91498931450291,8.92704383893213,9.25746526189071,9.4611067894951,8.95968486222085,9.31199452713929,8.97163189296051
"GENE2014",4.4729759908335,3.80222998962402,4.76066784415556,4.41564925474099,5.05950945094439,4.84489329067828,4.0296868369848,4.82541118637765,4.47808609970675,5.21868168702726,4.18163946874168,4.77874383137617
"GENE2015",6.69984486076188,6.45500288176348,7.15440743502933,7.16059119530326,7.06608267457419,7.71052960226473,7.24746087171484,7.13353580048458,7.58154801019905,6.27435136998513,6.8442841935716,7.30103224270847
"GENE2016",6.21777374952482,5.40825302561207,5.35221823605166,4.76074593408714,5.77050451575007,4.97579350093252,5.38056528187997,6.21851323572876,6.33960367635682,6.13719080183395,5.42268344439262,5.53065117136758
"GENE2017",6.02140674109204,6.80223881488172,5.89372786888077,5.81750875605802,5.57382857406539,5.77193994438372,6.83575122170434,5.96408614432559,5.51193366996622,5.90196191531523,5.24001796341339,5.60565275807301
"GENE2018",9.65852414177459,9.25415737478286,10.0956636620845,9.14661838589615,9.41928531160564,9.83741636747416,9.5647825215324,10.2541834959743,9.97263592172168,9.68559635088915,9.55608123072219,9.08238227534358
"GENE2019",6.36648584319312,5.44634641097134,6.21051244752332,6.31295454149413,5.54319346808701,6.05038817813045,5.86579180112308,5.96408614432559,5.57393739993519,5.8362460895521,6.46499790961624,5.10795797700064
"GENE2020",4.83382022495936,5.68583791717479,6.55390920437292,5.61445084273423,5.41293052223172,5.60776759123199,5.82447103745129,6.01397554615519,5.14728546522591,5.79059724343991,5.88464834901593,6.14033302751171
"GENE2021",6.47937734615328,5.2434159155023,5.87127352691975,6.43866916628439,6.47132260101465,5.97645027083461,6.28362171103306,6.21851323572876,6.30460552420067,6.17277142885426,5.33462522028504,6.52471847146242
"GENE2022",7.3800807660653,7.28439879042342,7.67370868144271,7.78518829341729,7.88576503970507,7.64201594503323,6.64001268727812,7.8627712854961,6.84277606691808,7.57739368170751,7.60109033082577,7.61689892520288
"GENE2023",6.02140674109204,6.60749939839222,6.31282238525141,6.29085839056383,6.45550316620957,5.95732614876197,5.80332831126727,6.52127026348588,6.13523133786866,5.85850633439521,6.25178417146971,6.18865938633173
"GENE2024",7.76193673100303,7.61292812048074,7.6353171615808,6.99471665039223,6.84263582363192,7.30765570667542,7.80723558162459,7.31012911988222,7.19469354872249,7.51745272792899,6.79816884821722,7.54573539493925
"GENE2025",8.75889775750431,8.75587984041251,8.7055635399878,8.57908564439791,8.5911662350222,8.8150089810875,8.31774197974687,8.51867473444099,8.80983390120273,8.52609776144378,8.78363549100846,8.78128250085351
"GENE2026",5.99092554302756,6.5584781665864,6.10006926566075,5.32977315665522,6.1549773421257,6.2195631912168,6.29857016310033,6.32034259917405,5.66180353729039,5.47818778485135,6.59705860858873,6.20440131244626
"GENE2027",6.75444994198908,7.33344840311817,7.24237018199623,8.56102406216687,7.16591114265161,7.80231504596546,7.67234213769157,7.91499430230909,8.0354384082269,8.06030337167822,8.38471661178394,8.00933319381455
"GENE2028",5.92785141446124,6.01721052143199,6.22809448830563,6.74380224682556,5.54319346808701,6.90027570910795,6.22217161717912,5.51650434151614,6.21306542610004,5.56346401585058,6.36244654342059,6.8757364769821
"GENE2029",4.22498275163827,4.69499358436409,4.36234597151196,4.68473034113011,4.74874735738108,5.20082860798237,5.1207860294374,5.40552449164539,5.26809996594856,4.34542727297923,4.41855260472085,5.36634491221722
"GENE2030",7.19602647993332,8.64794858483394,7.90635913416766,9.19424986297514,8.49508385231097,8.95546705713327,8.30686633408306,8.08983285454436,8.48757860403268,7.40428089935355,8.11889529414245,8.40019189127792
"GENE2031",7.42541212239543,6.82995896121927,7.48504730377809,7.77737652408889,7.42130097632444,7.82308531257036,6.96201933661966,7.09997351465337,8.15643542196244,7.61600666209712,8.4304615137574,7.29380180727933
"GENE2032",5.64139193388158,5.000948680323,5.2104797339222,5.18531255928563,5.34252507624925,5.16609490762959,5.64522737225206,5.55149445800918,5.14728546522591,5.64355255347913,4.68826865985232,5.07150200490239
"GENE2033",9.52480444159899,8.93756497700055,9.16823189427982,9.33103947340744,9.62175387076385,9.0552417895878,9.21362747244404,9.03106767616302,9.1885665834784,9.19839758626522,9.09572988195622,9.24246753333485
"GENE2034",5.51588380404437,5.55435776560309,4.58121647782981,4.96177923278654,4.91459706087536,5.36135958543197,4.83658026738577,5.61880370076047,5.14728546522591,4.34542727297923,5.37940981639276,5.30655988068131
"GENE2035",7.14266302429513,8.38588314193195,8.2317599018685,8.01508025249495,8.03528353725642,8.20952402068826,8.14529333541694,7.56052749575098,7.75142620142335,8.14624336621761,8.41030961463601,8.68818490236974
"GENE2036",5.86172229049857,6.08885644940613,5.9375562490368,5.65050799972721,6.71619235027635,7.35843409314265,6.22217161717912,6.57142739792876,6.4234517348088,6.69447286788744,6.54196953764744,6.8561685958852
"GENE2037",5.47123394390682,6.06538593363143,6.32916773000447,5.18531255928563,5.10414213213893,5.20082860798237,5.4657439999289,6.13131743558802,5.37831285249691,5.71909005679616,5.61978437036428,5.84935245414932
"GENE2038",7.14266302429513,6.87055047230769,6.53999390376011,6.69452339024463,6.42331964254991,7.23183915265191,6.37100382298544,6.72681208464367,6.59199393845749,7.1731426749184,6.8442841935716,6.52471847146242
"GENE2039",6.58387521906872,7.15932508488617,6.73556615912755,6.49754010405531,6.63452952699362,6.5194126319523,6.90513104921066,6.01397554615519,6.66241451073872,6.20746235163936,7.1060385296162,6.63255143846491
"GENE2040",8.3479846569378,8.58070364171161,9.25500655392697,9.24884151960606,9.83138257726499,8.92701297737245,7.51715711983456,8.92061587189903,8.69476974393495,9.41046807075843,8.95681889823091,8.7631379135969
"GENE2041",5.89518809952742,4.82751824920096,5.41757085400705,5.32977315665522,5.63304574559507,5.47665968096879,4.8816839009191,5.65121746472458,5.10423357161015,5.71909005679616,5.82314965918915,5.17775300157529
"GENE2042",9.43928711667635,9.92409844324369,9.55774311160618,10.1287555331531,9.44521575662059,9.9370627085204,10.0549896393358,9.01920495002775,9.24417313839262,9.9036401714645,9.83443909679947,9.4397169030671
"GENE2043",5.55906080693802,5.36899923474729,5.65039447043383,5.78572635842586,5.10414213213893,5.16609490762959,5.2246232706067,5.48055331725275,4.86206514454115,5.71909005679616,5.72531788539003,5.86946883702259
"GENE2044",5.16477571414311,5.65416792709915,5.2474390419342,5.07871890811883,4.39688560685022,4.31465226204918,5.15637963915766,5.05111048996905,5.51193366996622,5.21868168702726,4.30837276184222,4.82543978751269
"GENE2045",5.86172229049857,5.88880650063069,6.42342307231612,5.53924841248507,6.21293819277411,6.18734008926068,5.78184960161745,5.80245046367133,6.13523133786866,6.29058370313366,5.7913210827584,6.6209688206372
"GENE2046",6.19136894900477,5.28667684964983,5.62344470315804,6.55404669454595,5.54319346808701,6.26654022089357,5.54568165838144,5.61880370076047,6.09461072066725,5.47818778485135,5.42268344439262,5.62973620989044
"GENE2047",8.46085576631615,8.32432023940439,8.17942626153515,8.47682171154552,7.499769693194,7.78124012127407,7.63799074149337,8.24060472775451,7.8564385810798,8.12412052203089,8.31053740977475,8.30660917706146
"GENE2048",5.10552670264911,5.10379764560079,5.31824579141467,5.37447816482985,4.80680779414595,5.63249452458539,4.74050856541936,4.82541118637765,4.80688647693289,5.85850633439521,4.76445481120257,5.4781589594365
"GENE2049",6.99981439278922,7.0809665385898,6.60823688465687,7.14849405573179,7.44529595457347,7.81273770780753,6.8559220097098,6.82625169736574,7.388817724827,6.47196308846199,6.91796548739898,6.67795561388007
"GENE2050",5.10552670264911,5.36899923474729,4.81438547614811,4.76074593408714,4.39688560685022,5.72705190699482,4.38398277762959,4.69304720704209,4.86206514454115,5.47818778485135,4.76445481120257,4.91338726221614
"GENE2051",6.08041492233309,4.69499358436409,5.31824579141467,4.68473034113011,4.74874735738108,5.29957473473025,5.04631054532115,5.36630838281794,4.68748146497161,5.25417383302746,4.606173645641,5.36634491221722
"GENE2052",4.57571107120738,5.32850403016816,5.2104797339222,4.60282355996089,5.05950945094439,4.45960574336212,4.83658026738577,5.14964543198099,5.14728546522591,4.49450516137223,4.96591931636746,5.17775300157529
"GENE2053",6.71828140023147,7.10379701269371,6.66055173926015,6.02133764409921,6.71619235027635,6.85028782472227,7.1852498093578,6.86682477724643,6.40707861077434,5.9849289832386,6.18090827777129,6.2505852324348
"GENE2054",5.16477571414311,5.83385791113941,6.02121292990129,5.23533893934653,5.26800207479775,5.85747045082884,5.43797005921605,6.03825668873266,5.71731550811546,5.66920959612141,4.76445481120257,4.44457474590749
"GENE2055",8.0916317079161,7.38087284055155,7.40356193306037,7.53937248334071,6.62044854148035,7.77592272875431,6.66314605518408,6.95722173331582,7.85046931517638,7.70225813673187,7.08064278689796,8.16760702836554
"GENE2056",5.47123394390682,5.36899923474729,5.95895410833228,5.68561402859022,4.96491268069176,5.42029639220579,5.19097146363657,5.77353483694339,4.91468052254992,5.4484781145317,5.13766140803494,4.77874383137617
"GENE2057",8.14668536194541,8.31461097667618,8.10186974137195,7.78518829341729,7.98715092431871,8.04700005167454,8.12065634281947,7.37694958575046,7.75782050479916,8.39557254529387,8.34279752286674,7.73885276315956
"GENE2058",7.02955165021014,6.34329617584645,6.67333348395195,7.14849405573179,6.84263582363192,6.65417944523995,5.57128002485022,6.78448523457555,6.81837226734115,6.20746235163936,6.13156456906103,6.94217836465433
"GENE2059",8.97187188055601,8.67095216760483,8.69006942478375,9.31227480195388,8.40031746383234,8.93893717611562,8.95051253248971,8.15639236188639,8.54408439202798,7.88188519743771,8.69481800867935,8.80681336714245
"GENE2060",3.85356290445134,5.15211675089249,4.58121647782981,4.0273271381528,5.63304574559507,4.93378858587547,4.92507133570572,4.94373409540296,4.91468052254992,4.88996318035601,4.41855260472085,5.33680315109659
"GENE2061",6.02140674109204,5.88880650063069,5.17238817225744,5.23533893934653,5.74411748646959,4.84489329067828,5.04631054532115,4.76123395654334,5.34262576431803,4.79100537130028,5.08309620659538,4.12858003749756
"GENE2062",10.2115576054063,10.0390130213028,10.5445526770067,9.68992164735552,10.2700805645266,9.14031808197691,9.35573337017526,9.89076489144104,9.68354748523993,9.46071191936396,9.39632425079394,9.36092503919663
"GENE2063",9.88562404847128,9.41942800934784,9.67094410606105,9.6348946064965,9.77745079453294,9.8207625943292,9.81408053525317,9.42864131557208,9.89515829518994,9.72283397111478,9.13307860548142,9.67132482321216
"GENE2064",5.04323840081973,5.4833522013719,6.27954638789441,6.22238843327479,5.44673993994446,5.8982945785359,5.38056528187997,5.65121746472458,6.15510313840404,5.02403580464725,5.94348779339476,6.26564559382991
"GENE2065",7.12900472421512,7.12626803727065,6.87464521876906,7.19627987557019,7.83225822047092,6.9294461938544,6.81528986069787,7.82914133252414,7.61717011270741,7.56428825890714,7.65355615144875,6.98780684525357
"GENE2066",5.32722718529249,4.76326395420319,4.51367610562448,4.41564925474099,4.39688560685022,4.45960574336212,4.45318019043714,4.36276907375499,4.47808609970675,4.26028533421001,4.68826865985232,4.9549542106143
"GENE2067",6.02140674109204,5.2434159155023,6.04135415319609,5.61445084273423,5.41293052223172,6.0682680412696,5.78184960161745,6.06211689030952,5.26809996594856,5.53565047103937,5.08309620659538,5.30655988068131
"GENE2068",4.4729759908335,4.82751824920096,5.17238817225744,5.61445084273423,5.14719229056659,5.23461658439802,4.96688950493872,5.05111048996905,5.229117083218,5.06554210962677,5.02594913526056,5.36634491221722
"GENE2069",9.13716558015608,8.51016568237849,9.72057193475334,8.7680579467318,8.88157693159449,8.69918239375944,8.83168060433283,9.52195197233889,9.4394355184741,9.43401344442172,9.08623954046529,8.77353420504493
"GENE2070",9.11665030518783,7.42677708570133,8.39362234344642,8.04139493841454,8.49890029650005,8.54228473050352,8.97817973133252,8.40470405135516,8.31644151976071,8.84273326698804,8.92877180812444,9.03132244470284
"GENE2071",8.64887287985638,8.89587319386138,9.05186051670245,9.49690213809281,9.47843616637329,8.68225424341096,8.92230389783047,8.94903230764814,8.21332089228643,8.95217648028085,8.23232782331053,8.06968908518637
"GENE2072",4.83382022495936,6.15696716394997,5.89372786888077,6.19879571503144,4.96491268069176,5.55688262416421,5.82447103745129,5.19608618402031,5.44684439577657,6.1006717282986,4.83567457393778,5.67663210729273
"GENE2073",6.05122677290855,6.26354233018096,6.53999390376011,6.12551183168539,6.95873821207038,6.71143092092651,6.19039820223215,6.7414518241806,5.91897068972772,6.02460136057154,6.54196953764744,6.32431190112757
"GENE2074",5.89518809952742,5.28667684964983,5.53913863910085,5.57738529836157,5.5118269454012,6.0682680412696,5.15637963915766,5.44358190719965,5.41303377401106,4.26028533421001,5.08309620659538,5.33680315109659
"GENE2075",5.37704373556169,5.05347560891206,5.0924714955971,5.78572635842586,5.26800207479775,5.74968320042272,5.40958719984467,5.65121746472458,5.37831285249691,6.04401625508699,5.65589826360468,6.09025914343158
"GENE2076",9.18721187380655,8.6633250389505,8.69006942478375,8.19577912388137,9.31063300784869,9.59979997622647,8.83168060433283,8.03191327556183,9.00491001227244,8.68254445115447,8.49885228391308,9.07189291360669
"GENE2077",6.85773106129181,5.99247478376178,7.69252617895393,7.27624352094072,7.2501553597984,7.27780953224929,7.20889737085065,6.13131743558802,6.81837226734115,6.87608834340815,6.71781420160232,7.34366412467535
"GENE2078",3.33339683403742,4.36428639562465,4.2758805597652,5.13317711387027,4.55277978931402,4.03380234021967,4.57805571918833,4.36276907375499,4.30778738367409,5.02403580464725,4.18163946874168,4.12858003749756
"GENE2079",5.27537882872743,5.83385791113941,5.31824579141467,6.02133764409921,5.94207570761707,5.55688262416421,5.19097146363657,5.83076037857321,5.05959906130947,5.47818778485135,5.13766140803494,5.33680315109659
"GENE2080",4.66889628332048,3.99357332622189,4.2758805597652,4.30574182321017,4.20806849983989,4.45960574336212,3.33339683403742,4.45651341489076,5.01324141627604,4.79100537130028,4.90264323278714,4.21973032357518
"GENE2081",9.92351006947381,10.363409988769,10.1155083320614,10.7757630250004,10.0794944005516,10.6958479526232,9.97029866101964,9.817331580658,9.35776622704755,10.4030086991326,9.16046861458879,10.3406428126096
"GENE2082",7.04419083872118,6.20058263512625,7.34918553831732,6.45856803913137,6.19388547785541,6.64244576956415,6.51829520622226,6.41525260611602,6.30460552420067,6.83281641753557,6.42487224659314,5.9658221520715
"GENE2083",6.43530421096138,7.33344840311817,7.33326245720072,7.02152542511064,7.47667681450587,6.59451181389169,7.31435847047615,6.19722237288945,6.98100630599043,6.29058370313366,6.48463910885948,6.60929045538049
"GENE2084",7.68955812547904,7.29434413493732,7.90635913416766,7.04783928646565,8.29887298932313,7.47473944166444,8.11650885264748,7.67861209866936,7.8859186144527,7.45489649218095,7.40069103688959,7.46443575148366
"GENE2085",6.45751355912046,7.86016821843869,7.08944308260774,7.24251942933045,6.2685791050512,6.9674327831867,6.35681404605831,6.93197472332696,6.95888038687475,6.44331602302829,6.42487224659314,6.5122116535806
"GENE2086",7.65195310379904,7.46247012773557,8.3390162673401,8.02829777109077,7.53745006626565,7.68237849426265,6.82555739321178,7.62471251149642,7.99273374461147,6.86539326232129,7.89048532910429,7.29380180727933
"GENE2087",6.60387654406407,6.26354233018096,7.1176476865719,6.75985491690651,6.83048654886714,6.81942866563602,6.74125858856918,7.01844790449836,6.30460552420067,6.91808192485951,7.4706498466063,7.09169982989027
"GENE2088",7.39154880374634,8.29992320348638,7.94868867576822,7.68016317976895,7.63797538505582,7.40747319245043,7.74406523906299,7.69364746108391,7.86830324874536,8.10165223271097,7.4510076739116,7.90905378309309
"GENE2089",8.30023672118514,7.47125620284685,8.8931518423977,7.67175700984915,7.30368132394364,8.36971612198775,7.83780886285898,7.74506506267508,7.8564385810798,7.80047215382056,8.04889051702007,8.22179286447316
"GENE2090",4.4729759908335,4.54349182563741,5.13308268451435,4.51374221809768,4.09371013024599,4.93378858587547,4.45318019043714,4.54173721909216,4.47808609970675,4.05619041015447,4.51688249385809,4.67889886967609
"GENE2091",7.83922818938625,8.27009034206752,8.81531814728863,8.5655607306089,8.00337476356376,8.62138873201483,8.32853609185793,8.67432306334141,8.21332089228643,9.00393196020335,8.45526123172403,7.39184805994009
"GENE2092",9.08883445223604,9.06746111827058,8.9436711169557,9.40121310388667,9.3407001623759,8.98106557852218,9.17629718947363,8.47155222970654,8.68475312666247,9.28261909502691,10.0836505737941,9.78612094099487
"GENE2093",9.29460350000291,9.18927187329677,9.20792795365078,9.14358851756865,8.96116728685754,8.8020093283263,9.5647825215324,9.09744658987003,8.65427859582178,8.70058440519501,9.3678887192889,8.77353420504493
"GENE2094",5.64139193388158,5.32850403016816,6.48291585138621,4.96177923278654,5.60376825248473,5.36135958543197,5.66898870327044,6.26014173986711,5.01324141627604,5.56346401585058,5.7913210827584,5.67663210729273
"GENE2095",7.78816526327183,6.57500853115782,7.04115992154481,6.99471665039223,7.53745006626565,7.01353406952722,7.27010944941662,7.27049694146321,7.56704779325245,7.84987126019598,7.34854242241547,7.14898441298898
"GENE2096",4.66889628332048,5.32850403016816,4.2758805597652,4.41564925474099,4.55277978931402,4.97579350093252,4.8816839009191,4.94373409540296,4.96499831346795,4.62346344389119,4.606173645641,5.14335227951321
"GENE2097",6.58387521906872,7.53967119202997,6.80680839617248,7.69682929508737,7.71229887803853,7.23960423647,7.01672189474449,6.91918126469472,5.63315652429458,5.69438237210904,6.98801811246797,7.08332536597988
"GENE2098",5.42499698288565,5.44634641097134,5.80159265148916,5.65050799972721,5.66169183274517,5.77193994438372,4.74050856541936,5.77353483694339,5.82189509075368,5.74335064878276,5.61978437036428,5.4781589594365
"GENE2099",6.13700302636241,5.2434159155023,5.31824579141467,5.84856185472356,6.17456778079026,6.08591904380891,6.51829520622226,5.51650434151614,5.71731550811546,5.92318065606637,6.40437097453878,6.0025396791975
"GENE2100",7.32132106802785,8.11648136971542,7.08944308260774,7.60267437898856,8.0716373019384,7.68805304259286,7.30707800694993,7.51890283102636,7.57431622116755,7.60964289037929,7.88318595084042,8.00050040359687
"GENE2101",6.56358632495771,7.58892237011276,6.87464521876906,6.72756568776119,6.80587166423009,6.341481330542,7.27010944941662,7.91499430230909,7.30382851090585,6.7421031059059,6.90353150003171,6.73273588197011
"GENE2102",5.27537882872743,5.91547036063218,5.41757085400705,5.93767861405064,5.57382857406539,6.03227317169203,5.19097146363657,6.17560013127502,5.74423178720393,5.38693173058729,4.90264323278714,5.55612909748223
"GENE2103",4.83382022495936,4.54349182563741,4.2758805597652,4.41564925474099,4.6222967045272,4.84489329067828,4.45318019043714,4.94373409540296,4.68748146497161,5.02403580464725,4.68826865985232,4.02417826350125
"GENE2104",9.77217434953532,9.93995973494785,9.50029279816608,10.3707486360553,10.1258584368627,10.486833439362,9.82427646144785,10.4234501809771,9.78075099754468,9.48692508198922,10.3205645077266,9.65595988111012
"GENE2105",5.16477571414311,5.28667684964983,6.02121292990129,5.07871890811883,5.63304574559507,4.97579350093252,5.00726558384292,5.51650434151614,4.91468052254992,4.56106826899732,5.18989720613499,5.53065117136758
"GENE2106",4.3577216136768,4.25922592582695,4.2758805597652,5.53924841248507,5.91885121189743,4.74836901933285,4.22671357212381,4.76123395654334,4.3969446041571,4.98102908982467,4.83567457393778,5.21122135721986
"GENE2107",5.89518809952742,6.1119346667448,5.13308268451435,5.28343957432089,5.34252507624925,5.91825669772306,4.92507133570572,5.36630838281794,6.05275918502935,5.10566377367428,5.37940981639276,5.65339062366611
"GENE2108",5.92785141446124,6.49034672287909,6.51174410997243,5.87892020929913,7.55959206899487,6.63061388309502,6.70830798260403,6.88009573261484,6.86676771823654,5.85850633439521,5.75872401516255,6.67795561388007
"GENE2109",7.77073289017705,7.0924274318274,7.25933138956336,6.89670041949108,7.95414362164459,7.27780953224929,7.58487109961494,7.09997351465337,7.12695813195442,7.38948466433328,7.44108470664426,7.10002543496532
"GENE2110",6.38980265357328,7.36209113116368,6.84113170204773,6.91112284203522,7.01342082508696,6.48030643752507,5.51957478753055,6.57142739792876,6.30460552420067,7.19886142146149,6.93225451287569,6.83632749118693
"GENE2111",5.42499698288565,5.36899923474729,4.91466241217766,5.57738529836157,5.47968994220484,6.15435138174398,5.00726558384292,5.40552449164539,4.68748146497161,5.50723476179113,5.69105863050171,6.42140460861702
"GENE2112",9.4773263898759,8.44492178384401,9.25078963676479,8.57459143288705,8.53280077803271,9.52900735716374,8.9031867135504,9.21129632226048,10.0185296553855,9.67347435185492,9.25101772979618,9.5736089335364
"GENE2113",7.0147605760471,7.80570566491179,8.6712538573408,8.94557566938295,9.13547718867426,8.81759490020314,8.86664390645637,9.07183497059229,8.77249073326928,8.58879278970268,9.41665803819204,8.1871941247023
"GENE2114",5.7189199947252,5.80552563371466,6.22809448830563,6.29085839056383,6.13510604437463,5.42029639220579,5.82447103745129,6.33984640299133,6.3222141474068,5.76718106798891,6.02725817986618,5.78714750479939
"GENE2115",4.66889628332048,5.83385791113941,5.35221823605166,4.89863543349259,5.96491225803506,5.36135958543197,5.98272480996944,4.76123395654334,5.30591088547647,5.02403580464725,4.68826865985232,4.6252228177491
"GENE2116",6.38980265357328,7.15932508488617,7.21654506924306,5.96613618738869,6.67595001426118,6.26654022089357,6.53095070518248,6.50414640483489,6.4234517348088,6.98871467013601,6.5605726659908,5.86946883702259
"GENE2117",4.75447897304764,4.69499358436409,4.76066784415556,4.60282355996089,5.2290206892662,5.20082860798237,4.30898946352127,4.94373409540296,4.30778738367409,4.42298469859371,4.30837276184222,4.67889886967609
"GENE2118",7.56355660096178,7.28439879042342,8.0049291316181,8.26438557947193,8.24533812042347,7.88858750151422,7.97705164958238,7.73783143885688,7.38054225173619,7.13811455152016,7.06777338022848,7.49625270884689
"GENE2119",9.50652603014381,9.42845197371165,9.78322002874768,9.30686830862157,10.5334957885206,9.78818535012825,9.61850181926418,10.3602239038312,10.2813604614154,9.05856270968086,9.73269843639662,9.04640261568417
"GENE2120",8.21910146783709,7.78473799054559,6.94990203252106,7.14849405573179,8.05616947262436,7.31502098533855,7.36431049905255,7.67103495770754,6.96998631484982,7.12027294753587,6.81370764338893,7.67361961198276
"GENE2121",9.81947677070548,9.7242728712952,9.70061613177145,9.58440266193067,9.31280157742886,9.20691334756006,9.48989498138748,9.23199856868377,9.31079502855224,9.79314363665173,9.22530990017824,9.71780723548475
"GENE2122",6.9540113514196,7.82637175766674,7.40356193306037,7.43388354434105,6.67595001426118,6.74470262618717,6.8559220097098,6.88009573261484,7.20411311999314,6.83281641753557,6.59705860858873,6.92350947454072
"GENE2123",9.28544300173526,9.29666861412533,9.44784479168859,9.63273567352194,9.51656379395781,10.1693168831163,9.67170424230232,9.24478813837999,9.28008744363806,9.77198197273812,9.29011833106615,10.2166571905752
"GENE2124",6.56358632495771,5.4833522013719,5.50979240942014,5.37447816482985,5.89522464225048,5.58257021384029,6.23779017466452,5.58557777829278,5.77061962651983,5.76718106798891,5.54446056462054,5.65339062366611
"GENE2125",6.38980265357328,6.65487586115391,6.34532417802652,6.02133764409921,5.98737422955495,6.53221030860859,6.15788077277609,5.55149445800918,6.23186103826402,5.74335064878276,6.20493726932166,5.92809301798095
"GENE2126",6.13700302636241,5.32850403016816,6.15639054323778,5.41767630478048,6.30447610910422,5.74968320042272,5.963917618579,5.88566646440782,5.68984767667298,5.41807173488789,5.85424719616166,5.72193608848263
"GENE2127",6.29410944552017,5.74701329525877,5.65039447043383,5.61445084273423,6.28664303839689,6.03227317169203,5.19097146363657,4.76123395654334,5.71731550811546,5.50723476179113,5.72531788539003,4.82543978751269
"GENE2128",5.89518809952742,5.19860617920382,4.51367610562448,5.68561402859022,5.47968994220484,5.05556156577568,5.1207860294374,5.40552449164539,5.66180353729039,5.25417383302746,5.42268344439262,5.14335227951321
"GENE2129",9.85292957141981,9.11015383205051,9.08303228363837,9.77068021707303,9.37845899097708,9.28371675812314,8.77233323910535,9.63117949448124,8.55512436234677,9.26454825152251,9.92415774882399,8.91641567388773
"GENE2130",5.37704373556169,5.05347560891206,5.00690280338359,5.57738529836157,6.00947428197951,5.44878424431868,6.29857016310033,5.10137785357304,5.41303377401106,5.35501792835748,5.50511782417126,5.60565275807301
"GENE2131",7.33326752873485,7.64432362875429,7.47782804113193,7.68016317976895,7.43734219002641,7.15998720003404,7.15309834397516,7.20891033415216,7.40522660013996,6.95887150564948,6.87421648962601,7.11653234978535
"GENE2132",7.29712476527457,7.27438382687529,7.69252617895393,7.91899140776849,6.6062257929597,7.31502098533855,7.2550503179787,7.31012911988222,7.59590314418926,7.29734513797327,6.87421648962601,7.17284851760585
"GENE2133",7.88853884726228,9.17056814969058,8.4126333481784,8.45742231948099,9.06517633921789,8.88817882598125,9.06674708279265,9.50078436695327,8.68139872124946,9.13128329453431,8.68646551546383,8.05696716131822
"GENE2134",8.68184035669599,8.59681066016017,8.50409709178874,7.91899140776849,8.99397662405694,8.50104192163905,8.37439752867166,8.0669440837284,8.1660738494736,7.51745272792899,8.28309058980313,8.03551069930269
"GENE2135",5.27537882872743,4.94597899121255,5.38531027680005,5.28343957432089,5.34252507624925,5.7040323577261,5.40958719984467,5.51650434151614,5.30591088547647,5.66920959612141,5.18989720613499,6.5122116535806
"GENE2136",5.16477571414311,5.71677457354216,5.47977263785321,4.83180993558511,5.26800207479775,5.63249452458539,5.25739083816715,5.55149445800918,5.34262576431803,5.32228647894835,5.72531788539003,5.0339082578499
"GENE2137",4.57571107120738,4.94597899121255,4.44108581236596,5.13317711387027,5.01315373799188,4.64241390252082,4.78958910954703,5.24084983880704,4.91468052254992,4.93638930206227,4.76445481120257,5.42346148460052
"GENE2138",9.70735233358825,9.38043340936411,9.32887534188807,8.5473277037654,9.7246846171505,8.97180953541042,9.43439378465668,9.16629159012009,8.93340443170314,9.86418965541598,8.74796013024569,8.62929534314463
"GENE2139",5.92785141446124,5.77658684905942,6.60823688465687,6.07440786992565,5.79638474795275,5.77193994438372,6.25323544564354,6.52127026348588,6.91356942913283,5.66920959612141,5.65589826360468,6.05583879279751
"GENE2140",5.7189199947252,6.13463400001752,5.50979240942014,5.99401446746821,5.54319346808701,5.33084216030771,5.35087168464298,5.74398528177613,5.41303377401106,4.88996318035601,6.18090827777129,5.50466855113633
"GENE2141",9.44478311729973,9.34512830320594,9.39914373103254,10.3485595102543,10.0794944005516,9.70406858059337,9.11738814885224,9.63312621230515,9.23276395998599,9.49899671953745,9.83821243406575,9.82785358350723
"GENE2142",7.59363122388824,7.72728027150885,7.40356193306037,7.39351369101768,6.68949163604924,7.30025232476006,7.39895285707095,7.52732497047856,6.98100630599043,6.9985250510278,7.11856893101818,7.08332536597988
"GENE2143",7.02955165021014,7.28439879042342,6.92880318517162,6.83750161744737,6.5773431338527,6.48030643752507,6.98048790158959,6.63564484518569,7.6030272115686,6.79947479517033,7.54663314423865,7.18853929756692
"GENE2144",4.66889628332048,4.45815638711915,5.91581803415833,5.57738529836157,5.2290206892662,4.45960574336212,4.68909793196672,4.76123395654334,5.34262576431803,4.26028533421001,5.28820757240662,4.21973032357518
"GENE2145",4.3577216136768,4.94597899121255,4.44108581236596,4.17933027955555,4.55277978931402,4.39004562113047,5.19097146363657,4.36276907375499,4.74882339490588,4.16519411956722,3.82779185636717,4.67889886967609
"GENE2146",5.16477571414311,5.55435776560309,5.9800226195781,5.02168626161896,5.54319346808701,5.2675149887357,5.1207860294374,4.62017751094195,5.98749561946715,5.18214848822356,5.75872401516255,4.99509121545252
"GENE2147",5.47123394390682,5.62172626825794,5.87127352691975,5.71982118703818,4.74874735738108,5.55688262416421,5.57128002485022,5.71377144839768,5.91897068972772,4.98102908982467,5.02594913526056,5.21122135721986
"GENE2148",5.27537882872743,5.65416792709915,5.44904465981825,5.84856185472356,5.37821085544912,5.8982945785359,5.71527885752612,4.82541118637765,5.60387807226552,5.53565047103937,5.18989720613499,5.27557692645215
"GENE2149",9.38600309131189,8.30483579521602,8.50054791181778,8.95597690725524,8.59473674400678,9.29674662181678,8.7984372411022,8.66673718989492,7.8859186144527,8.80987427198352,9.30655651378415,8.39008912793838
"GENE2150",5.64139193388158,6.20058263512625,6.15639054323778,6.19879571503144,5.94207570761707,6.82978972796299,5.98272480996944,5.44358190719965,6.71633033639399,5.81361419205601,6.02725817986618,5.86946883702259
"GENE2151",5.79220833066203,5.71677457354216,5.89372786888077,6.35612556523743,6.00947428197951,5.65676954152493,5.82447103745129,5.77353483694339,5.57393739993519,5.50723476179113,5.33462522028504,5.50466855113633
"GENE2152",9.97948304834996,9.86716871106713,9.29651101656949,10.0451938594421,9.83138257726499,10.0998753162918,9.70104947889621,9.52195197233889,9.6007738775039,9.05856270968086,8.73991089278327,9.89720981768503
"GENE2153",6.45751355912046,6.20058263512625,6.68600078930893,6.31295454149413,6.56267704608791,5.97645027083461,7.33598025811314,6.39677805517366,6.71633033639399,6.08204388695807,6.25178417146971,6.3943435698788
"GENE2154",8.68184035669599,9.17325501104921,9.29241391890882,8.58803222613037,9.29974096887834,8.6361154428121,9.24243088679631,9.45749362161142,9.11092266190696,9.34700622820196,8.89655244679513,9.03132244470284
"GENE2155",8.75004314889558,7.70512686866037,8.47545573232613,8.22476355036498,8.17549217597998,8.2899849609676,8.31412588464198,8.29084055746542,8.43674725556835,8.13301051490783,8.40522727052674,8.503762714991
"GENE2156",6.02140674109204,6.60749939839222,6.40814752766727,6.12551183168539,5.77050451575007,6.94856618618857,5.92550973723047,6.55490585733272,6.70304266957115,6.5545622499067,6.18090827777129,6.56158627232395
"GENE2157",5.04323840081973,5.32850403016816,4.81438547614811,4.76074593408714,4.80680779414595,4.74836901933285,5.49293693774556,4.82541118637765,5.18887737158306,4.79100537130028,4.90264323278714,4.50856753718945
"GENE2158",4.97752596119384,4.76326395420319,4.64451109468011,5.57738529836157,4.91459706087536,4.74836901933285,4.38398277762959,4.54173721909216,4.55284654316695,4.6822891391766,4.96591931636746,4.44457474590749
"GENE2159",7.53283794052708,7.58892237011276,7.0989066823063,6.95353318365719,7.58859292685946,7.36554332809262,7.33598025811314,7.19838294328222,7.55239951394059,8.12857238384615,8.00250028370385,7.23460377245699
"GENE2160",5.37704373556169,6.1119346667448,5.72812218279442,6.15037272062609,6.13510604437463,5.68061003498063,5.71527885752612,5.28406706308717,5.91897068972772,5.79059724343991,5.08309620659538,5.21122135721986
"GENE2161",6.08041492233309,6.47278585795376,6.78345630835291,6.45856803913137,7.1268133853913,6.341481330542,6.84587241277564,6.30056273879937,6.2867720367531,6.61988004660767,5.54446056462054,6.59751471288581
"GENE2162",8.03438733329332,8.52286718997274,7.49223039378435,6.77572788592976,6.94754515928696,7.48782197794687,7.39209109432658,7.53569793749921,7.61011608512849,7.9935232651277,7.34854242241547,6.9787973517498
"GENE2163",4.065144768198,4.25922592582695,4.2758805597652,4.83180993558511,4.30773295942769,5.23461658439802,4.6350661880597,4.1373247401923,3.95657929776853,4.56106826899732,4.41855260472085,3.7347449426157
"GENE2164",8.73665838271052,8.34354453022592,8.19708308215325,8.97314724379334,8.88449642685529,8.38375004396184,9.56173862759023,9.28496871217655,9.20032945659231,8.8481376651389,8.4796411600366,9.18133048222933
"GENE2165",4.83382022495936,5.19860617920382,4.36234597151196,4.51374221809768,4.6222967045272,5.39116578501052,5.40958719984467,4.36276907375499,4.80688647693289,4.42298469859371,5.33462522028504,4.6252228177491
"GENE2166",5.47123394390682,5.10379764560079,5.41757085400705,5.78572635842586,5.37821085544912,5.09353462373327,5.15637963915766,6.30056273879937,5.34262576431803,5.79059724343991,5.18989720613499,4.91338726221614
"GENE2167",5.37704373556169,4.69499358436409,4.91466241217766,4.68473034113011,5.26800207479775,4.31465226204918,4.22671357212381,4.1373247401923,5.34262576431803,5.32228647894835,5.61978437036428,4.99509121545252
"GENE2168",6.68116507263921,6.81616653842362,7.0989066823063,6.53546187415806,6.63452952699362,7.07566907746602,6.50552494164073,6.01397554615519,6.64860831169786,6.38420631975391,7.13099030564372,6.59751471288581
"GENE2169",4.065144768198,4.36428639562465,3.93574756962721,4.96177923278654,5.10414213213893,4.93378858587547,4.51761852880097,4.76123395654334,4.91468052254992,4.56106826899732,4.02923871711884,4.50856753718945
"GENE2170",5.7189199947252,5.36899923474729,6.04135415319609,5.57738529836157,5.87118104645258,6.32681128400571,5.04631054532115,6.33984640299133,5.44684439577657,4.93638930206227,5.75872401516255,5.98430380004504
"GENE2171",5.60086656600879,5.71677457354216,5.82521995424604,6.10019610490782,6.70290493031399,6.70016438923242,6.49263775991552,6.37805680183222,6.71633033639399,5.59070241013539,5.82314965918915,5.94708768278971
"GENE2172",6.45751355912046,7.30422082945932,6.92880318517162,7.0864215340198,7.06608267457419,6.53221030860859,6.70830798260403,5.98925762661564,6.26870767720187,6.89724012204419,6.97428059046477,6.46104234936283
"GENE2173",7.76193673100303,8.24474850238559,7.77133420129862,8.53349987787437,8.56955533644646,8.65069315510688,7.76543215387102,8.33938244365582,7.98730539146148,7.35942556914906,8.48927874933977,8.24813954971295
"GENE2174",6.16445238022268,5.40825302561207,5.56784334996378,5.93767861405064,5.68973507758162,5.95732614876197,5.84528873359858,5.28406706308717,5.57393739993519,5.35501792835748,5.08309620659538,5.98430380004504
"GENE2175",6.16445238022268,5.55435776560309,5.67680935887743,5.57738529836157,5.34252507624925,5.99531121690269,5.28932474144339,4.54173721909216,5.10423357161015,5.18214848822356,5.46455409026317,5.45109849932398
"GENE2176",4.83382022495936,5.55435776560309,5.50979240942014,5.41767630478048,5.89522464225048,5.72705190699482,5.1207860294374,5.93844328331662,5.26809996594856,5.69438237210904,6.15645597035825,5.24381262475191
"GENE2177",5.10552670264911,4.69499358436409,5.56784334996378,4.68473034113011,4.96491268069176,4.84489329067828,5.04631054532115,5.65121746472458,4.55284654316695,5.61739078218998,4.76445481120257,5.17775300157529
"GENE2178",5.22130398880226,4.62203258403176,4.58121647782981,4.83180993558511,4.68740827512561,4.79768253464048,5.08412192938595,4.1373247401923,4.62236681307091,5.28868936701358,5.69105863050171,4.44457474590749
"GENE2179",6.26912592751942,5.88880650063069,6.34532417802652,6.47818907174912,6.37361642375756,6.10334721091766,5.59639087775452,6.1086334931305,6.00959627469958,5.50723476179113,5.46455409026317,5.30655988068131
"GENE2180",6.66223540625398,6.92293010791866,6.45348432858436,6.35612556523743,6.39038072243363,5.95732614876197,6.55592571405555,6.08557110950421,6.35677965584575,6.41407245891111,5.75872401516255,6.59751471288581
"GENE2181",10.5869273025585,10.2471114759,10.1396513034078,9.5459124577641,9.84493084130228,9.65576853798959,10.420190405111,10.0638247679517,10.0642957479722,9.91398058870058,9.95923201646999,9.86477219680513
"GENE2182",9.36296501219865,9.0115029223727,8.69318160439699,9.47537688028989,9.3343097688857,9.45787751815626,9.00308314582028,9.43535095976017,9.3216054483391,8.92941378718637,9.29836084654855,9.12764981539082
"GENE2183",5.51588380404437,5.4833522013719,4.91466241217766,5.90861586733418,5.89522464225048,5.2675149887357,5.73783740527741,5.65121746472458,5.74423178720393,5.21868168702726,5.50511782417126,5.67663210729273
"GENE2184",8.59054069413297,6.88382736234036,7.58918927045672,8.90320354377689,7.73839938879241,8.1159111401467,7.66667368561947,7.54402230627041,7.48456526905507,8.13301051490783,7.56501618522785,7.9324664244876
"GENE2185",6.58387521906872,6.47278585795376,5.41757085400705,5.87892020929913,5.60376825248473,5.09353462373327,5.76002336159876,5.24084983880704,5.47979555464943,6.30662940925271,6.18090827777129,5.17775300157529
"GENE2186",6.21777374952482,5.65416792709915,5.91581803415833,6.67770849243583,6.11494538895487,5.95732614876197,7.10347188635397,5.85849086759404,6.11507016701363,5.56346401585058,6.10621736432438,5.94708768278971
"GENE2187",6.19136894900477,7.35260708225606,6.27954638789441,6.22238843327479,6.53287914372848,6.39867059958643,6.32799541290924,6.53818841618034,5.8468219741038,6.44331602302829,6.3192277818942,6.49959273964185
"GENE2188",9.1573930294378,8.36721949119375,8.48626309055883,8.79534772970821,8.71443707704843,8.1159111401467,9.23480606096406,8.74446437311105,7.70585079236511,8.51254382118885,7.96842370984228,8.54683381883427
"GENE2189",8.5141387266335,9.21296841824168,9.43489391871592,9.25446958672902,10.011707459554,9.1423819737967,9.34691894730829,9.24478813837999,7.94312473257015,9.34509675871835,9.59897186587683,9.30111744233426
"GENE2190",9.61774881969983,9.7957474538725,9.76854876079157,9.76477771393601,9.38259403052221,9.73174268675024,10.1247072644671,8.92061587189903,9.26672418691274,10.0014303330319,9.43919598422153,9.8792790515881
"GENE2191",6.16445238022268,5.55435776560309,5.77754490372973,6.19879571503144,5.63304574559507,6.17094378821729,5.35087168464298,4.69304720704209,5.94219584084286,5.8362460895521,5.61978437036428,6.12384233411092
"GENE2192",9.79386794632161,9.18927187329677,9.46614658297443,9.19131855388324,9.67329370984145,9.15060812296564,9.37146481618362,9.12538029961294,9.8132815008712,9.13349775024435,9.41665803819204,9.06978585190216
"GENE2193",9.02421429790021,10.0227211113941,9.28418463330655,9.26287071152265,10.3472052974446,10.0924235418291,9.33805031367531,9.57961990824814,9.57390162959456,8.92430622262978,9.44910088606253,9.30291236048467
"GENE2194",8.05612178248678,7.68262633391933,7.90635913416766,7.58487132516992,7.86814983501333,7.99763313761031,7.1612043026458,7.60097831410184,7.3638464515757,7.36699970098176,8.50836261090008,6.80603625444964
"GENE2195",3.85356290445134,5.10379764560079,4.76066784415556,4.68473034113011,4.91459706087536,5.13035330148718,4.8816839009191,4.94373409540296,4.74882339490588,5.10566377367428,4.96591931636746,5.14335227951321
"GENE2196",8.00488758395195,8.01217204181728,7.800529769367,7.8311874629926,7.47667681450587,7.5389901131629,6.98048790158959,7.46730388957719,7.10700003517748,7.77795979114874,7.57412011268683,7.83643712570886
"GENE2197",4.57571107120738,5.10379764560079,4.17928166882704,5.45947522938127,4.6222967045272,4.79768253464048,5.28932474144339,5.19608618402031,5.18887737158306,4.42298469859371,4.51688249385809,4.44457474590749
"GENE2198",5.04323840081973,4.62203258403176,4.81438547614811,4.68473034113011,5.01315373799188,4.97579350093252,5.19097146363657,4.54173721909216,4.09375320931323,4.56106826899732,4.606173645641,4.82543978751269
"GENE2199",10.7511635858514,9.94939345823699,10.299224725106,9.59774584546437,9.96145792524089,10.4456527773136,9.89973739430116,9.68471825479668,9.71176001421964,10.2654342680866,10.1519410125719,8.89515182816207
"GENE2200",7.96714110947152,7.40859151954866,8.25301621732008,7.98827514144103,7.79544717347865,7.85872620430697,8.15745544052092,7.77364068936301,7.84447515311661,7.68420692168087,7.84612246061883,7.88525353161424
"GENE2201",7.9899076689612,7.93183635020681,8.32302647943393,8.04139493841454,8.03001432358446,8.15736260709313,7.41257855613255,7.8760059834644,7.92051469648194,7.21575366608579,7.48037090870302,7.60528075208291
"GENE2202",7.66144710878297,7.93817789507314,7.27609381181281,7.74569759389949,8.00874229392366,7.64785197197456,7.62635512981927,7.83593057471343,7.92620062645834,7.72597877436975,7.49002649405954,7.50253223438684
"GENE2203",5.99092554302756,5.51933612698998,5.87127352691975,5.84856185472356,6.07371995318281,5.68061003498063,5.59639087775452,4.69304720704209,5.71731550811546,6.02460136057154,5.65589826360468,6.29528692106071
"GENE2204",10.2387010088622,10.4051417499996,9.27590811273726,8.97995851935052,10.1683858383173,9.2515737870082,8.04410833735102,10.1802275665378,9.78075099754468,9.74906197455351,9.2367922254496,9.80397338165273
"GENE2205",9.21320951169375,9.70583674049601,9.80063080121526,9.31227480195388,9.52594025281644,9.38654295062482,9.6941164818756,9.27253213875412,9.67514355616728,9.30832798994793,9.92593186690273,9.09900811307277
"GENE2206",6.85773106129181,6.36254330424983,7.25087593072797,6.64346700432215,6.11494538895487,6.55746215233833,6.25323544564354,5.98925762661564,6.17469406767374,6.42877039289478,6.42487224659314,6.56158627232395
"GENE2207",5.7189199947252,5.77658684905942,5.72812218279442,5.13317711387027,6.1549773421257,5.29957473473025,5.35087168464298,5.40552449164539,5.9650330283611,5.41807173488789,5.61978437036428,5.27557692645215
"GENE2208",8.84040947314889,8.81214017178424,8.87682338509729,9.12834292514992,9.58095375986604,8.6361154428121,9.36798374060786,8.88183430241147,8.39638779680165,9.43401344442172,9.15442675492774,8.8516592740129
"GENE2209",4.4729759908335,5.2434159155023,5.84844210197022,5.13317711387027,4.91459706087536,4.58511941354377,4.45318019043714,4.62017751094195,4.55284654316695,4.42298469859371,4.606173645641,5.24381262475191
"GENE2210",8.92544274159884,9.05294456889106,9.06872901673351,8.69541510049929,8.42058124831186,8.8979858898917,8.29956999425147,9.58365213603501,8.58415724696813,9.15109200668312,9.07348778366546,8.9234344820401
"GENE2211",7.71712932980331,6.84361872658642,7.34918553831732,7.33074174106443,7.43734219002641,8.03370350301946,7.32880922487156,7.11124884666032,7.388817724827,7.25713115683978,7.71243694672492,7.56985091459914
"GENE2212",5.92785141446124,6.30398853404465,6.55390920437292,5.96613618738869,6.94754515928696,6.93903829477569,6.4263682738561,7.26041493756375,6.50257115714982,6.68231070385494,6.5605726659908,6.64403989733043
"GENE2213",8.51936020367619,9.08469020777157,8.75405403880595,9.66900511829328,9.31712895715751,9.67442769263509,9.48829271641645,9.09744658987003,9.06018224757938,9.52115086550185,9.79421137547009,8.82691734449575
"GENE2214",8.36548967089162,7.88007109160692,7.54152899995498,7.94710675257526,8.09200573156638,7.8836535001867,8.32494703815947,6.72681208464367,7.44544491454523,7.50378532144943,7.73695075788089,8.33848399373816
"GENE2215",5.60086656600879,5.86161000924083,5.89372786888077,6.26840677259888,5.34252507624925,5.72705190699482,5.32047101053023,5.14964543198099,5.54330126297226,5.14450255679525,4.76445481120257,5.62973620989044
"GENE2216",7.61333637401274,7.71993370991985,7.87925595666557,7.3519729639813,8.0664998154519,7.07566907746602,7.98617524945882,8.01407267352208,8.31210830603385,8.02252376048623,7.80807776868295,8.04413172693098
"GENE2217",5.79220833066203,5.68583791717479,4.58121647782981,5.02168626161896,5.14719229056659,5.58257021384029,5.69233409867065,4.94373409540296,5.30591088547647,4.8415720392666,5.65589826360468,5.10795797700064
"GENE2218",9.76998693540632,9.48792995077436,9.63256941585263,8.41279408402175,9.38259403052221,9.19900311656748,9.26693673622604,9.4442488647535,9.72158706578163,8.47809028554405,9.64062370430871,8.54986160507578
"GENE2219",5.68071852918215,5.5884713191697,6.26260597736711,6.31295454149413,5.63304574559507,6.12055832453363,5.66898870327044,5.55149445800918,5.51193366996622,5.61739078218998,5.91438525786674,5.9088304410793
"GENE2220",8.33026421644525,6.17894622278844,6.75971340750608,7.20798074133443,6.99179899534936,7.90815588084082,6.58046601825008,7.05395954683765,7.46122141407483,7.0746682075049,6.48463910885948,7.65119957225363
"GENE2221",5.37704373556169,5.4833522013719,5.59593619666751,5.37447816482985,5.74411748646959,6.01391646633047,5.40958719984467,5.24084983880704,5.51193366996622,5.50723476179113,5.61978437036428,4.9549542106143
"GENE2222",7.61333637401274,6.49034672287909,6.00077224331542,6.72756568776119,6.21293819277411,7.04049555490556,6.09046257237503,6.6198621607006,6.2867720367531,5.94407464442714,6.10621736432438,5.62973620989044
"GENE2223",7.11521450697877,7.43578403749229,7.29266209251911,7.03474306184426,7.2501553597984,7.88858750151422,6.95269444975136,7.46730388957719,7.53014273010782,6.95887150564948,6.48463910885948,7.3225069044087
"GENE2224",8.83623239675465,9.09606293303146,9.20138737564824,9.29326271851323,9.01010545303235,8.88817882598125,9.02756364774209,8.68562751510082,8.1660738494736,9.08397628486567,8.62660179454523,9.19878890519045
"GENE2225",4.66889628332048,5.19860617920382,4.58121647782981,4.76074593408714,4.09371013024599,4.93378858587547,4.74050856541936,4.69304720704209,4.30778738367409,3.75359317195248,5.08309620659538,3.89918801372093
"GENE2226",9.26383943620305,8.89261562450649,8.59676171385454,8.31916123138009,8.51028933259893,7.92746147563211,9.00308314582028,8.49744631838545,8.58055997204167,7.1731426749184,8.71548985568829,8.69366991659396
"GENE2227",6.47937734615328,6.40026168583849,6.19270519356519,6.5904972783667,6.33947345491757,6.31198565065982,6.86590103315863,5.51650434151614,6.75546155229873,6.69447286788744,6.15645597035825,7.04932709741514
"GENE2228",7.77073289017705,8.08825697041412,7.64822875800623,7.27624352094072,8.70124967599992,7.55150188950812,7.46582140565578,7.36759262450017,7.77683438874588,7.36699970098176,7.67062707598478,7.35759720035385
"GENE2229",9.09932838775087,8.84284742120193,9.17936865053146,9.344294866057,9.35550186146122,9.28745160628064,8.53831602591889,9.35976978746665,9.15752627854115,9.32392400022985,8.32137129023601,8.9234344820401
"GENE2230",9.95850679549261,10.1859112153149,10.5289695079237,9.89297233463852,9.2118354855201,10.3390444303573,9.7999424007775,9.85117449340003,9.99980874056062,9.96459911644783,9.4711412665544,9.36092503919663
"GENE2231",7.52245042004349,7.22322931411013,7.52761576735997,8.26995788366277,7.35527713056505,7.48129563368987,7.42607588161323,7.63253747912349,7.44544491454523,6.7184881759186,7.36963028927937,6.75406829756989
"GENE2232",9.03153902498495,10.0077488887176,9.61627362294213,9.60216628021235,9.64603517078764,9.53687270828642,9.12977528142285,8.83860891533161,9.11838201760249,10.0631245500208,9.99178069380195,8.66603364318803
"GENE2233",5.79220833066203,6.01721052143199,6.17466666484704,5.78572635842586,6.80587166423009,5.95732614876197,6.07308141246836,6.21851323572876,6.45563595412749,6.42877039289478,6.44507836049987,6.5122116535806
"GENE2234",6.13700302636241,6.17894622278844,5.35221823605166,6.43866916628439,5.54319346808701,6.73369863915588,6.12458224162565,5.65121746472458,5.37831285249691,5.81361419205601,6.08039663785972,5.55612909748223
"GENE2235",6.21777374952482,4.88828303784405,5.50979240942014,5.96613618738869,5.47968994220484,5.23461658439802,6.25323544564354,5.88566646440782,4.96499831346795,5.28868936701358,5.18989720613499,4.99509121545252
"GENE2236",5.79220833066203,6.13463400001752,6.10006926566075,5.68561402859022,6.1549773421257,5.23461658439802,5.69233409867065,5.32585270951707,5.68984767667298,5.06554210962677,5.50511782417126,5.0339082578499
"GENE2237",9.18392896012842,9.64133027013582,9.27798170083793,9.00354769203915,9.24628239454664,8.84320207149212,9.81663628182855,8.4931628337594,9.46696104979192,9.41775383246185,9.27627522999868,9.42660590587556
"GENE2238",10.1114559994994,10.1522681463134,9.22307490053761,9.93737833154603,8.7723310229887,9.64997835251721,9.54488139399357,8.30068074358785,9.89081013439246,9.76628602890577,9.81924625110731,10.0428529775821
"GENE2239",8.71407041461657,8.79129907069089,8.58340407823054,9.60216628021235,9.41928531160564,9.57556860532429,8.45540884168456,8.878554908121,7.92051469648194,9.5075578680412,8.8892937225574,9.05920410113524
"GENE2240",7.56355660096178,7.87346737462297,7.95389330917131,7.06081633429732,7.36369849435266,7.24732738004422,7.55448768742466,6.65125323018557,7.49991929503963,7.51063530864436,6.15645597035825,7.4708558891643
"GENE2241",8.21910146783709,7.74186160794387,7.44117603893035,7.18448241855116,7.82009235108758,7.96997400780868,7.39209109432658,7.82914133252414,7.78937192616587,7.9639259300438,7.71243694672492,6.94217836465433
"GENE2242",7.10128977230633,7.62871171964875,7.0989066823063,7.76162438464264,7.0241099570103,7.47473944166444,6.87581048179998,6.32034259917405,7.59590314418926,6.69447286788744,6.98801811246797,6.82630203760116
"GENE2243",4.4729759908335,4.54349182563741,4.2758805597652,5.13317711387027,5.05950945094439,4.69671045320522,5.25739083816715,4.88610457922949,5.229117083218,5.14450255679525,5.54446056462054,4.6252228177491
"GENE2244",5.92785141446124,4.76326395420319,3.93574756962721,5.13317711387027,4.39688560685022,4.79768253464048,4.38398277762959,4.94373409540296,4.86206514454115,4.6822891391766,4.30837276184222,4.9549542106143
"GENE2245",7.11521450697877,7.05776479780487,6.78345630835291,6.26840677259888,6.5024373765812,6.90027570910795,6.75207402889619,6.71201949198937,6.48709947121793,5.94407464442714,6.25178417146971,7.09169982989027
"GENE2246",6.29410944552017,6.20058263512625,6.64765342760234,6.62603018018064,6.67595001426118,7.168151508594,6.91477176764913,7.34869325145291,6.86676771823654,6.45771255410179,6.25178417146971,6.30987479792918
"GENE2247",7.44755103992302,7.81951603150273,7.94868867576822,7.6114937545137,7.15623658563293,7.73813944440024,6.86590103315863,7.64032001689611,7.49226283623236,7.24072356299528,7.82341672305996,6.96973050860055
"GENE2248",5.68071852918215,5.74701329525877,5.50979240942014,5.96613618738869,6.39038072243363,5.58257021384029,5.86579180112308,5.88566646440782,6.91356942913283,6.1902252108994,6.27462957656742,4.99509121545252
"GENE2249",5.04323840081973,4.62203258403176,4.2758805597652,4.76074593408714,5.10414213213893,4.52437607466252,4.68909793196672,4.99864172506497,5.63315652429458,4.93638930206227,5.50511782417126,5.27557692645215
"GENE2250",4.065144768198,5.28667684964983,4.58121647782981,3.82642089610471,5.10414213213893,4.64241390252082,4.38398277762959,5.05111048996905,4.47808609970675,3.33339683403742,4.41855260472085,5.21122135721986
"GENE2251",5.95975172097631,6.34329617584645,5.82521995424604,5.84856185472356,6.13510604437463,6.37036786454994,6.25323544564354,5.85849086759404,4.80688647693289,6.63258868610507,5.94348779339476,5.9088304410793
"GENE2252",5.7189199947252,6.20058263512625,5.9800226195781,5.93767861405064,5.47968994220484,5.33084216030771,5.73783740527741,5.32585270951707,5.54330126297226,5.71909005679616,4.41855260472085,5.50466855113633
"GENE2253",8.25085078700258,8.36721949119375,8.29870383805216,8.07362547038744,7.45320581818558,8.28251286973907,8.35341205730659,8.30068074358785,8.75344990936827,8.57581866938847,7.97530392717854,7.99161303208904
"GENE2254",9.88562404847128,9.42394705009691,9.21227191386591,9.74092313966083,9.04183164634664,9.77494559466066,10.2491166626146,9.4486773135645,9.29552297750066,9.35081759844135,9.67689811128231,9.34707419206681
"GENE2255",5.37704373556169,5.40825302561207,5.62344470315804,5.18531255928563,5.79638474795275,4.74836901933285,5.19097146363657,4.88610457922949,5.8468219741038,5.28868936701358,5.72531788539003,5.55612909748223
"GENE2256",5.16477571414311,4.54349182563741,4.81438547614811,4.51374221809768,4.47802302603084,4.74836901933285,4.51761852880097,4.99864172506497,4.62236681307091,4.26028533421001,4.41855260472085,4.6252228177491
"GENE2257",4.83382022495936,5.32850403016816,5.50979240942014,5.02168626161896,5.30581156458017,5.55688262416421,5.35087168464298,5.05111048996905,4.68748146497161,4.79100537130028,5.02594913526056,5.27557692645215
"GENE2258",6.21777374952482,5.4833522013719,5.91581803415833,5.78572635842586,6.05263603429244,6.12055832453363,6.32799541290924,5.74398528177613,6.33960367635682,6.61988004660767,5.75872401516255,6.12384233411092
"GENE2259",6.02140674109204,5.83385791113941,5.91581803415833,5.93767861405064,5.68973507758162,6.39867059958643,5.4657439999289,6.32034259917405,6.15510313840404,6.60705604174574,5.88464834901593,5.84935245414932
"GENE2260",8.4983597654583,9.55538595593695,9.37803380340553,8.99011546690341,8.3249119658069,9.13825123147253,8.26627099118908,8.63209768898316,8.59489549208192,9.00876550726385,8.43545573678843,8.37991498908518
"GENE2261",8.73665838271052,7.28439879042342,7.97452548530828,8.25879162251699,8.26340518134799,8.20952402068826,7.29976031465469,7.56870941547997,7.72556046613703,7.44061641042795,7.62756297066904,8.36623668010844
"GENE2262",6.36648584319312,5.88880650063069,5.0924714955971,6.17479543641974,6.2685791050512,5.7040323577261,5.80332831126727,6.19722237288945,5.79650064335651,5.66920959612141,5.18989720613499,5.14335227951321
"GENE2263",6.16445238022268,6.20058263512625,6.04135415319609,6.64346700432215,6.70290493031399,7.11845056552472,6.74125858856918,6.68196249920306,6.13523133786866,6.04401625508699,6.71781420160232,6.0025396791975
"GENE2264",6.93841032668263,5.88880650063069,6.45348432858436,6.04812836537868,6.11494538895487,5.74968320042272,5.9448485209728,6.81246563675392,6.6896291242009,6.36903114941177,6.08039663785972,5.53065117136758
"GENE2265",5.64139193388158,5.10379764560079,5.82521995424604,6.51662864149371,6.21293819277411,6.08591904380891,5.73783740527741,5.80245046367133,5.34262576431803,6.7537646295858,5.97198377258729,5.4781589594365
"GENE2266",9.56825360776442,8.85962848664775,8.74808120904152,8.91035262750659,8.5911662350222,9.28745160628064,8.66007029247471,8.46281637845633,8.69476974393495,9.01598557582517,7.9405688451493,8.64919382323189
"GENE2267",6.10899850095817,7.37151277666106,7.08944308260774,7.49238284677187,7.46889577501866,6.81942866563602,7.43277716086596,7.7594239318402,6.03134699846857,7.12027294753587,7.27218781090631,7.0749014600477
"GENE2268",5.92785141446124,5.40825302561207,5.59593619666751,4.89863543349259,5.94207570761707,5.68061003498063,5.62103385748696,5.51650434151614,5.01324141627604,5.32228647894835,5.08309620659538,6.03830084519476
"GENE2269",6.02140674109204,5.80552563371466,6.22809448830563,6.41848425819186,5.91885121189743,5.09353462373327,5.54568165838144,6.08557110950421,5.74423178720393,6.13719080183395,5.42268344439262,6.0205365393326
"GENE2270",3.85356290445134,4.45815638711915,4.81438547614811,4.41564925474099,4.30773295942769,4.74836901933285,4.30898946352127,4.99864172506497,4.91468052254992,4.8415720392666,4.41855260472085,5.17775300157529
"GENE2271",4.66889628332048,5.44634641097134,5.0924714955971,5.84856185472356,5.44673993994446,5.50395080240343,5.28932474144339,4.99864172506497,6.03134699846857,5.53565047103937,5.88464834901593,4.12858003749756
"GENE2272",5.79220833066203,4.82751824920096,5.95895410833228,5.45947522938127,5.37821085544912,4.97579350093252,5.62103385748696,5.36630838281794,5.14728546522591,5.21868168702726,4.96591931636746,5.4781589594365
"GENE2273",8.03438733329332,7.10379701269371,7.85163189791561,7.71330418853353,7.9596977204598,8.34482276289476,8.14935880186528,7.48471069957658,7.65878135429397,7.00826834826756,7.87584931689831,7.66804734224038
"GENE2274",8.90962798348047,8.81558457550503,8.72697917602459,8.85954801694844,9.01810269849302,8.77032324823534,9.546422037936,9.29729893824109,9.13318593776754,8.7035692286393,8.7992120846697,8.63500871951327
"GENE2275",4.3577216136768,4.82751824920096,5.17238817225744,4.89863543349259,4.96491268069176,4.03380234021967,4.6350661880597,4.25785257813314,4.30778738367409,4.34542727297923,4.02923871711884,4.02417826350125
"GENE2276",6.68116507263921,5.86161000924083,6.13787023893301,5.7531773193868,6.94754515928696,6.46702567968607,6.17423474173109,6.52127026348588,5.91897068972772,6.63258868610507,6.48463910885948,5.9658221520715
"GENE2277",9.36875912940419,9.36876081975547,9.16599418308157,9.89297233463852,9.03396531462564,9.88748489083449,10.0287784056901,9.48362369599257,10.0591382334734,9.68106253236708,9.64493893999912,9.3313312893796
"GENE2278",8.36548967089162,7.32377204401269,7.81204388280468,7.91899140776849,8.0664998154519,8.14916728561272,8.09559015818268,8.25586039598925,8.19930891550484,7.13811455152016,8.84119947934719,7.30822632724449
"GENE2279",6.99981439278922,6.99805308443257,7.03130399013482,6.17479543641974,6.5773431338527,7.23183915265191,7.01672189474449,6.93197472332696,6.80601126813129,7.13811455152016,6.78245803572603,6.82630203760116
"GENE2280",5.22130398880226,5.000948680323,5.05045087255743,5.02168626161896,4.39688560685022,5.36135958543197,4.45318019043714,4.25785257813314,5.10423357161015,4.62346344389119,5.24001796341339,5.45109849932398
"GENE2281",7.54315076620797,7.47125620284685,6.99118431421597,7.60267437898856,7.19454783661132,7.53269305579119,8.05715253691823,7.2297353371264,7.67238796254341,7.56428825890714,7.89774782949714,7.2194132892033
"GENE2282",8.86522086213583,8.00614921214852,8.63610726682478,8.61454338837133,9.16698702952448,8.1776490276206,8.44221946305047,8.62428560702193,8.59845719472944,8.5823203341751,8.16775031325982,8.30302357609154
"GENE2283",6.78971868734855,6.6703216402367,5.75306049096556,7.24251942933045,8.24987618797617,7.40056956790124,6.78403400818519,6.13131743558802,6.66241451073872,7.0839064936437,6.81370764338893,6.65543574576843
"GENE2284",7.90460684922436,9.04709677222431,9.20138737564824,7.91899140776849,8.74045526443588,8.8046186561464,9.1048936659632,8.45402721971054,8.0354384082269,8.49886113684035,8.50361529606674,8.6854345459047
"GENE2285",7.61333637401274,6.98580456356309,6.26260597736711,6.93953635294465,7.51496086115386,7.3866616933042,6.8559220097098,6.68196249920306,6.98100630599043,6.96888886989161,7.28334823856941,6.2505852324348
"GENE2286",6.87423726847837,7.23360765938407,6.72333647754536,7.04783928646565,6.56267704608791,7.48129563368987,6.28362171103306,6.23948307151004,6.07384366040205,6.68231070385494,6.34100407783317,6.15662967311256
"GENE2287",5.32722718529249,6.71567247776439,5.77754490372973,6.49754010405531,6.40694687715487,6.12055832453363,5.62103385748696,5.74398528177613,6.00959627469958,6.81067589599944,5.99989914881159,6.03830084519476
"GENE2288",7.93621392458467,7.92546671117478,7.96939512712356,7.89031525915884,8.03528353725642,7.95123454758418,8.0614744508644,7.97771352906611,7.46904501572895,8.07882750882748,7.74502992194276,7.82146290404908
"GENE2289",4.75447897304764,4.76326395420319,4.81438547614811,4.89863543349259,5.44673993994446,4.45960574336212,4.38398277762959,4.45651341489076,4.30778738367409,4.93638930206227,4.96591931636746,4.44457474590749
"GENE2290",7.18287131076948,5.80552563371466,5.89372786888077,6.22238843327479,6.03122441902519,5.39116578501052,6.4127307263555,6.01397554615519,5.82189509075368,5.41807173488789,6.29710676447597,6.38061463797307
"GENE2291",5.22130398880226,5.40825302561207,4.81438547614811,5.57738529836157,5.2290206892662,6.03227317169203,5.25739083816715,5.68286062317584,5.30591088547647,5.28868936701358,4.96591931636746,5.36634491221722
"GENE2292",5.86172229049857,6.24287056861407,5.67680935887743,5.90861586733418,6.43950360001593,6.29700098959436,5.66898870327044,6.15363563279657,6.25040618619454,6.1006717282986,6.15645597035825,6.0025396791975
"GENE2293",10.1756551640448,9.94153631309087,10.5539935133097,9.39103003984265,10.4334262431311,10.0784815623822,9.56933635033237,10.5452554758964,9.15511065262754,10.2088190321811,10.2767489273171,9.89006423762058
"GENE2294",4.4729759908335,4.25922592582695,5.2474390419342,4.51374221809768,5.34252507624925,4.69671045320522,4.83658026738577,4.99864172506497,5.26809996594856,4.6822891391766,4.18163946874168,4.56859374079285
"GENE2295",10.101052905784,9.37110290867464,9.80638799848837,9.81514769411419,9.76799941749711,9.4072868543074,9.4226970242991,10.193479594814,10.117364640809,9.4571805524787,9.48324191698716,9.34881284111491
"GENE2296",8.60042820847878,8.83607990360614,9.38574594318485,9.16765103525755,9.09320474249207,9.19104924910956,8.86170077616528,9.2800069470977,9.17908669819177,8.78754455838408,8.40012692704983,9.0969403383656
"GENE2297",6.05122677290855,6.74511913797402,5.50979240942014,5.18531255928563,5.47968994220484,6.73369863915588,6.4127307263555,5.61880370076047,6.48709947121793,5.74335064878276,6.10621736432438,6.5494038429155
"GENE2298",4.75447897304764,5.32850403016816,5.89372786888077,5.37447816482985,5.18878254774675,5.44878424431868,4.51761852880097,5.05111048996905,5.10423357161015,4.56106826899732,4.02923871711884,5.39522024645591
"GENE2299",5.27537882872743,5.2434159155023,5.0924714955971,5.68561402859022,5.71720204413545,4.79768253464048,4.96688950493872,5.88566646440782,5.10423357161015,4.49450516137223,5.02594913526056,5.10795797700064
"GENE2300",4.4729759908335,4.36428639562465,4.2758805597652,4.51374221809768,4.30773295942769,4.79768253464048,4.0296868369848,3.80151713267723,5.01324141627604,4.42298469859371,5.18989720613499,5.14335227951321
"GENE2301",8.39419996585415,8.71956811395706,9.33486360840878,9.09735940982681,9.89064640172526,8.70198451850645,9.17031356887518,8.34889748607605,9.51860668143022,8.97458530891834,8.91096114557526,9.22553312323188
"GENE2302",10.2960694235131,10.6280820224484,10.5505676263846,9.97023558275294,10.1599800716168,9.64707451916064,9.98059132402581,10.5718835853891,9.4727916407093,9.64892035169349,9.87541261985958,9.96791524461003
"GENE2303",6.5221111146563,6.5584781665864,6.27954638789441,6.93953635294465,6.07371995318281,6.72260853178904,7.00774940787326,6.43348704377245,6.25040618619454,6.42877039289478,7.4706498466063,6.93287453086873
"GENE2304",8.38850351563481,8.26505753723087,8.31496450015815,7.861055394589,9.12317225810014,8.09472884481072,8.78021420514065,7.21936075630978,8.38405605809905,8.04625203637891,7.82341672305996,8.54683381883427
"GENE2305",5.22130398880226,5.55435776560309,6.15639054323778,6.64346700432215,5.30581156458017,5.65676954152493,5.15637963915766,5.24084983880704,6.3222141474068,5.96465416034047,6.5605726659908,6.0025396791975
"GENE2306",7.95947145029794,8.52286718997274,7.47057223734563,7.3519729639813,7.99798712658085,7.27024967768269,6.64001268727812,7.26041493756375,7.96538472841608,7.87129291590109,7.20333200667251,7.57581697890265
"GENE2307",5.16477571414311,5.28667684964983,5.77754490372973,5.37447816482985,5.37821085544912,5.50395080240343,4.96688950493872,5.36630838281794,5.63315652429458,5.47818778485135,5.24001796341339,5.14335227951321
"GENE2308",4.065144768198,5.55435776560309,4.36234597151196,5.49997071347815,3.95654372834274,3.90712034034531,3.73798597454736,4.62017751094195,4.74882339490588,4.49450516137223,5.02594913526056,4.21973032357518
"GENE2309",8.64887287985638,8.290047444895,8.44253842812541,8.39250657644436,8.76601202539758,8.03814935627342,8.24363590891483,8.72997883456997,8.60201011410976,8.52609776144378,7.80034644691032,9.21413200331238
"GENE2310",4.75447897304764,4.54349182563741,4.8656317369195,4.60282355996089,4.20806849983989,4.52437607466252,4.92507133570572,5.19608618402031,3.33339683403742,4.05619041015447,4.68826865985232,4.21973032357518
"GENE2311",5.47123394390682,4.69499358436409,5.44904465981825,5.87892020929913,5.79638474795275,5.72705190699482,4.83658026738577,5.14964543198099,5.05959906130947,5.71909005679616,5.46455409026317,4.67889886967609
"GENE2312",6.5430012826021,6.70071637702235,6.13787023893301,5.49997071347815,5.82177843488912,5.93793102357782,6.74125858856918,6.68196249920306,5.54330126297226,5.9849289832386,5.69105863050171,6.3943435698788
"GENE2313",7.68955812547904,7.11507673993519,6.66055173926015,6.69452339024463,6.71619235027635,7.2240316664863,7.57279484298067,6.39677805517366,7.14664108494723,6.96888886989161,7.46086240789905,6.83632749118693
"GENE2314",8.6441010565853,8.86960413827487,8.99247964533146,8.90320354377689,8.46027303830043,8.67656704345267,8.85176336499196,8.17256208872284,9.11838201760249,8.67343906799247,8.40522727052674,8.08647852007188
"GENE2315",7.88853884726228,8.6047971417525,7.82914388589656,7.59380046336217,7.83830274879914,7.36554332809262,7.68361233895124,7.79470546244497,7.63812652118573,8.23561544078966,7.85361201433855,8.20267410909365
"GENE2316",7.48013108910424,7.65976756130538,6.93939170264276,7.80068555084825,7.11686935998565,7.70494335952276,7.68921443706015,6.93197472332696,7.77052434899876,7.80604555711989,6.65007844110637,7.35759720035385
"GENE2317",9.31875074585302,9.70583674049601,9.45335975852317,9.08161432586646,9.3343097688857,8.87334197170936,9.65609127988658,9.35269820895578,8.91923719671615,9.86685352597015,8.89655244679513,9.80524014024
"GENE2318",5.04323840081973,4.54349182563741,4.36234597151196,4.96177923278654,4.68740827512561,4.45960574336212,4.38398277762959,4.54173721909216,4.3969446041571,4.56106826899732,4.83567457393778,4.91338726221614
"GENE2319",8.25085078700258,8.20850328685638,8.3390162673401,8.01508025249495,7.32108739685644,8.69637480946409,7.71690169823264,7.95295314851675,8.17564815451568,8.70654788227035,7.9405688451493,8.03551069930269
"GENE2320",8.4662736384521,7.89318820241088,8.54945789281076,8.84096061014925,8.95839916770048,8.06453973417068,8.48143070424113,8.45842850321713,8.17086896380436,8.64266540237916,8.2091789366124,8.71270470090442
"GENE2321",5.60086656600879,5.83385791113941,4.8656317369195,5.57738529836157,5.82177843488912,4.97579350093252,5.84528873359858,5.61880370076047,5.18887737158306,6.02460136057154,5.18989720613499,5.86946883702259
"GENE2322",9.75679232301864,9.43965309553791,9.9315152268833,9.3600421543304,9.21879101782202,10.1561019741484,9.8318763835892,9.55107416567859,9.10342451167535,10.2764954723505,9.6470917257186,10.1770879980444
"GENE2323",7.52245042004349,8.05364015984084,8.39744467435864,8.50543953997688,8.30760507747788,9.20296365665916,8.61377271907802,8.14003888515092,8.4247577290037,8.18094739084454,8.11889529414245,8.53159868991752
"GENE2324",7.3800807660653,8.39051150318024,8.12972241006501,7.68852041850691,7.97623245284267,7.88858750151422,7.22444781463687,8.08983285454436,7.7955999032631,7.36699970098176,7.52801143572846,7.43189645521719
"GENE2325",8.37704256677539,8.41797358024098,8.60999664269619,8.85584966250558,8.48742049434235,8.92461625491801,8.074362830397,9.10026444186254,8.76933468168082,7.82263722002466,8.89292765393902,8.34198247267239
"GENE2326",8.4824060430125,8.05364015984084,8.31091651896803,8.94557566938295,8.75648127285868,7.168151508594,8.02210165396066,8.38634111557566,7.38054225173619,8.06030337167822,7.72065479717393,8.35589200309507
"GENE2327",5.86172229049857,5.05347560891206,5.53913863910085,4.76074593408714,5.89522464225048,5.42029639220579,5.35087168464298,5.55149445800918,4.62236681307091,5.10566377367428,5.37940981639276,5.55612909748223
"GENE2328",4.4729759908335,5.05347560891206,4.8656317369195,4.68473034113011,4.8619839938629,4.45960574336212,5.00726558384292,5.24084983880704,5.05959906130947,5.41807173488789,4.90264323278714,4.56859374079285
"GENE2329",8.47704862580872,8.3625155363086,8.45726129349592,9.00020135109569,8.39213143523376,8.22129747460978,7.35728031877629,8.58457690860727,7.93750546918275,8.30410832559162,8.02919190208181,7.97367180877726
"GENE2330",10.1439127126118,9.83190011312946,10.1645178770101,9.09735940982681,9.86723225868659,9.33514432279303,9.59636143230317,9.30708776302626,9.45129656501349,9.62708724385543,10.0852390806082,9.22363918603678
"GENE2331",5.82741119739648,5.80552563371466,5.95895410833228,5.78572635842586,6.39038072243363,6.18734008926068,5.92550973723047,5.48055331725275,5.9650330283611,5.71909005679616,5.65589826360468,5.24381262475191
"GENE2332",9.86117293070016,9.21818184466329,9.16375299351453,8.98673776305171,8.90476897808652,9.59076085511952,9.24243088679631,9.01920495002775,9.35355878343945,8.66733668937934,8.49407347012407,9.29210918365528
"GENE2333",9.62260618390091,9.7150842634718,9.12280417477022,9.44370641161697,8.46027303830043,8.93656021450651,9.1194600758195,8.4671909270075,9.2622421042624,9.79033995626767,9.2481838344659,9.02481090983675
"GENE2334",5.64139193388158,5.5884713191697,4.96169205740668,5.37447816482985,5.34252507624925,5.72705190699482,5.28932474144339,5.98925762661564,5.30591088547647,5.32228647894835,5.58265951897939,6.03830084519476
"GENE2335",4.97752596119384,5.68583791717479,6.06120494144834,5.28343957432089,6.07371995318281,5.99531121690269,5.08412192938595,6.48681165274399,5.66180353729039,5.10566377367428,6.15645597035825,4.99509121545252
"GENE2336",9.705064286455,9.60199227996539,8.75703119620635,9.56415352121996,10.3692484663702,9.71520202410538,8.81643273540357,8.95838131672442,9.60254768245327,9.1962806710874,9.54226745640994,9.20456171700643
"GENE2337",4.4729759908335,4.25922592582695,5.35221823605166,5.41767630478048,4.80680779414595,5.33084216030771,5.15637963915766,5.32585270951707,4.68748146497161,5.10566377367428,5.18989720613499,5.07150200490239
"GENE2338",8.22550760116884,8.49305422343023,8.43512017056437,8.46715467528357,8.39213143523376,8.67371500382266,8.0353460242477,7.71590937013025,8.59845719472944,7.82263722002466,8.74394113136163,8.55890696845935
"GENE2339",5.10552670264911,4.82751824920096,5.2474390419342,5.57738529836157,5.71720204413545,5.09353462373327,5.71527885752612,5.36630838281794,5.05959906130947,4.93638930206227,4.96591931636746,5.17775300157529
"GENE2340",6.24368654132521,5.55435776560309,5.2104797339222,6.02133764409921,5.89522464225048,5.29957473473025,5.4657439999289,5.51650434151614,5.54330126297226,5.50723476179113,4.90264323278714,6.26564559382991
"GENE2341",7.49082860194729,6.41874700020975,6.43853414085476,7.13629357525293,6.23173334827019,6.38459068643026,6.50552494164073,7.00641134779031,7.0135638649421,6.88670356310395,6.63262528795985,6.95142178163927
"GENE2342",5.04323840081973,4.94597899121255,5.17238817225744,5.57738529836157,4.91459706087536,4.84489329067828,5.49293693774556,5.44358190719965,5.01324141627604,5.79059724343991,5.24001796341339,4.77874383137617
"GENE2343",5.7189199947252,6.50769108912158,6.02121292990129,5.90861586733418,6.23173334827019,6.18734008926068,6.26851135987232,5.55149445800918,6.4714557263892,6.2244883511112,5.61978437036428,6.38061463797307
"GENE2344",8.04166869846185,8.63240626749591,7.86826995990396,8.09262279041264,8.54761531725743,7.57620272653587,7.92105994117513,7.96538663025172,7.94872212096383,8.20643704361209,8.11267011979927,8.3279372647682
"GENE2346",8.61024832949122,8.20325008208085,8.64898725595837,8.24187813205666,8.60185132528265,8.38375004396184,8.584062587164,7.42283887040303,7.57431622116755,8.20221999338045,8.2091789366124,8.39346459670065
"GENE2347",9.78522962267848,9.31624834629078,9.88330388448935,9.92860582775447,10.0946952815287,9.85135936998264,9.26880466283034,9.68659407796421,9.81481242127718,8.82639740981216,9.18438600923794,10.238388341117
"GENE2348",5.32722718529249,5.44634641097134,4.51367610562448,5.02168626161896,5.26800207479775,5.74968320042272,4.92507133570572,5.44358190719965,5.30591088547647,4.79100537130028,4.18163946874168,5.30655988068131
"GENE2349",5.51588380404437,5.40825302561207,4.96169205740668,5.28343957432089,5.18878254774675,4.89020448646291,4.57805571918833,5.40552449164539,4.62236681307091,5.18214848822356,4.90264323278714,5.4781589594365
"GENE2350",9.49332671217907,9.93995973494785,9.9933883456861,9.02346423634144,9.59883493328959,9.40900211847465,9.36274631998744,9.29729893824109,9.23505302924728,9.63022656814246,10.1088591190483,10.0080725839664
"GENE2351",7.48013108910424,7.23360765938407,7.0213794477982,7.37289394698162,7.40507812811295,6.87049440091214,7.49171902385612,7.05395954683765,7.07652965181,7.99839747119206,7.17962280118574,6.6890825428247
"GENE2352",8.2757555120545,8.32915042844939,8.62962383724134,8.7680579467318,8.81274267822537,8.14916728561272,8.35341205730659,8.38634111557566,7.90332072383734,8.35816589484997,8.60903088838086,8.03982767155009
"GENE2353",5.55906080693802,5.55435776560309,5.38531027680005,5.07871890811883,5.44673993994446,5.8982945785359,4.83658026738577,5.24084983880704,4.86206514454115,5.66920959612141,5.24001796341339,5.36634491221722
"GENE2355",9.21320951169375,8.41797358024098,8.93581116213697,8.5427331604833,9.19312166997654,8.87334197170936,8.84426508378779,8.80445347576224,9.2258748669604,8.63330366249157,8.85244144054244,9.2122230210972
"GENE2356",9.49332671217907,9.52415839744731,9.53884616018832,8.56102406216687,8.75648127285868,9.69143986069447,9.77519073475971,9.67341179106096,10.2724750375653,10.2593649420472,9.94530448826473,9.43317630460257
"GENE2357",10.1166295455053,9.89184280966153,9.19042004451834,10.2673985511118,9.82986932875603,10.1924045805426,9.87665369368439,10.3063492530129,9.01826356678736,9.43939282891455,9.728638306016,9.64042948446397
"GENE2358",5.27537882872743,5.65416792709915,6.00077224331542,5.45947522938127,6.00947428197951,5.23461658439802,6.01958288741158,5.14964543198099,5.9650330283611,4.88996318035601,5.65589826360468,5.76575950252519
"GENE2359",5.55906080693802,6.08885644940613,5.84844210197022,5.99401446746821,6.47132260101465,6.25105661427605,6.01958288741158,5.32585270951707,6.30460552420067,5.88040760563549,5.65589826360468,5.67663210729273
"GENE2360",5.22130398880226,5.74701329525877,4.51367610562448,5.18531255928563,4.96491268069176,5.83658902810604,5.04631054532115,5.32585270951707,5.229117083218,4.26028533421001,3.33339683403742,5.24381262475191
"GENE2361",5.55906080693802,5.000948680323,5.17238817225744,5.87892020929913,5.66169183274517,5.65676954152493,5.2246232706067,5.77353483694339,5.229117083218,5.38693173058729,5.99989914881159,5.78714750479939
"GENE2362",7.61333637401274,6.89698141998566,7.0113853210515,6.47818907174912,6.96984396208988,6.39867059958643,7.22444781463687,6.52127026348588,7.12695813195442,7.62865016919706,7.43109254821764,6.64403989733043
"GENE2363",5.27537882872743,5.19860617920382,5.44904465981825,5.07871890811883,5.74411748646959,5.47665968096879,5.4657439999289,5.80245046367133,6.21306542610004,5.25417383302746,5.50511782417126,5.4781589594365
"GENE2364",9.59073688960237,9.70398009940828,8.7659259432838,9.23182429953221,8.97492870634557,9.19701875940644,9.04728848500606,9.32405991720557,9.16954407056059,9.33551129887454,8.52719694752474,9.13975276462626
"GENE2365",7.43652433597219,7.87346737462297,7.41872627821719,7.44380075107211,6.93626340191311,7.59445320565845,6.96201933661966,8.12349742337836,7.52264638033603,7.78362103908849,6.97428059046477,6.89503866352647
"GENE2366",7.5533899698042,7.57269246356918,7.65464126297916,7.62025925976358,7.28606092071994,7.2082875997854,6.91477176764913,7.42283887040303,7.5450188944387,7.18176712713889,7.16761902211815,6.83632749118693
"GENE2367",5.27537882872743,5.32850403016816,5.28333916502146,5.93767861405064,5.26800207479775,5.63249452458539,5.25739083816715,4.76123395654334,5.18887737158306,5.66920959612141,5.46455409026317,5.07150200490239
"GENE2368",8.22550760116884,8.29499379198256,8.75405403880595,7.1725867468328,7.97074197266134,7.50722462779493,7.29976031465469,8.10114212089514,8.23637526753613,7.64740901382693,8.9911273619293,8.48490199841764
"GENE2369",4.3577216136768,4.69499358436409,5.47977263785321,4.76074593408714,4.55277978931402,4.52437607466252,4.57805571918833,4.45651341489076,4.55284654316695,4.8415720392666,4.76445481120257,4.30140717159859
"GENE2370",9.03882672404673,8.3483107649052,9.26758381153472,8.50543953997688,8.50650298361555,8.39764851992918,9.0451101166413,8.22518564748408,8.18041152727067,8.82091071782095,8.53186730486265,9.15771879872293
"GENE2371",5.51588380404437,5.74701329525877,6.59484977164761,5.7531773193868,6.48696601502547,6.20354503286153,5.82447103745129,5.55149445800918,6.43963604363327,5.25417383302746,6.34100407783317,5.9088304410793
"GENE2372",4.22498275163827,5.15211675089249,4.44108581236596,4.0273271381528,4.6222967045272,4.79768253464048,4.51761852880097,3.99257800367954,4.09375320931323,5.25417383302746,4.90264323278714,4.56859374079285
"GENE2373",6.8070296362539,6.54175171344005,6.68600078930893,6.53546187415806,6.63452952699362,6.61868209397374,6.95269444975136,6.88009573261484,6.13523133786866,6.58105323993821,5.18989720613499,6.96973050860055
"GENE2374",4.66889628332048,5.19860617920382,4.58121647782981,4.89863543349259,4.8619839938629,4.79768253464048,4.78958910954703,5.05111048996905,5.05959906130947,4.73801220112087,5.7913210827584,4.44457474590749
"GENE2375",6.50090642001555,8.17132172516022,7.97452548530828,7.47314714503794,8.68794047442758,7.78653790537286,7.58487109961494,6.98202885739717,6.26870767720187,8.22318276822786,7.63627977154345,7.89004520998033
"GENE2376",7.85585375932189,7.29434413493732,7.9170589287111,8.28654654332293,7.85031606630528,7.3866616933042,7.64377336496219,8.12349742337836,7.22276805294502,7.53771265689779,7.56501618522785,6.98780684525357
"GENE2377",4.66889628332048,4.36428639562465,4.17928166882704,4.68473034113011,4.68740827512561,4.69671045320522,4.38398277762959,4.82541118637765,4.62236681307091,4.49450516137223,4.606173645641,5.27557692645215
"GENE2378",4.4729759908335,4.13852865130535,4.8656317369195,4.76074593408714,4.8619839938629,4.23192956916254,4.83658026738577,4.1373247401923,5.01324141627604,4.73801220112087,4.51688249385809,4.56859374079285
"GENE2379",8.9016550576882,9.87048308062504,8.37047282192672,9.04635768870427,8.12202771650236,8.24070839633754,7.81749912118506,8.73723980451742,8.40455067874989,8.93450331787944,8.65684452125679,8.32440445106496
"GENE2380",6.05122677290855,6.50769108912158,6.45348432858436,6.35612556523743,6.39038072243363,5.8982945785359,6.69715187180808,5.58557777829278,5.98749561946715,6.11905177844504,6.3192277818942,5.60565275807301
"GENE2381",10.0622531655024,10.1009904904638,10.6379059656482,8.99684722419719,10.5119551521867,9.85009737927458,9.94248698755304,9.39691012784877,10.0383217632854,10.1065965329659,9.3860488170961,9.563163612435
"GENE2382",8.54005888331409,8.29992320348638,8.8958553585776,8.43279976977113,8.92759377199234,8.6361154428121,8.23601109281602,8.68562751510082,8.64741805030285,7.98863248355744,8.44043270164982,7.58175833596739
"GENE2383",9.98891779087989,10.0981661064601,10.1532680018096,9.95649206639171,9.69340476095711,10.4737830909674,9.40582105412158,10.015395321418,9.49969364519571,9.4712544298665,9.46627243260521,9.5035413519557
"GENE2384",5.64139193388158,5.88880650063069,5.47977263785321,5.41767630478048,5.63304574559507,5.01634725588924,5.62103385748696,5.10137785357304,4.91468052254992,5.21868168702726,5.08309620659538,5.5811231366749
"GENE2385",9.98515129610003,9.80616958261344,10.6698345853445,10.4141284675759,9.92648666668499,10.1683046387557,9.90455040072006,10.3870018902831,9.7248479264105,9.3659631330728,10.2200388899704,9.57212136859658
"GENE2386",5.32722718529249,5.28667684964983,4.8656317369195,4.41564925474099,5.37821085544912,5.16609490762959,5.04631054532115,4.69304720704209,4.80688647693289,5.53565047103937,5.02594913526056,5.69947582828021
"GENE2387",8.94108587125395,9.00849671506586,8.09246440254972,7.14849405573179,7.66544935310453,7.84355963774661,7.2550503179787,7.63253747912349,7.58154801019905,7.82263722002466,7.67062707598478,7.10830275402822
"GENE2388",8.36548967089162,7.71254937306585,7.88471762761298,8.08631818123461,7.73839938879241,7.45488899928275,7.14494611911929,6.65125323018557,7.76418647028084,7.97880073882043,7.17962280118574,7.54573539493925
"GENE2389",6.29410944552017,6.08885644940613,6.51174410997243,6.35612556523743,6.19388547785541,6.0682680412696,6.37100382298544,6.28049863983408,6.59199393845749,6.5545622499067,6.65007844110637,6.33860140898618
"GENE2390",5.42499698288565,6.08885644940613,5.67680935887743,5.37447816482985,6.00947428197951,6.10334721091766,5.80332831126727,4.82541118637765,5.66180353729039,4.73801220112087,5.7913210827584,5.65339062366611
"GENE2391",5.22130398880226,5.15211675089249,4.96169205740668,5.53924841248507,5.14719229056659,5.16609490762959,4.96688950493872,4.94373409540296,5.14728546522591,5.32228647894835,4.90264323278714,5.36634491221722
"GENE2392",8.29415533500991,8.37658155258124,8.75703119620635,7.55774555414454,8.45242170548616,8.07323002879912,7.88248281771451,8.06116453546954,8.5254943230202,7.64740901382693,8.28309058980313,8.22558632979652
"GENE2393",7.02955165021014,7.69016575706398,7.56895701256258,7.49238284677187,8.18500313658106,7.4415009670404,8.51646009481987,6.88009573261484,7.85046931517638,7.51745272792899,6.98801811246797,7.96915131009601
"GENE2394",8.75004314889558,9.23628180672801,8.87682338509729,9.28778433254421,8.36729039321208,8.70478120492165,8.81643273540357,8.71534620858201,8.86409484102778,8.53282720634964,9.45648517110779,8.82441962985628
"GENE2395",5.60086656600879,4.82751824920096,5.17238817225744,5.87892020929913,5.41293052223172,4.74836901933285,5.69233409867065,4.88610457922949,6.11507016701363,5.35501792835748,4.83567457393778,4.87026432960211
"GENE2396",5.95975172097631,5.83385791113941,5.13308268451435,6.12551183168539,5.01315373799188,5.20082860798237,5.4657439999289,5.05111048996905,4.80688647693289,5.21868168702726,5.46455409026317,5.39522024645591
"GENE2397",8.4983597654583,9.03828035909746,8.7659259432838,8.87058648101232,8.64725900583188,9.38654295062482,8.28116571281418,8.5102208719426,9.02885805975254,8.41026731819226,8.95681889823091,8.55589815335225
"GENE2398",5.37704373556169,4.25922592582695,4.8656317369195,4.41564925474099,4.6222967045272,4.58511941354377,4.8816839009191,4.62017751094195,4.62236681307091,4.34542727297923,4.30837276184222,4.50856753718945
"GENE2399",9.89167260714499,9.71323949621757,10.5676162761826,10.0581213395214,10.5917955629119,10.0168338224873,10.4673041787237,9.87768846464182,9.25097556264175,10.3382622639733,9.53531063226013,10.263487984993
"GENE2400",7.64239588825751,7.23360765938407,7.14530582896251,7.68016317976895,6.87847250271613,6.60664866537929,7.59087132326681,7.71590937013025,7.73207070128678,7.1644658437704,7.8610627413431,7.32959411363535
"GENE2401",5.75606304287901,5.94162310744823,5.80159265148916,5.23533893934653,5.77050451575007,5.36135958543197,5.66898870327044,5.85849086759404,5.51193366996622,5.74335064878276,5.50511782417126,4.99509121545252
"GENE2402",7.97477007956625,7.93817789507314,7.70493555121739,8.31916123138009,8.24078570136783,7.34410884252649,7.73326139426523,8.14551071915606,6.98100630599043,8.04153759112748,8.14353012164522,7.35064761137805
"GENE2403",7.69880747252517,8.01217204181728,7.81776652384394,7.87575977820065,8.00337476356376,7.48129563368987,7.9399671418289,8.10676359291457,7.24118269113498,7.53771265689779,7.72065479717393,6.42140460861702
"GENE2404",4.90791694271948,5.36899923474729,4.91466241217766,5.18531255928563,4.39688560685022,5.20082860798237,4.78958910954703,4.36276907375499,4.86206514454115,4.73801220112087,4.68826865985232,4.12858003749756
"GENE2405",8.91359796945323,9.60199227996539,9.40863793835037,9.27122317180321,9.0074298152478,9.32245835906478,8.82153330324756,9.88260602775762,9.04460522888287,9.13791648395168,8.93583490722871,9.36780089005851
"GENE2406",5.04323840081973,4.45815638711915,5.41757085400705,5.7531773193868,5.54319346808701,5.58257021384029,4.78958910954703,4.94373409540296,5.34262576431803,3.92558082013892,5.37940981639276,5.21122135721986
"GENE2407",9.4959762581372,9.57989011467589,9.37803380340553,9.89837380284619,9.47456736994455,9.29489240588943,9.9224574758605,9.54901339937717,9.63237329059073,9.51945873094782,9.43421790420623,9.85624199144546
"GENE2408",9.67965324659922,9.93205089142375,9.58981120137732,9.6348946064965,10.1009820059548,10.6465460939334,9.36624004647016,10.1342376553178,9.79478257737022,9.95586813314492,10.208424349373,9.13774264871323
"GENE2409",5.22130398880226,5.40825302561207,4.8656317369195,4.68473034113011,5.10414213213893,4.84489329067828,5.15637963915766,4.88610457922949,5.229117083218,5.32228647894835,4.76445481120257,4.7299763856432
"GENE2410",6.05122677290855,6.50769108912158,5.38531027680005,4.76074593408714,5.60376825248473,5.55688262416421,5.54568165838144,6.17560013127502,5.47979555464943,5.61739078218998,5.61978437036428,5.53065117136758
"GENE2411",7.61333637401274,8.65949628138859,7.7233508270694,7.55774555414454,7.8740455884556,8.1776490276206,7.88248281771451,7.3198679965527,7.94312473257015,7.89239999638079,7.40069103688959,7.92781429791797
"GENE2412",6.5221111146563,6.49034672287909,5.50979240942014,5.78572635842586,5.41293052223172,6.42641329421864,5.32047101053023,5.36630838281794,5.63315652429458,5.35501792835748,6.13156456906103,5.17775300157529
"GENE2413",5.27537882872743,6.15696716394997,5.65039447043383,6.47818907174912,6.86662706500915,6.55746215233833,5.66898870327044,5.93844328331662,5.89534344555973,6.2244883511112,6.25178417146971,5.42346148460052
"GENE2414",8.04891339199637,7.53129570883444,7.68000862345063,7.11157534736412,8.52533598262936,7.63027221832458,7.52970891736584,7.62471251149642,7.42144964663241,7.53771265689779,8.2265754096393,7.91376691244582
"GENE2415",6.58387521906872,6.36254330424983,6.53999390376011,6.41848425819186,6.70290493031399,6.32681128400571,6.4127307263555,6.7985443895651,6.902012604973,5.25417383302746,6.29710676447597,5.78714750479939
"GENE2416",6.90668565465062,7.47998875186559,6.45348432858436,7.32000686468102,6.51774051838371,7.2550090379016,6.51829520622226,7.26041493756375,7.45335487270789,7.7200852458129,7.40069103688959,6.76461532193665
"GENE2417",6.45751355912046,6.3237805308535,6.08077390565727,6.69452339024463,6.71619235027635,6.12055832453363,6.25323544564354,5.44358190719965,6.03134699846857,6.04401625508699,6.15645597035825,6.49959273964185
"GENE2418",7.10128977230633,7.44473472855504,6.60823688465687,6.43866916628439,6.99179899534936,7.01353406952722,7.32160208510307,6.63564484518569,6.4714557263892,7.18176712713889,5.97198377258729,6.14033302751171
"GENE2419",5.89518809952742,5.96728492689918,6.13787023893301,5.87892020929913,6.09448647119194,6.86042702600481,6.43987459101624,6.52127026348588,6.4714557263892,6.70653143130324,6.13156456906103,5.9088304410793
"GENE2420",5.27537882872743,5.19860617920382,5.13308268451435,4.51374221809768,5.26800207479775,4.69671045320522,4.74050856541936,4.76123395654334,4.3969446041571,5.14450255679525,5.08309620659538,4.30140717159859
"GENE2421",5.92785141446124,5.80552563371466,5.7027116488721,5.02168626161896,5.68973507758162,5.50395080240343,5.963917618579,5.44358190719965,5.34262576431803,5.4484781145317,4.90264323278714,5.82893339266767
"GENE2422",6.84103087243765,6.17894622278844,6.52593982629373,7.34139671090057,5.60376825248473,7.168151508594,6.60458680874935,6.7702853662446,6.25040618619454,6.47196308846199,6.71781420160232,6.67795561388007
"GENE2423",10.224394618192,9.83359927054199,9.65507855223376,10.1439931379247,10.3535377921134,10.5441416048736,9.96339585451664,8.60456805449773,10.0898102806105,10.0815884757582,9.29011833106615,9.38654215718479
"GENE2424",3.85356290445134,4.76326395420319,4.2758805597652,4.51374221809768,4.09371013024599,4.58511941354377,4.92507133570572,5.10137785357304,5.01324141627604,4.88996318035601,4.30837276184222,4.50856753718945
"GENE2425",8.39987397209651,8.20325008208085,7.97452548530828,8.32452590130521,7.78296422488811,7.63615609259465,8.15745544052092,7.51890283102636,7.72556046613703,7.27335265438394,8.03578812562887,8.58275391018753
"GENE2426",8.81091247615049,8.80175729301937,8.34694506390167,8.13599808805152,8.76284210607823,8.47506202552734,8.78283164582583,8.92697922345675,8.87881174543416,8.50571872494,7.9957492573475,8.46258108176293
"GENE2427",5.47123394390682,4.54349182563741,4.8656317369195,5.32977315665522,5.10414213213893,5.29957473473025,4.6350661880597,4.88610457922949,4.30778738367409,4.73801220112087,4.68826865985232,4.67889886967609
"GENE2428",10.3453792855165,9.33316520067147,9.71599119577024,9.78630314321843,9.06774701260208,9.9429938446693,9.68295389645659,9.85451551672219,9.1885665834784,10.0254721611251,10.2301254613902,9.78483727115558
"GENE2429",5.7189199947252,5.2434159155023,4.70416965898469,5.07871890811883,4.30773295942769,4.64241390252082,4.51761852880097,4.94373409540296,5.01324141627604,4.8415720392666,5.58265951897939,4.37586395102297
"GENE2430",4.97752596119384,4.13852865130535,4.64451109468011,5.28343957432089,4.6222967045272,4.97579350093252,4.13488263429582,4.88610457922949,4.3969446041571,4.05619041015447,4.18163946874168,4.91338726221614
"GENE2431",9.21642650303789,10.0434245180174,8.8210192596701,9.88573876694922,9.22340946830625,10.4075574747262,9.25379305362037,9.29975238136085,9.50159614954826,9.26858361153241,9.36003526037788,8.60038360061223
"GENE2432",9.39738556320576,9.74789284275409,9.2101015696652,9.72276967149934,9.80235580314502,9.42095217890389,8.90077913911934,8.96148422729669,9.13072914964963,9.78612419041383,9.90089341204642,9.86720016094697
"GENE2433",8.36548967089162,9.47492299850014,10.1611521173606,9.82841358488215,9.28876602865614,9.5353030660427,9.47702673770084,9.65052942890249,9.33019580827191,9.50926401588541,9.18141794237549,9.33484459538364
"GENE2434",8.04166869846185,7.18094559138275,8.48984759869436,8.28103820114542,7.83225822047092,8.15736260709313,8.25122055041427,7.67861209866936,7.73207070128678,7.64118326649361,7.58316663278901,7.74944258649898
"GENE2435",4.90791694271948,5.32850403016816,5.89372786888077,5.32977315665522,5.54319346808701,5.72705190699482,5.25739083816715,5.19608618402031,5.18887737158306,4.88996318035601,5.28820757240662,5.33680315109659
"GENE2436",4.66889628332048,5.10379764560079,4.64451109468011,4.68473034113011,4.8619839938629,5.33084216030771,4.57805571918833,4.62017751094195,4.55284654316695,5.10566377367428,4.606173645641,4.56859374079285
"GENE2437",9.30067832705826,9.53881544350932,9.47159213256929,9.35481214235974,10.1109841188784,9.37078681811369,9.50740339558137,10.1762281006617,9.89371036420634,8.96715433795109,9.25384606636281,9.76804475776115
"GENE2438",7.90460684922436,7.74909713763791,7.64178747778531,8.4228316635695,7.92036081071222,7.90815588084082,7.41934311316538,7.59297887189389,7.84447515311661,7.51063530864436,7.70417179838497,8.52237966828941
"GENE2439",9.4773263898759,10.2736388940164,9.88602498985166,8.99684722419719,9.49953099190057,9.79081877933293,9.05380391005328,9.2800069470977,9.60962116602878,9.76771212509392,9.95228506252553,9.24993056598385
"GENE2440",7.18287131076948,6.98580456356309,6.27954638789441,6.75985491690651,7.23185879053425,7.03156492980097,6.38505127317649,5.85849086759404,6.78096154857469,5.81361419205601,6.85932914672423,6.8162053043689
"GENE2441",5.86172229049857,5.74701329525877,4.76066784415556,5.02168626161896,5.54319346808701,5.58257021384029,6.10762767549903,5.05111048996905,4.96499831346795,5.10566377367428,4.83567457393778,5.45109849932398
"GENE2442",5.68071852918215,6.49034672287909,5.7027116488721,6.45856803913137,5.84670458080484,5.20082860798237,5.86579180112308,5.83076037857321,5.98749561946715,5.76718106798891,5.99989914881159,6.5494038429155
"GENE2443",7.7079976218332,9.27181404756362,9.41994908760218,9.55049439902974,9.70170229903788,9.39175696870076,8.56897456418013,9.61944368136436,8.54408439202798,9.67651441659788,9.21953426492246,9.17742195635974
"GENE2444",4.83382022495936,4.82751824920096,5.05045087255743,3.82642089610471,4.6222967045272,5.01634725588924,4.78958910954703,5.48055331725275,4.55284654316695,4.05619041015447,5.02594913526056,4.99509121545252
"GENE2445",7.68024880944429,8.23962615681411,7.64822875800623,7.90472483358654,6.95873821207038,7.57006727565813,7.78125132373706,8.62428560702193,7.388817724827,6.92838943711634,7.39041211706793,7.75470836312542
"GENE2446",7.87228920699518,8.80522657035442,7.71723860272064,8.84469731744,7.9596977204598,8.52022389340809,8.9151646328634,7.94669585803698,7.55239951394059,7.82812547373125,7.73695075788089,8.46579103993341
"GENE2447",6.08041492233309,5.05347560891206,4.91466241217766,5.45947522938127,5.41293052223172,5.47665968096879,5.00726558384292,4.82541118637765,4.91468052254992,5.32228647894835,5.75872401516255,4.99509121545252
"GENE2448",6.43530421096138,6.62346869553165,6.15639054323778,6.47818907174912,6.96984396208988,6.71143092092651,5.963917618579,6.32034259917405,6.37374741731386,6.54112775667379,5.65589826360468,6.88542032386581
"GENE2449",5.95975172097631,6.93572911571018,6.6346363603236,7.0864215340198,6.35664904421004,6.46702567968607,6.14133157439788,6.83990521169833,6.66241451073872,5.88040760563549,6.18090827777129,7.14094027750562
"GENE2450",7.22197903561354,7.58892237011276,7.741532955504,7.50190477072054,7.59575246284605,7.74903646080683,7.47882869683895,7.61684464640059,7.27731550676993,6.88670356310395,7.35912517723518,7.69569490938351
"GENE2451",4.97752596119384,5.55435776560309,5.44904465981825,6.15037272062609,4.96491268069176,5.55688262416421,5.86579180112308,5.55149445800918,6.07384366040205,5.10566377367428,5.94348779339476,5.10795797700064
"GENE2452",5.32722718529249,6.93572911571018,5.82521995424604,6.10019610490782,6.23173334827019,6.29700098959436,6.31336025633163,5.74398528177613,5.51193366996622,6.20746235163936,6.40437097453878,6.73273588197011
"GENE2453",8.21266669607685,9.14067740841526,8.85476032217678,9.37819924821313,8.90764192117029,8.10747560597838,8.16951562238234,8.88837079191302,8.0354384082269,8.54286279596354,9.37310069707734,8.56789589260561
"GENE2454",5.75606304287901,4.62203258403176,5.44904465981825,4.83180993558511,5.47968994220484,4.52437607466252,5.00726558384292,5.48055331725275,4.20811770217306,4.62346344389119,5.08309620659538,4.82543978751269
"GENE2455",7.20906165858098,6.41874700020975,7.38051010143468,7.71330418853353,8.08185756209307,6.8089914417772,6.67457237209335,7.0303836679997,6.99194169649704,7.28139493795442,7.38005889782184,7.2718886439541
"GENE2456",6.08041492233309,6.30398853404465,5.77754490372973,6.26840677259888,5.79638474795275,5.72705190699482,5.43797005921605,5.68286062317584,5.8468219741038,5.8362460895521,5.18989720613499,5.36634491221722
"GENE2457",4.4729759908335,6.06538593363143,6.08077390565727,6.04812836537868,6.53287914372848,6.4934629543996,5.64522737225206,6.37805680183222,5.82189509075368,6.2244883511112,5.42268344439262,6.35274639768852
"GENE2458",7.75308637751626,7.69766579824607,8.06867849102551,8.14815461164996,7.94856798663579,7.63615609259465,7.26259970244681,8.00205480176293,7.19469354872249,8.06495681527064,7.55585411300705,7.41867099151355
"GENE2459",5.92785141446124,5.51933612698998,6.04135415319609,6.24558767185246,5.77050451575007,6.03227317169203,5.84528873359858,6.55490585733272,5.74423178720393,5.38693173058729,6.08039663785972,6.10715272586554
"GENE2460",4.57571107120738,5.2434159155023,5.41757085400705,5.02168626161896,4.74874735738108,4.69671045320522,4.0296868369848,4.76123395654334,4.09375320931323,4.73801220112087,4.41855260472085,5.10795797700064
"GENE2461",8.75004314889558,8.57664859218198,7.81776652384394,7.64623906902141,8.49890029650005,8.39418645585156,8.29223648960317,8.22518564748408,7.89174275604972,8.08342151354061,7.79257329846972,7.63985685893111
"GENE2462",4.83382022495936,4.82751824920096,4.8656317369195,5.65050799972721,4.96491268069176,4.79768253464048,4.92507133570572,5.88566646440782,5.01324141627604,4.88996318035601,4.18163946874168,4.50856753718945
"GENE2463",5.10552670264911,6.41874700020975,5.35221823605166,4.89863543349259,5.60376825248473,6.10334721091766,5.963917618579,5.24084983880704,6.13523133786866,5.92318065606637,5.33462522028504,5.4781589594365
"GENE2464",8.3062925280489,7.13737229451437,7.30904071334028,7.43388354434105,7.99257923130013,7.75445412342174,7.54215181179332,7.84941358810347,7.07652965181,7.84987126019598,7.06777338022848,7.24213891883367
"GENE2465",6.84103087243765,6.38152941411876,6.68600078930893,6.5904972783667,6.5024373765812,5.44878424431868,6.56824923541444,6.55490585733272,7.06622652142257,6.79947479517033,6.40437097453878,7.13285057305129
"GENE2466",9.38314337940725,8.88279850921906,9.02247580136467,10.0057013740824,9.54266576730365,8.97875713357164,9.49469112281419,8.66673718989492,9.3042696597225,9.32198369883676,9.00798017554626,8.67715183798577
"GENE2467",6.93841032668263,7.27438382687529,7.92237911117585,7.21958659901153,7.93171017225445,7.43475975375666,7.64377336496219,7.94669585803698,7.03486290137001,7.32094195285651,7.72065479717393,7.14094027750562
"GENE2468",7.84756501519485,8.10525796116527,7.96939512712356,8.04139493841454,7.1755206211175,7.28532964669474,7.64377336496219,8.18324185035153,7.37221868281206,7.98372501300483,8.17374220200357,7.86105257136516
"GENE2469",6.34277418117912,7.0924274318274,6.52593982629373,6.22238843327479,6.32208432471725,6.74470262618717,6.32799541290924,6.33984640299133,6.7425374961594,6.39921890917909,6.20493726932166,6.74344222253686
"GENE2470",8.72314813268376,8.96573798412276,8.88501073536975,8.34578691000527,9.11573857315992,8.91015162567002,7.73867347507255,9.05450424038077,9.11341340444666,9.31419627901543,8.87466568173494,8.8418134109089
"GENE2471",6.69984486076188,7.15932508488617,7.1990654445994,7.52076099130985,6.8546820762888,7.19236818139321,7.11186368336883,6.98202885739717,7.24118269113498,7.14695244687631,6.98801811246797,6.59751471288581
"GENE2472",7.05868126447763,6.54175171344005,5.62344470315804,5.96613618738869,6.40694687715487,6.61868209397374,6.77346050183009,5.40552449164539,6.902012604973,5.81361419205601,6.48463910885948,6.03830084519476
"GENE2473",7.22197903561354,6.94841405079413,7.46327951822329,7.03474306184426,7.21332504532195,7.74903646080683,7.55448768742466,7.08860839414503,7.53760009959579,6.83281641753557,6.98801811246797,7.249634566951
"GENE2474",5.60086656600879,5.62172626825794,5.35221823605166,6.19879571503144,5.34252507624925,5.50395080240343,6.19039820223215,6.17560013127502,5.63315652429458,6.30662940925271,6.20493726932166,6.23536026444404
"GENE2475",5.22130398880226,5.51933612698998,6.59484977164761,5.93767861405064,5.66169183274517,6.01391646633047,5.4657439999289,5.51650434151614,5.41303377401106,5.64355255347913,5.65589826360468,5.65339062366611
"GENE2476",9.74570384868048,9.84543765289763,10.8146768525857,9.34693138522851,10.1109841188784,9.66441046213164,9.95645985477664,10.2854612642361,9.73458650548779,10.2954036575207,8.76788870160332,9.76414163907955
"GENE2477",7.27251225523492,7.58083036632778,7.58918927045672,7.4138408082657,7.38039408522749,7.11845056552472,6.80494753353666,7.26041493756375,7.28620787612789,7.02755736137478,6.91796548739898,6.96973050860055
"GENE2478",4.4729759908335,4.13852865130535,5.41757085400705,5.13317711387027,4.47802302603084,3.90712034034531,4.51761852880097,4.76123395654334,4.09375320931323,4.79100537130028,4.90264323278714,4.21973032357518
"GENE2479",7.34511511346477,8.04778883286092,8.59676171385454,7.88305594210509,7.94856798663579,8.1776490276206,7.97705164958238,8.95215538595924,7.93186415857175,7.77795979114874,7.92643641008733,6.71107740034224
"GENE2480",7.75308637751626,7.49729586895031,6.82978252712813,7.02152542511064,6.21293819277411,6.87049440091214,7.48528834842073,6.99427226000694,7.45335487270789,7.20733249826174,6.5605726659908,6.70012268230767
"GENE2481",7.86409497526777,8.48874440787574,8.16155012643933,7.94710675257526,7.89158912846153,7.73813944440024,8.50064316575311,8.6705351186541,7.3638464515757,7.47605333219817,8.19156962907304,8.78128250085351
"GENE2482",8.97946673669405,8.90236632914485,8.31900113245233,9.24319139878367,8.57317973992861,8.67656704345267,8.67986690448562,7.82914133252414,8.24549461439351,8.32364840303209,8.07474263148068,9.05707839863763
"GENE2483",5.16477571414311,5.28667684964983,5.47977263785321,4.89863543349259,5.26800207479775,5.50395080240343,5.40958719984467,5.19608618402031,5.47979555464943,4.6822891391766,5.02594913526056,5.30655988068131
"GENE2484",6.64304895209261,6.15696716394997,5.62344470315804,6.39800474246707,7.1268133853913,5.93793102357782,6.28362171103306,6.83990521169833,7.0027937912805,6.27435136998513,6.5605726659908,6.8757364769821
"GENE2485",7.05868126447763,7.12626803727065,7.33326245720072,7.07367637883299,7.52999278137274,6.75562184297367,7.71140678846714,6.98202885739717,6.83062658236547,7.87129291590109,6.8442841935716,7.50878437789072
"GENE2486",7.63277461048778,7.61292812048074,6.94990203252106,7.38324092676559,7.46107226597804,6.66581655858354,6.67457237209335,7.30032351419192,7.6030272115686,6.88670356310395,5.94348779339476,7.39184805994009
"GENE2487",6.5221111146563,6.17894622278844,6.67333348395195,7.0864215340198,6.84263582363192,6.81942866563602,7.00774940787326,6.45148769049244,7.57431622116755,7.1112678315681,6.57893356949898,6.5736643613249
"GENE2488",9.44752328276887,9.73340331011335,10.3384927258636,10.369452798936,9.56830370406658,9.48415062372648,9.80381202010676,10.0909881136331,9.13808699036764,10.0373444556498,9.26510425861202,9.25364764686651
"GENE2489",7.08722784145793,7.49729586895031,6.58133448834426,6.79142519815636,6.00947428197951,6.76645760759829,7.36431049905255,6.83990521169833,6.35677965584575,6.48607063042107,6.85932914672423,6.49959273964185
"GENE2490",4.57571107120738,4.25922592582695,4.70416965898469,4.96177923278654,5.14719229056659,4.58511941354377,4.57805571918833,4.94373409540296,4.09375320931323,4.56106826899732,4.606173645641,5.14335227951321
"GENE2491",9.66795309061154,11.0480871004704,9.60970339809877,10.1665519243994,10.3215936138766,9.83231257982092,9.33448753126072,9.59568161552443,10.3952233293263,9.63022656814246,10.1700179359079,9.14776532003655
"GENE2492",8.5297467195373,8.86960413827487,8.83798852442484,8.51015438578949,7.74485107074908,8.33763060878422,7.93054462068358,8.70427339898725,7.95429780457676,8.16803125294082,8.48446801514132,8.87598363802177
"GENE2493",5.10552670264911,4.36428639562465,4.96169205740668,5.18531255928563,4.68740827512561,4.97579350093252,4.57805571918833,4.88610457922949,5.01324141627604,4.62346344389119,4.90264323278714,4.82543978751269
"GENE2494",7.69880747252517,8.47137502355549,7.83479896493169,7.89753810098332,8.28567474561703,7.63027221832458,7.5788456774264,7.88257791406264,6.93640521300598,7.61600666209712,7.54663314423865,8.0484229427357
"GENE2495",6.89055401274206,7.17017623760986,7.33326245720072,5.71982118703818,6.09448647119194,6.88049097459827,6.31336025633163,7.0303836679997,6.39051208989991,6.96888886989161,7.4510076739116,6.8561685958852
"GENE2496",6.43530421096138,7.63653890049613,6.97069274817836,8.61891487304433,8.19915275974709,6.9294461938544,7.2550503179787,6.95722173331582,7.63812652118573,7.38948466433328,6.79816884821722,7.43189645521719
"GENE2497",5.16477571414311,4.45815638711915,4.06851441067084,4.83180993558511,3.95654372834274,3.90712034034531,4.8816839009191,4.69304720704209,4.30778738367409,4.6822891391766,4.83567457393778,4.56859374079285
"GENE2498",5.10552670264911,4.88828303784405,5.05045087255743,4.17933027955555,4.96491268069176,4.79768253464048,5.00726558384292,5.40552449164539,4.74882339490588,4.88996318035601,4.90264323278714,4.77874383137617
"GENE2499",4.75447897304764,5.15211675089249,5.41757085400705,5.81750875605802,5.77050451575007,5.50395080240343,5.15637963915766,5.48055331725275,5.30591088547647,4.8415720392666,5.58265951897939,4.9549542106143
"GENE2500",7.29712476527457,7.76345976431276,7.90635913416766,7.12398795478284,7.15623658563293,8.27123151101368,7.2550503179787,7.38624580870289,7.37221868281206,7.28139493795442,8.49407347012407,7.75995490645835
"GENE2501",5.32722718529249,5.62172626825794,5.75306049096556,5.53924841248507,5.74411748646959,6.25105661427605,5.69233409867065,5.48055331725275,4.86206514454115,6.1006717282986,6.22855786129242,4.6252228177491
"GENE2502",6.02140674109204,6.13463400001752,5.89372786888077,6.33470664520053,5.5118269454012,5.68061003498063,5.49293693774556,6.1086334931305,5.63315652429458,4.56106826899732,5.28820757240662,5.72193608848263
"GENE2503",6.45751355912046,6.99805308443257,6.6346363603236,6.88213023972817,6.68949163604924,6.58226970777879,7.06075631123919,6.57142739792876,7.08675890930259,6.5138682890096,6.50400981704698,5.60565275807301
"GENE2504",6.10899850095817,5.99247478376178,7.27609381181281,6.57238971406068,6.2502780500481,6.39867059958643,6.95269444975136,6.37805680183222,6.64860831169786,6.35368973410198,7.24960227979195,6.14033302751171
"GENE2505",7.44755103992302,7.26429825441583,6.99118431421597,7.37289394698162,7.77037186251193,7.34410884252649,7.2550503179787,7.56870941547997,7.24118269113498,7.53771265689779,7.17962280118574,6.5122116535806
"GENE2506",9.38027798512351,9.17325501104921,9.93939607759205,9.41635412955404,9.30410766233955,9.12995407204825,9.19213316231072,8.878554908121,8.07691171654485,8.82913294302092,9.38862454791781,8.57385750024735
"GENE2507",6.47937734615328,5.77658684905942,5.95895410833228,5.99401446746821,5.34252507624925,5.79383509563228,5.40958719984467,6.55490585733272,5.44684439577657,6.45771255410179,6.50400981704698,5.50466855113633
"GENE2508",7.87228920699518,7.71993370991985,6.98097537909333,6.57238971406068,7.67223646612108,7.56390547212359,7.50449448438348,7.37694958575046,7.68586682323157,7.29734513797327,8.0811337190863,6.42140460861702
"GENE2509",4.57571107120738,4.82751824920096,5.28333916502146,4.30574182321017,3.95654372834274,5.29957473473025,4.6350661880597,4.82541118637765,4.96499831346795,3.75359317195248,5.28820757240662,4.02417826350125
"GENE2510",6.38980265357328,6.06538593363143,5.91581803415833,5.18531255928563,5.63304574559507,5.44878424431868,5.76002336159876,5.40552449164539,4.55284654316695,4.79100537130028,5.08309620659538,4.7299763856432
"GENE2511",5.7189199947252,5.65416792709915,5.41757085400705,5.45947522938127,5.77050451575007,5.53068369428789,4.6350661880597,5.68286062317584,5.54330126297226,5.10566377367428,4.606173645641,5.72193608848263
"GENE2512",9.37740688582304,7.61292812048074,9.0125462715399,8.43279976977113,9.31496689060844,9.03982322110503,8.57502874823902,8.6705351186541,9.47085072851526,8.71544707833365,8.66961386570823,9.03132244470284
"GENE2513",5.55906080693802,5.15211675089249,4.91466241217766,4.96177923278654,5.14719229056659,4.84489329067828,5.59639087775452,5.61880370076047,5.30591088547647,5.41807173488789,5.24001796341339,5.17775300157529
"GENE2514",4.57571107120738,4.69499358436409,4.44108581236596,5.32977315665522,4.80680779414595,4.79768253464048,5.00726558384292,4.45651341489076,4.68748146497161,4.88996318035601,4.606173645641,5.27557692645215
"GENE2515",4.90791694271948,4.69499358436409,4.81438547614811,4.41564925474099,4.20806849983989,4.45960574336212,4.0296868369848,4.88610457922949,5.26809996594856,4.8415720392666,5.28820757240662,4.50856753718945
"GENE2516",7.88853884726228,7.20224381657285,6.94990203252106,7.13629357525293,7.27716866916446,8.48811054543362,7.54215181179332,7.70852701451418,6.98100630599043,7.35942556914906,6.98801811246797,7.78075153563461
"GENE2517",8.68184035669599,8.83607990360614,9.40484775307054,8.28103820114542,8.33775696618291,8.41483508876453,8.23218348555308,8.57244770233801,8.72766436718248,8.62388069731105,7.9405688451493,8.19495492833834
"GENE2518",5.79220833066203,6.57500853115782,6.32916773000447,6.12551183168539,6.19388547785541,5.97645027083461,6.12458224162565,6.13131743558802,5.54330126297226,6.00490842506876,5.13766140803494,5.55612909748223
"GENE2519",6.43530421096138,7.69766579824607,7.32523400133281,7.48279725904251,7.04525073944774,7.00443237461406,6.74125858856918,7.44079077483173,7.05584843127826,6.7184881759186,6.20493726932166,7.25709113230389
"GENE2520",4.97752596119384,5.15211675089249,5.89372786888077,4.60282355996089,5.10414213213893,5.05556156577568,5.28932474144339,4.62017751094195,5.18887737158306,5.02403580464725,5.08309620659538,5.14335227951321
"GENE2521",8.44447878793966,8.89587319386138,8.65538433078646,9.08161432586646,8.44452733919576,8.81241841392566,8.45212280288087,8.16180248249321,8.13205308480693,8.77056725577996,9.15442675492774,8.80681336714245
"GENE2522",5.37704373556169,5.36899923474729,5.67680935887743,5.49997071347815,4.80680779414595,5.50395080240343,4.92507133570572,5.10137785357304,5.77061962651983,5.50723476179113,5.82314965918915,5.14335227951321
"GENE2523",10.2512997677539,9.49868017554131,9.86549045728128,10.2520107077219,9.66991443391316,9.69706628119096,9.89369846310546,10.1465548634219,9.86591984964515,10.4711135672233,10.575768465108,10.1544059921896
"GENE2524",7.43652433597219,8.0939463173888,7.6353171615808,7.60267437898856,7.5448687773394,7.79707522542876,7.38519630139165,6.63564484518569,7.10700003517748,6.73034483720479,7.35912517723518,7.53352386888709
"GENE2525",7.24746884326167,7.17017623760986,6.87464521876906,7.12398795478284,7.92604669022461,7.58839547017555,7.42607588161323,7.06560292235522,6.80601126813129,6.78818458906525,6.71781420160232,6.67795561388007
"GENE2526",9.02788131346491,8.41343277946771,8.48626309055883,8.07362547038744,8.24533812042347,8.37323744526942,7.77072458924923,8.63598790345371,8.28140505610545,8.27228188890483,8.24944841068526,7.99606358276224
"GENE2527",9.72326782859813,9.87708905882391,9.60144830064394,10.1210759410276,10.2050336172291,9.7776032863657,9.71618576716769,9.85784881887966,9.80097528514331,9.68408666108114,9.78250860788825,10.1702224573549
"GENE2528",9.78306193365519,9.92250267863416,10.0046997853645,9.80751204129478,9.92648666668499,10.3648987544764,9.6022988486506,9.83604337158897,9.5757087744639,9.20051139794847,9.6790037519271,8.89990430983043
"GENE2529",6.62359850447336,7.24391121541972,7.41872627821719,7.30919086456624,7.08661475461288,7.55771708728961,7.21669373774825,7.26041493756375,7.32123481012564,7.87659881355888,7.51860911704133,7.84633395353021
"GENE2530",6.24368654132521,6.87055047230769,5.75306049096556,6.17479543641974,5.71720204413545,5.68061003498063,6.46650372404664,6.30056273879937,6.4714557263892,5.81361419205601,6.18090827777129,6.14033302751171
"GENE2531",4.75447897304764,4.94597899121255,4.81438547614811,4.83180993558511,3.77572694416895,5.2675149887357,4.13488263429582,5.28406706308717,5.14728546522591,4.26028533421001,5.58265951897939,5.27557692645215
"GENE2532",6.08041492233309,5.91547036063218,5.2104797339222,5.28343957432089,5.54319346808701,5.36135958543197,5.59639087775452,5.58557777829278,5.98749561946715,5.85850633439521,5.82314965918915,6.0205365393326
"GENE2533",5.32722718529249,5.5884713191697,5.80159265148916,4.41564925474099,5.37821085544912,5.33084216030771,4.8816839009191,5.19608618402031,5.34262576431803,5.50723476179113,5.50511782417126,5.67663210729273
"GENE2534",9.55052101996187,9.03828035909746,8.82386138126485,9.24035801406141,9.20250893841971,9.61325331280844,9.77256041480689,8.75523376726414,8.04591936780552,8.75338756867515,8.77971489444769,8.59746025927099
"GENE2535",10.5247225454436,9.45739587010772,9.98325871959876,9.94957088742665,10.1814967237402,10.3007590727427,10.3981780196716,10.3777440815207,9.91812966985352,10.1919231016254,9.74481069775845,9.40337085889782
"GENE2536",5.32722718529249,4.94597899121255,5.47977263785321,5.37447816482985,5.18878254774675,5.58257021384029,4.78958910954703,5.96408614432559,5.44684439577657,5.06554210962677,4.76445481120257,5.30655988068131
"GENE2537",8.42234905586438,8.96573798412276,8.97468924689655,8.46715467528357,8.62647928477262,8.16956874192105,9.05596919126943,8.41832421177876,8.78191762959087,8.83458848250729,8.00921976916286,8.0181120710886
"GENE2538",5.7189199947252,4.88828303784405,5.17238817225744,5.37447816482985,5.57382857406539,4.45960574336212,4.83658026738577,5.80245046367133,5.34262576431803,5.69438237210904,5.46455409026317,5.36634491221722
"GENE2539",9.80459360105288,9.38043340936411,8.86030783035083,8.64486886234707,8.16110683534123,9.51792329751582,9.12771813595971,7.73783143885688,9.01026628654918,9.60491852893008,9.73066979989481,8.51929350337061
"GENE2540",4.66889628332048,5.32850403016816,5.38531027680005,4.76074593408714,5.37821085544912,4.97579350093252,5.2246232706067,4.94373409540296,5.05959906130947,4.8415720392666,4.76445481120257,5.62973620989044
"GENE2541",7.69880747252517,7.50587170615788,7.81776652384394,8.56102406216687,7.9031669917862,7.79181622573145,8.27373761481456,7.62471251149642,7.6656007787667,7.15573598728026,7.73695075788089,8.03118073219638
"GENE2542",5.16477571414311,5.55435776560309,6.04135415319609,5.57738529836157,5.44673993994446,6.01391646633047,5.40958719984467,5.10137785357304,5.79650064335651,5.92318065606637,5.75872401516255,5.14335227951321
"GENE2543",5.47123394390682,6.54175171344005,5.89372786888077,6.15037272062609,5.89522464225048,5.99531121690269,6.0376476877739,6.33984640299133,5.71731550811546,5.50723476179113,5.82314965918915,5.9088304410793
"GENE2544",5.64139193388158,4.76326395420319,5.56784334996378,5.07871890811883,5.57382857406539,5.72705190699482,5.59639087775452,5.14964543198099,5.229117083218,5.79059724343991,5.65589826360468,5.55612909748223
"GENE2545",8.29415533500991,8.22414883681045,8.11121399787936,8.39760530950905,8.72424902895806,7.87373439711608,7.8970708218742,8.40470405135516,8.29464384745719,7.99839747119206,7.23817433596649,7.62842379606861
"GENE2546",4.57571107120738,5.05347560891206,5.00690280338359,4.0273271381528,4.68740827512561,5.23461658439802,4.51761852880097,4.45651341489076,4.20811770217306,4.8415720392666,5.24001796341339,5.36634491221722
"GENE2547",4.57571107120738,4.88828303784405,5.35221823605166,5.65050799972721,5.10414213213893,4.52437607466252,4.92507133570572,4.82541118637765,4.96499831346795,4.88996318035601,5.61978437036428,4.56859374079285
"GENE2548",9.73452946453389,10.5161613658913,10.0647748729618,9.12527436545972,10.4551814339936,9.57556860532429,9.96800139404088,10.0781850072848,10.2702451033517,10.1122202197864,9.6873957070021,9.41004773263017
"GENE2549",5.86172229049857,5.91547036063218,5.28333916502146,6.07440786992565,5.94207570761707,5.68061003498063,5.43797005921605,4.99864172506497,5.37831285249691,5.28868936701358,5.08309620659538,6.03830084519476
"GENE2550",4.97752596119384,5.40825302561207,5.75306049096556,5.23533893934653,4.8619839938629,4.97579350093252,5.19097146363657,5.05111048996905,5.47979555464943,4.88996318035601,4.76445481120257,5.67663210729273
"GENE2551",6.05122677290855,5.28667684964983,5.62344470315804,5.71982118703818,6.59185833681914,5.44878424431868,6.58046601825008,6.60390115791057,5.71731550811546,5.94407464442714,5.99989914881159,6.4868596524826
"GENE2552",8.09862971762905,9.30404220466935,9.34082710982523,8.9420918449341,8.358913898478,8.81241841392566,9.05596919126943,9.08895983724991,8.28583152679493,8.64577251396396,8.4304615137574,8.90227468751036
"GENE2553",7.95947145029794,7.74909713763791,7.41116417007766,7.91187581747595,7.99257923130013,8.31583605323872,7.8276898718762,7.51890283102636,7.10700003517748,7.19033983498949,7.67062707598478,8.03118073219638
"GENE2554",5.7189199947252,6.36254330424983,5.47977263785321,6.79142519815636,6.70290493031399,6.2195631912168,6.20637570058624,6.23948307151004,5.51193366996622,6.47196308846199,5.65589826360468,6.0205365393326
"GENE2555",8.97567431037841,9.55332502421736,8.60999664269619,9.20300820235947,9.64259134190973,8.77565287706747,8.44882924988146,9.22427001720408,8.73738809379123,8.94210407788806,9.1991353814188,8.8516592740129
"GENE2556",5.27537882872743,6.94841405079413,5.17238817225744,5.49997071347815,5.82177843488912,5.85747045082884,5.76002336159876,5.40552449164539,5.26809996594856,5.18214848822356,6.22855786129242,5.21122135721986
"GENE2557",8.90962798348047,9.02940969667939,8.51116932457178,9.03004240411076,8.7532902969322,8.47833525404346,8.23218348555308,8.9552717126002,8.37577583887096,8.2922557073636,8.91454092727851,8.52545923558982
"GENE2558",6.5221111146563,6.20058263512625,7.00132061530002,7.4138408082657,7.21332504532195,7.08432859437394,6.22217161717912,6.69707076142079,6.39051208989991,6.17277142885426,7.23817433596649,5.67663210729273
"GENE2559",6.02140674109204,6.5248243545699,6.22809448830563,6.12551183168539,6.07371995318281,5.87803565145312,6.26851135987232,5.36630838281794,5.71731550811546,6.11905177844504,5.75872401516255,6.40793935098966
"GENE2560",4.66889628332048,5.000948680323,3.93574756962721,4.41564925474099,4.80680779414595,5.2675149887357,4.6350661880597,4.62017751094195,4.55284654316695,4.56106826899732,4.96591931636746,5.17775300157529
"GENE2561",7.45849354880005,5.80552563371466,6.91813529213704,6.35612556523743,6.90187135982939,6.17094378821729,5.9448485209728,6.52127026348588,7.07652965181,6.50003809042682,6.13156456906103,6.75406829756989
"GENE2562",7.33326752873485,7.12626803727065,7.58247683626623,7.98149506818097,7.55224931388597,7.32234855404274,7.74406523906299,7.44079077483173,8.20399474713172,8.02730083281589,7.92643641008733,7.90905378309309
"GENE2563",8.26956960592635,8.11088060849752,8.3665781277185,7.93311780171924,8.19445165798994,8.21738368034813,8.1247919127324,8.26594175766305,8.04068843375109,8.59201814589216,8.08749654135897,8.37309207517516
"GENE2564",6.21777374952482,5.51933612698998,5.38531027680005,5.93767861405064,5.41293052223172,5.36135958543197,5.28932474144339,6.01397554615519,5.79650064335651,5.38693173058729,5.94348779339476,5.50466855113633
"GENE2565",5.55906080693802,4.69499358436409,4.58121647782981,4.68473034113011,4.55277978931402,5.16609490762959,5.1207860294374,4.54173721909216,5.01324141627604,4.6822891391766,4.606173645641,5.24381262475191
"GENE2566",7.15619193210094,8.30483579521602,7.12692672371331,7.6114937545137,7.98715092431871,7.64785197197456,7.89222458431589,8.19384294647455,7.91480619016688,8.10165223271097,7.65355615144875,8.66603364318803
"GENE2567",5.04323840081973,5.05347560891206,4.96169205740668,4.51374221809768,4.09371013024599,4.58511941354377,4.78958910954703,4.25785257813314,4.86206514454115,5.10566377367428,5.42268344439262,5.53065117136758
"GENE2568",4.90791694271948,4.82751824920096,4.70416965898469,4.17933027955555,4.55277978931402,5.20082860798237,4.57805571918833,4.69304720704209,4.74882339490588,4.98102908982467,4.76445481120257,4.82543978751269
"GENE2569",9.3157543617485,8.60877384202463,8.51469246275145,7.94012928961118,9.7066580045668,9.61027450906649,9.29470469676091,8.72633458396547,8.25906622075782,8.91145756729746,8.44043270164982,8.83438462192111
"GENE2570",6.84103087243765,6.91001492867377,6.27954638789441,6.75985491690651,6.54785683237592,6.66581655858354,6.74125858856918,6.30056273879937,6.7682688613808,6.7421031059059,5.7913210827584,5.8892918708274
"GENE2571",7.94400830641611,8.4757370453473,9.1320049481746,9.48737499967514,8.55129526956557,7.70494335952276,7.62050175727636,7.79470546244497,8.29024442954773,8.9917767093887,8.0423542391301,8.87839364848889
"GENE2572",6.9540113514196,7.38087284055155,7.08944308260774,7.74569759389949,8.07675650748625,8.13678612366221,7.20889737085065,6.45148769049244,7.63812652118573,7.32094195285651,7.78475786644779,7.39184805994009
"GENE2573",7.85585375932189,7.64432362875429,7.47782804113193,7.46343162450534,6.94754515928696,7.23183915265191,6.8559220097098,7.26041493756375,6.09461072066725,6.73034483720479,6.75050455945418,6.67795561388007
"GENE2574",5.42499698288565,4.69499358436409,5.35221823605166,4.41564925474099,4.20806849983989,4.39004562113047,5.28932474144339,3.99257800367954,4.68748146497161,4.26028533421001,4.18163946874168,4.37586395102297
"GENE2575",8.05612178248678,7.0809665385898,8.07824009738344,7.5485884367915,7.64489333207985,7.6064924896493,7.4526949942681,8.19384294647455,7.388817724827,7.38948466433328,7.36963028927937,7.17284851760585
"GENE2576",4.97752596119384,5.99247478376178,5.72812218279442,6.02133764409921,4.91459706087536,6.08591904380891,5.78184960161745,5.24084983880704,4.80688647693289,4.26028533421001,4.96591931636746,5.10795797700064
"GENE2577",9.80031290557523,10.0536658426257,10.3374990928638,10.0500552518594,9.93213935991781,10.2942782122271,9.54179515977229,9.39461667145519,9.7713201957569,9.62078802029867,10.1305609002832,9.5159741469859
"GENE2578",7.67087873792687,7.22322931411013,6.82978252712813,7.8083719442315,6.8182324469445,6.72260853178904,6.19039820223215,7.07715202785638,7.3638464515757,6.48607063042107,7.01510205007229,6.88542032386581
"GENE2579",6.26912592751942,6.36254330424983,6.26260597736711,6.80695076077186,6.45550316620957,6.37036786454994,5.59639087775452,6.13131743558802,6.59199393845749,6.36903114941177,6.78245803572603,6.32431190112757
"GENE2580",4.66889628332048,5.19860617920382,4.81438547614811,4.83180993558511,5.05950945094439,5.58257021384029,6.00127752962822,5.80245046367133,5.01324141627604,5.4484781145317,5.82314965918915,5.0339082578499
"GENE2581",9.00573798443168,7.64432362875429,8.86858926274637,8.56102406216687,8.39213143523376,8.85583704496483,7.98162068468782,8.13454616514137,8.65427859582178,8.06030337167822,8.39500845603254,9.02915519937331
"GENE2582",10.0496856683781,10.0594855458623,9.97816710451475,9.92331660089701,9.28435255620349,10.2595299868575,9.72980952829824,10.1947981261373,9.61666012626585,10.0373444556498,9.30382979717649,9.36264707799359
"GENE2583",8.10559385519441,7.82637175766674,7.51356622993962,8.92101020695566,8.24987618797617,8.18968502663814,8.09979829830732,8.48023541722854,7.26836751661168,7.96890131499573,8.2150011538137,7.61110159624544
"GENE2584",5.37704373556169,4.94597899121255,5.31824579141467,5.53924841248507,5.01315373799188,5.39116578501052,4.8816839009191,5.36630838281794,5.10423357161015,4.8415720392666,5.13766140803494,4.9549542106143
"GENE2585",6.19136894900477,5.62172626825794,5.77754490372973,6.62603018018064,5.34252507624925,6.26654022089357,5.98272480996944,6.03825668873266,6.4234517348088,5.74335064878276,6.44507836049987,5.72193608848263
"GENE2586",8.92936946804766,8.19268580092996,7.92767967926419,8.94905109434242,9.60945818000543,8.03370350301946,8.58105759718072,7.78771813234839,8.27696493361395,9.37908622943266,8.71137914176284,8.41687391434098
"GENE2587",7.24746884326167,6.36254330424983,7.61572933564183,6.83750161744737,6.8182324469445,7.15998720003404,7.06940235042649,6.13131743558802,6.93640521300598,6.65766820471353,6.75050455945418,6.5494038429155
"GENE2588",9.61774881969983,10.2496590191608,9.80063080121526,10.064541890305,10.1850518343268,10.5125852009741,10.2500623479822,9.89563814857547,10.2713605013593,9.60810642760893,9.51423651060473,9.3313312893796
"GENE2589",4.065144768198,4.76326395420319,3.76085820161654,4.76074593408714,4.55277978931402,4.31465226204918,4.68909793196672,4.69304720704209,4.20811770217306,4.42298469859371,4.02923871711884,4.77874383137617
"GENE2590",5.10552670264911,4.54349182563741,4.91466241217766,4.51374221809768,4.6222967045272,4.74836901933285,5.15637963915766,5.58557777829278,5.66180353729039,4.88996318035601,5.37940981639276,4.56859374079285
"GENE2591",8.78079914643824,8.71219466621411,8.64256165327357,8.7876032354045,9.14524607517542,8.86336520333677,9.11323534078147,8.22518564748408,8.78504627524728,8.75626510963783,7.8610627413431,8.79154918413888
"GENE2592",6.13700302636241,5.65416792709915,6.27954638789441,4.76074593408714,5.2290206892662,6.03227317169203,5.82447103745129,5.61880370076047,5.60387807226552,5.92318065606637,5.42268344439262,5.60565275807301
"GENE2593",7.95947145029794,7.55627684556821,7.68628104242952,7.63763127740912,8.08694059437101,8.69637480946409,8.16550678085547,7.74506506267508,7.14664108494723,8.15935564189005,7.31631651630361,8.11948081399734
"GENE2594",7.83922818938625,8.61273959634672,7.54152899995498,8.48642430060288,7.99257923130013,7.97925295060045,7.42607588161323,8.08414470988735,8.58415724696813,8.91661078112649,8.19746336875098,7.66804734224038
"GENE2595",5.55906080693802,5.88880650063069,5.72812218279442,6.12551183168539,6.19388547785541,6.17094378821729,6.05547844755648,5.14964543198099,5.66180353729039,5.94407464442714,6.48463910885948,6.33860140898618
"GENE2596",5.92785141446124,5.15211675089249,5.77754490372973,5.87892020929913,6.32208432471725,5.60776759123199,5.71527885752612,4.88610457922949,6.07384366040205,6.89724012204419,5.75872401516255,5.84935245414932
"GENE2597",6.75444994198908,6.6703216402367,7.55530856221524,8.03486126112,7.73839938879241,7.94651127383617,6.95269444975136,6.82625169736574,6.6760872469506,7.411622096784,6.85932914672423,7.47724739968047
"GENE2598",8.41115535647888,7.83998586248879,8.86858926274637,9.04310936981431,8.68123949041239,8.44191399664749,7.79170148660387,9.00423793744152,8.58774556228518,9.31028674103677,8.56414260074995,8.9373703940107
"GENE2599",9.85292957141981,9.88530421126982,9.50029279816608,9.52743771631452,9.86575617748248,9.60878279681604,9.9342731981957,9.59368365731723,9.29552297750066,9.56446359334685,9.8845646637049,9.72183760158185
"GENE2600",8.42234905586438,8.5520756417708,9.9249147984013,9.03985371525507,8.96943989313334,8.71591398728935,9.23862351395122,8.31531605936158,8.10725047576565,9.16847414490527,9.11452518153628,8.99846660617261
"GENE2601",6.75444994198908,6.57500853115782,6.88564305999428,8.1840199244075,6.72935627829843,7.42798667660009,6.84587241277564,6.06211689030952,6.57747844604202,6.39921890917909,6.75050455945418,7.48361053880328
"GENE2602",9.80459360105288,8.86296138109882,9.68819696931657,9.36265006424446,8.94167788707066,8.51385824196256,8.64288256219124,9.80010760680974,9.04199261674591,8.91661078112649,9.6790037519271,9.40337085889782
"GENE2603",6.99981439278922,6.6703216402367,6.06120494144834,7.06081633429732,6.92489150364368,7.10149155018082,5.92550973723047,6.66669119771065,6.62058470637448,5.28868936701358,6.70118172026319,6.32431190112757
"GENE2604",6.96944327576633,7.36209113116368,6.75971340750608,7.29829249528992,6.72935627829843,6.60664866537929,7.35021545049071,7.27049694146321,7.045394270084,7.570855935328,6.93225451287569,7.45150855399747
"GENE2605",5.55906080693802,5.2434159155023,5.95895410833228,5.81750875605802,5.10414213213893,5.20082860798237,5.62103385748696,5.40552449164539,5.14728546522591,5.59070241013539,6.27462957656742,5.50466855113633
"GENE2606",8.77644541463826,8.290047444895,7.45594950375458,7.95405052033316,7.93171017225445,8.35910019030332,8.61082912436192,8.35835006614142,7.6925590970243,8.34292684884704,8.37954297524544,8.21417580906631
"GENE2607",5.47123394390682,4.25922592582695,4.96169205740668,5.23533893934653,5.47968994220484,5.58257021384029,5.35087168464298,5.14964543198099,4.91468052254992,4.62346344389119,4.51688249385809,5.17775300157529
"GENE2608",4.22498275163827,5.71677457354216,4.64451109468011,4.76074593408714,4.20806849983989,4.74836901933285,5.25739083816715,5.19608618402031,5.41303377401106,4.56106826899732,4.96591931636746,4.50856753718945
"GENE2609",8.4334564251303,7.84674485446965,8.12972241006501,8.53349987787437,6.99179899534936,7.50078620833321,7.94932831672644,8.08414470988735,8.06665494173466,7.7318482167867,7.1060385296162,8.43008178740327
"GENE2610",7.60351762293909,6.20058263512625,6.77163453900892,6.85253409466217,7.86814983501333,7.35843409314265,7.16926452241506,6.65125323018557,7.46122141407483,6.70653143130324,7.61879290459704,6.96973050860055
"GENE2611",8.45541743769437,7.15932508488617,7.07032548082207,7.96783826528366,7.63797538505582,7.12685511455538,7.12020643436252,6.93197472332696,6.72949450713945,6.98871467013601,7.33788085971478,7.00565668875859
"GENE2612",5.51588380404437,5.05347560891206,5.0924714955971,4.41564925474099,4.39688560685022,4.58511941354377,5.62103385748696,4.94373409540296,4.20811770217306,5.28868936701358,4.18163946874168,4.6252228177491
"GENE2613",8.3062925280489,8.24474850238559,8.39744467435864,8.37192917867559,8.14657624688145,8.7103583470057,8.18147557923587,9.37845952552238,9.01560273310362,7.76084094618587,8.1496234921868,8.02248149787568
"GENE2614",8.25085078700258,8.65949628138859,8.84360083662354,7.75368306344869,7.78921925644914,8.50425670788613,7.65526919053196,8.48023541722854,7.99273374461147,7.28139493795442,8.15569117056843,8.20651823026969
"GENE2615",7.91257400044076,8.77723566390772,7.86826995990396,8.40774893726269,8.01408986763317,7.55771708728961,7.99975303396294,7.88257791406264,7.69922032404519,8.56928753014205,8.10013838497236,7.30103224270847
"GENE2616",7.95947145029794,8.89587319386138,8.37047282192672,8.72003850602196,8.31195134176714,8.5391537911549,8.00873419594331,8.77653408694979,8.39638779680165,8.70952039157186,8.23805734043493,7.51500937856362
"GENE2617",6.41273790426979,6.70071637702235,6.15639054323778,5.68561402859022,6.79340229672132,6.41261052535818,5.84528873359858,5.65121746472458,5.98749561946715,6.45771255410179,6.46499790961624,6.5494038429155
"GENE2618",9.63227210776105,9.47492299850014,9.2423186233902,9.16167294965918,8.83705966999777,8.59449527897891,9.73792243895084,9.0574072020092,9.14540747215385,9.35461892139811,9.79226749638126,9.02263384588951
"GENE2619",4.90791694271948,4.76326395420319,4.8656317369195,5.13317711387027,4.91459706087536,4.79768253464048,5.2246232706067,5.32585270951707,5.30591088547647,4.8415720392666,4.76445481120257,5.24381262475191
"GENE2620",5.55906080693802,5.83385791113941,6.10006926566075,5.49997071347815,5.98737422955495,5.20082860798237,5.86579180112308,5.96408614432559,5.87129915523179,5.8362460895521,5.08309620659538,5.21122135721986
"GENE2621",7.86409497526777,7.86016821843869,8.53911607435768,7.66330132957236,7.80164821099198,7.67096166795892,8.17351332814442,8.02004416179337,8.40455067874989,7.94889564512211,7.6874973976847,8.23314339975962
"GENE2622",6.99981439278922,5.65416792709915,7.06066974353817,6.31295454149413,5.89522464225048,6.63061388309502,6.28362171103306,6.08557110950421,7.19469354872249,5.94407464442714,6.85932914672423,6.35274639768852
"GENE2623",9.60798473556944,9.58191345786879,9.56625145777635,10.2963271877822,9.37015316919145,9.53844064399839,9.68854598841598,9.33127298790245,8.80675866247245,9.51437038186014,9.01132722446854,9.29932028712445
"GENE2624",9.62744724354559,9.33076062405789,8.90929739762309,9.25446958672902,8.73399462423677,9.01525586445081,8.58105759718072,9.39461667145519,9.35986535417822,8.70654788227035,8.40012692704983,8.43664057785798
"GENE2625",4.66889628332048,5.05347560891206,5.0924714955971,5.78572635842586,4.8619839938629,5.01634725588924,4.92507133570572,4.88610457922949,5.30591088547647,5.56346401585058,5.69105863050171,5.67663210729273
"GENE2626",9.18063855449054,9.58393396636875,9.29241391890882,9.67950130053908,10.0858475799073,9.25539271478149,9.0363635773417,10.4535029272805,10.3777227818729,9.19416064328311,9.46627243260521,10.1343883673128
"GENE2627",9.99829122202654,9.39661791111574,10.3355097712084,10.2207336392239,10.1369143764523,10.1230476617395,9.28735203585076,9.47930143038179,9.44141914666566,10.2379189139467,9.93828996661953,9.65314858320009
"GENE2628",9.63947927368565,10.2394417395858,9.87784622461222,10.7864831810403,10.3524843049284,9.18505492099304,9.01648765464007,10.1120772840365,9.63063581372875,8.76486341840443,10.2243703454855,9.94511286264298
"GENE2629",4.75447897304764,4.82751824920096,4.06851441067084,4.60282355996089,4.55277978931402,4.39004562113047,4.83658026738577,4.94373409540296,4.68748146497161,4.26028533421001,4.68826865985232,4.6252228177491
"GENE2630",6.16445238022268,5.55435776560309,5.72812218279442,5.45947522938127,5.91885121189743,6.03227317169203,5.4657439999289,5.93844328331662,6.13523133786866,6.27435136998513,5.28820757240662,5.8892918708274
"GENE2631",8.35384333793265,8.84621930106328,8.31496450015815,8.2475380711208,8.41250991661533,8.69918239375944,8.66007029247471,8.35835006614142,8.85816574517906,8.54619251654359,7.4706498466063,7.30822632724449
"GENE2632",7.10128977230633,6.85714840003026,6.80680839617248,7.29829249528992,7.51496086115386,6.77721120715462,6.61649441385558,6.01397554615519,6.63466596597726,6.7537646295858,6.94640149760966,6.21996692452865
"GENE2633",5.47123394390682,4.25922592582695,3.93574756962721,4.76074593408714,3.95654372834274,4.39004562113047,4.22671357212381,4.69304720704209,5.44684439577657,4.88996318035601,4.606173645641,5.10795797700064
"GENE2634",6.84103087243765,6.5248243545699,6.4974038013245,6.17479543641974,6.79340229672132,7.13521047951264,6.58046601825008,6.68196249920306,6.4234517348088,6.8437585720653,6.13156456906103,6.17273695555514
"GENE2635",5.37704373556169,5.15211675089249,4.64451109468011,5.13317711387027,5.2290206892662,4.84489329067828,4.78958910954703,5.05111048996905,5.01324141627604,5.79059724343991,5.46455409026317,5.55612909748223
"GENE2636",4.97752596119384,4.69499358436409,5.2104797339222,5.18531255928563,4.47802302603084,5.85747045082884,4.8816839009191,4.76123395654334,5.05959906130947,4.93638930206227,5.28820757240662,4.99509121545252
"GENE2637",4.75447897304764,5.32850403016816,3.76085820161654,4.30574182321017,4.91459706087536,4.93378858587547,4.38398277762959,5.36630838281794,4.62236681307091,4.6822891391766,4.30837276184222,5.0339082578499
"GENE2638",7.91257400044076,7.59696899256673,7.85719934661089,7.91899140776849,7.10685558068713,8.09899032493954,7.9399671418289,7.53569793749921,8.05113134913758,7.81159742528091,8.03578812562887,7.51500937856362
"GENE2639",8.6630942580984,7.53129570883444,7.85163189791561,7.03474306184426,8.22243067166217,7.70494335952276,7.83780886285898,8.02599096116858,8.28140505610545,7.60964289037929,7.01510205007229,7.99606358276224
"GENE2640",3.85356290445134,5.000948680323,4.81438547614811,4.96177923278654,4.96491268069176,4.84489329067828,4.30898946352127,4.69304720704209,4.80688647693289,4.93638930206227,4.18163946874168,5.45109849932398
"GENE2641",6.78971868734855,6.94841405079413,6.59484977164761,6.75985491690651,6.39038072243363,5.91825669772306,6.87581048179998,6.46926061636698,6.57747844604202,5.9849289832386,7.09339714989876,6.52471847146242
"GENE2642",4.90791694271948,4.25922592582695,3.93574756962721,4.83180993558511,4.8619839938629,4.45960574336212,4.51761852880097,5.05111048996905,4.74882339490588,4.6822891391766,5.42268344439262,4.56859374079285
"GENE2643",7.99741712955769,8.57258209681353,8.33503543636413,8.24187813205666,8.01941763298822,8.41824792685035,8.38821984547403,8.18324185035153,7.92620062645834,7.90802937864189,8.46506277795981,8.51620071246066
"GENE2645",5.89518809952742,6.40026168583849,5.87127352691975,6.33470664520053,5.89522464225048,5.91825669772306,6.0376476877739,5.98925762661564,6.50257115714982,6.41407245891111,6.08039663785972,5.94708768278971
"GENE2646",5.32722718529249,5.44634641097134,5.62344470315804,5.57738529836157,5.74411748646959,5.77193994438372,4.13488263429582,4.94373409540296,4.86206514454115,5.61739078218998,4.96591931636746,4.82543978751269
"GENE2647",5.60086656600879,5.74701329525877,5.67680935887743,5.84856185472356,6.5024373765812,6.48030643752507,6.07308141246836,5.93844328331662,5.68984767667298,5.66920959612141,5.88464834901593,6.07315632457102
"GENE2648",6.13700302636241,6.20058263512625,6.21051244752332,5.87892020929913,6.09448647119194,5.29957473473025,6.17423474173109,6.26014173986711,6.4234517348088,6.00490842506876,5.7913210827584,5.60565275807301
"GENE2649",6.71828140023147,6.41874700020975,6.78345630835291,5.61445084273423,5.47968994220484,6.45361825142616,6.19039820223215,6.68196249920306,5.63315652429458,6.04401625508699,6.54196953764744,6.75406829756989
"GENE2650",5.51588380404437,5.15211675089249,5.38531027680005,5.53924841248507,4.74874735738108,5.39116578501052,5.1207860294374,5.44358190719965,5.47979555464943,5.56346401585058,5.54446056462054,5.45109849932398
"GENE2651",5.10552670264911,5.28667684964983,5.2474390419342,5.23533893934653,5.47968994220484,5.44878424431868,5.19097146363657,4.54173721909216,4.62236681307091,5.76718106798891,4.68826865985232,4.99509121545252
"GENE2652",8.50363864721733,8.29992320348638,8.53565223705295,8.58356587988753,8.64725900583188,8.94131022462666,8.34280350878713,8.5966048519198,8.52174734668947,8.79315950510571,7.72882589041725,8.25928502353754
"GENE2653",7.39154880374634,7.44473472855504,7.61572933564183,7.1725867468328,8.59473674400678,7.04049555490556,7.31435847047615,7.57684493544787,7.93750546918275,7.02755736137478,7.38005889782184,7.20405965617489
"GENE2654",6.96944327576633,6.63925950851728,6.68600078930893,6.07440786992565,6.62044854148035,6.25105661427605,6.46650372404664,6.60390115791057,6.03134699846857,6.35368973410198,5.58265951897939,6.49959273964185
"GENE2655",10.0888203693886,9.93046390552008,10.0490788367503,9.82274313689518,9.82380040814651,9.89607094379878,9.76066425034882,10.018377184466,10.0783845570718,10.0230859308276,10.0384469214526,9.1754637129826
"GENE2656",7.08722784145793,7.40859151954866,7.05094819499987,7.67175700984915,7.85628527681931,7.00443237461406,7.50449448438348,7.54402230627041,7.27731550676993,7.1731426749184,7.04168090465883,6.91408237348813
"GENE2657",4.90791694271948,5.5884713191697,5.47977263785321,5.7531773193868,5.2290206892662,5.39116578501052,5.1207860294374,5.48055331725275,6.00959627469958,5.32228647894835,4.51688249385809,5.36634491221722
"GENE2658",4.57571107120738,5.32850403016816,5.62344470315804,5.65050799972721,5.82177843488912,5.55688262416421,5.54568165838144,4.94373409540296,5.74423178720393,4.98102908982467,5.28820757240662,5.42346148460052
"GENE2659",9.41709122703733,8.54793908909704,9.56285414046612,9.15265908764592,8.51783230342756,9.42095217890389,9.140017209945,9.55313199148998,9.50539364527339,8.50229401172505,8.86359639545129,9.87566599361007
"GENE2660",9.32770271999277,9.25415737478286,8.47906720234411,8.88154105041,9.55737177772689,8.64778938777166,9.41933759274583,9.48362369599257,9.43546005767765,9.10669711798056,9.23106249260785,8.75529117983342
"GENE2661",9.32174091646933,8.77723566390772,8.8323542727879,8.66191538230963,8.84607379992342,8.77299052636556,8.27000914371839,8.79404698412599,9.29112965956333,8.39926031945586,9.18734797875782,9.08029049953439
"GENE2662",7.60351762293909,7.61292812048074,7.10830794212989,7.86842639009485,7.44529595457347,7.98387006678692,6.9243475964793,7.44968308925835,6.86676771823654,6.93862282694309,7.24960227979195,7.2194132892033
"GENE2663",9.04968965897016,10.2947618067972,9.3208521054889,9.45352545857336,10.2667291925863,10.1146643615657,9.63886395220266,10.0049099876453,9.6007738775039,9.73454978373683,9.95054308355998,10.2616436555905
"GENE2664",7.51198710828205,8.37658155258124,6.6346363603236,7.80068555084825,7.5448687773394,7.10149155018082,7.11186368336883,7.91499430230909,7.32985921378851,7.26526490118147,7.57412011268683,7.74415743442471
"GENE2665",3.85356290445134,5.2434159155023,4.64451109468011,4.60282355996089,3.77572694416895,4.58511941354377,4.92507133570572,4.76123395654334,4.86206514454115,5.02403580464725,4.30837276184222,4.6252228177491
"GENE2666",5.60086656600879,5.000948680323,5.53913863910085,5.53924841248507,5.60376825248473,5.60776759123199,4.74050856541936,5.83076037857321,5.26809996594856,5.28868936701358,5.7913210827584,5.36634491221722
"GENE2667",5.04323840081973,4.36428639562465,4.96169205740668,5.23533893934653,4.96491268069176,5.39116578501052,4.8816839009191,4.94373409540296,4.47808609970675,5.38693173058729,4.90264323278714,5.10795797700064
"GENE2668",5.10552670264911,5.71677457354216,4.58121647782981,4.60282355996089,5.10414213213893,5.39116578501052,5.00726558384292,4.69304720704209,4.74882339490588,4.88996318035601,5.46455409026317,4.6252228177491
"GENE2669",6.87423726847837,7.33344840311817,7.10830794212989,7.37289394698162,7.4844158459419,7.50722462779493,7.05205754259534,7.30032351419192,7.1368335216276,7.43342265051039,7.55585411300705,7.54573539493925
"GENE2670",6.75444994198908,6.78817306623819,6.80680839617248,6.26840677259888,7.06608267457419,6.73369863915588,7.22444781463687,6.55490585733272,7.0027937912805,6.17277142885426,6.50400981704698,6.75406829756989
"GENE2671",5.64139193388158,6.13463400001752,6.15639054323778,5.68561402859022,5.74411748646959,6.56992046520231,5.51957478753055,6.15363563279657,6.3222141474068,5.28868936701358,6.70118172026319,6.59751471288581
"GENE2672",7.53283794052708,6.84361872658642,6.93939170264276,7.87575977820065,7.69906855081579,7.07566907746602,7.26259970244681,6.82625169736574,7.39704565866032,6.64518405861117,7.44108470664426,7.30103224270847
"GENE2673",5.27537882872743,5.4833522013719,5.0924714955971,4.83180993558511,5.60376825248473,6.03227317169203,5.78184960161745,5.28406706308717,4.62236681307091,5.92318065606637,5.42268344439262,5.27557692645215
"GENE2674",10.8330630579215,9.56973059826002,9.68038033429166,9.54361601653773,10.0433900298273,8.77299052636556,9.67593315220143,9.48146418250062,10.4135247846887,9.16198037569409,9.72456671384131,9.56016528672637
"GENE2675",4.4729759908335,4.36428639562465,4.2758805597652,4.41564925474099,4.80680779414595,4.89020448646291,5.1207860294374,4.1373247401923,4.80688647693289,4.79100537130028,4.18163946874168,4.6252228177491
"GENE2676",7.74418115483821,7.69016575706398,7.18136938490921,6.75985491690651,7.2948982456909,6.87049440091214,6.62830247880857,7.0303836679997,7.59590314418926,7.53771265689779,7.72882589041725,7.04069937520439
"GENE2677",7.59363122388824,6.84361872658642,6.84113170204773,6.91112284203522,7.0241099570103,6.93903829477569,7.21669373774825,6.72681208464367,6.57747844604202,6.87608834340815,6.94640149760966,6.84628267969693
"GENE2678",6.38980265357328,6.20058263512625,6.71100030102118,6.99471665039223,6.94754515928696,7.42798667660009,6.64001268727812,6.1086334931305,6.2867720367531,6.17277142885426,5.72531788539003,6.58563992052809
"GENE2679",9.59073688960237,9.78173308923585,9.54402447917558,9.55506182906646,9.81923190059713,9.47107390211393,9.140017209945,9.60959035544197,9.95052297671361,8.27629888335997,9.28459702817477,9.70429075511234
"GENE2680",6.24368654132521,6.62346869553165,7.10830794212989,7.96783826528366,6.68949163604924,6.94856618618857,7.12020643436252,6.96967930867904,7.03486290137001,6.27435136998513,6.05408357705721,6.28054498535343
"GENE2681",6.82413201714267,7.6674276639538,7.49223039378435,7.77737652408889,7.88576503970507,7.2082875997854,7.16926452241506,7.38624580870289,7.32985921378851,8.04625203637891,7.13099030564372,6.90459238863241
"GENE2682",7.46935314688242,7.24391121541972,7.49223039378435,7.43388354434105,8.59473674400678,7.36554332809262,8.02653000793821,7.18777743077116,7.47682614688346,6.92838943711634,7.90497382408815,7.14898441298898
"GENE2683",8.2318853504297,8.43151070941383,8.31091651896803,7.73766748019951,7.96523044935045,8.94840601999008,8.50064316575311,8.19384294647455,8.04591936780552,8.22318276822786,7.24960227979195,8.64069953004885
"GENE2684",9.08883445223604,9.3186772245569,8.90124722608853,8.64914943619621,9.09572596461344,6.8089914417772,8.85425414840592,8.37241360052318,8.82206965569536,8.08342151354061,8.60903088838086,7.85125692668905
"GENE2685",5.86172229049857,5.28667684964983,5.35221823605166,5.18531255928563,5.79638474795275,5.50395080240343,5.28932474144339,5.24084983880704,5.68984767667298,5.32228647894835,5.65589826360468,5.60565275807301
"GENE2686",6.29410944552017,6.34329617584645,7.05094819499987,6.74380224682556,6.95873821207038,6.15435138174398,6.82555739321178,6.06211689030952,6.35677965584575,6.59411451311753,6.27462957656742,6.35274639768852
"GENE2687",4.22498275163827,4.62203258403176,4.36234597151196,5.02168626161896,4.39688560685022,4.03380234021967,5.40958719984467,3.80151713267723,4.20811770217306,4.62346344389119,4.606173645641,4.82543978751269
"GENE2688",8.38850351563481,8.26000707609995,9.11122001846415,8.49120169526816,8.57679504813429,8.18167222153338,8.46847853674612,8.56021551113574,8.5254943230202,8.63955157605208,8.26636777110597,8.29221288158037
"GENE2689",9.11320253102253,8.62063850733295,9.3683352630532,8.25879162251699,7.57416577701276,9.06397892356764,9.37667072376849,8.77653408694979,8.96132790347293,8.75626510963783,8.91096114557526,8.48806265095619
"GENE2690",8.47704862580872,9.87378985162082,9.28418463330655,8.95942737521346,9.86279947555168,9.54313424896399,8.64288256219124,9.9021103178451,9.44340005007583,9.68710446208033,9.7163888838954,9.14776532003655
"GENE2691",5.10552670264911,5.51933612698998,5.56784334996378,6.19879571503144,5.91885121189743,6.35599911771369,6.19039820223215,6.1086334931305,5.82189509075368,6.32249286255659,5.88464834901593,5.78714750479939
"GENE2692",6.87423726847837,7.62084161824101,7.52060820446278,7.11157534736412,6.83048654886714,6.53221030860859,7.39895285707095,6.66669119771065,6.64860831169786,6.92838943711634,6.71781420160232,6.89503866352647
"GENE2693",8.449958497268,8.56031328401552,8.55288873293433,7.94710675257526,7.49211332330114,8.4552648922421,8.0528175994401,8.52707927366489,8.24094216244874,7.88715221106398,8.19156962907304,8.5649058120455
"GENE2694",8.62969002781474,8.14963572096524,7.10830794212989,8.87424726262201,8.04053351948311,8.2329754097641,7.42607588161323,7.63253747912349,8.4247577290037,8.29621743184381,8.35339225217105,8.15572552105711
"GENE2695",4.4729759908335,4.13852865130535,4.51367610562448,4.96177923278654,5.34252507624925,4.31465226204918,4.22671357212381,4.54173721909216,4.47808609970675,4.26028533421001,4.83567457393778,4.91338726221614
"GENE2696",5.95975172097631,5.40825302561207,5.56784334996378,5.61445084273423,5.01315373799188,6.0682680412696,5.69233409867065,5.10137785357304,5.01324141627604,5.69438237210904,5.7913210827584,5.14335227951321
"GENE2697",9.40586384160486,9.49438969721578,9.77736941775183,9.45596980941723,8.87572014071862,9.82590734310673,8.41884336155428,8.5228831334105,8.19930891550484,8.79875266083488,9.42922258027799,9.29391534317327
"GENE2698",7.5533899698042,7.53129570883444,7.08944308260774,7.28731048228825,8.28124830607881,6.77721120715462,6.77346050183009,7.53569793749921,6.33960367635682,7.29734513797327,7.46086240789905,7.18071544607529
"GENE2699",4.66889628332048,5.4833522013719,6.17466666484704,5.02168626161896,6.03122441902519,5.55688262416421,5.76002336159876,6.28049863983408,5.54330126297226,5.02403580464725,5.65589826360468,5.36634491221722
"GENE2700",5.04323840081973,5.000948680323,4.51367610562448,4.60282355996089,5.71720204413545,5.55688262416421,5.08412192938595,4.36276907375499,5.30591088547647,5.02403580464725,4.30837276184222,4.6252228177491
"GENE2701",4.90791694271948,4.45815638711915,4.44108581236596,4.89863543349259,4.20806849983989,5.05556156577568,4.92507133570572,4.82541118637765,4.62236681307091,4.16519411956722,4.02923871711884,4.37586395102297
"GENE2702",6.87423726847837,7.35260708225606,7.38051010143468,7.12398795478284,6.79340229672132,6.31198565065982,7.19317588668876,6.46926061636698,7.29504531754328,7.51745272792899,6.93225451287569,6.9787973517498
"GENE2703",5.37704373556169,5.51933612698998,5.59593619666751,5.90861586733418,4.6222967045272,5.50395080240343,5.4657439999289,4.62017751094195,5.77061962651983,5.69438237210904,4.83567457393778,5.21122135721986
"GENE2704",8.06329423297803,7.06941283803649,8.38209409926231,7.65479554936856,8.05097634917849,7.94651127383617,7.36431049905255,6.96967930867904,7.0027937912805,7.24072356299528,8.10641789565397,7.50253223438684
"GENE2705",4.57571107120738,5.62172626825794,4.8656317369195,5.49997071347815,4.47802302603084,4.69671045320522,3.73798597454736,5.44358190719965,4.30778738367409,3.75359317195248,3.82779185636717,4.67889886967609
"GENE2706",4.83382022495936,5.44634641097134,5.28333916502146,5.49997071347815,4.8619839938629,5.63249452458539,4.45318019043714,4.76123395654334,5.26809996594856,5.02403580464725,5.08309620659538,5.07150200490239
"GENE2707",6.21777374952482,5.05347560891206,5.2104797339222,4.96177923278654,5.44673993994446,5.42029639220579,5.2246232706067,5.65121746472458,4.80688647693289,6.1006717282986,5.46455409026317,5.27557692645215
"GENE2708",7.10128977230633,6.82995896121927,7.32523400133281,7.63763127740912,7.13668863183271,7.48129563368987,6.9243475964793,6.37805680183222,7.10700003517748,7.35942556914906,7.73695075788089,6.66674049373105
"GENE2709",7.07302595401241,7.23360765938407,6.24545713501497,6.83750161744737,6.2685791050512,7.1099962438396,6.38505127317649,6.1086334931305,6.26870767720187,6.45771255410179,6.71781420160232,6.71107740034224
"GENE2710",7.67087873792687,8.2549388340842,7.1361458456595,7.8311874629926,7.55959206899487,7.43475975375666,7.57279484298067,7.30032351419192,7.95985195163651,6.9487831667748,7.64494395359572,6.89503866352647
"GENE2711",7.83922818938625,8.67853913686867,8.38594711050209,8.16619899116303,8.25439999442464,8.29741847208637,8.47820356486402,7.86940386714555,8.45651063802227,8.62702853801218,8.11267011979927,8.28496038894357
"GENE2712",4.22498275163827,5.10379764560079,4.70416965898469,4.30574182321017,4.74874735738108,4.79768253464048,4.13488263429582,5.05111048996905,4.30778738367409,5.18214848822356,4.68826865985232,5.0339082578499
"GENE2713",8.62969002781474,9.45076788504398,10.0515047565384,9.61315845195006,9.81770584342264,9.00167690235507,9.62288939997664,9.45529459245384,9.24644418074662,9.22978391431283,9.65567087783736,9.31185358940327
"GENE2714",8.84040947314889,8.34354453022592,7.77133420129862,8.25317584349887,8.47971614744245,8.38025436452827,8.1247919127324,8.5102208719426,8.19930891550484,8.56272664760176,8.57323284354173,8.19881969358769
"GENE2715",8.4983597654583,8.76659730971449,9.07828027783609,8.23619585091877,8.92476035997439,9.15674707979119,8.14935880186528,8.29084055746542,8.87588036126589,8.1852271388661,8.71548985568829,8.73681425442962
"GENE2716",4.75447897304764,4.62203258403176,4.44108581236596,4.17933027955555,3.95654372834274,4.31465226204918,4.8816839009191,4.1373247401923,4.74882339490588,4.6822891391766,4.02923871711884,4.91338726221614
"GENE2717",9.75236715786312,10.0286667548857,9.82210281337824,10.8519694555302,9.2777069148795,9.63832777356529,9.61556933227161,9.48146418250062,10.0225098626462,8.80710190471594,9.49524187685254,9.93473299585327
"GENE2718",8.80664890298524,8.01816975629123,8.59009837662716,7.56684458609587,8.11706735172391,7.80753582728723,7.40578190680539,7.09997351465337,7.90332072383734,7.84987126019598,7.55585411300705,8.24440513278594
"GENE2719",4.57571107120738,4.45815638711915,4.44108581236596,4.60282355996089,4.47802302603084,4.74836901933285,4.83658026738577,4.94373409540296,4.62236681307091,4.26028533421001,4.68826865985232,4.6252228177491
"GENE2720",4.90791694271948,4.88828303784405,4.76066784415556,4.0273271381528,4.30773295942769,5.29957473473025,3.90372802740782,4.82541118637765,4.3969446041571,4.56106826899732,5.13766140803494,4.6252228177491
"GENE2721",7.51198710828205,6.9609869548465,7.35708115613501,7.87575977820065,7.83225822047092,7.21618130812215,7.87267457879622,8.11236318761907,7.72556046613703,7.51063530864436,7.57412011268683,7.74415743442471
"GENE2722",9.73003535657972,9.32110201847654,8.35875699483,7.77737652408889,8.61948557635889,8.90042726534466,8.75644082541379,8.63598790345371,8.35907118227135,8.94714907665932,9.10515815997604,8.8492041065645
"GENE2723",8.51936020367619,9.3569929737901,8.58675511557181,8.92101020695566,8.93042162542306,8.34123117631224,9.09439823962763,8.05536167415082,8.34217046442632,8.26825365448502,9.19325372567723,8.3349769939533
"GENE2724",6.16445238022268,7.0809665385898,6.77163453900892,6.67770849243583,7.23185879053425,6.25105661427605,7.37826815641712,6.96967930867904,6.54799154927682,6.90769919363076,7.15551352488868,6.18865938633173
"GENE2725",4.66889628332048,5.10379764560079,5.28333916502146,4.30574182321017,4.8619839938629,4.58511941354377,4.38398277762959,4.1373247401923,4.47808609970675,4.73801220112087,4.76445481120257,3.7347449426157
"GENE2726",7.92837705911155,6.84361872658642,7.22520537523972,7.21958659901153,6.79340229672132,7.43475975375666,6.98963315247553,7.0303836679997,6.71633033639399,6.29058370313366,7.17962280118574,6.84628267969693
"GENE2727",7.89659529797554,7.04602084684159,7.93296077756347,7.8311874629926,7.19454783661132,7.96531198742584,7.70035348518032,7.51890283102636,7.52264638033603,7.48998638038088,7.78475786644779,7.00565668875859
"GENE2728",7.89659529797554,8.94072264047445,7.94346513517675,7.66330132957236,7.9089211432054,8.65648319291137,8.28855568153481,8.17791187580067,7.61011608512849,8.12857238384615,7.63627977154345,7.82647166854669
"GENE2729",8.37704256677539,8.02414256478768,6.90738680792409,8.06081977950018,7.62403864964383,8.59147589271489,7.55448768742466,7.90211533037221,7.56704779325245,8.04153759112748,8.65684452125679,7.74944258649898
"GENE2730",6.64304895209261,6.57500853115782,6.97069274817836,7.02152542511064,7.31241082270103,7.066956678491,7.62635512981927,6.50414640483489,7.10700003517748,7.48998638038088,7.24960227979195,7.0320191304141
"GENE2731",6.45751355912046,6.34329617584645,6.36129617255338,6.88213023972817,6.96984396208988,6.55746215233833,6.86590103315863,6.28049863983408,6.4234517348088,6.50003809042682,6.71781420160232,5.80820184769705
"GENE2732",6.8070296362539,5.32850403016816,6.08077390565727,5.32977315665522,6.28664303839689,6.64244576956415,6.43987459101624,6.39677805517366,6.17469406767374,6.41407245891111,6.50400981704698,5.98430380004504
"GENE2733",6.66223540625398,5.32850403016816,6.06120494144834,6.02133764409921,6.68949163604924,6.18734008926068,5.88599012722789,6.13131743558802,6.15510313840404,6.20746235163936,5.50511782417126,5.42346148460052
"GENE2734",4.065144768198,4.36428639562465,5.0924714955971,4.0273271381528,4.6222967045272,5.13035330148718,5.2246232706067,4.82541118637765,3.95657929776853,4.26028533421001,4.30837276184222,4.44457474590749
"GENE2735",9.43653124159098,10.0077488887176,10.2869240097241,9.69820405542096,9.17177415329337,9.94180956694891,9.60377939125665,9.21909453899859,9.8178693958527,10.0918715037364,10.186391767365,9.70021098598835
"GENE2736",6.69984486076188,6.94841405079413,6.72333647754536,7.00818407671977,6.78082238817846,6.89041775012656,6.17423474173109,7.15548023403262,7.03486290137001,6.93862282694309,6.27462957656742,6.5122116535806
"GENE2737",9.72326782859813,8.39972383778965,9.56285414046612,9.907331541185,9.04705212224387,9.33874847896748,8.99181671566027,9.25746526189071,8.68139872124946,9.48692508198922,9.57429615380305,9.26289864180698
"GENE2738",7.73522037534951,7.05776479780487,7.10830794212989,7.40371330429721,7.56689742968159,7.58839547017555,7.61462441339729,6.89324395568518,6.75546155229873,7.1112678315681,7.16761902211815,8.281320395937
"GENE2739",4.065144768198,4.25922592582695,5.28333916502146,4.30574182321017,4.80680779414595,5.2675149887357,4.83658026738577,4.45651341489076,5.26809996594856,5.06554210962677,4.90264323278714,4.21973032357518
"GENE2740",5.04323840081973,6.04150895137728,5.31824579141467,5.96613618738869,5.47968994220484,5.55688262416421,6.07308141246836,5.28406706308717,5.30591088547647,5.14450255679525,5.33462522028504,5.36634491221722
"GENE2741",5.95975172097631,5.83385791113941,6.19270519356519,6.12551183168539,6.63452952699362,5.85747045082884,6.22217161717912,5.40552449164539,6.17469406767374,6.25792787137706,6.10621736432438,6.20440131244626
"GENE2742",8.16679931276106,8.22414883681045,8.04449268963978,8.56102406216687,7.89158912846153,8.41824792685035,7.72782884225995,8.2507931158612,8.48373155789912,8.16803125294082,8.05539722998772,8.66324063819846
"GENE2743",8.90564703315362,9.54089719973626,9.12280417477022,9.50872322971534,9.01544187635979,9.44623078491206,9.30929848980588,9.15549491816324,9.95469505916068,9.34127021752546,8.82226579631948,9.77452657479454
"GENE2744",9.72778304038112,10.353969997895,10.1166672068042,9.56867796406604,9.94337871895825,9.66009597283616,9.43106152280716,9.9988839681128,9.84509446205068,9.22978391431283,10.1849108937638,9.34881284111491
"GENE2745",8.67717664618402,9.05876874091006,8.94888737746608,8.44269935932648,9.42330508543605,9.56637583935091,8.6714159239762,9.61747839430378,8.91066953402271,8.5823203341751,9.14531622626038,9.0969403383656
"GENE2746",5.27537882872743,5.77658684905942,5.9800226195781,5.53924841248507,6.1549773421257,6.37036786454994,5.35087168464298,5.32585270951707,5.30591088547647,5.41807173488789,5.18989720613499,5.07150200490239
"GENE2747",5.51588380404437,5.28667684964983,6.22809448830563,6.22238843327479,5.26800207479775,5.53068369428789,5.82447103745129,5.24084983880704,6.48709947121793,5.47818778485135,4.96591931636746,6.17273695555514
"GENE2748",8.85286855582197,8.90883034595705,8.51820700517918,9.35742951942236,9.08561451343674,8.7103583470057,8.34634838285976,9.27253213875412,9.24871165175607,9.99413894297868,8.99789214792563,7.72282017245253
"GENE2749",7.83922818938625,7.54799804941502,7.90097922470514,6.77572788592976,6.80587166423009,7.84863296412472,8.25876543936539,7.68614946064178,8.30340255731599,7.53771265689779,6.98801811246797,8.0181120710886
"GENE2750",7.12900472421512,7.74909713763791,7.21654506924306,6.24558767185246,7.33828433110272,7.18434147452186,7.12020643436252,6.7559418911419,6.71633033639399,7.2489508907517,6.48463910885948,6.59751471288581
"GENE2751",7.66144710878297,7.35260708225606,7.47782804113193,7.44380075107211,7.2501553597984,7.10149155018082,7.2321600619177,7.74506506267508,7.86830324874536,7.99839747119206,7.56501618522785,7.53352386888709
"GENE2752",6.69984486076188,6.5584781665864,7.37274296579214,6.47818907174912,6.03122441902519,6.78788389872491,6.25323544564354,6.83990521169833,6.91356942913283,6.54112775667379,5.42268344439262,6.05583879279751
"GENE2753",8.02706892224217,8.59681066016017,8.77182542127549,8.15419457892608,8.49125726962334,7.71052960226473,8.64863461639283,8.17791187580067,8.81596476309687,8.10617404619753,7.92643641008733,8.63785693434954
"GENE2754",9.44752328276887,9.34750905987119,9.20575105593742,9.05927826439057,7.86222979833981,8.83045535527453,8.6714159239762,8.71534620858201,8.58415724696813,8.60165111600702,9.16948419574269,8.7100007917002
"GENE2755",5.51588380404437,6.73047230184167,5.77754490372973,5.49997071347815,5.66169183274517,5.60776759123199,5.51957478753055,5.28406706308717,5.54330126297226,5.81361419205601,4.76445481120257,6.0025396791975
"GENE2756",7.26004536094882,7.21277507598687,7.38823534056814,6.79142519815636,7.08661475461288,7.09293587422562,6.70830798260403,6.46926061636698,6.45563595412749,6.7184881759186,6.59705860858873,7.41867099151355
"GENE2757",7.93621392458467,8.05946778280165,7.89015862524972,8.79148068455906,8.00337476356376,8.47833525404346,7.45927322707912,7.15548023403262,7.81412347935958,7.48998638038088,7.81576771330555,8.79154918413888
"GENE2758",9.2482077146788,8.4757370453473,9.30263491799263,8.60134878508166,9.2598339910918,9.22260479822526,8.69939522143627,9.61747839430378,9.09084027917775,8.71840130597781,8.06832302559067,9.3295714211834
"GENE2759",6.62359850447336,7.40859151954866,5.9800226195781,6.33470664520053,6.80587166423009,4.97579350093252,6.17423474173109,6.52127026348588,6.26870767720187,6.9985250510278,5.33462522028504,6.35274639768852
"GENE2760",4.4729759908335,5.65416792709915,5.2474390419342,5.37447816482985,5.54319346808701,5.39116578501052,4.68909793196672,4.45651341489076,5.26809996594856,4.56106826899732,4.30837276184222,4.9549542106143
"GENE2761",4.22498275163827,4.13852865130535,4.81438547614811,5.07871890811883,4.47802302603084,3.33339683403742,5.1207860294374,4.1373247401923,5.14728546522591,4.42298469859371,4.96591931636746,3.89918801372093
"GENE2762",9.09932838775087,9.9064471737451,10.7072388952002,9.69199671265099,10.0263150721172,9.88378944988342,10.2068805185998,10.1465548634219,8.99953376226858,9.94204033795011,9.42420989250527,10.3946543675801
"GENE2763",7.84756501519485,7.55627684556821,7.68000862345063,6.99471665039223,7.07638565001566,7.4415009670404,7.39209109432658,8.14003888515092,6.98100630599043,7.47605333219817,7.00162442812225,7.35759720035385
"GENE2764",6.93841032668263,7.94449159333925,7.48504730377809,7.03474306184426,7.79544717347865,7.18434147452186,7.02563825221521,6.95722173331582,7.43749105445615,6.76533101410786,7.40069103688959,6.15662967311256
"GENE2765",4.57571107120738,5.000948680323,4.91466241217766,6.43866916628439,5.41293052223172,5.58257021384029,4.68909793196672,5.36630838281794,5.30591088547647,5.50723476179113,5.24001796341339,6.17273695555514
"GENE2766",5.32722718529249,5.15211675089249,5.67680935887743,5.37447816482985,5.68973507758162,5.16609490762959,5.9448485209728,4.94373409540296,5.54330126297226,4.98102908982467,4.83567457393778,4.82543978751269
"GENE2767",10.3887891538533,9.95252437128757,9.7962977719962,10.0757095417731,9.7115967404188,10.0709181502847,9.31292397607252,9.70336759553789,9.0262167268887,10.3836090853436,10.3459639436948,9.96111229990611
"GENE2768",6.13700302636241,7.18094559138275,7.03130399013482,6.39800474246707,6.21293819277411,6.4934629543996,7.20889737085065,6.72681208464367,5.77061962651983,7.00826834826756,6.25178417146971,6.10715272586554
"GENE2769",5.92785141446124,5.32850403016816,5.28333916502146,5.18531255928563,4.80680779414595,5.05556156577568,5.64522737225206,5.19608618402031,4.80688647693289,5.4484781145317,5.61978437036428,5.0339082578499
"GENE2770",8.89363778566141,10.0434245180174,9.49495475168529,9.65418093723567,10.1270910675966,9.21281767128841,9.50264941531787,10.1775624884522,10.0526652990501,9.87613851879314,9.63412654490299,9.64892133467552
"GENE2771",5.16477571414311,5.000948680323,4.44108581236596,4.30574182321017,4.68740827512561,4.89020448646291,4.51761852880097,4.54173721909216,5.44684439577657,5.8362460895521,4.76445481120257,5.60565275807301
"GENE2772",5.37704373556169,4.62203258403176,4.70416965898469,5.32977315665522,5.44673993994446,5.05556156577568,4.92507133570572,5.05111048996905,4.47808609970675,5.21868168702726,4.96591931636746,4.9549542106143
"GENE2773",9.07472265172858,9.82508339544533,8.99500330247294,9.07208407037942,8.09200573156638,8.53601603222684,8.63999790109697,8.72997883456997,8.38817838200157,8.58556019666136,9.09257337104493,8.86143833478761
"GENE2774",8.76330474330963,8.40430799998163,7.68000862345063,8.06081977950018,7.59575246284605,7.04049555490556,7.21669373774825,7.99600799744395,8.17564815451568,7.89762869377122,8.03578812562887,8.31731271233359
"GENE2775",9.28544300173526,8.75946119346284,9.21660282614418,9.14661838589615,9.70170229903788,9.09627953271221,8.67986690448562,9.50291516363878,9.48822560920107,8.86423032670404,9.48324191698716,8.61491199073056
"GENE2776",4.57571107120738,5.36899923474729,5.2104797339222,5.49997071347815,4.20806849983989,4.58511941354377,4.30898946352127,4.99864172506497,4.62236681307091,5.18214848822356,5.50511782417126,4.87026432960211
"GENE2777",10.076483208286,10.3948214455269,10.9514989732303,9.77851283317275,10.4900879835636,10.4803230229589,10.3111453913951,9.80874530416307,9.9753763549233,10.1466060715904,9.93300659795999,10.2411988552252
"GENE2778",10.2761719025255,9.90321451464278,9.82210281337824,9.53670467051677,9.8613188486113,9.24774471783515,8.67705541450924,9.32887263778085,8.54408439202798,8.7620030117377,9.65780771562517,9.4703859542945
"GENE2779",6.93841032668263,7.53129570883444,7.39591913596837,7.04783928646565,7.55224931388597,7.066956678491,6.64001268727812,6.39677805517366,6.45563595412749,6.5678699365667,7.28334823856941,6.5122116535806
"GENE2780",5.10552670264911,5.62172626825794,6.19270519356519,5.78572635842586,5.30581156458017,5.77193994438372,4.92507133570572,4.1373247401923,4.91468052254992,5.28868936701358,4.41855260472085,5.30655988068131
"GENE2781",6.41273790426979,6.81616653842362,6.53999390376011,6.15037272062609,6.42331964254991,7.12685511455538,6.88565133297216,6.50414640483489,6.66241451073872,7.15573598728026,6.27462957656742,7.02328571205466
"GENE2782",8.36548967089162,8.42701245604996,8.7951847622451,9.05927826439057,8.47584846544124,8.62434614059279,8.6049238314173,9.01920495002775,8.40455067874989,8.27228188890483,8.63964076726207,8.94198591791011
"GENE2783",8.82784175019133,9.45959844622973,9.84605749117399,9.3807745559365,9.42931381438637,8.43519185090649,8.63710745318128,8.82504371484779,9.82851807023972,8.74472031007447,8.87833663312654,9.32073971787268
"GENE2784",5.32722718529249,5.68583791717479,6.13787023893301,6.19879571503144,6.07371995318281,5.7040323577261,5.19097146363657,5.28406706308717,5.47979555464943,6.1902252108994,4.90264323278714,6.20440131244626
"GENE2785",6.16445238022268,5.4833522013719,6.29628353333185,6.02133764409921,5.94207570761707,5.72705190699482,6.15788077277609,6.57142739792876,6.4714557263892,5.8362460895521,5.88464834901593,6.2505852324348
"GENE2786",3.85356290445134,4.69499358436409,4.44108581236596,4.41564925474099,4.39688560685022,4.58511941354377,4.78958910954703,5.10137785357304,4.55284654316695,4.6822891391766,4.76445481120257,4.67889886967609
"GENE2787",5.27537882872743,4.88828303784405,5.7027116488721,5.93767861405064,5.37821085544912,4.89020448646291,5.2246232706067,5.44358190719965,5.05959906130947,5.8362460895521,5.08309620659538,5.67663210729273
"GENE2788",8.63931337757034,8.58070364171161,8.98741903821962,8.57008315776356,7.73839938879241,8.51704458392453,8.38132527106989,8.34889748607605,7.94312473257015,8.81264131656702,8.43545573678843,8.48490199841764
"GENE2789",10.3701383789872,10.4401347275931,9.34478911993508,9.98215466829691,9.50523097411228,10.1953889581512,9.16831349760961,9.80183928953703,9.32375784079358,10.4667304543566,9.87541261985958,9.35574654968528
"GENE2790",10.0333648763876,9.48144113881818,10.9026229324063,10.2743391269454,10.1575693995253,10.7850528275758,9.95877556253698,9.66010790511652,10.3335534301453,9.95961645635306,10.0136350526772,10.0986748420883
"GENE2791",7.67087873792687,8.04778883286092,8.45359466228528,8.09889989355872,8.35470730744036,8.06889144335716,8.41884336155428,8.30557573056915,7.10700003517748,7.72597877436975,7.58316663278901,8.20651823026969
"GENE2792",4.83382022495936,5.62172626825794,4.70416965898469,5.13317711387027,4.39688560685022,4.93378858587547,5.00726558384292,5.61880370076047,4.3969446041571,4.88996318035601,5.85424719616166,4.77874383137617
"GENE2793",7.92837705911155,7.57269246356918,7.78892263968724,7.68016317976895,6.93626340191311,6.39867059958643,7.5788456774264,7.96538663025172,7.49991929503963,7.80047215382056,7.57412011268683,7.55180238991754
"GENE2794",9.57578704738964,9.96187653945121,9.88466507885993,10.4128710354989,10.5119551521867,9.30598210407824,9.18225608035074,9.2599873665336,9.36196143007358,9.72870377344637,10.0482533855443,9.75630357063786
"GENE2795",7.83084271863281,8.19797763405007,8.16155012643933,7.8311874629926,7.50738539502621,8.34123117631224,7.00774940787326,7.60893340840816,7.63117499558934,7.46198352767937,7.27218781090631,8.20267410909365
"GENE2796",5.32722718529249,5.5884713191697,4.91466241217766,5.45947522938127,5.89522464225048,5.29957473473025,5.28932474144339,5.51650434151614,6.30460552420067,4.79100537130028,5.42268344439262,5.42346148460052
"GENE2797",5.47123394390682,5.65416792709915,7.03130399013482,5.53924841248507,6.09448647119194,6.01391646633047,5.62103385748696,5.51650434151614,5.229117083218,5.64355255347913,5.7913210827584,5.21122135721986
"GENE2798",6.10899850095817,6.24287056861407,5.7027116488721,6.19879571503144,6.51774051838371,5.65676954152493,5.4657439999289,5.77353483694339,6.2867720367531,6.52756396052047,6.40437097453878,6.5736643613249
"GENE2799",7.33326752873485,7.46247012773557,7.71110025254965,7.3519729639813,7.03471953208699,7.27024967768269,8.19333696712324,7.61684464640059,8.09720847083846,6.96888886989161,7.49002649405954,7.82647166854669
"GENE2800",8.73216902473188,8.87621642145479,9.11122001846415,8.60576042609615,8.25439999442464,8.18968502663814,8.63421119515017,9.1170568670798,9.02885805975254,9.43041600750891,9.1269206213741,8.28859120206417
"GENE2801",10.0076041336608,9.52205232025445,9.16375299351453,9.18838127318871,9.59705675951902,8.88817882598125,9.97831040437362,8.96767008271145,9.79478257737022,10.123402242767,9.52364082627326,9.28304429390013
"GENE2802",8.11252444780044,7.47125620284685,8.35089314992376,7.91187581747595,8.31195134176714,7.55771708728961,7.99524133374293,7.60097831410184,7.28620787612789,7.40428089935355,7.93351999140166,8.59746025927099
"GENE2803",8.01231943650008,7.18094559138275,7.25933138956336,7.75368306344869,7.14649605374249,7.96997400780868,7.98617524945882,7.58493458184002,7.42144964663241,6.47196308846199,8.0423542391301,8.05270139556099
"GENE2804",10.1027919733669,8.79129907069089,10.1633968295028,9.42136601545134,9.4765030655204,8.66799393339254,9.79606237170521,8.44074209244755,10.1086543059698,9.0562300153151,9.39376224845549,9.5128759822565
"GENE2805",6.05122677290855,5.74701329525877,6.22809448830563,6.39800474246707,6.56267704608791,6.91978900027936,5.49293693774556,6.50414640483489,5.91897068972772,5.38693173058729,5.54446056462054,6.0205365393326
"GENE2806",5.16477571414311,4.76326395420319,4.06851441067084,5.49997071347815,3.95654372834274,5.13035330148718,4.22671357212381,5.14964543198099,4.55284654316695,4.73801220112087,5.18989720613499,4.99509121545252
"GENE2807",7.78816526327183,7.37151277666106,7.82346646484716,7.56684458609587,7.58859292685946,7.20035005559824,8.39165479380997,7.40465918057615,7.91480619016688,6.64518405861117,7.27218781090631,8.41355293271038
"GENE2808",5.82741119739648,5.65416792709915,5.91581803415833,5.45947522938127,5.94207570761707,6.50649758898495,5.88599012722789,5.65121746472458,5.37831285249691,5.81361419205601,6.05408357705721,5.24381262475191
"GENE2809",5.42499698288565,6.50769108912158,5.13308268451435,5.78572635842586,6.17456778079026,6.23539896953394,6.09046257237503,5.98925762661564,6.50257115714982,5.88040760563549,5.46455409026317,5.53065117136758
"GENE2810",7.40292575095958,7.47125620284685,7.34124613603305,7.4138408082657,6.45550316620957,6.38459068643026,7.37130633279286,6.13131743558802,6.94768715355463,7.27335265438394,6.5605726659908,6.98780684525357
"GENE2811",8.61024832949122,7.60497074257856,9.66461881267919,9.26566024422086,9.30410766233955,9.3169871653066,9.2077970936343,9.06030432991909,9.56665032008117,8.6915926587519,8.25511032125397,9.21413200331238
"GENE2812",4.66889628332048,4.62203258403176,4.8656317369195,5.02168626161896,4.91459706087536,4.58511941354377,5.25739083816715,4.54173721909216,4.20811770217306,4.62346344389119,4.18163946874168,4.30140717159859
"GENE2813",4.22498275163827,5.10379764560079,4.44108581236596,4.30574182321017,4.55277978931402,5.05556156577568,5.15637963915766,4.1373247401923,4.3969446041571,4.05619041015447,4.30837276184222,4.56859374079285
"GENE2814",8.16012585011552,9.06456947853223,8.53565223705295,8.83345800605484,8.21780510847406,9.88625412888045,8.98273974168427,8.60456805449773,8.52174734668947,7.83903949754945,8.46017034233242,9.11135286646535
"GENE2815",4.97752596119384,4.94597899121255,5.59593619666751,4.30574182321017,4.8619839938629,4.64241390252082,4.78958910954703,4.62017751094195,4.20811770217306,4.6822891391766,4.76445481120257,4.99509121545252
"GENE2816",4.90791694271948,5.15211675089249,5.05045087255743,5.07871890811883,4.91459706087536,4.45960574336212,5.04631054532115,4.62017751094195,4.55284654316695,4.49450516137223,4.68826865985232,4.37586395102297
"GENE2817",6.36648584319312,5.51933612698998,5.72812218279442,6.69452339024463,6.13510604437463,5.39116578501052,6.10762767549903,5.61880370076047,5.26809996594856,5.61739078218998,5.69105863050171,5.24381262475191
"GENE2818",8.26956960592635,8.64019838269129,9.22951805380122,8.5007092112426,8.77548016206834,8.39418645585156,8.91277699845166,8.25586039598925,8.73091290499348,8.54286279596354,8.17970924754586,8.7500361872775
"GENE2819",10.3066708664616,9.80096793189849,9.93808558905049,10.111806133358,10.1246247519035,9.9964455220917,10.036472673747,9.5407407603551,10.0038408703194,9.55127461186934,10.2458346501245,9.20839745758424
"GENE2820",5.89518809952742,6.17894622278844,5.7027116488721,5.90861586733418,5.77050451575007,5.74968320042272,5.15637963915766,4.69304720704209,6.03134699846857,5.66920959612141,5.99989914881159,5.24381262475191
"GENE2821",5.79220833066203,4.36428639562465,5.2104797339222,4.60282355996089,4.68740827512561,5.53068369428789,5.90589311944218,5.48055331725275,4.96499831346795,4.93638930206227,5.58265951897939,4.6252228177491
"GENE2822",5.86172229049857,5.32850403016816,5.77754490372973,3.82642089610471,5.77050451575007,5.16609490762959,4.96688950493872,5.80245046367133,5.18887737158306,4.6822891391766,6.27462957656742,5.36634491221722
"GENE2823",5.51588380404437,6.74511913797402,6.19270519356519,5.45947522938127,5.87118104645258,6.8089914417772,5.04631054532115,5.24084983880704,5.68984767667298,5.59070241013539,5.24001796341339,5.86946883702259
"GENE2824",8.42791344831311,8.1220604149865,8.08299717537804,7.37289394698162,7.83225822047092,7.78653790537286,6.70830798260403,7.2297353371264,8.02488052008854,7.47605333219817,7.94758331130798,7.0749014600477
"GENE2825",4.75447897304764,5.000948680323,4.91466241217766,4.0273271381528,4.47802302603084,4.58511941354377,4.8816839009191,4.82541118637765,4.91468052254992,4.34542727297923,4.30837276184222,5.21122135721986
"GENE2826",4.22498275163827,4.25922592582695,4.36234597151196,4.68473034113011,4.6222967045272,5.33084216030771,4.74050856541936,4.99864172506497,5.10423357161015,4.56106826899732,4.68826865985232,4.56859374079285
"GENE2827",7.10128977230633,7.32377204401269,7.43373179836923,7.48279725904251,6.93626340191311,7.3796567829359,6.31336025633163,6.78448523457555,6.75546155229873,7.0746682075049,7.66211698825747,7.39184805994009
"GENE2828",7.04419083872118,7.69016575706398,7.46327951822329,6.41848425819186,6.91342799254059,6.94856618618857,7.36431049905255,6.7559418911419,7.70585079236511,6.88670356310395,7.30541126893425,7.4708558891643
"GENE2829",5.22130398880226,4.45815638711915,5.7027116488721,4.89863543349259,5.37821085544912,4.69671045320522,4.45318019043714,4.82541118637765,4.68748146497161,4.49450516137223,5.65589826360468,4.77874383137617
"GENE2830",6.62359850447336,6.62346869553165,6.48291585138621,5.99401446746821,5.57382857406539,7.3866616933042,6.4263682738561,6.7985443895651,6.56281206341653,7.25713115683978,6.10621736432438,7.04069937520439
"GENE2831",4.75447897304764,5.44634641097134,4.70416965898469,4.51374221809768,4.74874735738108,5.16609490762959,4.45318019043714,5.48055331725275,5.14728546522591,4.05619041015447,4.68826865985232,4.56859374079285
"GENE2832",9.62986169330437,9.10734664824035,8.82952886589323,9.19717522471047,9.23945853376764,9.88871460348398,8.71592569078017,9.31438601784449,8.46434067894697,8.13301051490783,9.05089715357042,8.54075908820135
"GENE2833",8.85699776464122,8.24985268526676,8.87133920011187,9.3833452726576,8.59829842622931,8.79415287945016,8.27373761481456,9.69593677169772,9.09084027917775,9.40314531204306,8.38471661178394,9.28486183655398
"GENE2834",10.1045289467981,9.7150842634718,9.92755859536247,9.61971376439456,9.56466892811259,10.7056488539472,10.0892131084411,9.29975238136085,10.4454982109604,9.08854918752779,10.1789721494643,8.80174324775684
"GENE2835",4.4729759908335,5.44634641097134,5.2104797339222,5.90861586733418,5.63304574559507,4.74836901933285,5.08412192938595,5.24084983880704,5.30591088547647,5.25417383302746,5.46455409026317,5.60565275807301
"GENE2836",6.9540113514196,6.63925950851728,7.19024480675312,6.33470664520053,6.89022005864387,6.9674327831867,7.0433053899565,6.32034259917405,5.79650064335651,6.47196308846199,6.93225451287569,6.71107740034224
"GENE2837",5.16477571414311,4.62203258403176,4.36234597151196,4.68473034113011,4.30773295942769,4.64241390252082,4.22671357212381,4.54173721909216,4.20811770217306,4.49450516137223,4.90264323278714,3.89918801372093
"GENE2838",6.47937734615328,6.41874700020975,6.06120494144834,6.26840677259888,6.09448647119194,5.42029639220579,6.15788077277609,5.68286062317584,5.74423178720393,5.53565047103937,6.29710676447597,5.9088304410793
"GENE2839",4.66889628332048,4.62203258403176,5.0924714955971,5.65050799972721,5.05950945094439,5.05556156577568,4.74050856541936,4.62017751094195,5.60387807226552,4.8415720392666,4.18163946874168,4.56859374079285
"GENE2840",10.4156214131774,9.98346530346478,9.2528996369134,10.1333437395638,9.89354662455535,8.34482276289476,9.91651311834377,10.2222124705446,9.48438257491508,9.12461944637283,8.72367627121883,8.60330102238305
"GENE2841",9.58825598628157,9.54919430419337,10.0096987587587,9.59995775644215,9.72956211310868,8.68791908524879,9.65751764493755,8.63209768898316,8.95578631432823,8.5823203341751,9.53065403543587,9.53595159187093
"GENE2842",6.85773106129181,6.88382736234036,7.19024480675312,6.51662864149371,7.51496086115386,6.98605269729726,6.58046601825008,6.83990521169833,6.26870767720187,6.20746235163936,6.65007844110637,7.0320191304141
"GENE2843",10.1740018093129,9.45739587010772,9.44230865310195,9.30686830862157,9.15736483347623,10.0369379510023,8.18544024671428,8.92380105908446,9.4254731925153,10.2854828829222,9.18734797875782,9.87445962691353
"GENE2844",6.66223540625398,6.5584781665864,7.07032548082207,7.16059119530326,7.35527713056505,6.5194126319523,6.6859071502482,6.7985443895651,7.26836751661168,6.48607063042107,6.15645597035825,7.0749014600477
"GENE2845",6.87423726847837,6.82995896121927,6.21051244752332,6.62603018018064,6.95873821207038,5.95732614876197,6.19039820223215,6.35908197462979,6.37374741731386,6.35368973410198,6.20493726932166,6.28054498535343
"GENE2846",8.67717664618402,8.19797763405007,8.68069235186421,7.02152542511064,8.42058124831186,8.6593695101865,8.37092111926293,8.37707108831525,8.40047502133037,7.7665699244556,8.38471661178394,7.56385993554747
"GENE2847",5.51588380404437,6.1119346667448,5.9800226195781,5.93767861405064,5.96491225803506,5.79383509563228,5.28932474144339,6.28049863983408,5.71731550811546,5.4484781145317,5.33462522028504,5.84935245414932
"GENE2848",8.4389781508061,8.53963017908984,8.68382482787127,9.19424986297514,9.06260107383205,8.91981082159024,8.47496917897253,8.95215538595924,8.56608037280482,8.67343906799247,8.68227104292931,8.45290806007357
"GENE2849",4.22498275163827,4.25922592582695,5.31824579141467,4.17933027955555,4.6222967045272,4.69671045320522,4.8816839009191,4.99864172506497,4.55284654316695,4.49450516137223,4.68826865985232,4.37586395102297
"GENE2850",4.66889628332048,4.82751824920096,4.70416965898469,4.68473034113011,4.39688560685022,4.31465226204918,4.0296868369848,4.88610457922949,3.77575238487384,5.10566377367428,4.606173645641,4.21973032357518
"GENE2851",9.19701600252368,8.84284742120193,8.92790811407255,10.0206380537779,9.93495742087516,10.227815950672,9.39901497667966,9.56745513809981,10.1284869076066,10.0479466083594,9.45893822078165,9.91960674006216
"GENE2852",4.66889628332048,4.82751824920096,4.17928166882704,5.07871890811883,4.6222967045272,4.45960574336212,5.25739083816715,4.1373247401923,4.62236681307091,5.18214848822356,4.76445481120257,4.77874383137617
"GENE2853",9.75679232301864,9.63744440532643,9.74175843147852,9.21171366139465,9.39288004973051,9.34054718455764,9.2706701727787,8.77653408694979,9.08831019756094,8.57907316942983,9.30927808397178,8.32440445106496
"GENE2854",5.10552670264911,5.62172626825794,6.29628353333185,5.32977315665522,4.74874735738108,5.95732614876197,5.4657439999289,5.55149445800918,5.77061962651983,5.74335064878276,5.33462522028504,5.67663210729273
"GENE2855",5.42499698288565,5.83385791113941,5.41757085400705,5.07871890811883,4.55277978931402,5.55688262416421,4.8816839009191,5.36630838281794,4.62236681307091,5.02403580464725,5.02594913526056,5.39522024645591
"GENE2856",5.60086656600879,5.40825302561207,6.22809448830563,6.35612556523743,6.32208432471725,5.68061003498063,6.09046257237503,5.48055331725275,5.8468219741038,5.53565047103937,5.46455409026317,5.80820184769705
"GENE2857",7.39154880374634,8.63240626749591,8.5563114219004,7.861055394589,8.05097634917849,7.10149155018082,7.26259970244681,8.0669440837284,7.53760009959579,6.60705604174574,7.17962280118574,6.77508448269432
"GENE2858",5.42499698288565,5.86161000924083,6.45348432858436,6.07440786992565,5.91885121189743,5.93793102357782,5.78184960161745,6.1086334931305,5.66180353729039,5.94407464442714,5.75872401516255,5.24381262475191
"GENE2859",4.66889628332048,4.62203258403176,4.64451109468011,4.51374221809768,4.74874735738108,4.74836901933285,4.0296868369848,4.62017751094195,4.47808609970675,4.62346344389119,4.41855260472085,4.67889886967609
"GENE2860",7.14266302429513,6.6703216402367,7.77133420129862,7.44380075107211,7.40507812811295,7.46153640633081,6.96201933661966,7.55229864091894,7.0027937912805,5.92318065606637,6.59705860858873,6.9787973517498
"GENE2861",6.43530421096138,7.26429825441583,7.66102524992633,7.07367637883299,7.2501553597984,8.00673588776054,7.35728031877629,7.46730388957719,6.48709947121793,7.2324486241128,7.46086240789905,6.58563992052809
"GENE2862",7.92049724274135,6.74511913797402,7.84043187778338,7.78518829341729,6.91342799254059,7.89840498718518,7.99524133374293,7.82231986242886,7.3384319656088,6.92838943711634,7.69585880199229,7.9600674568449
"GENE2863",5.16477571414311,5.91547036063218,4.76066784415556,5.45947522938127,5.82177843488912,4.93378858587547,5.00726558384292,4.69304720704209,4.96499831346795,4.88996318035601,5.02594913526056,5.33680315109659
"GENE2864",5.60086656600879,5.2434159155023,5.53913863910085,4.51374221809768,4.96491268069176,5.87803565145312,5.2246232706067,5.24084983880704,5.57393739993519,4.56106826899732,5.08309620659538,5.55612909748223
"GENE2865",5.32722718529249,6.81616653842362,5.95895410833228,5.57738529836157,6.43950360001593,6.81942866563602,5.98272480996944,6.39677805517366,6.19401224361284,6.48607063042107,5.65589826360468,5.5811231366749
"GENE2866",5.16477571414311,4.13852865130535,4.58121647782981,4.60282355996089,3.95654372834274,4.58511941354377,5.2246232706067,4.54173721909216,4.47808609970675,5.32228647894835,4.90264323278714,4.91338726221614
"GENE2867",8.9527078105187,8.00010105541219,9.44784479168859,9.3416535175085,9.14036990566531,8.12011043424925,8.89110842519385,8.53543506266974,8.47600650357074,8.62388069731105,9.22530990017824,8.93505707821743
"GENE2868",7.18287131076948,7.13737229451437,7.47057223734563,7.5485884367915,7.46107226597804,7.23183915265191,7.20105824583085,7.18777743077116,6.81837226734115,6.88670356310395,6.42487224659314,7.35064761137805
"GENE2869",6.9540113514196,8.31461097667618,8.06387375089101,8.11137253706301,7.96523044935045,7.64201594503323,8.76440893909716,7.49333548030085,8.08709588508092,7.80047215382056,7.33788085971478,7.75995490645835
"GENE2870",7.53283794052708,8.44492178384401,7.87377345413163,8.23619585091877,8.22704141816713,8.0904547052026,7.7223756629014,7.84941358810347,8.45257959707494,8.03206209244154,7.65355615144875,8.60038360061223
"GENE2871",9.25760706837278,8.78779606368907,8.66809390355231,8.75222858796466,9.44125668001687,8.92221554076723,9.17828622406856,9.79141786883529,9.73458650548779,8.85352187447686,9.05738782148972,8.24440513278594
"GENE2872",5.51588380404437,5.5884713191697,5.67680935887743,5.93767861405064,6.2685791050512,6.37036786454994,5.38056528187997,5.80245046367133,5.26809996594856,5.06554210962677,5.72531788539003,5.9658221520715
"GENE2873",8.30023672118514,9.34750905987119,9.23379754930275,8.98335212632731,8.96393010062528,8.89554037235657,9.16831349760961,8.9552717126002,9.63410867680532,9.57427677408263,8.51309433169701,9.00289089188601
"GENE2874",4.97752596119384,4.82751824920096,4.81438547614811,5.49997071347815,5.41293052223172,4.79768253464048,5.43797005921605,5.14964543198099,5.18887737158306,5.14450255679525,4.51688249385809,4.91338726221614
"GENE2875",7.59363122388824,6.36254330424983,6.72333647754536,6.77572788592976,6.87847250271613,6.91006581231591,6.05547844755648,7.66341761358831,6.92503312886489,6.88670356310395,6.5605726659908,7.17284851760585
"GENE2876",5.27537882872743,6.17894622278844,6.24545713501497,5.90861586733418,5.54319346808701,6.31198565065982,5.66898870327044,5.71377144839768,5.57393739993519,6.15509528026171,6.18090827777129,5.27557692645215
"GENE2878",7.22197903561354,7.21277507598687,7.00132061530002,7.53009692836381,7.32108739685644,7.32234855404274,7.44608642823802,7.21936075630978,6.30460552420067,7.32872188622233,7.42103022030327,6.79579382765499
"GENE2879",4.97752596119384,5.51933612698998,5.44904465981825,5.28343957432089,4.96491268069176,5.05556156577568,4.6350661880597,4.76123395654334,4.91468052254992,4.56106826899732,3.82779185636717,4.87026432960211
"GENE2880",8.79378197967781,8.32432023940439,8.38594711050209,8.74424822619294,8.46808180502006,8.16551152246693,9.12977528142285,8.24570793551434,7.73207070128678,7.98372501300483,9.04437713089918,8.31731271233359
"GENE2881",5.16477571414311,4.45815638711915,4.96169205740668,5.28343957432089,4.6222967045272,4.39004562113047,4.45318019043714,4.54173721909216,4.74882339490588,4.98102908982467,4.606173645641,4.77874383137617
"GENE2882",5.7189199947252,5.99247478376178,7.00132061530002,6.19879571503144,5.34252507624925,6.59451181389169,5.59639087775452,4.88610457922949,6.6760872469506,5.71909005679616,6.27462957656742,5.21122135721986
"GENE2883",5.16477571414311,5.44634641097134,5.00690280338359,5.02168626161896,5.94207570761707,5.20082860798237,5.15637963915766,4.45651341489076,5.26809996594856,5.41807173488789,5.18989720613499,4.50856753718945
"GENE2884",7.8804369891477,7.70512686866037,7.41872627821719,7.94012928961118,7.44529595457347,7.81792082443,7.80207618830122,7.63253747912349,6.63466596597726,7.95893327080283,7.42103022030327,7.50253223438684
"GENE2885",4.4729759908335,4.69499358436409,5.2104797339222,5.37447816482985,5.05950945094439,4.93378858587547,4.96688950493872,4.76123395654334,5.10423357161015,4.88996318035601,5.24001796341339,4.30140717159859
"GENE2886",9.32472489932617,9.45076788504398,9.34874027394065,9.50636675040338,8.7532902969322,8.60650994134463,8.29956999425147,8.96148422729669,9.15269097270522,8.70654788227035,8.65256280148392,8.4943632260452
"GENE2887",6.5221111146563,7.06941283803649,7.14530582896251,7.0864215340198,6.19388547785541,7.2082875997854,6.47963144704358,6.81246563675392,6.95888038687475,6.91808192485951,6.75050455945418,6.49959273964185
"GENE2888",6.9540113514196,6.60749939839222,6.89655648839818,6.43866916628439,7.24103633880898,6.18734008926068,6.65162667978432,6.03825668873266,7.80180100035011,7.55769037558225,6.8442841935716,7.60528075208291
"GENE2889",5.16477571414311,4.62203258403176,4.17928166882704,4.41564925474099,3.33339683403742,5.42029639220579,4.45318019043714,3.99257800367954,4.68748146497161,4.79100537130028,4.51688249385809,4.50856753718945
"GENE2890",7.5533899698042,8.11088060849752,7.62881754507911,7.90472483358654,6.95873821207038,7.31502098533855,6.66314605518408,7.78069665359938,7.58874352988958,7.7376937700111,7.60996891490601,6.94217836465433
"GENE2891",7.05868126447763,6.73047230184167,7.20783197684277,6.75985491690651,7.16591114265161,6.74470262618717,6.96201933661966,7.63253747912349,7.12695813195442,7.19033983498949,7.35912517723518,6.74344222253686
"GENE2892",5.51588380404437,4.62203258403176,4.96169205740668,4.51374221809768,5.18878254774675,5.39116578501052,4.74050856541936,5.55149445800918,5.60387807226552,4.73801220112087,5.13766140803494,4.67889886967609
"GENE2893",9.24506093137662,9.27931550427289,9.35857105184283,9.13750961211636,9.59349382121124,10.1334587325869,8.92230389783047,9.62727815802466,9.47859875294867,9.28461305793024,9.51423651060473,9.69338561998286
"GENE2894",4.66889628332048,4.54349182563741,4.91466241217766,4.41564925474099,4.91459706087536,4.52437607466252,4.68909793196672,4.82541118637765,4.30778738367409,4.05619041015447,3.82779185636717,4.30140717159859
"GENE2895",7.46935314688242,8.33876246656319,7.9170589287111,7.83871284138112,7.92036081071222,7.94177243357646,8.61671031214886,7.82231986242886,7.99814168572784,8.13301051490783,7.81576771330555,7.67917033778997
"GENE2896",8.26335700481521,8.03601428770517,7.99990628265232,7.44380075107211,7.55224931388597,7.72163731563265,8.11234937311859,6.83990521169833,7.97089629926419,7.1112678315681,7.75306389613776,7.31538442747027
"GENE2897",8.60042820847878,8.91847234233301,8.88228678268018,9.05605896032022,8.97218691215344,9.03760704498656,7.62635512981927,8.29576905740794,9.06790809268315,8.26421411688788,8.22079991526949,8.49750320896394
"GENE2898",8.70493514921754,8.73783834452895,8.81817152243057,9.344294866057,8.06134391662357,8.26366119065609,8.41884336155428,8.26090990174836,7.98730539146148,7.47605333219817,8.24376414296426,8.15572552105711
"GENE2899",7.81392353902588,7.69766579824607,7.78308371977325,7.11157534736412,7.79544717347865,8.18968502663814,7.35021545049071,7.29045025121583,7.72556046613703,8.03206209244154,7.44108470664426,7.0664275182899
"GENE2900",5.51588380404437,5.5884713191697,5.77754490372973,5.37447816482985,5.18878254774675,5.65676954152493,5.82447103745129,4.62017751094195,5.34262576431803,4.73801220112087,5.18989720613499,5.33680315109659
"GENE2901",6.96944327576633,7.42677708570133,7.04115992154481,7.68852041850691,6.56267704608791,7.59445320565845,6.56824923541444,6.89324395568518,6.6760872469506,7.35181115927338,6.65007844110637,6.56158627232395
"GENE2902",5.22130398880226,5.05347560891206,4.51367610562448,4.41564925474099,4.74874735738108,5.36135958543197,5.43797005921605,4.88610457922949,5.34262576431803,5.06554210962677,4.606173645641,4.77874383137617
"GENE2903",7.22197903561354,7.9190687270841,8.38978984028916,8.06723687336837,7.499769693194,8.04258151102493,7.47882869683895,7.51890283102636,8.05632451498333,8.06030337167822,7.56501618522785,7.50878437789072
"GENE2904",5.51588380404437,5.19860617920382,5.05045087255743,5.49997071347815,5.37821085544912,5.20082860798237,5.25739083816715,5.44358190719965,5.229117083218,4.56106826899732,5.08309620659538,4.87026432960211
"GENE2905",5.64139193388158,5.55435776560309,4.64451109468011,5.65050799972721,5.68973507758162,5.09353462373327,5.49293693774556,5.32585270951707,4.86206514454115,5.59070241013539,5.13766140803494,5.17775300157529
"GENE2906",8.50363864721733,8.90236632914485,8.13431255317809,8.63626937399716,8.89321959921981,8.59449527897891,8.40870770473154,8.77653408694979,9.22357116868538,9.20051139794847,9.01132722446854,7.66804734224038
"GENE2907",7.77073289017705,7.9818024632817,6.55390920437292,7.1725867468328,8.04576441054239,7.57620272653587,7.69479476267876,7.67103495770754,7.46122141407483,7.82263722002466,7.17962280118574,7.28653464869852
"GENE2908",9.97758867169639,10.0839606318965,9.72057193475334,10.0565117263923,9.88482840247614,9.83741636747416,9.9599320237452,10.0810399789075,9.84509446205068,10.1951062000898,9.78837186095718,9.37805358186418
"GENE2909",9.94693531144268,9.47927169716841,8.75107071828366,9.96338019341995,9.78371747910819,9.20691334756006,8.72412035542376,9.32164751993321,8.76300176775224,8.74472031007447,9.51187581816544,9.29391534317327
"GENE2910",5.22130398880226,5.44634641097134,5.0924714955971,5.02168626161896,5.54319346808701,5.7040323577261,4.96688950493872,5.71377144839768,4.96499831346795,5.28868936701358,5.37940981639276,4.9549542106143
"GENE2911",6.5430012826021,5.94162310744823,5.59593619666751,5.18531255928563,5.05950945094439,5.29957473473025,5.66898870327044,5.19608618402031,5.74423178720393,4.93638930206227,4.51688249385809,5.42346148460052
"GENE2912",5.60086656600879,5.19860617920382,4.76066784415556,5.87892020929913,5.54319346808701,5.68061003498063,5.4657439999289,5.88566646440782,5.44684439577657,5.61739078218998,4.90264323278714,5.33680315109659
"GENE2913",4.90791694271948,4.54349182563741,4.81438547614811,5.18531255928563,5.2290206892662,4.84489329067828,4.45318019043714,4.76123395654334,4.55284654316695,4.93638930206227,5.85424719616166,4.30140717159859
"GENE2914",4.66889628332048,4.62203258403176,4.81438547614811,4.83180993558511,4.6222967045272,4.58511941354377,4.6350661880597,4.62017751094195,5.14728546522591,4.93638930206227,4.68826865985232,5.17775300157529
"GENE2915",6.5221111146563,5.65416792709915,6.59484977164761,6.89670041949108,6.90187135982939,6.82978972796299,6.59257793511579,6.99427226000694,6.60636167878499,7.02755736137478,5.33462522028504,6.5736643613249
"GENE2916",6.21777374952482,7.21277507598687,7.19024480675312,6.07440786992565,6.98086377780064,7.04049555490556,6.70830798260403,6.32034259917405,6.30460552420067,6.47196308846199,5.99989914881159,6.03830084519476
"GENE2917",5.51588380404437,5.86161000924083,5.44904465981825,4.89863543349259,5.63304574559507,6.31198565065982,6.58046601825008,5.14964543198099,6.25040618619454,5.59070241013539,6.20493726932166,5.33680315109659
"GENE2918",5.60086656600879,6.15696716394997,5.53913863910085,5.53924841248507,5.79638474795275,6.03227317169203,5.25739083816715,5.98925762661564,5.54330126297226,5.56346401585058,5.50511782417126,5.92809301798095
"GENE2919",6.24368654132521,7.12626803727065,6.59484977164761,6.04812836537868,6.53287914372848,6.63061388309502,6.25323544564354,6.17560013127502,5.94219584084286,6.11905177844504,6.71781420160232,5.92809301798095
"GENE2920",9.06761461183451,8.96883459835153,9.14342395576224,8.52420703253962,8.98312293792368,8.33402101519597,9.39559985390615,8.49744631838545,8.46823979481584,9.2193975329125,8.41030961463601,9.03132244470284
"GENE2921",5.60086656600879,6.26354233018096,5.38531027680005,5.23533893934653,5.5118269454012,5.99531121690269,5.35087168464298,6.03825668873266,6.45563595412749,5.92318065606637,5.42268344439262,5.78714750479939
"GENE2922",7.98235879139951,7.6674276639538,7.800529769367,8.36673855513809,6.93626340191311,7.57620272653587,7.24746087171484,7.83593057471343,7.49991929503963,7.47605333219817,7.49961748425929,7.43846368995215
"GENE2923",5.55906080693802,6.26354233018096,7.33326245720072,7.04783928646565,6.92489150364368,5.74968320042272,6.83575122170434,6.57142739792876,6.50257115714982,5.8362460895521,6.78245803572603,6.0205365393326
"GENE2924",6.19136894900477,6.60749939839222,5.87127352691975,5.99401446746821,4.96491268069176,6.12055832453363,6.4263682738561,5.44358190719965,6.37374741731386,5.74335064878276,5.46455409026317,6.60929045538049
"GENE2925",6.16445238022268,5.74701329525877,6.34532417802652,5.23533893934653,5.47968994220484,6.03227317169203,5.40958719984467,6.28049863983408,6.40707861077434,5.06554210962677,6.38356554838313,5.72193608848263
"GENE2926",5.16477571414311,6.26354233018096,6.11909887416821,4.60282355996089,5.37821085544912,5.2675149887357,5.62103385748696,5.74398528177613,6.17469406767374,5.56346401585058,5.7913210827584,5.60565275807301
"GENE2927",5.32722718529249,4.94597899121255,4.8656317369195,5.02168626161896,4.80680779414595,4.52437607466252,4.68909793196672,5.32585270951707,4.86206514454115,4.98102908982467,5.58265951897939,5.17775300157529
"GENE2928",9.45025825144087,9.3569929737901,9.136583409713,9.10048789685164,10.1491001787535,8.58845016531284,9.6773400378066,8.722681094173,8.88757029675271,9.1770872570306,8.8146221260137,8.94198591791011
"GENE2929",6.34277418117912,6.45500288176348,6.00077224331542,5.93767861405064,6.11494538895487,6.81942866563602,5.64522737225206,5.74398528177613,5.63315652429458,6.8437585720653,5.7913210827584,6.28054498535343
"GENE2930",7.34511511346477,7.23360765938407,7.30904071334028,7.16059119530326,7.81397057231205,7.32234855404274,8.12065634281947,6.86682477724643,7.77683438874588,7.65978008307408,7.61879290459704,7.89004520998033
"GENE2931",6.60387654406407,5.96728492689918,7.57573285019622,6.37722164527099,7.04525073944774,7.35128938412136,7.54215181179332,7.18777743077116,7.05584843127826,5.90196191531523,6.78245803572603,6.5122116535806
"GENE2932",5.92785141446124,6.04150895137728,6.17466666484704,6.31295454149413,5.66169183274517,5.87803565145312,5.88599012722789,5.44358190719965,6.26870767720187,5.35501792835748,5.13766140803494,6.10715272586554
"GENE2933",9.52220738098263,8.83946763445146,8.59343389745284,9.05605896032022,8.80351698000989,8.83301373298513,8.78805230906188,8.94903230764814,8.41266755331368,8.83458848250729,9.39632425079394,8.06968908518637
"GENE2934",7.11521450697877,7.38087284055155,7.25087593072797,7.94012928961118,6.76812992816744,7.81792082443,7.31435847047615,7.15548023403262,7.73207070128678,7.0839064936437,7.11856893101818,6.59751471288581
"GENE2935",9.87955001835371,9.59599793082395,9.55603540220421,9.71258479840002,10.1791217729572,9.48740136029818,9.92955851791517,9.71076033073436,9.78700411384009,9.09991838622572,9.78250860788825,9.85746368523528
"GENE2936",7.35686545778226,7.55627684556821,7.44858180799291,7.43388354434105,7.04525073944774,7.82308531257036,7.88248281771451,7.43184293605023,7.34695368529996,7.33645976249335,7.56501618522785,7.30822632724449
"GENE2937",9.3600591997367,9.11854273679731,8.86583406878615,8.63626937399716,8.54761531725743,8.84320207149212,8.51960274617989,8.4671909270075,8.37992189981185,8.91661078112649,8.76788870160332,9.13975276462626
"GENE2938",5.60086656600879,5.40825302561207,5.0924714955971,6.02133764409921,5.37821085544912,6.03227317169203,5.80332831126727,5.55149445800918,5.51193366996622,5.85850633439521,4.96591931636746,5.76575950252519
"GENE2939",5.22130398880226,5.44634641097134,5.47977263785321,5.45947522938127,4.91459706087536,4.97579350093252,5.64522737225206,4.99864172506497,4.96499831346795,5.35501792835748,5.13766140803494,5.24381262475191
"GENE2940",5.86172229049857,5.2434159155023,5.65039447043383,5.81750875605802,5.01315373799188,5.91825669772306,5.40958719984467,5.48055331725275,5.77061962651983,5.59070241013539,4.90264323278714,5.86946883702259
"GENE2941",9.41148846084307,9.67962371628104,9.43303426286562,9.20300820235947,10.2131816294691,9.2686798685972,9.56782000451763,9.09462321957213,9.50539364527339,8.31586416523346,9.78837186095718,9.40838141020081
"GENE2942",4.90791694271948,4.82751824920096,5.00690280338359,4.76074593408714,5.26800207479775,5.16609490762959,4.96688950493872,4.69304720704209,4.68748146497161,4.88996318035601,4.02923871711884,4.87026432960211
"GENE2943",8.21266669607685,7.55627684556821,7.71723860272064,8.49596329740554,8.49890029650005,7.71052960226473,8.074362830397,7.41377786187105,7.98730539146148,7.38948466433328,7.92643641008733,7.59356774548322
"GENE2944",6.78971868734855,7.59696899256673,7.26773715472612,7.63763127740912,6.75532285000889,7.80231504596546,6.98048790158959,6.68196249920306,6.86676771823654,6.63258868610507,7.02845341865132,6.59751471288581
"GENE2945",6.13700302636241,5.5884713191697,5.44904465981825,5.7531773193868,5.68973507758162,6.13755793665981,5.59639087775452,6.33984640299133,5.01324141627604,5.85850633439521,4.68826865985232,5.72193608848263
"GENE2946",9.12694443224928,9.30893706716767,8.98995156243451,8.39760530950905,9.30192596856853,8.38723725839524,8.21677045748147,9.27751964722325,8.25455655357417,8.54619251654359,8.00250028370385,9.43153650929233
"GENE2947",9.02053793080147,8.90883034595705,9.0125462715399,8.59692359394993,8.81274267822537,9.50995362841922,9.02756364774209,9.42190030702271,9.21199714196895,8.6915926587519,8.74796013024569,8.42349299165651
"GENE2948",8.55029775348359,9.44410929654745,8.99500330247294,9.14661838589615,8.6053954844371,9.36549628316397,9.06244559038478,8.51867473444099,9.39304235577248,8.59844727699484,9.56293881482672,8.83934139989095
"GENE2949",5.37704373556169,5.15211675089249,4.70416965898469,5.53924841248507,5.05950945094439,4.45960574336212,4.51761852880097,5.68286062317584,5.229117083218,5.25417383302746,5.18989720613499,4.37586395102297
"GENE2950",7.14266302429513,6.81616653842362,6.53999390376011,6.55404669454595,6.56267704608791,5.87803565145312,6.4127307263555,6.32034259917405,6.3222141474068,6.65766820471353,6.46499790961624,6.40793935098966
"GENE2951",7.73522037534951,8.27510561389275,8.51820700517918,8.44269935932648,8.8340423883539,8.24070839633754,8.63421119515017,8.10114212089514,8.37577583887096,8.27228188890483,8.26075005022929,8.63785693434954
"GENE2952",7.02955165021014,5.94162310744823,6.39270378659901,7.02152542511064,6.17456778079026,6.77721120715462,6.28362171103306,6.6198621607006,5.54330126297226,6.65766820471353,5.65589826360468,6.4868596524826
"GENE2953",8.60042820847878,8.95640802811911,7.83479896493169,7.83871284138112,7.63102393351039,8.57628330722692,8.25499793784081,8.02599096116858,8.5142240276208,8.15062741303733,8.05539722998772,8.37991498908518
"GENE2954",4.90791694271948,5.15211675089249,4.36234597151196,4.51374221809768,4.68740827512561,4.93378858587547,4.22671357212381,4.25785257813314,4.3969446041571,4.34542727297923,4.76445481120257,4.37586395102297
"GENE2955",4.4729759908335,5.05347560891206,4.36234597151196,3.82642089610471,5.41293052223172,5.01634725588924,5.82447103745129,5.14964543198099,5.51193366996622,5.25417383302746,5.02594913526056,4.50856753718945
"GENE2956",8.86522086213583,8.85962848664775,9.28211995259691,8.68711290104832,9.20950949840366,8.4816010611511,8.61671031214886,9.3022016571167,8.99413738686808,8.66120835693414,8.51309433169701,8.21417580906631
"GENE2957",8.88557567087517,8.79479358387436,8.53218005089179,8.90320354377689,8.47197037007249,8.25605085010663,8.35693094283441,8.34414782431009,8.95855977183463,7.93370658850996,8.35339225217105,8.46579103993341
"GENE2958",8.93719097525484,9.59999693060857,8.60339437537005,8.87424726262201,9.07798411198675,8.62434614059279,8.69662161268652,8.58457690860727,8.2317938375157,8.66427578119332,9.36527564911808,9.19878890519045
"GENE2959",6.41273790426979,5.83385791113941,5.84844210197022,5.90861586733418,6.11494538895487,6.08591904380891,6.32799541290924,5.74398528177613,6.48709947121793,5.64355255347913,5.72531788539003,5.84935245414932
"GENE2960",5.95975172097631,4.45815638711915,4.96169205740668,4.41564925474099,4.91459706087536,5.16609490762959,4.38398277762959,5.05111048996905,4.80688647693289,4.73801220112087,4.51688249385809,4.77874383137617
"GENE2961",4.90791694271948,4.45815638711915,5.13308268451435,4.89863543349259,5.18878254774675,5.16609490762959,4.68909793196672,4.82541118637765,4.68748146497161,5.18214848822356,4.606173645641,4.50856753718945
"GENE2962",8.76330474330963,7.93183635020681,8.22316870180837,8.72410180933869,8.01408986763317,8.61247990838185,8.42220612398594,8.23548336402396,8.24549461439351,8.7035692286393,7.87584931689831,8.14374509997598
"GENE2963",7.61333637401274,7.42677708570133,6.92880318517162,7.84619901860758,7.83225822047092,7.83846833838819,6.75207402889619,6.85342874234344,7.02425316271516,7.04658886077008,7.48037090870302,7.48994555887025
"GENE2964",6.05122677290855,6.13463400001752,6.59484977164761,5.32977315665522,5.41293052223172,6.58226970777879,5.64522737225206,6.32034259917405,5.54330126297226,6.1006717282986,5.69105863050171,5.69947582828021
"GENE2965",7.33326752873485,7.48866842710415,7.28440193604588,7.26509027561002,6.84263582363192,7.98387006678692,7.02563825221521,7.13353580048458,7.02425316271516,7.02755736137478,7.87584931689831,7.01449845681746
"GENE2966",8.709510020952,8.62063850733295,8.78938032634633,8.49596329740554,9.18367288386771,8.6593695101865,9.2855079975072,9.20083265565042,8.93058210210967,8.3732453556063,9.21953426492246,8.29221288158037
"GENE2967",5.37704373556169,5.05347560891206,4.70416965898469,5.41767630478048,5.14719229056659,4.84489329067828,4.6350661880597,4.45651341489076,5.26809996594856,4.88996318035601,4.51688249385809,4.67889886967609
"GENE2968",5.64139193388158,5.74701329525877,4.91466241217766,5.65050799972721,5.41293052223172,5.72705190699482,4.78958910954703,5.05111048996905,5.9650330283611,5.10566377367428,5.08309620659538,5.76575950252519
"GENE2969",6.26912592751942,6.5584781665864,6.04135415319609,6.19879571503144,6.96984396208988,5.99531121690269,5.92550973723047,5.88566646440782,5.94219584084286,5.4484781145317,5.88464834901593,6.0025396791975
"GENE2970",6.66223540625398,6.85714840003026,6.75971340750608,6.82230835009718,7.05570474146826,6.35599911771369,6.61649441385558,6.21851323572876,6.60636167878499,6.42877039289478,6.87421648962601,6.23536026444404
"GENE2971",4.4729759908335,3.99357332622189,3.93574756962721,4.83180993558511,4.91459706087536,5.05556156577568,3.73798597454736,4.62017751094195,4.55284654316695,4.6822891391766,4.606173645641,4.44457474590749
"GENE2972",5.89518809952742,5.94162310744823,6.66055173926015,6.07440786992565,5.68973507758162,5.47665968096879,5.92550973723047,6.06211689030952,5.77061962651983,6.29058370313366,6.02725817986618,6.38061463797307
"GENE2973",8.53491202874709,8.36721949119375,8.10654945515538,8.7992044265919,7.89738971596466,8.20952402068826,8.06578341951881,8.85872029307675,8.31644151976071,8.00809660493981,8.35339225217105,8.03982767155009
"GENE2974",7.74418115483821,7.77058758239469,8.15704618124602,7.89031525915884,7.39689728737565,8.1159111401467,8.35341205730659,8.5966048519198,8.45257959707494,7.64740901382693,8.59571063951693,8.64069953004885
"GENE2975",8.02706892224217,6.98580456356309,8.35875699483,6.83750161744737,7.61701920079724,7.67668142947523,7.60279701639254,7.19838294328222,7.28620787612789,6.69447286788744,7.53735251237758,7.77558053489679
"GENE2976",5.60086656600879,6.08885644940613,6.04135415319609,5.78572635842586,5.82177843488912,6.10334721091766,5.15637963915766,5.88566646440782,5.30591088547647,6.13719080183395,5.46455409026317,5.72193608848263
"GENE2977",6.5430012826021,6.17894622278844,6.80680839617248,5.71982118703818,6.42331964254991,6.341481330542,6.23779017466452,6.50414640483489,6.75546155229873,6.2244883511112,6.25178417146971,5.9658221520715
"GENE2978",7.7079976218332,8.42701245604996,7.61572933564183,8.33519564713868,7.91465235524596,6.84007574915756,7.62050175727636,7.50190868636444,7.70585079236511,8.03680764400944,7.59215646892502,7.96915131009601
"GENE2979",7.44755103992302,8.05364015984084,7.95389330917131,7.94012928961118,8.03528353725642,7.77058558150681,7.54833301111382,8.20959960834128,7.52264638033603,7.90283844208119,7.29442227862062,7.35759720035385
"GENE2980",6.45751355912046,6.04150895137728,6.08077390565727,6.49754010405531,6.51774051838371,5.99531121690269,5.66898870327044,6.23948307151004,6.48709947121793,6.52756396052047,5.91438525786674,5.65339062366611
"GENE2981",8.4824060430125,8.80175729301937,8.84360083662354,8.72003850602196,8.32060470763246,7.87373439711608,8.25499793784081,7.93409898890164,8.52174734668947,7.94385043331096,8.16775031325982,8.52545923558982
"GENE2982",5.55906080693802,5.32850403016816,5.41757085400705,5.23533893934653,4.39688560685022,5.16609490762959,5.2246232706067,4.69304720704209,5.05959906130947,5.32228647894835,4.68826865985232,4.9549542106143
"GENE2983",6.50090642001555,6.1119346667448,6.4974038013245,6.29085839056383,6.09448647119194,5.85747045082884,6.4127307263555,6.32034259917405,5.63315652429458,5.88040760563549,6.71781420160232,6.28054498535343
"GENE2984",5.99092554302756,5.80552563371466,5.44904465981825,6.26840677259888,6.32208432471725,6.341481330542,6.23779017466452,6.06211689030952,6.86676771823654,5.28868936701358,6.15645597035825,6.26564559382991
"GENE2985",4.22498275163827,5.2434159155023,5.05045087255743,5.37447816482985,4.39688560685022,4.23192956916254,4.45318019043714,4.45651341489076,4.62236681307091,4.34542727297923,4.18163946874168,4.56859374079285
"GENE2986",9.86117293070016,9.73340331011335,8.65857224929341,8.98673776305171,9.68170742074722,8.71591398728935,9.91532130142349,9.23199856868377,8.69809320302161,9.69761731496017,9.59228388812481,8.80934175390811
"GENE2987",7.05868126447763,7.97565082483437,7.95389330917131,7.42389722234322,7.3886694553758,8.60949801699155,7.53594385853545,7.17709261734735,8.13696271433623,6.97883626377075,8.2719636553469,7.85616309437518
"GENE2988",9.50652603014381,9.8216629170924,9.27175196918841,9.344294866057,10.0249932034241,9.15060812296564,9.89006293076213,9.83773246745742,10.2168240321152,9.52115086550185,9.72660394669723,9.73386156184233
"GENE2989",6.82413201714267,7.03417937407499,7.26773715472612,7.02152542511064,6.53287914372848,6.95803073316249,6.91477176764913,7.18777743077116,7.25936319949284,7.18176712713889,6.75050455945418,6.73273588197011
"GENE2990",5.55906080693802,5.05347560891206,4.76066784415556,5.23533893934653,5.01315373799188,5.36135958543197,5.15637963915766,5.40552449164539,5.44684439577657,5.21868168702726,5.65589826360468,5.4781589594365
"GENE2991",6.56358632495771,5.4833522013719,5.9375562490368,6.74380224682556,6.37361642375756,6.23539896953394,5.80332831126727,5.88566646440782,6.11507016701363,5.81361419205601,5.50511782417126,6.18865938633173
"GENE2992",10.3186921587317,10.024209821452,10.844358759396,10.6318731598691,9.5701176625009,10.4152574436869,10.1971064426695,9.80183928953703,10.4864158419417,9.40864086421,9.25384606636281,10.60054447949
"GENE2993",5.86172229049857,5.36899923474729,5.56784334996378,5.96613618738869,5.47968994220484,6.05038817813045,5.98272480996944,6.03825668873266,5.51193366996622,5.81361419205601,6.15645597035825,5.39522024645591
"GENE2994",8.07043110108114,6.43699195524172,7.06066974353817,7.53937248334071,7.37207062037318,8.02924386607289,7.86774524647168,7.37694958575046,7.94872212096383,7.31311949907129,7.4510076739116,8.36279670502849
"GENE2995",7.87228920699518,8.05946778280165,7.93822254906282,7.6289715522373,7.69906855081579,8.07755556963474,7.35728031877629,7.56870941547997,7.10700003517748,7.9935232651277,7.60109033082577,7.52737889259549
"GENE2996",5.37704373556169,6.26354233018096,6.21051244752332,5.81750875605802,5.89522464225048,5.36135958543197,5.84528873359858,6.41525260611602,5.14728546522591,5.14450255679525,5.46455409026317,5.65339062366611
"GENE2997",6.66223540625398,6.47278585795376,6.64765342760234,6.74380224682556,7.11686935998565,6.18734008926068,6.75207402889619,6.35908197462979,5.77061962651983,6.91808192485951,6.25178417146971,6.52471847146242
"GENE2998",6.19136894900477,5.15211675089249,6.15639054323778,5.49997071347815,6.37361642375756,5.50395080240343,5.2246232706067,4.88610457922949,6.15510313840404,5.81361419205601,5.08309620659538,5.14335227951321
"GENE2999",5.47123394390682,5.32850403016816,5.65039447043383,5.41767630478048,5.71720204413545,6.23539896953394,5.92550973723047,5.44358190719965,5.57393739993519,5.59070241013539,5.37940981639276,4.9549542106143
"GENE3000",8.76769829371922,8.73783834452895,8.59676171385454,8.41279408402175,8.63690660532779,8.92701297737245,8.80617712563749,8.27095608695101,8.5254943230202,7.90802937864189,8.44043270164982,8.46258108176293
